hostname,comune,regione,codice_ipa,http_status_scrape,http_errore_scrape,n_terze_parti,categorie_rilevate,domini_terzi,organizzazioni_madri_terzi,n_extra_see,domini_extra_see,n_paese_sconosciuto,n_cookie_totali,n_cookie_tecnici,n_cookie_profilazione,cookie_profilazione_nomi,n_cookie_sconosciuti,pagina_probabilmente_bloccata
giochi24.it,Milano,Lombardia,013E014U,403,,0,,,,0,,0,0,0,0,,0,True
ic1marconidiano.edu.it,Pozzuoli,Campania,01X13U84,200,,0,,,,0,,0,2,1,0,,1,False
san-leo.it,San Leo,Emilia-Romagna,02IKT4NA,403,,1,cdn_font,fonts.googleapis.com,Google,1,fonts.googleapis.com(),0,0,0,0,,0,False
cesenaticoservizi.it,Cesenatico,Emilia-Romagna,02ZMKEL0,200,,4,altro_terzo_parte;analytics;cookie_banner,cdn.iubenda.com;gmpg.org;s.w.org;www.googletagmanager.com,iubenda;https://gmpg.org/xfn/11;https://s.w.org;Google,4,cdn.iubenda.com();gmpg.org();s.w.org();www.googletagmanager.com(),0,1,1,0,,0,False
fnofi.it,Siena,Toscana,03YBQ4C7,200,,3,cdn_font,cdnjs.cloudflare.com;fonts.googleapis.com;fonts.gstatic.com,Cloudflare;Google;Google,3,cdnjs.cloudflare.com();fonts.googleapis.com();fonts.gstatic.com(),0,2,1,0,,1,False
montagnebiellesi.it,Casapinta,Piemonte,044QEGSD,200,,3,analytics;cdn_font;cookie_banner,cdn.iubenda.com;maxcdn.bootstrapcdn.com;www.googletagmanager.com,iubenda;BootstrapCDN;Google,3,cdn.iubenda.com();maxcdn.bootstrapcdn.com();www.googletagmanager.com(),0,0,0,0,,0,False
bitrigas.it,Biccari,Puglia,048X8EU7,200,,3,altro_terzo_parte;cookie_banner,cdn.iubenda.com;cdn.userway.org;gmpg.org,iubenda;https://cdn.userway.org/widget.js;https://gmpg.org/xfn/11,3,cdn.iubenda.com();cdn.userway.org();gmpg.org(),0,0,0,0,,0,False
ictitoliviofiorelli.edu.it,Napoli,Campania,04UY8I1H,200,,6,altro_terzo_parte,api.usercentrics.eu;app.usercentrics.eu;cdn.portaleargo.it;privacy-proxy.usercentrics.eu;purl.org;www.ictitoliviofiorelli.it,https://api.usercentrics.eu;https://app.usercentrics.eu;https://cdn.portaleargo.it/psc/images/didattica-mockup.png;https://privacy-proxy.usercentrics.eu;http://purl.org/dc/terms/;https://www.ictitoliviofiorelli.it/page/2/,6,api.usercentrics.eu();app.usercentrics.eu();cdn.portaleargo.it();privacy-proxy.usercentrics.eu();purl.org();www.ictitoliviofiorelli.it(),0,0,0,0,,0,False
uslumbria1.it,Perugia,Umbria,054,200,,3,altro_terzo_parte;cdn_font;cookie_banner,cdn.infisecure.com;cdn.iubenda.com;unpkg.com,https://cdn.infisecure.com/barracuda.js;iubenda;unpkg,3,cdn.infisecure.com();cdn.iubenda.com();unpkg.com(),0,5,1,0,,4,False
uslumbria2.it,Terni,Umbria,055,200,,1,cookie_banner,cdn.iubenda.com,iubenda,1,cdn.iubenda.com(),0,2,1,0,,1,False
asl.vt.it,Viterbo,Lazio,056,200,,2,altro_terzo_parte,code.jquery.com;oc-cdn-public-eur.azureedge.net,https://code.jquery.com/ui/1.13.3/themes/base/jquery-ui.min.css;https://oc-cdn-public-eur.azureedge.net/livechatwidget/scripts/LiveChatBootstrapper.js,2,code.jquery.com();oc-cdn-public-eur.azureedge.net(US),0,2,1,0,,1,False
aslroma5.it,Tivoli,Lazio,058,,ConnectionError,0,,,,,,,0,0,0,,0,False
casaospitalita.it,Venezia,Veneto,05GYSWFH,200,,2,altro_terzo_parte;cdn_font,fonts.googleapis.com;gmpg.org,Google;https://gmpg.org/xfn/11,2,fonts.googleapis.com();gmpg.org(),0,0,0,0,,0,False
iiscolomboroma.edu.it,Roma,Lazio,05O3YE9M,200,,2,altro_terzo_parte,cdn-image.spaggiari.eu;cspace.spaggiari.eu,"https://cdn-image.spaggiari.eu/scaling2/?o=o9Ie4ilFuoZ32pAtXvBhD47OPg,,.png&t=5os3KT6ygtb6oVpySUsJdx4SUYAHy_nTRWt-0qma9OmbwwNqwsq37iu_bAc1LPncg0Epp2MA6OP5lk4NMlulRi6rYSkXBHwNi14odd1PjwtIG7D6NkmBLFcSa-Ri4YO_Ci6_mTZpFa0GmcN1B6O3UAIm6xVWz1pK100-dqpFODalY_gPJItvVg2MpaKY;https://cspace.spaggiari.eu//pub/RMIT0057/style.css",2,cdn-image.spaggiari.eu();cspace.spaggiari.eu(),0,2,0,0,,2,False
capitalelavoro.it,Roma,Lazio,05O9EJDW,200,,1,cdn_font,maxcdn.bootstrapcdn.com,BootstrapCDN,1,maxcdn.bootstrapcdn.com(),0,0,0,0,,0,False
monzamobilita.it,Monza,Lombardia,05TY94LO,200,,5,altro_terzo_parte;analytics;cookie_banner,cdn.iubenda.com;cs.iubenda.com;gmpg.org;use.typekit.net;www.googletagmanager.com,iubenda;iubenda;https://gmpg.org/xfn/11;https://use.typekit.net/rar1egp.css;Google,5,cdn.iubenda.com();cs.iubenda.com();gmpg.org();use.typekit.net();www.googletagmanager.com(),0,0,0,0,,0,False
dogresrl.it,Perugia,Umbria,07WB8QXR,200,,6,altro_terzo_parte;cdn_font;cookie_banner,consent.cookiebot.com;fonts.googleapis.com;fonts.gstatic.com;gmpg.org;maps.google.com;stackpath.bootstrapcdn.com,Cookiebot;Google;Google;http://gmpg.org/xfn/11;https://maps.google.com/maps?q=VIA%20S.PIETRINO%2C%201%2FB%20-%20PERUGIA&t=m&z=10&output=embed&iwloc=near;BootstrapCDN,6,consent.cookiebot.com();fonts.googleapis.com();fonts.gstatic.com();gmpg.org();maps.google.com();stackpath.bootstrapcdn.com(),0,0,0,0,,0,False
asp.rc.it,Reggio di Calabria,Calabria,080,200,,3,altro_terzo_parte;cookie_banner,cdn.iubenda.com;code.jquery.com;italia.github.io,iubenda;https://code.jquery.com/jquery-3.7.1.min.js;https://italia.github.io/design-comuni-pagine-statiche/assets/script/scripts.js,3,cdn.iubenda.com();code.jquery.com();italia.github.io(),0,1,1,0,,0,False
comprensivodellatorre.edu.it,Gradisca d'Isonzo,Friuli-Venezia Giulia,085AGQ61,200,,1,altro_terzo_parte,scaling.spaggiari.eu,https://scaling.spaggiari.eu/GOME0003/widget/4977.png&rs=%2FtccTw2MgxYfdxRYmYOB6MBuLVa%2BNrJ0P%2FLEiGWNzqTrgln8v1dFB63p5qTp4dENXTp76LtSZtFhBkaNLjgL3fW9jrzqNAAOUJdagPjV%2BEtguqb8xeBxWR5C0Da%2BYyU0SV7D4UBs4UsAzro2Gv8Smw%3D%3D,1,scaling.spaggiari.eu(),0,2,0,0,,2,False
iclevimontalcini.edu.it,Bellaria-Igea Marina,Emilia-Romagna,08RQFFO1,200,,3,altro_terzo_parte;cdn_font,cdn.argoweb.net;fonts.googleapis.com;purl.org,https://cdn.argoweb.net/img/favicon.jpg;Google;http://purl.org/dc/terms/,3,cdn.argoweb.net();fonts.googleapis.com();purl.org(),0,0,0,0,,0,False
aobrotzu.it,Cagliari,Sardegna,092,200,,2,altro_terzo_parte,www.arnasbrotzu.it;www.asl1sassari.it,https://www.arnasbrotzu.it/wp-content/uploads/2020/11/ras_footer_2-20240327-094501.svg;https://www.asl1sassari.it/wp-content/uploads/2020/11/favicon-96x96-1.png,2,www.arnasbrotzu.it();www.asl1sassari.it(),0,0,0,0,,0,False
asfo.sanita.fvg.it,Pordenone,Friuli-Venezia Giulia,093,200,,1,altro_terzo_parte,assets.adobedtm.com,https://assets.adobedtm.com/fc6aa7b15a0e/f3cb9027e504/launch-4f3e1cf681e7.min.js,1,assets.adobedtm.com(),0,1,1,0,,0,False
ic2piacenza.edu.it,Piacenza,Emilia-Romagna,09Q0MK8F,200,,1,altro_terzo_parte,secure.gravatar.com,https://secure.gravatar.com/avatar/6a6b5bfec3cb527ebc50e37fddbce4ad6737948aa17501ffb34ff8c1853e70a7?s=250&d=mm&f=y&r=g,1,secure.gravatar.com(),0,0,0,0,,0,False
saprodir.it,Rieti,Lazio,0AIQ5Z0T,200,,1,altro_terzo_parte,saprodir.egroupadv.it,https://saprodir.egroupadv.it/wp-content/uploads/2023/01/numeroverde_bianco-300x139.png,1,saprodir.egroupadv.it(),0,0,0,0,,0,False
investimentispa.it,Roma,Lazio,0BLX4BBP,200,,1,cdn_font,fonts.googleapis.com,Google,1,fonts.googleapis.com(),0,0,0,0,,0,False
parcamservizi.portaletrasparenza.net,Milano,Lombardia,0D7QKFH5,200,,2,altro_terzo_parte,cdn.digitalpa.it;portali.digitalpa.it,https://cdn.digitalpa.it/trasparenza/_sf5/12.6-stable/web5/build/frontend.css;https://portali.digitalpa.it/piwik.php?idsite=498,2,cdn.digitalpa.it();portali.digitalpa.it(),0,1,0,0,,1,False
liceoboccioni.edu.it,Napoli,Campania,0DWK5DFK,200,,0,,,,0,,0,2,1,0,,1,False
agrorisorse.it,Lodi,Lombardia,0E843YSW,200,,6,altro_terzo_parte;analytics;cookie_banner,cdn.iubenda.com;cs.iubenda.com;gmpg.org;www.facebook.com;www.googletagmanager.com;www.minimals.it,iubenda;iubenda;https://gmpg.org/xfn/11;https://www.facebook.com/tr?id=1722968475111669&ev=PageView&noscript=1;Google;https://www.minimals.it/docs/branding/minimals_powered-by_white.svg,6,cdn.iubenda.com();cs.iubenda.com();gmpg.org();www.facebook.com();www.googletagmanager.com();www.minimals.it(),0,0,0,0,,0,False
tecnopolomediterraneo.it,Taranto,Puglia,0FDQX1EL,200,,2,cookie_banner,cdn.iubenda.com;cs.iubenda.com,iubenda;iubenda,2,cdn.iubenda.com();cs.iubenda.com(),0,1,1,0,,0,False
biologitoscanaumbria.it,Firenze,Toscana,0HD8JCF4,403,,1,cdn_font,fonts.googleapis.com,Google,1,fonts.googleapis.com(),0,0,0,0,,0,False
ganenergia.it,Palermo,Sicilia,0IIBJU7X,200,,3,altro_terzo_parte;captcha,challenges.cloudflare.com;gmpg.org;storage1521.cdn-immedia.net,Cloudflare;http://gmpg.org/xfn/11;https://storage1521.cdn-immedia.net/wp-content/themes/ganenergia.it/assets/img/share/gansrl-logo-white.svg,3,challenges.cloudflare.com();gmpg.org();storage1521.cdn-immedia.net(),0,0,0,0,,0,False
acer.re.it,Reggio nell'Emilia,Emilia-Romagna,0LWWUVBK,200,,4,altro_terzo_parte;cdn_font;cookie_banner,consent.cookiebot.com;fonts.googleapis.com;fonts.gstatic.com;gmpg.org,Cookiebot;Google;Google;https://gmpg.org/xfn/11,4,consent.cookiebot.com();fonts.googleapis.com();fonts.gstatic.com();gmpg.org(),0,0,0,0,,0,False
asecospa.com,Bari,Puglia,0M9HV9B8,200,,3,altro_terzo_parte;captcha;cdn_font,fonts.googleapis.com;gmpg.org;www.google.com,Google;https://gmpg.org/xfn/11;Google,3,fonts.googleapis.com();gmpg.org();www.google.com(),0,1,1,0,,0,False
serics.eu,Fisciano,Campania,0N7FO552,200,,2,captcha;cdn_font,fonts.googleapis.com;www.google.com,Google;Google,2,fonts.googleapis.com();www.google.com(),0,1,0,0,,1,False
asitaranto.it,Taranto,Puglia,0PH5RCJW,200,,3,altro_terzo_parte;captcha;cdn_font,fonts.googleapis.com;gmpg.org;www.google.com,Google;http://gmpg.org/xfn/11;Google,3,fonts.googleapis.com();gmpg.org();www.google.com(),0,0,0,0,,0,False
ptpcatanzaro.edu.it,Catanzaro,Calabria,0PYATICV,200,,0,,,,0,,0,0,0,0,,0,False
cfi.it,Roma,Lazio,0Q81OFDZ,200,,1,cdn_font,fonts.googleapis.com,Google,1,fonts.googleapis.com(),0,1,1,0,,0,False
fitstic.it,Cesena,Emilia-Romagna,0QBSMAW1,403,,1,cdn_font,fonts.googleapis.com,Google,1,fonts.googleapis.com(),0,0,0,0,,0,False
geropa.it,Frascati,Lazio,0SGNV76C,200,,5,altro_terzo_parte;analytics,2.bp.blogspot.com;4.bp.blogspot.com;cdn.datatables.net;gmpg.org;www.googletagmanager.com,https://2.bp.blogspot.com/-lqtV2ePO820/W9l2fW_RBtI/AAAAAAAABC0/BUs5w65ucY09uhmAlMSXx7sxuQetd-THwCLcBGAs/s1600/uomo-debitore-salvagente-soldi-aiuto-mare-id32223.webp;https://4.bp.blogspot.com/-WtcUGMf2GZ4/WjfOHY3beyI/AAAAAAAAA4Q/ctJFj2HwyaEjVLUTDw79wJ7PuwvQ79bWwCLcBGAs/s1600/clessidra.webp;https://cdn.datatables.net/responsive/2.3.0/css/responsive.dataTables.min.css;http://gmpg.org/xfn/11;Google,5,2.bp.blogspot.com();4.bp.blogspot.com();cdn.datatables.net();gmpg.org();www.googletagmanager.com(),0,1,1,0,,0,False
ilvc.it,Potenza,Basilicata,0T2GMPK6,200,,0,,,,0,,0,0,0,0,,0,False
msengineering.it,Assago,Lombardia,0TAQ7B02,200,,2,altro_terzo_parte;analytics,cdn.cookie-script.com;www.googletagmanager.com,https://cdn.cookie-script.com/s/4918833ec0e3996a37454120a0a47ce5.js;Google,2,cdn.cookie-script.com();www.googletagmanager.com(),0,2,2,0,,0,False
scuoladaostabari.edu.it,Bari,Puglia,0TK07ISH,200,,1,altro_terzo_parte,secure.gravatar.com,https://secure.gravatar.com/avatar/1f46c79b910f0a0388394207efc9cbb261ab811a544d99e1f08184fb0aab3fed?s=250&d=mm&f=y&r=g,1,secure.gravatar.com(),0,0,0,0,,0,False
fondazionemilano.eu,Milano,Lombardia,0UE9CQ9Y,200,,8,altro_terzo_parte;analytics;cdn_font;cookie_banner;sdk_generico,ajax.googleapis.com;cdnjs.cloudflare.com;embeds.iubenda.com;fonts.googleapis.com;maxcdn.bootstrapcdn.com;platform-api.sharethis.com;unpkg.com;www.googletagmanager.com,Google;Cloudflare;iubenda;Google;BootstrapCDN;https://platform-api.sharethis.com/js/sharethis.js#property=5b6ac04ad5484b00116a90f3&product=custom-share-buttons;unpkg;Google,8,ajax.googleapis.com();cdnjs.cloudflare.com();embeds.iubenda.com();fonts.googleapis.com();maxcdn.bootstrapcdn.com();platform-api.sharethis.com();unpkg.com();www.googletagmanager.com(),0,0,0,0,,0,False
entesviluppoagricolo.it,Palermo,Sicilia,0W0FXX80,200,,0,,,,0,,0,3,1,0,,2,False
siespa.net,Catania,Sicilia,0WCM8EAW,200,,0,,,,0,,0,1,1,0,,0,False
srrcatanianord.it,Acireale,Sicilia,0WHKRWPA,200,,4,altro_terzo_parte;cdn_font,fonts.googleapis.com;fonts.gstatic.com;gmpg.org;s.w.org,Google;Google;http://gmpg.org/xfn/11;https://s.w.org,4,fonts.googleapis.com();fonts.gstatic.com();gmpg.org();s.w.org(),0,2,2,0,,0,False
mercoglianoservizi.av.it,Mercogliano,Campania,0WPRWL10,200,,0,,,,0,,0,1,1,0,,0,False
unionecomunicittadellamaiella.it,San Valentino in Abruzzo Citeriore,Abruzzo,0XEC4X1B,200,,3,altro_terzo_parte,apis.maggioli.cloud;cdn.cookie-script.com;unione-maiella-api.municipiumapp.it,https://apis.maggioli.cloud/rest/captcha/v2/widget.module.min.js?version=1.1;https://cdn.cookie-script.com/s/79cfb88b75554d14cb8db3884133df92.js;https://unione-maiella-api.municipiumapp.it/s3/0/media/website/polizia-locale.png,3,apis.maggioli.cloud();cdn.cookie-script.com();unione-maiella-api.municipiumapp.it(),0,2,1,0,,1,False
evi-spa.it,Ischia,Campania,0YNSXWD5,200,,2,altro_terzo_parte;cdn_font,code.jquery.com;fonts.googleapis.com,https://code.jquery.com/ui/1.13.2/themes/base/jquery-ui.css;Google,2,code.jquery.com();fonts.googleapis.com(),0,0,0,0,,0,False
aspvv.it,Vibo Valentia,Calabria,102,,ConnectionError,0,,,,,,,0,0,0,,0,False
treesseitalia.it,Supino,Lazio,109B2JPX,200,,3,captcha;cdn_font,cdnjs.cloudflare.com;fonts.googleapis.com;www.google.com,Cloudflare;Google;Google,3,cdnjs.cloudflare.com();fonts.googleapis.com();www.google.com(),0,0,0,0,,0,False
fieresantalucia.it,Santa Lucia di Piave,Veneto,10KC4JL1,200,,5,altro_terzo_parte;analytics;cdn_font;sdk_generico,fonts.googleapis.com;gmpg.org;localhost;maps.googleapis.com;www.googletagmanager.com,Google;http://gmpg.org/xfn/11;http://localhost/fieresantalucia/wp-content/uploads/2018/03/logo.png;Google;Google,4,fonts.googleapis.com();gmpg.org();maps.googleapis.com();www.googletagmanager.com(),1,0,0,0,,0,False
icciampino1.edu.it,Ciampino,Lazio,111WOAN5,200,,0,,,,0,,0,2,1,0,,1,False
atervicenza.it,Vicenza,Veneto,11B2JNFL,200,,0,,,,0,,0,0,0,0,,0,False
dunas.it,Cremona,Lombardia,11NFGEUX,200,,3,altro_terzo_parte;analytics;cookie_banner,embeds.iubenda.com;www.googletagmanager.com;www.youtube-nocookie.com,iubenda;Google;https://www.youtube-nocookie.com/embed/_FLJS2x5oAI?autohide=1&controls=1&enablejsapi=1&origin=https%3A%2F%2Fwww.dunas.it,3,embeds.iubenda.com();www.googletagmanager.com();www.youtube-nocookie.com(),0,0,0,0,,0,False
ecoennaservizi.it,Enna,Sicilia,13WYVHQO,200,,2,altro_terzo_parte;cookie_banner,cdn.iubenda.com;gmpg.org,iubenda;http://gmpg.org/xfn/11,2,cdn.iubenda.com();gmpg.org(),0,0,0,0,,0,False
savlmarradi.it,Marradi,Toscana,15U5YKAC,200,,0,,,,0,,0,0,0,0,,0,False
premiaterme.com,Premia,Piemonte,15UTHMTL,200,,10,altro_terzo_parte;analytics;cdn_font;cookie_banner;video,cdn.jsdelivr.net;cdnjs.cloudflare.com;code.jquery.com;embeds.iubenda.com;fonts.googleapis.com;fonts.gstatic.com;player.vimeo.com;unpkg.com;use.typekit.net;www.googletagmanager.com,jsDelivr;Cloudflare;https://code.jquery.com/jquery-3.7.1.js;iubenda;Google;Google;Vimeo;unpkg;https://use.typekit.net/hci4viu.css;Google,10,cdn.jsdelivr.net();cdnjs.cloudflare.com();code.jquery.com();embeds.iubenda.com();fonts.googleapis.com();fonts.gstatic.com();player.vimeo.com();unpkg.com();use.typekit.net();www.googletagmanager.com(),0,1,1,0,,0,False
scuolacriscuolopagani.edu.it,Pagani,Campania,15ZKCDR0,200,,5,altro_terzo_parte,api.usercentrics.eu;app.usercentrics.eu;cdn.portaleargo.it;privacy-proxy.usercentrics.eu;purl.org,https://api.usercentrics.eu;https://app.usercentrics.eu;https://cdn.portaleargo.it/psc/images/didattica-mockup.png;https://privacy-proxy.usercentrics.eu;http://purl.org/dc/terms/,5,api.usercentrics.eu();app.usercentrics.eu();cdn.portaleargo.it();privacy-proxy.usercentrics.eu();purl.org(),0,0,0,0,,0,False
isontinambiente.it,Gorizia,Friuli-Venezia Giulia,16IODWCU,200,,2,altro_terzo_parte;cdn_font,cdn.jsdelivr.net;code.jquery.com,jsDelivr;https://code.jquery.com/jquery-3.3.1.min.js,2,cdn.jsdelivr.net();code.jquery.com(),0,0,0,0,,0,False
atcesercizio.it,La Spezia,Liguria,1B2LU14W,200,,5,altro_terzo_parte;analytics;cdn_font;sdk_generico,cdn.cookie-script.com;maps.googleapis.com;s.w.org;use.fontawesome.com;www.googletagmanager.com,https://cdn.cookie-script.com/s/b55b86489f080f3310cadc3b2af4985d.js;Google;https://s.w.org;Font Awesome;Google,5,cdn.cookie-script.com();maps.googleapis.com();s.w.org();use.fontawesome.com();www.googletagmanager.com(),0,1,0,0,,1,False
supercomputing-icsc.it,Casalecchio di Reno,Emilia-Romagna,1C8SJSJP,200,,2,altro_terzo_parte;analytics,gmpg.org;www.googletagmanager.com,http://gmpg.org/xfn/11;Google,2,gmpg.org();www.googletagmanager.com(),0,0,0,0,,0,False
cmvalledelliri.it,Arce,Lazio,1CMVL,200,,2,altro_terzo_parte,gmpg.org;www.openstreetmap.org,https://gmpg.org/xfn/11;https://www.openstreetmap.org/export/embed.html?bbox=13.580297827720642%2C41.57643202975961%2C13.58737885951996%2C41.58004359838938&layer=mapnik&marker=41.57823783931989%2C13.5838383436203,2,gmpg.org();www.openstreetmap.org(),0,0,0,0,,0,False
patrimoniosettimo.it,Settimo Torinese,Piemonte,1FG1N2LG,200,,3,cdn_font,cdnjs.cloudflare.com;fonts.googleapis.com;fonts.gstatic.com,Cloudflare;Google;Google,3,cdnjs.cloudflare.com();fonts.googleapis.com();fonts.gstatic.com(),0,0,0,0,,0,False
setaspa.com,Settimo Torinese,Piemonte,1G20JNNY,200,,2,cdn_font;cookie_banner,cdn.iubenda.com;fonts.googleapis.com,iubenda;Google,2,cdn.iubenda.com();fonts.googleapis.com(),0,1,0,0,,1,False
icfalconeborsellinocarelli.edu.it,Conversano,Puglia,1JRW5QXG,200,,1,altro_terzo_parte,calendar.google.com,https://calendar.google.com/calendar/embed?height=600&wkst=1&bgcolor=%23ffffff&ctz=Europe%2FRome&src=Y2FsZW5kYXJpby5zY3VvbGEuc2l0b0BnbWFpbC5jb20&src=aXQuaXRhbGlhbiNob2xpZGF5QGdyb3VwLnYuY2FsZW5kYXIuZ29vZ2xlLmNvbQ&color=%23039BE5&color=%230B8043&title=Calendario%20a.s.%202020%2F2021&showTitle=0,1,calendar.google.com(),0,1,0,0,,1,False
amiu.genova.it,Genova,Liguria,1K9JKE4Y,,ConnectionError,0,,,,,,,0,0,0,,0,False
adespa.it,Parma,Emilia-Romagna,1KG9Y6D4,200,,7,altro_terzo_parte;captcha;cdn_font;cookie_banner;sdk_generico,ajax.googleapis.com;cdn.iubenda.com;cs.iubenda.com;fonts.googleapis.com;gmpg.org;kit.fontawesome.com;www.google.com,Google;iubenda;iubenda;Google;https://gmpg.org/xfn/11;https://kit.fontawesome.com/ebfe36217b.js;Google,7,ajax.googleapis.com();cdn.iubenda.com();cs.iubenda.com();fonts.googleapis.com();gmpg.org();kit.fontawesome.com();www.google.com(),0,0,0,0,,0,False
itstela.it,Salerno,Campania,1KUZ447N,200,,2,altro_terzo_parte;captcha,www.facebook.com;www.google.com,"https://www.facebook.com/tr?id=1154423205338708&ev=PageView
&noscript=1;Google",2,www.facebook.com();www.google.com(),0,0,0,0,,0,False
consorziopiave.it,Montebelluna,Veneto,1MF1PZD3,200,,3,cdn_font;cookie_banner,cdn.iubenda.com;cs.iubenda.com;fonts.googleapis.com,iubenda;iubenda;Google,3,cdn.iubenda.com();cs.iubenda.com();fonts.googleapis.com(),0,1,1,0,,0,False
potenziamentoreteospedaliera.sicilia.it,Palermo,Sicilia,1MPXMKGE,200,,1,analytics,www.googletagmanager.com,Google,1,www.googletagmanager.com(),0,0,0,0,,0,False
asmmolfetta.it,Molfetta,Puglia,1NQCFG5W,200,,3,analytics;cdn_font;video,connect.facebook.net;fonts.googleapis.com;www.youtube.com,Meta;Google;Google,3,connect.facebook.net();fonts.googleapis.com();www.youtube.com(),0,1,1,0,,0,False
itsgreenenergypuglia.it,Troia,Puglia,1NXXKA3W,200,,2,altro_terzo_parte;cdn_font,fonts.googleapis.com;gmpg.org,Google;https://gmpg.org/xfn/11,2,fonts.googleapis.com();gmpg.org(),0,0,0,0,,0,False
icsanmarcobonitocosenza.edu.it,Castellammare di Stabia,Campania,1OASUY2U,200,,0,,,,0,,0,2,1,0,,1,False
odcecvelletri.it,Velletri,Lazio,1ODBWQ8Z,200,,2,altro_terzo_parte;cdn_font,fonts.googleapis.com;odcecvelletri.com,Google;https://odcecvelletri.com/wp-content/uploads/2024/10/logo-accessibility-white.svg,2,fonts.googleapis.com();odcecvelletri.com(),0,0,0,0,,0,False
federnuoto.it,Roma,Lazio,1P25K07V,503,,0,,,,0,,0,0,0,0,,0,True
farmacap.info,Roma,Lazio,1P3G1MD5,200,,4,altro_terzo_parte;analytics,cdn-cookieyes.com;gmpg.org;www.facebook.com;www.googletagmanager.com,https://cdn-cookieyes.com/client_data/3010024285ebe3912a42c71b/script.js;https://gmpg.org/xfn/11;https://www.facebook.com/tr?id=736189145006208&ev=PageView&noscript=1;Google,4,cdn-cookieyes.com();gmpg.org();www.facebook.com();www.googletagmanager.com(),0,0,0,0,,0,False
jobsfactory.org,Milano,Lombardia,1PMKZZPT,200,,9,altro_terzo_parte;analytics;captcha;cdn_font;cookie_banner,cdn.iubenda.com;embeds.iubenda.com;fonts.googleapis.com;fonts.gstatic.com;jobsacademy.org;pernice.com;www.facebook.com;www.google.com;www.googletagmanager.com,iubenda;iubenda;Google;Google;https://jobsacademy.org/wp-content/uploads/2025/12/yt.svg;https://pernice.com/logo_footer/logo-masterbrand-pernice_black.svg;https://www.facebook.com/tr?id=5412151055471643&ev=PageView&noscript=1;Google;Google,9,cdn.iubenda.com();embeds.iubenda.com();fonts.googleapis.com();fonts.gstatic.com();jobsacademy.org();pernice.com();www.facebook.com();www.google.com();www.googletagmanager.com(),0,2,0,0,,2,False
istitutotecnicomarconipilla.edu.it,Campobasso,Molise,1QMBM9KB,200,,1,altro_terzo_parte,secure.gravatar.com,https://secure.gravatar.com/avatar/f294ce7ee0f09fefd23036990d2fec4d?s=250&d=mm&f=y&r=g,1,secure.gravatar.com(),0,0,0,0,,0,False
cobon1tp.it,Trapani,Sicilia,1R25HBXU,200,,2,altro_terzo_parte;sdk_generico,ajax.googleapis.com;s.w.org,Google;https://s.w.org,2,ajax.googleapis.com();s.w.org(),0,0,0,0,,0,False
altapianuraveneta.eu,San Bonifacio,Veneto,1R9VQFM0,200,,4,altro_terzo_parte;analytics;captcha,gmpg.org;static.dataone.online;www.google.com;www.googletagmanager.com,https://gmpg.org/xfn/11;https://static.dataone.online/cookiebar/js/cookie.bundle.js;Google;Google,4,gmpg.org();static.dataone.online();www.google.com();www.googletagmanager.com(),0,0,0,0,,0,False
collegiostetricheagcl.it,Agrigento,Sicilia,1SCXYSW4,200,,6,altro_terzo_parte;analytics;captcha;cdn_font,fonts.googleapis.com;fonts.gstatic.com;gmpg.org;maps.google.com;www.google.com;www.googletagmanager.com,Google;Google;https://gmpg.org/xfn/11;https://maps.google.com/maps?q=Via%20Mazzini%20167%20%2C%2092100%20Agrigento&t=m&z=10&output=embed&iwloc=near;Google;Google,6,fonts.googleapis.com();fonts.gstatic.com();gmpg.org();maps.google.com();www.google.com();www.googletagmanager.com(),0,0,0,0,,0,False
asmv.it,Vigevano,Lombardia,1T08N3AZ,200,,1,altro_terzo_parte,cdn.cookie-script.com,https://cdn.cookie-script.com/s/d146c513dd1987f549323c43366b5f91.js,1,cdn.cookie-script.com(),0,1,0,0,,1,False
sisiacque.it,Alba,Piemonte,1TCBA2KR,200,,3,altro_terzo_parte;cdn_font;sdk_generico,fonts.googleapis.com;gmpg.org;maps.googleapis.com,Google;http://gmpg.org/xfn/11;Google,3,fonts.googleapis.com();gmpg.org();maps.googleapis.com(),0,0,0,0,,0,False
icoutsourcing.it,Padova,Veneto,1TDVNB2B,200,,7,altro_terzo_parte;analytics;cdn_font;cookie_banner,cdn.iubenda.com;fonts.googleapis.com;fonts.gstatic.com;gmpg.org;stats.wp.com;www.googletagmanager.com;www.reindal.com,iubenda;Google;Google;https://gmpg.org/xfn/11;https://stats.wp.com/e-202637.js;Google;https://www.reindal.com/wp-content/uploads/2019/08/cropped-logo-2.png,7,cdn.iubenda.com();fonts.googleapis.com();fonts.gstatic.com();gmpg.org();stats.wp.com();www.googletagmanager.com();www.reindal.com(),0,0,0,0,,0,False
consorziodibonificasudanagni.it,Anagni,Lazio,1TISW5ZN,200,,0,,,,0,,0,1,1,0,,0,False
deamicisnapoli.edu.it,Napoli,Campania,1TPZT8B2,200,,1,altro_terzo_parte,scaling.spaggiari.eu,https://scaling.spaggiari.eu/NADD0003/widget/5684.png&rs=%2FtccTw2MgxYfdxRYmYOB6MBuLVa%2BNrJ0P%2FLEiGWNzqTrgln8v1dFB63p5qTp4dENXTp76LtSZtFhBkaNLjgL3fW9jrzqNAAOUJdagPjV%2BEtguqb8xeBxWR5C0Da%2BYyU0SV7D4UBs4UsAzro2Gv8Smw%3D%3D,1,scaling.spaggiari.eu(),0,2,0,0,,2,False
acerravenna.it,Ravenna,Emilia-Romagna,1UMEMOPN,200,,4,altro_terzo_parte;analytics;captcha,cookiesregister.deltacommerce.com;www.deltacommerce.com;www.google.com;www.googletagmanager.com,https://cookiesregister.deltacommerce.com/js/crypto-js-4.1.1/crypto-js.js;https://www.deltacommerce.com/immagini/logo_negative_white.svg;Google;Google,4,cookiesregister.deltacommerce.com();www.deltacommerce.com();www.google.com();www.googletagmanager.com(),0,1,1,0,,0,False
ramspa.it,Roma,Lazio,1VO9PWVQ,200,,1,altro_terzo_parte,www.youtube-nocookie.com,https://www.youtube-nocookie.com/embed/OHewgaCdTns,1,www.youtube-nocookie.com(),0,0,0,0,,0,False
cbldistribuzionesrl.it,Mede,Lombardia,1YI8V232,200,,0,,,,0,,0,1,1,0,,0,False
isdecaprariis.edu.it,Atripalda,Campania,1YY999AI,200,,5,altro_terzo_parte,api.usercentrics.eu;app.usercentrics.eu;cdn.portaleargo.it;privacy-proxy.usercentrics.eu;purl.org,https://api.usercentrics.eu;https://app.usercentrics.eu;https://cdn.portaleargo.it/psc/images/didattica-mockup.png;https://privacy-proxy.usercentrics.eu;http://purl.org/dc/terms/,5,api.usercentrics.eu();app.usercentrics.eu();cdn.portaleargo.it();privacy-proxy.usercentrics.eu();purl.org(),0,0,0,0,,0,False
scuolaninomartoglio.edu.it,Belpasso,Sicilia,1Z6GFCFA,200,,0,,,,0,,0,0,0,0,,0,False
manzonimottola.edu.it,Mottola,Puglia,1ZEHMGHD,200,,1,altro_terzo_parte,scaling.spaggiari.eu,https://scaling.spaggiari.eu/TAME0059/widget/5005.png&rs=%2FtccTw2MgxYfdxRYmYOB6MBuLVa%2BNrJ0P%2FLEiGWNzqTrgln8v1dFB63p5qTp4dENXTp76LtSZtFhBkaNLjgL3fW9jrzqNAAOUJdagPjV%2BEtguqb8xeBxWR5C0Da%2BYyU0SV7D4UBs4UsAzro2Gv8Smw%3D%3D,1,scaling.spaggiari.eu(),0,2,0,0,,2,False
measpa.it,Melegnano,Lombardia,1ZPNFOZP,200,,4,analytics;cdn_font,cdn.jsdelivr.net;cdnjs.cloudflare.com;fonts.googleapis.com;www.googletagmanager.com,jsDelivr;Cloudflare;Google;Google,4,cdn.jsdelivr.net();cdnjs.cloudflare.com();fonts.googleapis.com();www.googletagmanager.com(),0,0,0,0,,0,False
aziendaspecialecarlentini.it,Carlentini,Sicilia,20FCHW7B,200,,0,,,,0,,0,0,0,0,,0,False
icsancirodeamicispioxii.edu.it,Foggia,Puglia,20IURH3M,200,,5,altro_terzo_parte,api.usercentrics.eu;app.usercentrics.eu;cdn.portaleargo.it;privacy-proxy.usercentrics.eu;purl.org,https://api.usercentrics.eu;https://app.usercentrics.eu;https://cdn.portaleargo.it/psc/images/didattica-mockup.png;https://privacy-proxy.usercentrics.eu;http://purl.org/dc/terms/,5,api.usercentrics.eu();app.usercentrics.eu();cdn.portaleargo.it();privacy-proxy.usercentrics.eu();purl.org(),0,0,0,0,,0,False
pascoliaversa.edu.it,Aversa,Campania,217XZ2VA,200,,0,,,,0,,0,2,1,0,,1,False
latina.cri.it,Latina,Lazio,219TJPHO,200,,2,altro_terzo_parte;cdn_font,fonts.googleapis.com;gmpg.org,Google;http://gmpg.org/xfn/11,2,fonts.googleapis.com();gmpg.org(),0,0,0,0,,0,False
farmaciecomunalicrema.com,Crema,Lombardia,21M650RW,200,,0,,,,0,,0,0,0,0,,0,False
alberghieroerice.edu.it,Erice,Sicilia,21W263TE,,ConnectionError,0,,,,,,,0,0,0,,0,False
aldrovandirubbiani.edu.it,Bologna,Emilia-Romagna,22GDHE59,200,,1,altro_terzo_parte,scaling.spaggiari.eu,https://scaling.spaggiari.eu/BOIP0001/widget/5017.png&rs=%2FtccTw2MgxYfdxRYmYOB6MBuLVa%2BNrJ0P%2FLEiGWNzqTrgln8v1dFB63p5qTp4dENXTp76LtSZtFhBkaNLjgL3fW9jrzqNAAOUJdagPjV%2BEtguqb8xeBxWR5C0Da%2BYyU0SV7D4UBs4UsAzro2Gv8Smw%3D%3D,1,scaling.spaggiari.eu(),0,2,0,0,,2,False
srtspa.it,Novi Ligure,Piemonte,23QSUC3X,200,,1,altro_terzo_parte,cdn.digitalpa.it,https://cdn.digitalpa.it/portale/shared/1.0.0/css/responsive.dataTables.min.css?1,1,cdn.digitalpa.it(),0,1,0,0,,1,False
fondoagricat.it,Roma,Lazio,245FNRH5,,ConnectionError,0,,,,,,,0,0,0,,0,False
liside-cabrini.edu.it,Taranto,Puglia,25BSWEKR,200,,1,altro_terzo_parte,secure.gravatar.com,https://secure.gravatar.com/avatar/7ff1189aa7d6729088ba44bf88fc0977f8074668cff959d71ef10a46cb7b24d1?s=250&d=mm&f=y&r=g,1,secure.gravatar.com(),0,0,0,0,,0,False
ctmcagliari.it,Cagliari,Sardegna,28B1JW1G,200,,4,altro_terzo_parte;captcha;cdn_font;sdk_generico,cdn.jsdelivr.net;gmpg.org;maps.googleapis.com;www.google.com,jsDelivr;http://gmpg.org/xfn/11;Google;Google,4,cdn.jsdelivr.net();gmpg.org();maps.googleapis.com();www.google.com(),0,0,0,0,,0,False
salernopompeinapolispa.it,Torino,Piemonte,28WXF4F1,200,,5,altro_terzo_parte;analytics;cdn_font;sdk_generico,ajax.googleapis.com;fonts.googleapis.com;gmpg.org;maps.googleapis.com;www.googletagmanager.com,Google;Google;http://gmpg.org/xfn/11;Google;Google,5,ajax.googleapis.com();fonts.googleapis.com();gmpg.org();maps.googleapis.com();www.googletagmanager.com(),0,0,0,0,,0,False
sisamspa.it,Castel Goffredo,Lombardia,2A85YKMU,200,,0,,,,0,,0,1,0,0,,1,False
atm.it,Milano,Lombardia,2BLMCDR6,200,,1,analytics,www.googletagmanager.com,Google,1,www.googletagmanager.com(),0,0,0,0,,0,False
comune.jesi.an.it,Jesi,Marche,2BLS82OD,200,,1,altro_terzo_parte,form-multichannel.emailsp.com,https://form-multichannel.emailsp.com/forms/4179/match/df934c64-a83d-411a-b3a9-01cd20b5670e/152201,1,form-multichannel.emailsp.com(),0,3,1,0,,2,False
liceogbvico.edu.it,Laterza,Puglia,2CD2IUF8,200,,2,altro_terzo_parte,secure.gravatar.com;static.zotabox.com,https://secure.gravatar.com/avatar/0e59cf0b8cbb47fe45dd52ee1bdde98397e5f484fad1e4e0e44d5fbf84da9ccb?s=250&d=mm&r=g;https://static.zotabox.com/d/c/dcca141be74ecbe0e0ac999d17acc0bb/widgets.js,2,secure.gravatar.com();static.zotabox.com(),0,1,1,0,,0,False
autostradealtoadriatico.it,Trieste,Friuli-Venezia Giulia,2CYUF4OU,403,,1,cdn_font,fonts.googleapis.com,Google,1,fonts.googleapis.com(),0,0,0,0,,0,False
leserre.org,Grugliasco,Piemonte,2EFDYO1W,200,,6,altro_terzo_parte;analytics;captcha;cdn_font;sdk_generico,ajax.googleapis.com;fonts.googleapis.com;fonts.gstatic.com;www.daniel-lorusso.com;www.google.com;www.googletagmanager.com,Google;Google;Google;https://www.daniel-lorusso.com/dg_cookie/cookie.js;Google;Google,6,ajax.googleapis.com();fonts.googleapis.com();fonts.gstatic.com();www.daniel-lorusso.com();www.google.com();www.googletagmanager.com(),0,1,1,0,,0,False
acerimini.it,Rimini,Emilia-Romagna,2EG4IZK1,200,,1,cdn_font,unpkg.com,unpkg,1,unpkg.com(),0,1,1,0,,0,False
senigalliaservizi.it,Senigallia,Marche,2FATC529,200,,1,altro_terzo_parte,gmpg.org,http://gmpg.org/xfn/11,1,gmpg.org(),0,1,1,0,,0,False
trieste.aterfvg.it,Trieste,Friuli-Venezia Giulia,2FE009RQ,200,,1,altro_terzo_parte,assets.adobedtm.com,https://assets.adobedtm.com/fc6aa7b15a0e/f3cb9027e504/launch-71c18b351926-development.min.js,1,assets.adobedtm.com(),0,0,0,0,,0,False
cataniamultiservizi.it,Catania,Sicilia,2FF8D5S2,200,,0,,,,0,,0,1,0,0,,1,False
cemambiente.it,Cavenago di Brianza,Lombardia,2HA2I22L,200,,4,altro_terzo_parte;cdn_font;sdk_generico;video,ajax.googleapis.com;fonts.googleapis.com;static.addtoany.com;www.youtube.com,Google;Google;https://static.addtoany.com/menu/page.js;Google,4,ajax.googleapis.com();fonts.googleapis.com();static.addtoany.com();www.youtube.com(),0,1,0,0,,1,False
nattadeambrosis.edu.it,Sestri Levante,Liguria,2IVU9LJG,200,,1,altro_terzo_parte,scaling.spaggiari.eu,https://scaling.spaggiari.eu/GEXX0010/widget/7065.png&rs=%2FtccTw2MgxYfdxRYmYOB6MBuLVa%2BNrJ0P%2FLEiGWNzqTrgln8v1dFB63p5qTp4dENXTp76LtSZtFhBkaNLjgL3fW9jrzqNAAOUJdagPjV%2BEtguqb8xeBxWR5C0Da%2BYyU0SV7D4UBs4UsAzro2Gv8Smw%3D%3D,1,scaling.spaggiari.eu(),0,2,0,0,,2,False
fondazioneartea.org,Caraglio,Piemonte,2J459ZOC,200,,5,altro_terzo_parte;analytics;cdn_font;video,fonts.googleapis.com;gmpg.org;s.w.org;www.googletagmanager.com;www.youtube.com,Google;https://gmpg.org/xfn/11;https://s.w.org;Google;Google,5,fonts.googleapis.com();gmpg.org();s.w.org();www.googletagmanager.com();www.youtube.com(),0,1,0,0,,1,False
jac-its.it,Bergamo,Lombardia,2JEE5H6J,200,,9,altro_terzo_parte;analytics;captcha;cdn_font;cookie_banner,cdn.iubenda.com;embeds.iubenda.com;fonts.googleapis.com;fonts.gstatic.com;jobsacademy.org;pernice.com;www.facebook.com;www.google.com;www.googletagmanager.com,iubenda;iubenda;Google;Google;https://jobsacademy.org/wp-content/uploads/2025/12/yt.svg;https://pernice.com/logo_footer/logo-masterbrand-pernice_black.svg;https://www.facebook.com/tr?id=5412151055471643&ev=PageView&noscript=1;Google;Google,9,cdn.iubenda.com();embeds.iubenda.com();fonts.googleapis.com();fonts.gstatic.com();jobsacademy.org();pernice.com();www.facebook.com();www.google.com();www.googletagmanager.com(),0,2,0,0,,2,False
icgiovannixxiiimoro.edu.it,Mesagne,Puglia,2KZ74LLK,200,,1,altro_terzo_parte,scaling.spaggiari.eu,https://scaling.spaggiari.eu/BRDD0025/widget/104.png&rs=%2FtccTw2MgxYfdxRYmYOB6MBuLVa%2BNrJ0P%2FLEiGWNzqTrgln8v1dFB63p5qTp4dENXTp76LtSZtFhBkaNLjgL3fW9jrzqNAAOUJdagPjV%2BEtguqb8xeBxWR5C0Da%2BYyU0SV7D4UBs4UsAzro2Gv8Smw%3D%3D,1,scaling.spaggiari.eu(),0,2,0,0,,2,False
mercafir.it,Firenze,Toscana,2LP4NWTB,200,,2,altro_terzo_parte;cdn_font,fonts.googleapis.com;gmpg.org,Google;https://gmpg.org/xfn/11,2,fonts.googleapis.com();gmpg.org(),0,0,0,0,,0,False
millerivoli.it,Rivoli,Piemonte,2LUUWYB7,200,,2,altro_terzo_parte;cookie_banner,cdn.iubenda.com;gmpg.org,iubenda;http://gmpg.org/xfn/11,2,cdn.iubenda.com();gmpg.org(),0,0,0,0,,0,False
portsecuritypiombino.it,Livorno,Toscana,2M053FUA,200,,5,altro_terzo_parte;cookie_banner,cdn.iubenda.com;cs.iubenda.com;irp-cdn.multiscreensite.com;irp.cdn-website.com;static.cdn-website.com,iubenda;iubenda;https://irp-cdn.multiscreensite.com/ff9fcbe0/site_favicon_16_1613644069976.ico;https://irp.cdn-website.com/ff9fcbe0/dms3rep/multi/opt/NUMERO-VERDE-330w.png;https://static.cdn-website.com/mnlt/production/6760/_dm/s/rt/dist/css/d-css-runtime-desktop-one-package-structured-global.min.css,5,cdn.iubenda.com();cs.iubenda.com();irp-cdn.multiscreensite.com();irp.cdn-website.com();static.cdn-website.com(),0,0,0,0,,0,False
atc3potenza.it,Sant'Arcangelo,Basilicata,2M9NZFR2,200,,4,altro_terzo_parte;cdn_font,fonts.googleapis.com;fonts.gstatic.com;gmpg.org;www.google.com,Google;Google;https://gmpg.org/xfn/11;https://www.google.com/maps/embed?pb=!1m14!1m8!1m3!1d761.223976415329!2d16.26012777720553!3d40.25584464849474!3m2!1i1024!2i768!4f13.1!3m3!1m2!1s0x1338b0ce45674383%3A0xd8b77cb3639d5d7c!2sVia%20Leonardo%20da%20Vinci%2C%2011%2C%2085037%20San%20Brancato%20PZ!5e0!3m2!1sit!2sit!4v1745563746155!5m2!1sit!2sit,4,fonts.googleapis.com();fonts.gstatic.com();gmpg.org();www.google.com(),0,0,0,0,,0,False
aps.sv.it,Savona,Liguria,2N6F7AT3,200,,2,altro_terzo_parte;sdk_generico,ajax.googleapis.com;gmpg.org,Google;http://gmpg.org/xfn/11,2,ajax.googleapis.com();gmpg.org(),0,0,0,0,,0,False
fapautoservizi.it,San Donà di Piave,Veneto,2NGFCWZO,,ConnectionError,0,,,,,,,0,0,0,,0,False
vareserowing.com,Varese,Lombardia,2OYCYTVM,200,,4,altro_terzo_parte;cdn_font,cdn.hu-manity.co;fonts.googleapis.com;gmpg.org;img1.wsimg.com,https://cdn.hu-manity.co;Google;http://gmpg.org/xfn/11;https://img1.wsimg.com/traffic-assets/js/tccl-tti.min.js,4,cdn.hu-manity.co();fonts.googleapis.com();gmpg.org();img1.wsimg.com(),0,1,0,0,,1,False
ambientetecnologia.it,Enna,Sicilia,2POFUSZD,200,,2,altro_terzo_parte;cookie_banner,cdn.iubenda.com;gmpg.org,iubenda;http://gmpg.org/xfn/11,2,cdn.iubenda.com();gmpg.org(),0,0,0,0,,0,False
fnofi.it,Palermo,Sicilia,2Q3P0F1M,200,,3,cdn_font,cdnjs.cloudflare.com;fonts.googleapis.com;fonts.gstatic.com,Cloudflare;Google;Google,3,cdnjs.cloudflare.com();fonts.googleapis.com();fonts.gstatic.com(),0,2,1,0,,1,False
scuolamediacante.edu.it,Giugliano in Campania,Campania,2QP82DEV,200,,5,altro_terzo_parte,api.usercentrics.eu;app.usercentrics.eu;cdn.portaleargo.it;privacy-proxy.usercentrics.eu;purl.org,https://api.usercentrics.eu;https://app.usercentrics.eu;https://cdn.portaleargo.it/psc/images/didattica-mockup.png;https://privacy-proxy.usercentrics.eu;http://purl.org/dc/terms/,5,api.usercentrics.eu();app.usercentrics.eu();cdn.portaleargo.it();privacy-proxy.usercentrics.eu();purl.org(),0,0,0,0,,0,False
ferrovieudinecividale.it,Udine,Friuli-Venezia Giulia,2QR9KMNO,200,,3,altro_terzo_parte;captcha,gmpg.org;portali.3bmeteo.com;www.google.com,https://gmpg.org/xfn/11;https://portali.3bmeteo.com/3bm_meteo.php?loc=7520&tm=lsmall&new=1&c1=fff&c2=005794&b1=93c1db&b2=3a8ebd&b3=005794;Google,3,gmpg.org();portali.3bmeteo.com();www.google.com(),0,0,0,0,,0,False
puntozeroscarl.it,Perugia,Umbria,2QTJX32V,200,,3,altro_terzo_parte;captcha;cdn_font,s.w.org;use.fontawesome.com;www.google.com,https://s.w.org;Font Awesome;Google,3,s.w.org();use.fontawesome.com();www.google.com(),0,0,0,0,,0,False
apuliadigitalmaker.it,Foggia,Puglia,2R3HRI01,200,,0,,,,0,,0,0,0,0,,0,False
fondoprofessioni.it,Roma,Lazio,2TX6NDU6,200,,8,altro_terzo_parte;analytics;captcha;cdn_font;cookie_banner;video,cdn.iubenda.com;cdnjs.cloudflare.com;connect.facebook.net;cs.iubenda.com;gmpg.org;www.google.com;www.googletagmanager.com;www.youtube.com,iubenda;Cloudflare;Meta;iubenda;https://gmpg.org/xfn/11;Google;Google;Google,8,cdn.iubenda.com();cdnjs.cloudflare.com();connect.facebook.net();cs.iubenda.com();gmpg.org();www.google.com();www.googletagmanager.com();www.youtube.com(),0,0,0,0,,0,False
consorzioirriguo-chivasso.it,Chivasso,Piemonte,2UCZLMB1,200,,5,altro_terzo_parte;cdn_font,code.jquery.com;editor.supersite.aruba.it;files.supersite.aruba.it;fonts.googleapis.com;static.supersite.aruba.it,https://code.jquery.com/ui/1.14.2/jquery-ui.min.js;https://editor.supersite.aruba.it/css/animations.css?v=444;https://files.supersite.aruba.it;Google;https://static.supersite.aruba.it/js/jquery.js,5,code.jquery.com();editor.supersite.aruba.it();files.supersite.aruba.it();fonts.googleapis.com();static.supersite.aruba.it(),0,0,0,0,,0,False
ordine-crotone.cnpi.eu,Crotone,Calabria,2US6PK0U,200,,1,cdn_font,fonts.gstatic.com,Google,1,fonts.gstatic.com(),0,1,0,0,,1,False
conservatoriomaderna.it,Cesena,Emilia-Romagna,2WTZ8MT1,429,,0,,,,,,,0,0,0,,0,True
icsangiovanniboscogiordani.edu.it,Manfredonia,Puglia,2Y1NXHIH,200,,1,altro_terzo_parte,cdn.cookie-script.com,https://cdn.cookie-script.com/s/9368ef6290c8ec698bdeedecca6a143e.js,1,cdn.cookie-script.com(),0,0,0,0,,0,False
artemedia.srl,Bisceglie,Puglia,2YNKW2LR,200,,0,,,,0,,0,0,0,0,,0,False
aralspa.it,Alessandria,Piemonte,2YOQHVIP,200,,3,analytics;cdn_font;video,fonts.googleapis.com;www.googletagmanager.com;www.youtube.com,Google;Google;Google,3,fonts.googleapis.com();www.googletagmanager.com();www.youtube.com(),0,0,0,0,,0,False
atcbmatera.it,Stigliano,Basilicata,2Z7G71Y3,200,,1,cdn_font,fonts.gstatic.com,Google,1,fonts.gstatic.com(),0,2,1,0,,1,False
sgspiombino.it,Piombino,Toscana,30ZOZMYY,200,,5,analytics;captcha;cdn_font;cookie_banner,cdn.iubenda.com;cs.iubenda.com;fonts.googleapis.com;www.google.com;www.googletagmanager.com,iubenda;iubenda;Google;Google;Google,5,cdn.iubenda.com();cs.iubenda.com();fonts.googleapis.com();www.google.com();www.googletagmanager.com(),0,0,0,0,,0,False
foncoop.coop,Roma,Lazio,34D70TTH,200,,5,altro_terzo_parte;captcha,cdn-cookieyes.com;cdn.by.wonderpush.com;gmpg.org;hcaptcha.com;px.ads.linkedin.com,https://cdn-cookieyes.com/client_data/50f61f4ab47522b22bdbb1e7/script.js;https://cdn.by.wonderpush.com/sdk/1.1/wonderpush-loader.min.js;https://gmpg.org/xfn/11;hCaptcha;https://px.ads.linkedin.com/collect/?pid=6398169&fmt=gif,5,cdn-cookieyes.com();cdn.by.wonderpush.com();gmpg.org();hcaptcha.com();px.ads.linkedin.com(),0,0,0,0,,0,False
itsagnesi.it,Roma,Lazio,34QPYWJ0,200,,7,altro_terzo_parte;analytics;cookie_banner;video,cdn.elementor.com;cdn.iubenda.com;cs.iubenda.com;gmpg.org;player.vimeo.com;www.facebook.com;www.googletagmanager.com,https://cdn.elementor.com;iubenda;iubenda;https://gmpg.org/xfn/11;Vimeo;https://www.facebook.com/tr?id=262907836144550&ev=PageView&noscript=1&cd%5Bpage_title%5D=Homepage&cd%5Bpost_type%5D=page&cd%5Bpost_id%5D=571&cd%5Bplugin%5D=PixelYourSite&cd%5Buser_role%5D=guest&cd%5Bevent_url%5D=www.itsagnesi.it%2F;Google,7,cdn.elementor.com();cdn.iubenda.com();cs.iubenda.com();gmpg.org();player.vimeo.com();www.facebook.com();www.googletagmanager.com(),0,0,0,0,,0,False
parcam.it,Milano,Lombardia,34WTOIJ0,200,,5,altro_terzo_parte;cdn_font;sdk_generico,ajax.googleapis.com;cdn.jsdelivr.net;fonts.googleapis.com;fonts.gstatic.com;gmpg.org,Google;jsDelivr;Google;Google;https://gmpg.org/xfn/11,5,ajax.googleapis.com();cdn.jsdelivr.net();fonts.googleapis.com();fonts.gstatic.com();gmpg.org(),0,0,0,0,,0,False
tradelab.it,Milano,Lombardia,354G06HD,200,,3,altro_terzo_parte;analytics;cdn_font,fonts.googleapis.com;gmpg.org;www.googletagmanager.com,Google;https://gmpg.org/xfn/11;Google,3,fonts.googleapis.com();gmpg.org();www.googletagmanager.com(),0,0,0,0,,0,False
fnofi.it,Piacenza,Emilia-Romagna,35EC5V1A,200,,3,cdn_font,cdnjs.cloudflare.com;fonts.googleapis.com;fonts.gstatic.com,Cloudflare;Google;Google,3,cdnjs.cloudflare.com();fonts.googleapis.com();fonts.gstatic.com(),0,2,1,0,,1,False
gruppoamag.it,Alessandria,Piemonte,35GVD3QF,200,,4,altro_terzo_parte;captcha;cdn_font;sdk_generico,ajax.googleapis.com;fonts.googleapis.com;gmpg.org;www.google.com,Google;Google;http://gmpg.org/xfn/11;Google,4,ajax.googleapis.com();fonts.googleapis.com();gmpg.org();www.google.com(),0,0,0,0,,0,False
iisdipascafortunatopz.edu.it,Potenza,Basilicata,35L7OZCL,200,,1,cdn_font,unpkg.com,unpkg,1,unpkg.com(),0,0,0,0,,0,False
iismatteucci.edu.it,Roma,Lazio,35OYU5O6,200,,1,altro_terzo_parte,secure.gravatar.com,https://secure.gravatar.com/avatar/b3be982060a616b8c33922068598df1cbfe7d678582caf1baefb9fe0592bdcf9?s=250&d=mm&r=g,1,secure.gravatar.com(),0,0,0,0,,0,False
toscana-aeroporti.com,Firenze,Toscana,38WHGZZB,200,,0,,,,0,,0,0,0,0,,0,False
adriafer.com,Trieste,Friuli-Venezia Giulia,392P3CJB,200,,3,altro_terzo_parte;analytics;captcha,gmpg.org;www.google.com;www.googletagmanager.com,https://gmpg.org/xfn/11;Google;Google,3,gmpg.org();www.google.com();www.googletagmanager.com(),0,0,0,0,,0,False
comune.moransengotonengo.at.it,nan,nan,3BEP4ZAX,200,,0,,,,0,,0,1,1,0,,0,False
asiteonline.it,Fermo,Marche,3CRB3CUM,200,,5,altro_terzo_parte;cdn_font,app.cognitix.io;code.jquery.com;fonts.googleapis.com;fonts.gstatic.com;gmpg.org,https://app.cognitix.io/embed.min.js;https://code.jquery.com;Google;Google;https://gmpg.org/xfn/11,5,app.cognitix.io();code.jquery.com();fonts.googleapis.com();fonts.gstatic.com();gmpg.org(),0,0,0,0,,0,False
asl5oristano.it,Oristano,Sardegna,3EYJH0BU,200,,0,,,,0,,0,0,0,0,,0,False
seab.bz.it,Bolzano,Trentino-Alto Adige/Südtirol,3FZOB8MI,200,,0,,,,0,,0,0,0,0,,0,False
fnofi.it,Caltanissetta,Sicilia,3FZT9K8P,200,,3,cdn_font,cdnjs.cloudflare.com;fonts.googleapis.com;fonts.gstatic.com,Cloudflare;Google;Google,3,cdnjs.cloudflare.com();fonts.googleapis.com();fonts.gstatic.com(),0,2,1,0,,1,False
bonificacspuglia.it,Bari,Puglia,3HCVQGVQ,200,,2,altro_terzo_parte;cookie_banner,consent.cookiebot.com;gmpg.org,Cookiebot;https://gmpg.org/xfn/11,2,consent.cookiebot.com();gmpg.org(),0,0,0,0,,0,False
arena.it,Verona,Veneto,3I9VYT5F,200,,5,altro_terzo_parte;analytics;chat_supporto,cdn.cookielaw.org;cdn.eye-able.com;static.sojern.com;static.zdassets.com;www.googletagmanager.com,https://cdn.cookielaw.org/scripttemplates/otSDKStub.js;https://cdn.eye-able.com/public/js/eyeAble.js;https://static.sojern.com/utils/sjrn_autocx.js;Zendesk;Google,5,cdn.cookielaw.org();cdn.eye-able.com();static.sojern.com();static.zdassets.com();www.googletagmanager.com(),0,4,0,0,,4,False
aziendasolidalia.it,Romano di Lombardia,Lombardia,3IMS74Z9,200,,2,altro_terzo_parte,cdn.cookie-script.com;translate.google.com,https://cdn.cookie-script.com/s/8cc2989d605f5ff4b0f7eafa47cf174a.js;https://translate.google.com/translate_a/element.js?cb=googleTranslateElementInit2,2,cdn.cookie-script.com();translate.google.com(),0,0,0,0,,0,False
donmoschetta.it,Caorle,Veneto,3JN4ZMWH,200,,1,analytics,www.googletagmanager.com,Google,1,www.googletagmanager.com(),0,0,0,0,,0,False
madoniegal.it,Castellana Sicula,Sicilia,3JPPAJDM,200,,2,altro_terzo_parte;cdn_font,fonts.googleapis.com;www.shinystat.com,Google;https://www.shinystat.com/cgi-bin/shinystat.cgi?USER=madoniegal,2,fonts.googleapis.com();www.shinystat.com(),0,1,0,0,,1,False
brta.camcom.it,Taranto,Puglia,3KAFLSAH,,ConnectionError,0,,,,,,,0,0,0,,0,False
retisrl.it,Novi Ligure,Piemonte,3KCOWSBJ,200,,3,altro_terzo_parte;cdn_font,bnr.elmobot.eu;fonts.googleapis.com;use.fontawesome.com,https://bnr.elmobot.eu/mNg47JybG-UKl2vCenV_0/it.js;Google;Font Awesome,3,bnr.elmobot.eu();fonts.googleapis.com();use.fontawesome.com(),0,0,0,0,,0,False
scuolecarduccilivorno.edu.it,Livorno,Toscana,3KJ3AED2,200,,1,altro_terzo_parte,secure.gravatar.com,https://secure.gravatar.com/avatar/f110faf98ec461e83443869f99c2327ece5c618d13878be7a21f829701792791?s=250&d=mm&f=y&r=g,1,secure.gravatar.com(),0,0,0,0,,0,False
acque.net,Empoli,Toscana,3KO8VIGW,200,,3,altro_terzo_parte;captcha,aceaidrico.my.site.com;gmpg.org;hcaptcha.com,https://aceaidrico.my.site.com/ESWEnhancedChatBot1706709397585/assets/js/bootstrap.min.js;https://gmpg.org/xfn/11;hCaptcha,3,aceaidrico.my.site.com();gmpg.org();hcaptcha.com(),0,1,1,0,,0,False
campaniaict.it,Napoli,Campania,3KQC0ABI,200,,5,altro_terzo_parte;analytics;captcha;cdn_font,fonts.googleapis.com;fonts.gstatic.com;gmpg.org;www.google.com;www.googletagmanager.com,Google;Google;https://gmpg.org/xfn/11;Google;Google,5,fonts.googleapis.com();fonts.gstatic.com();gmpg.org();www.google.com();www.googletagmanager.com(),0,0,0,0,,0,False
notarangelorosati-giannonemasi.edu.it,Foggia,Puglia,3M1FNDMP,200,,2,altro_terzo_parte;cdn_font,cdn.jsdelivr.net;media.scuola.cloud,jsDelivr;https://media.scuola.cloud/prod/notarangelo-rosati/images/Borsa_di_Studio_Casalanguida_.2e16d0ba.fill-744x290-c100_qTkhTuE_lazy.png,2,cdn.jsdelivr.net();media.scuola.cloud(),0,1,1,0,,0,False
goriacqua.com,Ercolano,Campania,3MR8D7NT,200,,2,cdn_font;sdk_generico,cdnjs.cloudflare.com;storage.googleapis.com,Cloudflare;Google,2,cdnjs.cloudflare.com();storage.googleapis.com(),0,1,1,0,,0,False
wabes.it,Vadena,Trentino-Alto Adige/Südtirol,3NJRG27J,200,,6,altro_terzo_parte;cdn_font;video,fonts.googleapis.com;gmpg.org;maps.google.com;player.vimeo.com;s.w.org;www.ral.de,Google;https://gmpg.org/xfn/11;https://maps.google.com/maps?q=wabes%20srl&t=m&z=14&output=embed&iwloc=near;Vimeo;https://s.w.org;https://www.ral.de/app/uploads/2024/12/xx-0992-1.png,6,fonts.googleapis.com();gmpg.org();maps.google.com();player.vimeo.com();s.w.org();www.ral.de(),0,0,0,0,,0,False
galgargano.com,Monte Sant'Angelo,Puglia,3NSUJWLC,200,,6,altro_terzo_parte;analytics;cdn_font,fonts.googleapis.com;fonts.gstatic.com;gmpg.org;use.fontawesome.com;www.google.com;www.googletagmanager.com,Google;Google;https://gmpg.org/xfn/11;Font Awesome;https://www.google.com/maps/d/embed?mid=1ImVHM_WWBd0rDteXGMVIJHpnt7Ohpt1i;Google,6,fonts.googleapis.com();fonts.gstatic.com();gmpg.org();use.fontawesome.com();www.google.com();www.googletagmanager.com(),0,1,0,0,,1,False
velletriservizi.it,Velletri,Lazio,3PQ9TZW5,200,,2,altro_terzo_parte,gmpg.org;www.google.com,https://gmpg.org/xfn/11;https://www.google.com/maps/d/embed?mid=1gUnUjF9igBGMTExYJSFWMbETMd0WvRTT,2,gmpg.org();www.google.com(),0,1,1,0,,0,False
comune.misiliscemi.tp.it,nan,nan,3PS17TYB,200,,3,altro_terzo_parte;cdn_font,fonts.googleapis.com;www.comune.trabia.pa.it;www.google.com,Google;https://www.comune.trabia.pa.it/wp-content/themes/design-comuni-wordpress-theme-main/style.css?ver=6.3.1;https://www.google.com/maps/embed?pb=!1m18!1m12!1m3!1d3145.5024319773693!2d12.515004876369591!3d37.965402401155536!2m3!1f0!2f0!3f0!3m2!1i1024!2i768!4f13.1!3m3!1m2!1s0x131bdf001d5e964f0xdddc172887575bc4!2sComunediMisiliscemi!5e0!3m2!1sit!2sit!4v1767948583301!5m2!1sit!2sit,3,fonts.googleapis.com();www.comune.trabia.pa.it();www.google.com(),0,0,0,0,,0,False
enit.it,Roma,Lazio,3RF8YLNL,200,,3,cdn_font;cookie_banner,cdn.iubenda.com;fonts.googleapis.com;fonts.gstatic.com,iubenda;Google;Google,3,cdn.iubenda.com();fonts.googleapis.com();fonts.gstatic.com(),0,2,1,0,,1,False
roccaservizi.it,Roccarainola,Campania,3S94F5QD,200,,5,altro_terzo_parte;cdn_font,code.jquery.com;editor.supersite.aruba.it;files.supersite.aruba.it;fonts.googleapis.com;static.supersite.aruba.it,https://code.jquery.com/ui/1.14.2/jquery-ui.min.js;https://editor.supersite.aruba.it/public/favicon.png;https://files.supersite.aruba.it;Google;https://static.supersite.aruba.it/js/jquery.js,5,code.jquery.com();editor.supersite.aruba.it();files.supersite.aruba.it();fonts.googleapis.com();static.supersite.aruba.it(),0,0,0,0,,0,False
fnofi.it,Cittadella,Veneto,3SBF3PUB,200,,3,cdn_font,cdnjs.cloudflare.com;fonts.googleapis.com;fonts.gstatic.com,Cloudflare;Google;Google,3,cdnjs.cloudflare.com();fonts.googleapis.com();fonts.gstatic.com(),0,2,1,0,,1,False
icvalleserinasanpellegrinoterme.edu.it,San Pellegrino Terme,Lombardia,3T9KJCT0,200,,5,altro_terzo_parte,api.usercentrics.eu;app.usercentrics.eu;cdn.portaleargo.it;privacy-proxy.usercentrics.eu;purl.org,https://api.usercentrics.eu;https://app.usercentrics.eu;https://cdn.portaleargo.it/psc/images/didattica-mockup.png;https://privacy-proxy.usercentrics.eu;http://purl.org/dc/terms/,5,api.usercentrics.eu();app.usercentrics.eu();cdn.portaleargo.it();privacy-proxy.usercentrics.eu();purl.org(),0,0,0,0,,0,False
ecolanspa.it,Lanciano,Abruzzo,3VMLWXGX,200,,3,analytics;cdn_font,fonts.googleapis.com;fonts.gstatic.com;www.googletagmanager.com,Google;Google;Google,3,fonts.googleapis.com();fonts.gstatic.com();www.googletagmanager.com(),0,0,0,0,,0,False
asmfossano.it,Fossano,Piemonte,3VZPQX9H,200,,0,,,,0,,0,1,1,0,,0,False
icfornelligiovannixxiiicorato.edu.it,Corato,Puglia,3WW5MNR3,200,,5,altro_terzo_parte,api.usercentrics.eu;app.usercentrics.eu;cdn.portaleargo.it;privacy-proxy.usercentrics.eu;purl.org,https://api.usercentrics.eu;https://app.usercentrics.eu;https://cdn.portaleargo.it/psc/images/didattica-mockup.png;https://privacy-proxy.usercentrics.eu;http://purl.org/dc/terms/,5,api.usercentrics.eu();app.usercentrics.eu();cdn.portaleargo.it();privacy-proxy.usercentrics.eu();purl.org(),0,0,0,0,,0,False
asfautolinee.it,Como,Lombardia,3X3CPIT8,200,,3,altro_terzo_parte;analytics;captcha,gmpg.org;hcaptcha.com;www.googletagmanager.com,https://gmpg.org/xfn/11;hCaptcha;Google,3,gmpg.org();hcaptcha.com();www.googletagmanager.com(),0,0,0,0,,0,False
atc1potenza.it,Rionero in Vulture,Basilicata,3XIN54S7,200,,1,cdn_font,fonts.googleapis.com,Google,1,fonts.googleapis.com(),0,0,0,0,,0,False
gorgovivo.it,Serra San Quirico,Marche,3XOF2207,200,,1,cdn_font,fonts.googleapis.com,Google,1,fonts.googleapis.com(),0,1,0,0,,1,False
adriatica.zes.gov.it,Roma,Lazio,3XXKMLQ8,,ConnectTimeout,0,,,,,,,0,0,0,,0,False
palaexpo.it,Roma,Lazio,3YOCS45V,200,,4,analytics;cdn_font;cookie_banner,cdn.iubenda.com;fonts.googleapis.com;use.fontawesome.com;www.googletagmanager.com,iubenda;Google;Font Awesome;Google,4,cdn.iubenda.com();fonts.googleapis.com();use.fontawesome.com();www.googletagmanager.com(),0,2,1,0,,1,False
arcasvevaofantina.it,Andria,Puglia,3ZDDLRZA,200,,0,,,,0,,0,0,0,0,,0,False
comune.sovizzo.vi.it,nan,nan,40B59AWR,200,,1,cdn_font,fonts.googleapis.com,Google,1,fonts.googleapis.com(),0,0,0,0,,0,False
endaspiemonte.it,Torino,Piemonte,419QPJZE,200,,2,altro_terzo_parte;cookie_banner,cdn.iubenda.com;gmpg.org,iubenda;https://gmpg.org/xfn/11,2,cdn.iubenda.com();gmpg.org(),0,0,0,0,,0,False
cdsangiovannibosco.edu.it,Manfredonia,Puglia,41M5YBG2,,ConnectionError,0,,,,,,,0,0,0,,0,False
ismea.it,Roma,Lazio,41ODRLU5,200,,5,altro_terzo_parte;analytics;cdn_font,cdn.infisecure.com;cdn.weglot.com;fonts.googleapis.com;www.googletagmanager.com;www.instagram.com,https://cdn.infisecure.com/barracuda.js;https://cdn.weglot.com/weglot.min.js;Google;Google;https://www.instagram.com/embed.js,5,cdn.infisecure.com();cdn.weglot.com();fonts.googleapis.com();www.googletagmanager.com();www.instagram.com(),0,2,1,0,,1,False
https:www.ausino.it,Cava de' Tirreni,Campania,446W9J1Y,,InvalidURL,0,,,,,,,0,0,0,,0,False
fondazioneteatrococcia.it,Novara,Piemonte,46BR227J,200,,6,altro_terzo_parte;analytics;cdn_font,cdn.jsdelivr.net;fonts.googleapis.com;fonts.gstatic.com;kit.fontawesome.com;www.facebook.com;www.googletagmanager.com,jsDelivr;Google;Google;https://kit.fontawesome.com/49a1c927dc.js;https://www.facebook.com/tr?id=257017042938508&ev=PageView&noscript=1;Google,6,cdn.jsdelivr.net();fonts.googleapis.com();fonts.gstatic.com();kit.fontawesome.com();www.facebook.com();www.googletagmanager.com(),0,0,0,0,,0,False
icmondragone2.edu.it,Mondragone,Campania,47SSOC18,200,,0,,,,0,,0,2,1,0,,1,False
ordineveterinaribenevento.it,Benevento,Campania,48JYY1FM,200,,3,altro_terzo_parte;cdn_font;cookie_banner,consent.cookiebot.com;fonts.googleapis.com;www.google.com,Cookiebot;Google;https://www.google.com/maps/embed?pb=!1m18!1m12!1m3!1d3005.277459532465!2d14.770235116025349!3d41.12846861996759!2m3!1f0!2f0!3f0!3m2!1i1024!2i768!4f13.1!3m3!1m2!1s0x133a3a0c590d08e9%3A0xddd710087251de85!2sOrdine%20Dei%20Medici%20Veterinari%20Della%20Prov.Di%20Benevento!5e0!3m2!1sit!2sit!4v1601566525074!5m2!1sit!2sit,3,consent.cookiebot.com();fonts.googleapis.com();www.google.com(),0,0,0,0,,0,False
ordinebiologiplv.it,Torino,Piemonte,48LQPAQ6,200,,1,altro_terzo_parte,www.openstreetmap.org,https://www.openstreetmap.org/export/embed.html?bbox=7.670793235301972%2C45.07557953560398%2C7.6743337512016305%2C45.07714215061246&layer=mapnik&marker=45.07636084844955%2C7.6725634932518005,1,www.openstreetmap.org(),0,1,0,0,,1,False
beccaristeiner.edu.it,Torino,Piemonte,48MUH68H,403,,0,,,,0,,0,0,0,0,,0,False
fondirigenti.it,Roma,Lazio,4A91UEHP,,ConnectionError,0,,,,,,,0,0,0,,0,False
bolognaservizicimiteriali.it,Bologna,Emilia-Romagna,4C6P4HP6,200,,2,cdn_font;video,fonts.googleapis.com;player.vimeo.com,Google;Vimeo,2,fonts.googleapis.com();player.vimeo.com(),0,0,0,0,,0,False
artwoodacademy.it,Lentate sul Seveso,Lombardia,4C88A8DV,200,,1,cdn_font,cdn.jsdelivr.net,jsDelivr,1,cdn.jsdelivr.net(),0,0,0,0,,0,False
asespoleto.it,Spoleto,Umbria,4CFJTTLW,200,,1,cdn_font,cdnjs.cloudflare.com,Cloudflare,1,cdnjs.cloudflare.com(),0,0,0,0,,0,False
ancona-airport.com,Falconara Marittima,Marche,4CTAAQDI,200,,7,altro_terzo_parte;analytics;cdn_font,172.31.19.128;cdn.jsdelivr.net;cdnjs.cloudflare.com;fonts.googleapis.com;fonts.gstatic.com;momentjs.com;www.googletagmanager.com,http://172.31.19.128/;jsDelivr;Cloudflare;Google;Google;https://momentjs.com/downloads/moment-with-locales.js;Google,6,cdn.jsdelivr.net();cdnjs.cloudflare.com();fonts.googleapis.com();fonts.gstatic.com();momentjs.com();www.googletagmanager.com(),1,0,0,0,,0,False
fondazionemessinaperlacultura.it,Messina,Sicilia,4DCNS5QF,200,,4,analytics;captcha;cdn_font,fonts.googleapis.com;fonts.gstatic.com;www.google.com;www.googletagmanager.com,Google;Google;Google;Google,4,fonts.googleapis.com();fonts.gstatic.com();www.google.com();www.googletagmanager.com(),0,0,0,0,,0,False
fondazionepiccolomini.it,Roma,Lazio,4E1NJHKT,200,,5,altro_terzo_parte;analytics;cdn_font;sdk_generico;video,fonts.googleapis.com;maps.googleapis.com;player.vimeo.com;www.facebook.com;www.googletagmanager.com,Google;Google;Vimeo;https://www.facebook.com/tr?id=2583343598666090&ev=PageView&noscript=1;Google,5,fonts.googleapis.com();maps.googleapis.com();player.vimeo.com();www.facebook.com();www.googletagmanager.com(),0,1,0,0,,1,False
fondopmi.com,Roma,Lazio,4E74TB2S,200,,1,cdn_font,fonts.googleapis.com,Google,1,fonts.googleapis.com(),0,0,0,0,,0,False
icdonuvacosmai.edu.it,Bisceglie,Puglia,4EMXGJX3,200,,2,altro_terzo_parte,code.jquery.com;secure.gravatar.com,https://code.jquery.com;https://secure.gravatar.com/avatar/b427adc6b170882a52e30bdf843a60ae0a02b6c0275d20ffdfe057bd7a9c5486?s=250&d=mm&f=y&r=g,2,code.jquery.com();secure.gravatar.com(),0,0,0,0,,0,False
gruppohera.it,Trieste,Friuli-Venezia Giulia,4EVBLVBD,200,,6,altro_terzo_parte;analytics;cdn_font;cookie_banner;video,cdn.iubenda.com;code.jquery.com;cs.iubenda.com;img.youtube.com;use.fontawesome.com;www.googletagmanager.com,iubenda;https://code.jquery.com/ui/1.13.2/jquery-ui.js;iubenda;Google;Font Awesome;Google,6,cdn.iubenda.com();code.jquery.com();cs.iubenda.com();img.youtube.com();use.fontawesome.com();www.googletagmanager.com(),0,6,1,0,,5,False
liceomagistralepanzecacaccamo.edu.it,Caccamo,Sicilia,4FGHPC8A,200,,5,altro_terzo_parte,api.usercentrics.eu;app.usercentrics.eu;cdn.portaleargo.it;privacy-proxy.usercentrics.eu;purl.org,https://api.usercentrics.eu;https://app.usercentrics.eu;https://cdn.portaleargo.it/psc/images/didattica-mockup.png;https://privacy-proxy.usercentrics.eu;http://purl.org/dc/terms/,5,api.usercentrics.eu();app.usercentrics.eu();cdn.portaleargo.it();privacy-proxy.usercentrics.eu();purl.org(),0,0,0,0,,0,False
farmaciesona.it,Sona,Veneto,4FKOGXPC,200,,5,altro_terzo_parte;analytics;sdk_generico,connect.facebook.net;maps.googleapis.com;www.google-analytics.com;www.google.com;www.googletagmanager.com,Meta;Google;Google;https://www.google.com;Google,5,connect.facebook.net();maps.googleapis.com();www.google-analytics.com();www.google.com();www.googletagmanager.com(),0,3,1,0,,2,False
gemeinde.muehlwald.bz.it,Selva dei Molini,Trentino-Alto Adige/Südtirol,4FTGOO9Q,200,,3,altro_terzo_parte,cdn.eye-able.com;info.gem2go.page;statistics.gem2go.page,https://cdn.eye-able.com/public/js/eyeAble.js;https://info.gem2go.page/system/web/getImage.ashx?fileid=900332&mode=O<c=1;https://statistics.gem2go.page,3,cdn.eye-able.com();info.gem2go.page();statistics.gem2go.page(),0,0,0,0,,0,False
pasubiotecnologia.it,Schio,Veneto,4I5ECKIA,200,,0,,,,0,,0,0,0,0,,0,False
regione.sicilia.it,Palermo,Sicilia,4ICNTMCY,200,,0,,,,0,,0,0,0,0,,0,False
getet.it,Roma,Lazio,4JTCHUHK,200,,1,altro_terzo_parte,gmpg.org,http://gmpg.org/xfn/11,1,gmpg.org(),0,0,0,0,,0,False
enteportogiulianova.it,Giulianova,Abruzzo,4KM8UAYZ,200,,4,analytics;cdn_font;cookie_banner,cdn.iubenda.com;cs.iubenda.com;fonts.googleapis.com;www.googletagmanager.com,iubenda;iubenda;Google;Google,4,cdn.iubenda.com();cs.iubenda.com();fonts.googleapis.com();www.googletagmanager.com(),0,0,0,0,,0,False
grimolise.it,Campobasso,Molise,4NW5PUS6,200,,2,altro_terzo_parte;cdn_font,fonts.googleapis.com;gmpg.org,Google;http://gmpg.org/xfn/11,2,fonts.googleapis.com();gmpg.org(),0,0,0,0,,0,False
itsmarcopolo.it,Venezia,Veneto,4PBKMXZT,200,,4,analytics;cdn_font;cookie_banner,consent.cookiebot.com;fonts.googleapis.com;fonts.gstatic.com;www.googletagmanager.com,Cookiebot;Google;Google;Google,4,consent.cookiebot.com();fonts.googleapis.com();fonts.gstatic.com();www.googletagmanager.com(),0,0,0,0,,0,False
policlinicogemelli.it,Roma,Lazio,4PKGIX8K,200,,3,analytics;captcha;cdn_font,fonts.googleapis.com;www.google.com;www.googletagmanager.com,Google;Google;Google,3,fonts.googleapis.com();www.google.com();www.googletagmanager.com(),0,0,0,0,,0,False
casariposoquaglia.it,Diano Castello,Liguria,4Q7W3LTX,200,,0,,,,0,,0,0,0,0,,0,False
atb.bergamo.it,Bergamo,Lombardia,4QTL3EL5,200,,3,altro_terzo_parte,cdn.infisecure.com;proxymotion.pmcplus.it;www.facebook.com,https://cdn.infisecure.com/barracuda.js;https://proxymotion.pmcplus.it:443/api/chat/websites/1/snippet?token=Qqvj2hBBEm3yVwPhRRffOxb1BbtQf7qt;https://www.facebook.com/tr?id=725964200163899&ev=PageView&noscript=1/,3,cdn.infisecure.com();proxymotion.pmcplus.it();www.facebook.com(),0,4,0,0,,4,False
mirabilianetwork.eu,Roma,Lazio,4QYODNC5,200,,6,altro_terzo_parte;analytics;cdn_font,fonts.bunny.net;fonts.googleapis.com;fonts.gstatic.com;gmpg.org;unpkg.com;www.googletagmanager.com,https://fonts.bunny.net/;Google;Google;http://gmpg.org/xfn/11;unpkg;Google,6,fonts.bunny.net();fonts.googleapis.com();fonts.gstatic.com();gmpg.org();unpkg.com();www.googletagmanager.com(),0,0,0,0,,0,False
its-ictpiemonte.it,Torino,Piemonte,4S9LK3NS,200,,2,analytics;cookie_banner,consent.cookiebot.com;www.googletagmanager.com,Cookiebot;Google,2,consent.cookiebot.com();www.googletagmanager.com(),0,0,0,0,,0,False
commissario.risanamento.me.it,Messina,Sicilia,4SK10CDN,200,,1,altro_terzo_parte,gmpg.org,http://gmpg.org/xfn/11,1,gmpg.org(),0,0,0,0,,0,False
aziendaspecialeama.it,Monte Argentario,Toscana,4VD0KVZ6,200,,5,altro_terzo_parte;analytics;cookie_banner,cdn.iubenda.com;cs.iubenda.com;www.comune.monteargentario.gr.it;www.google.com;www.googletagmanager.com,iubenda;iubenda;https://www.comune.monteargentario.gr.it/it-it/immagine/img-1376--60-1376-0-0-ec7afea3b448bebfcbd38ee7c3a1e272;https://www.google.com/maps/embed?pb=!1m18!1m12!1m3!1d2944.4772087521374!2d11.1157521!3d42.438861599999996!2m3!1f0!2f0!3f0!3m2!1i1024!2i768!4f13.1!3m3!1m2!1s0x132844f44d9db48d0xecbabc0feb9be6c3!2sComuneDiMonteArgentario!5e0!3m2!1sit!2sit!4v1713367965849!5m2!1sit!2sit;Google,5,cdn.iubenda.com();cs.iubenda.com();www.comune.monteargentario.gr.it();www.google.com();www.googletagmanager.com(),0,0,0,0,,0,False
rsa-srl.it,Balangero,Piemonte,4VSXCZLC,404,,0,,,,0,,0,0,0,0,,0,False
ilcastellodinovara.it,Novara,Piemonte,4WH03GS8,200,,2,cookie_banner,cdn.iubenda.com;cs.iubenda.com,iubenda;iubenda,2,cdn.iubenda.com();cs.iubenda.com(),0,0,0,0,,0,False
giordanicaserta.edu.it,Caserta,Campania,4YP9RIEW,200,,5,altro_terzo_parte,api.usercentrics.eu;app.usercentrics.eu;cdn.portaleargo.it;privacy-proxy.usercentrics.eu;purl.org,https://api.usercentrics.eu;https://app.usercentrics.eu;https://cdn.portaleargo.it/psc/images/didattica-mockup.png;https://privacy-proxy.usercentrics.eu;http://purl.org/dc/terms/,5,api.usercentrics.eu();app.usercentrics.eu();cdn.portaleargo.it();privacy-proxy.usercentrics.eu();purl.org(),0,0,0,0,,0,False
itsleonardoacademy.it,Bergamo,Lombardia,4YQGU40D,200,,2,altro_terzo_parte;analytics,gmpg.org;www.googletagmanager.com,http://gmpg.org/xfn/11;Google,2,gmpg.org();www.googletagmanager.com(),0,0,0,0,,0,False
comune.seriate.bg.it,Seriate,Lombardia,4ZKKQNKQ,200,,2,altro_terzo_parte,ingestion.webanalytics.italia.it;static.opencityitalia.it,https://ingestion.webanalytics.italia.it;https://static.opencityitalia.it,2,ingestion.webanalytics.italia.it();static.opencityitalia.it(),0,0,0,0,,0,False
iscasellipalizzi.edu.it,Napoli,Campania,50U27N8K,200,,0,,,,0,,0,2,1,0,,1,False
liceoderuggieri.edu.it,Massafra,Puglia,51XXY94X,200,,6,altro_terzo_parte,api.usercentrics.eu;app.usercentrics.eu;cdn.portaleargo.it;privacy-proxy.usercentrics.eu;purl.org;www.liceoderuggieri.it,https://api.usercentrics.eu;https://app.usercentrics.eu;https://cdn.portaleargo.it/psc/images/didattica-mockup.png;https://privacy-proxy.usercentrics.eu;http://purl.org/dc/terms/;https://www.liceoderuggieri.it/wp-content/themes/design-scuole-wordpress-theme-main/assets/img/logo-eu-inverted.svg,6,api.usercentrics.eu();app.usercentrics.eu();cdn.portaleargo.it();privacy-proxy.usercentrics.eu();purl.org();www.liceoderuggieri.it(),0,0,0,0,,0,False
calso.org,Dogliani,Piemonte,52F9D08Y,200,,1,captcha,www.google.com,Google,1,www.google.com(),0,0,0,0,,0,False
fondazione.unisa.it,Fisciano,Campania,53S1QVDP,,ConnectionError,0,,,,,,,0,0,0,,0,False
federpesistica.it,Roma,Lazio,545AQBJC,403,,1,cdn_font,fonts.googleapis.com,Google,1,fonts.googleapis.com(),0,0,0,0,,0,False
tep.pr.it,Parma,Emilia-Romagna,558BFEXP,200,,5,altro_terzo_parte;analytics;captcha;sdk_generico,bnr.elmobot.eu;maps.googleapis.com;s.w.org;www.google.com;www.googletagmanager.com,https://bnr.elmobot.eu/CEDFhhZfOcs_pn1v8kexl/it.js;Google;https://s.w.org;Google;Google,5,bnr.elmobot.eu();maps.googleapis.com();s.w.org();www.google.com();www.googletagmanager.com(),0,0,0,0,,0,False
ecoambientesalerno.it,Salerno,Campania,55N6KWMK,200,,0,,,,0,,0,0,0,0,,0,False
oirmsantanna.piemonte.it,Torino,Piemonte,56FG6XPQ,200,,2,altro_terzo_parte;cdn_font,cdnjs.cloudflare.com;code.jquery.com,Cloudflare;https://code.jquery.com/jquery-1.10.2.min.js,2,cdnjs.cloudflare.com();code.jquery.com(),0,0,0,0,,0,False
itsturismo.it,Jesolo,Veneto,56WKLHOX,200,,10,altro_terzo_parte;analytics;captcha;cdn_font;cookie_banner;sdk_generico,consent.cookiebot.com;fonts.googleapis.com;fonts.gstatic.com;gmpg.org;maps.googleapis.com;mwd.app.blueskyagent.ai;univet.rstheme.com;unpkg.com;www.google.com;www.googletagmanager.com,Cookiebot;Google;Google;https://gmpg.org/xfn/11;Google;https://mwd.app.blueskyagent.ai/embed-widget.css;https://univet.rstheme.com/blue/wp-content/uploads/sites/2/2025/11/testi-left1.png;unpkg;Google;Google,10,consent.cookiebot.com();fonts.googleapis.com();fonts.gstatic.com();gmpg.org();maps.googleapis.com();mwd.app.blueskyagent.ai();univet.rstheme.com();unpkg.com();www.google.com();www.googletagmanager.com(),0,0,0,0,,0,False
carduccisancataldo.edu.it,San Cataldo,Sicilia,58O75BTG,200,,1,altro_terzo_parte,secure.gravatar.com,https://secure.gravatar.com/avatar/bbc1cad5efbe23adae616ddfd4cda71f88bd4817ee665b67b303b9510f3817ce?s=250&d=mm&r=g,1,secure.gravatar.com(),0,0,0,0,,0,False
patrimoniopisa.it,Pisa,Toscana,59VIG8L0,200,,2,cdn_font;cookie_banner,cdn.iubenda.com;fonts.googleapis.com,iubenda;Google,2,cdn.iubenda.com();fonts.googleapis.com(),0,0,0,0,,0,False
aircampania.it,Napoli,Campania,5A0F9XHL,200,,2,altro_terzo_parte;cdn_font,cdn.datatables.net;use.fontawesome.com,https://cdn.datatables.net/responsive/2.3.0/css/responsive.dataTables.min.css?ver=7.1;Font Awesome,2,cdn.datatables.net();use.fontawesome.com(),0,1,0,0,,1,False
veronapadova.it,Vicenza,Veneto,5AG3ZH7V,200,,5,altro_terzo_parte;captcha;cdn_font;cookie_banner,cdn.iubenda.com;embeds.iubenda.com;fonts.googleapis.com;static.addtoany.com;www.google.com,iubenda;iubenda;Google;https://static.addtoany.com;Google,5,cdn.iubenda.com();embeds.iubenda.com();fonts.googleapis.com();static.addtoany.com();www.google.com(),0,0,0,0,,0,False
acquirenteunico.it,Roma,Lazio,5AHQNT4T,200,,0,,,,0,,0,0,0,0,,0,False
salernosolidale.it,Salerno,Campania,5AMFGRN8,200,,0,,,,0,,0,0,0,0,,0,False
reaspa.it,Rosignano Marittimo,Toscana,5AXRUUI0,200,,2,captcha;cdn_font,cdn.jsdelivr.net;www.google.com,jsDelivr;Google,2,cdn.jsdelivr.net();www.google.com(),0,0,0,0,,0,False
capoterra2.edu.it,Capoterra,Sardegna,5B67E3T4,200,,5,altro_terzo_parte,api.usercentrics.eu;app.usercentrics.eu;cdn.portaleargo.it;privacy-proxy.usercentrics.eu;purl.org,https://api.usercentrics.eu;https://app.usercentrics.eu;https://cdn.portaleargo.it/psc/images/didattica-mockup.png;https://privacy-proxy.usercentrics.eu;http://purl.org/dc/terms/,5,api.usercentrics.eu();app.usercentrics.eu();cdn.portaleargo.it();privacy-proxy.usercentrics.eu();purl.org(),0,0,0,0,,0,False
secif.info,Argenta,Emilia-Romagna,5B6CJIEW,200,,4,altro_terzo_parte;captcha;cdn_font,fonts.googleapis.com;gmpg.org;s.w.org;www.google.com,Google;https://gmpg.org/xfn/11;https://s.w.org;Google,4,fonts.googleapis.com();gmpg.org();s.w.org();www.google.com(),0,0,0,0,,0,False
iccoriano.edu.it,Coriano,Emilia-Romagna,5B9J9SUG,,ConnectionError,0,,,,,,,0,0,0,,0,False
laziodigital.it,Roma,Lazio,5BWCL08M,200,,5,altro_terzo_parte;analytics;captcha;cdn_font,fonts.googleapis.com;fonts.gstatic.com;gmpg.org;www.google.com;www.googletagmanager.com,Google;Google;https://gmpg.org/xfn/11;Google;Google,5,fonts.googleapis.com();fonts.gstatic.com();gmpg.org();www.google.com();www.googletagmanager.com(),0,0,0,0,,0,False
asl1sassari.it,Sassari,Sardegna,5DNNOS0T,200,,2,altro_terzo_parte;cdn_font,fonts.gstatic.com;kit.fontawesome.com,Google;https://kit.fontawesome.com/b8a8e1b567.js,2,fonts.gstatic.com();kit.fontawesome.com(),0,0,0,0,,0,False
datiniprato.edu.it,Prato,Toscana,5DQHOLMZ,200,,5,altro_terzo_parte,api.usercentrics.eu;app.usercentrics.eu;cdn.portaleargo.it;privacy-proxy.usercentrics.eu;purl.org,https://api.usercentrics.eu;https://app.usercentrics.eu;https://cdn.portaleargo.it/psc/images/didattica-mockup.png;https://privacy-proxy.usercentrics.eu;http://purl.org/dc/terms/,5,api.usercentrics.eu();app.usercentrics.eu();cdn.portaleargo.it();privacy-proxy.usercentrics.eu();purl.org(),0,0,0,0,,0,False
umbriafilmcommission.it,Perugia,Umbria,5DVYPGTK,,ConnectionError,0,,,,,,,0,0,0,,0,False
iismeuccimattei.edu.it,Cagliari,Sardegna,5EHNYROS,200,,5,altro_terzo_parte,api.usercentrics.eu;app.usercentrics.eu;cdn.portaleargo.it;privacy-proxy.usercentrics.eu;purl.org,https://api.usercentrics.eu;https://app.usercentrics.eu;https://cdn.portaleargo.it/psc/images/didattica-mockup.png;https://privacy-proxy.usercentrics.eu;http://purl.org/dc/terms/,5,api.usercentrics.eu();app.usercentrics.eu();cdn.portaleargo.it();privacy-proxy.usercentrics.eu();purl.org(),0,0,0,0,,0,False
triestetrasporti.it,Trieste,Friuli-Venezia Giulia,5EYBRCDR,,ConnectionError,0,,,,,,,0,0,0,,0,False
sigspa.com,Penne,Abruzzo,5GCX4M0S,,ConnectionError,0,,,,,,,0,0,0,,0,False
ursus.trieste.it,Trieste,Friuli-Venezia Giulia,5GOPE0AP,200,,1,altro_terzo_parte,assets.adobedtm.com,https://assets.adobedtm.com/fc6aa7b15a0e/f3cb9027e504/launch-71c18b351926-development.min.js,1,assets.adobedtm.com(),0,0,0,0,,0,False
icboscomorofioreterlizzi.edu.it,Terlizzi,Puglia,5I8RW1NM,200,,1,altro_terzo_parte,cdn.cookie-script.com,https://cdn.cookie-script.com/s/25eafec615f5f8cb3eb84f92ccaabab7.js?x63419,1,cdn.cookie-script.com(),0,0,0,0,,0,False
itsagroalimentarepuglia.it,Locorotondo,Puglia,5LWDEPQX,200,,1,altro_terzo_parte,gmpg.org,https://gmpg.org/xfn/11,1,gmpg.org(),0,1,1,0,,0,False
pacinottitaranto.edu.it,Taranto,Puglia,5M1SBOLO,200,,5,altro_terzo_parte,api.usercentrics.eu;app.usercentrics.eu;cdn.portaleargo.it;privacy-proxy.usercentrics.eu;purl.org,https://api.usercentrics.eu;https://app.usercentrics.eu;https://cdn.portaleargo.it/psc/images/didattica-mockup.png;https://privacy-proxy.usercentrics.eu;http://purl.org/dc/terms/,5,api.usercentrics.eu();app.usercentrics.eu();cdn.portaleargo.it();privacy-proxy.usercentrics.eu();purl.org(),0,0,0,0,,0,False
pagopa.it,Roma,Lazio,5N2TR557,200,,0,,,,0,,0,0,0,0,,0,False
galpontelama.it,Bisceglie,Puglia,5QOB2CIY,200,,1,cdn_font,unpkg.com,unpkg,1,unpkg.com(),0,1,0,0,,1,False
bmti.it,Roma,Lazio,5QRGRGTP,403,,1,cdn_font,fonts.googleapis.com,Google,1,fonts.googleapis.com(),0,0,0,0,,0,False
atcllazio.it,Roma,Lazio,5QZY1GA0,200,,2,analytics;sdk_generico,maps.googleapis.com;www.googletagmanager.com,Google;Google,2,maps.googleapis.com();www.googletagmanager.com(),0,0,0,0,,0,False
sailpost.it,Vecchiano,Toscana,5RY8ZQSZ,200,,5,altro_terzo_parte;captcha;cookie_banner;sdk_generico,consent.cookiebot.com;gmpg.org;maps.googleapis.com;pro.fontawesome.com;www.google.com,Cookiebot;https://gmpg.org/xfn/11;Google;https://pro.fontawesome.com/releases/v5.8.1/css/all.css;Google,5,consent.cookiebot.com();gmpg.org();maps.googleapis.com();pro.fontawesome.com();www.google.com(),0,1,1,0,,0,False
arcaregionepuglia.it,Bari,Puglia,5S9EYT2J,200,,0,,,,0,,0,0,0,0,,0,False
sielte.it,San Gregorio di Catania,Sicilia,5ST98L52,,ConnectionError,0,,,,,,,0,0,0,,0,False
itscasacampania.it,Napoli,Campania,5SY2NIM3,200,,1,analytics,www.googletagmanager.com,Google,1,www.googletagmanager.com(),0,0,0,0,,0,False
assoservizi.net,Roma,Lazio,5TX38ION,200,,4,altro_terzo_parte;analytics;captcha;cdn_font,fonts.googleapis.com;www.accessiweb.it;www.google.com;www.googletagmanager.com,Google;https://www.accessiweb.it/img/accessibility_badge_color.svg;Google;Google,4,fonts.googleapis.com();www.accessiweb.it();www.google.com();www.googletagmanager.com(),0,1,0,0,,1,False
consorziofabre.it,Pisa,Toscana,5V3ZMCFD,200,,3,altro_terzo_parte;cdn_font,convegnofabre.devitalia.net;fonts.googleapis.com;new.consorziofabre.devitalia.net,https://convegnofabre.devitalia.net/wp-content/uploads/2021/12/logo_fabre.png;Google;https://new.consorziofabre.devitalia.net/wp-content/uploads/2022/05/favicon.png,3,convegnofabre.devitalia.net();fonts.googleapis.com();new.consorziofabre.devitalia.net(),0,0,0,0,,0,False
alilauro.it,Napoli,Campania,5WEQOI7K,200,,5,analytics;captcha;cdn_font,cdn.jsdelivr.net;unpkg.com;use.fontawesome.com;www.google.com;www.googletagmanager.com,jsDelivr;unpkg;Font Awesome;Google;Google,5,cdn.jsdelivr.net();unpkg.com();use.fontawesome.com();www.google.com();www.googletagmanager.com(),0,0,0,0,,0,False
liceocopertino.edu.it,Copertino,Puglia,5YV1BPFK,200,,4,altro_terzo_parte;cdn_font,cdn-cookieyes.com;fonts.googleapis.com;secure.gravatar.com;translate.google.com,https://cdn-cookieyes.com/client_data/7d8dd632112c552196b98d81/script.js;Google;https://secure.gravatar.com/avatar/87fdd6fcbd7976454b1a24e98824357693427cc2bc13f7f2aba74cfadbcaae0d?s=250&d=mm&f=y&r=g;https://translate.google.com,4,cdn-cookieyes.com();fonts.googleapis.com();secure.gravatar.com();translate.google.com(),0,0,0,0,,0,False
https:sistemaambientelucca.it,Lucca,Toscana,6006VSSS,,InvalidURL,0,,,,,,,0,0,0,,0,False
fpi.it,Roma,Lazio,609OPZNV,503,,0,,,,0,,0,0,0,0,,0,True
steat.it,Fermo,Marche,62XLEE38,200,,6,altro_terzo_parte;analytics;cdn_font;sdk_generico,ajax.googleapis.com;fonts.googleapis.com;gmpg.org;maps.google.com;static.addtoany.com;www.googletagmanager.com,Google;Google;http://gmpg.org/xfn/11;https://maps.google.com/maps/api/js?key=AIza_REDACTED&libraries=geometry%2Cplaces%2Cweather%2Cpanoramio%2Cdrawing&language=it&ver=6.8.2;https://static.addtoany.com;Google,6,ajax.googleapis.com();fonts.googleapis.com();gmpg.org();maps.google.com();static.addtoany.com();www.googletagmanager.com(),0,1,0,0,,1,False
cittalia.it,Roma,Lazio,633CP49E,200,,8,altro_terzo_parte;analytics;cdn_font;cookie_banner,cdn.iubenda.com;embeds.iubenda.com;fonts.googleapis.com;gmpg.org;maxcdn.bootstrapcdn.com;s.w.org;scontent-fco2-1.xx.fbcdn.net;www.googletagmanager.com,iubenda;iubenda;Google;http://gmpg.org/xfn/11;BootstrapCDN;https://s.w.org;https://scontent-fco2-1.xx.fbcdn.net/v/t39.30808-1/305801087_487100320090499_1335044581039253786_n.jpg?stp=cp0_dst-jpg_s50x50_tt6&_nc_cat=108&ccb=1-7&_nc_sid=f907e8&_nc_ohc=OA7GDxB1iKMQ7kNvwHSSBe4&_nc_oc=AdrWC34lNmxXC92Cse_tBDCA_BxdWIKqvO-yqULMqZjpuebO60SpeIoFlHEhxcGQpaU&_nc_zt=24&_nc_ht=scontent-fco2-1.xx&edm=ALdPpPkEAAAA&_nc_gid=tvAJ-2wnZpTZzPX2CaCXVg&_nc_tpa=Q5bMBQKFSNvw6NiC3AjrK1wH1CMPowFhxeRA2JAYFKLuKTI_sKcr2Z66N5tWcUwpjx8YzM5Txken9OnlKA&oh=00_AQLZYX1ywYKdYUHfZJ96hhn89rl0q7agsVW280R0zBW4vA&oe=6AAA1641;Google,8,cdn.iubenda.com();embeds.iubenda.com();fonts.googleapis.com();gmpg.org();maxcdn.bootstrapcdn.com();s.w.org();scontent-fco2-1.xx.fbcdn.net();www.googletagmanager.com(),0,0,0,0,,0,False
fnofi.it,Catania,Sicilia,63X8KW43,200,,3,cdn_font,cdnjs.cloudflare.com;fonts.googleapis.com;fonts.gstatic.com,Cloudflare;Google;Google,3,cdnjs.cloudflare.com();fonts.googleapis.com();fonts.gstatic.com(),0,2,1,0,,1,False
ipsdacquistobagheria.edu.it,Bagheria,Sicilia,641NUAR3,200,,5,altro_terzo_parte,api.usercentrics.eu;app.usercentrics.eu;cdn.portaleargo.it;privacy-proxy.usercentrics.eu;purl.org,https://api.usercentrics.eu;https://app.usercentrics.eu;https://cdn.portaleargo.it/psc/images/didattica-mockup.png;https://privacy-proxy.usercentrics.eu;http://purl.org/dc/terms/,5,api.usercentrics.eu();app.usercentrics.eu();cdn.portaleargo.it();privacy-proxy.usercentrics.eu();purl.org(),0,0,0,0,,0,False
its-energiaeambiente.it,Colle di Val d'Elsa,Toscana,64G6NIHR,200,,4,altro_terzo_parte;analytics;cdn_font;video,code.jquery.com;fonts.googleapis.com;www.googletagmanager.com;www.youtube.com,http://code.jquery.com/jquery-latest.min.js;Google;Google;Google,4,code.jquery.com();fonts.googleapis.com();www.googletagmanager.com();www.youtube.com(),0,1,0,0,,1,False
taletespa.eu,Viterbo,Lazio,682WDFH2,200,,6,altro_terzo_parte;cdn_font;cookie_banner,embeds.iubenda.com;fonts.googleapis.com;fonts.gstatic.com;gmpg.org;hb.wpmucdn.com;static.addtoany.com,iubenda;Google;Google;http://gmpg.org/xfn/11;https://hb.wpmucdn.com;https://static.addtoany.com,6,embeds.iubenda.com();fonts.googleapis.com();fonts.gstatic.com();gmpg.org();hb.wpmucdn.com();static.addtoany.com(),0,0,0,0,,0,False
cstsistemisud.it,Capaccio Paestum,Campania,6CSCG00Q,200,,2,altro_terzo_parte;cdn_font,fonts.googleapis.com;gmpg.org,Google;http://gmpg.org/xfn/11,2,fonts.googleapis.com();gmpg.org(),0,0,0,0,,0,False
exegesi.it,Torino,Piemonte,6CY4731G,200,,2,cdn_font,cdn.jsdelivr.net;cdnjs.cloudflare.com,jsDelivr;Cloudflare,2,cdn.jsdelivr.net();cdnjs.cloudflare.com(),0,0,0,0,,0,False
iissgiuliocesare.edu.it,Bari,Puglia,6D4BRU39,200,,5,altro_terzo_parte,api.usercentrics.eu;app.usercentrics.eu;cdn.portaleargo.it;privacy-proxy.usercentrics.eu;purl.org,https://api.usercentrics.eu;https://app.usercentrics.eu;https://cdn.portaleargo.it/psc/images/albo_h94.png;https://privacy-proxy.usercentrics.eu;http://purl.org/dc/terms/,5,api.usercentrics.eu();app.usercentrics.eu();cdn.portaleargo.it();privacy-proxy.usercentrics.eu();purl.org(),0,0,0,0,,0,False
icdonmilanigaribaldileone.edu.it,Trinitapoli,Puglia,6F18K2W9,200,,1,altro_terzo_parte,secure.gravatar.com,https://secure.gravatar.com/avatar/4c31e3a956f72270032188636f257cd2c8365120bb28c60e780958d0e7c4735d?s=250&d=mm&f=y&r=g,1,secure.gravatar.com(),0,0,0,0,,0,False
albisolaservizi.it,Albisola Superiore,Liguria,6G739KU9,200,,0,,,,0,,0,0,0,0,,0,False
direzionesanfrancesco.edu.it,Altamura,Puglia,6GF796UD,200,,0,,,,0,,0,1,0,0,,1,False
altascuola.org,Perugia,Umbria,6I7YUOEO,200,,0,,,,0,,0,0,0,0,,0,False
scuolabartolena.edu.it,Livorno,Toscana,6JBIWZ80,200,,2,cookie_banner,cdn.iubenda.com;cs.iubenda.com,iubenda;iubenda,2,cdn.iubenda.com();cs.iubenda.com(),0,0,0,0,,0,False
ic17angiulli.edu.it,Napoli,Campania,6MEKAFH6,200,,0,,,,0,,0,2,1,0,,1,False
agenziavalledelsarno.com,Nocera Inferiore,Campania,6N07RMJW,200,,2,altro_terzo_parte;captcha,cdn.elementor.com;www.google.com,https://cdn.elementor.com;Google,2,cdn.elementor.com();www.google.com(),0,0,0,0,,0,False
ateraq.it,L'Aquila,Abruzzo,6PAVRHY5,200,,3,altro_terzo_parte;analytics,static.addtoany.com;www.google.com;www.googletagmanager.com,https://static.addtoany.com;https://www.google.com/maps/embed?pb=!1m18!1m12!1m3!1d2947.3640461896384!2d13.3472930162425!3d42.37739067918587!2m3!1f0!2f0!3f0!3m2!1i1024!2i768!4f13.1!3m3!1m2!1s0x132fcd5b88d155d90xf45b090ef2f1433e!2sATERL'AQUILA!5e0!3m2!1sit!2sit!4v1625581045730!5m2!1sit!2sit;Google,3,static.addtoany.com();www.google.com();www.googletagmanager.com(),0,1,0,0,,1,False
innovaprofessioni.it,Milano,Lombardia,6RAXEBMY,200,,4,altro_terzo_parte;analytics;cookie_banner,consent.cookiebot.com;gmpg.org;www.facebook.com;www.googletagmanager.com,Cookiebot;https://gmpg.org/xfn/11;https://www.facebook.com/tr?id=744994167291864&ev=PageView&noscript=1&cd%5Bpage_title%5D=Home&cd%5Bpost_type%5D=page&cd%5Bpost_id%5D=59&cd%5Bplugin%5D=PixelYourSite&cd%5Buser_role%5D=guest&cd%5Bevent_url%5D=innovaprofessioni.it%2F;Google,4,consent.cookiebot.com();gmpg.org();www.facebook.com();www.googletagmanager.com(),0,1,1,0,,0,False
asemanfredonia.it,Manfredonia,Puglia,6TAN6PRP,200,,5,altro_terzo_parte;captcha;cdn_font,fonts.googleapis.com;fonts.gstatic.com;gmpg.org;maxcdn.bootstrapcdn.com;www.google.com,Google;Google;http://gmpg.org/xfn/11;BootstrapCDN;Google,5,fonts.googleapis.com();fonts.gstatic.com();gmpg.org();maxcdn.bootstrapcdn.com();www.google.com(),0,0,0,0,,0,False
dmodolomiti.it,Belluno,Veneto,6TIT8ALQ,200,,5,altro_terzo_parte;cdn_font;cookie_banner,cdn.jsdelivr.net;code.jquery.com;consent.cookiebot.com;fonts.googleapis.com;fonts.gstatic.com,jsDelivr;https://code.jquery.com/jquery-3.7.0.min.js;Cookiebot;Google;Google,5,cdn.jsdelivr.net();code.jquery.com();consent.cookiebot.com();fonts.googleapis.com();fonts.gstatic.com(),0,1,1,0,,0,False
agritechcenter.it,Napoli,Campania,6U598X6H,200,,3,altro_terzo_parte;analytics,cdn.elementor.com;www.cnr.it;www.googletagmanager.com,https://cdn.elementor.com;https://www.cnr.it/it/eventi/immagine/6876/medium;Google,3,cdn.elementor.com();www.cnr.it();www.googletagmanager.com(),0,0,0,0,,0,False
chironisatta.edu.it,Nuoro,Sardegna,6UPF0YUZ,200,,1,altro_terzo_parte,secure.gravatar.com,https://secure.gravatar.com/avatar/f7fd2eddfe1df35d0f98c4d5b2afdb66b2ec580962cd79a21da677e3fa249721?s=250&d=mm&f=y&r=g,1,secure.gravatar.com(),0,0,0,0,,0,False
teatrovalentinogaravani.it,Voghera,Lombardia,6UZKD69P,200,,2,altro_terzo_parte;cdn_font,fonts.googleapis.com;gmpg.org,Google;https://gmpg.org/xfn/11,2,fonts.googleapis.com();gmpg.org(),0,0,0,0,,0,False
itsacademysi.it,Salerno,Campania,6WECXT3I,200,,2,altro_terzo_parte;cdn_font,fonts.googleapis.com;www.facebook.com,Google;https://www.facebook.com/tr?id=702600061810298&ev=PageView&noscript=1&cd%5Bpage_title%5D=Its+academy&cd%5Bpost_type%5D=page&cd%5Bpost_id%5D=2028&cd%5Bplugin%5D=PixelYourSite&cd%5Buser_role%5D=guest&cd%5Bevent_url%5D=www.itsacademysi.it%2F,2,fonts.googleapis.com();www.facebook.com(),0,0,0,0,,0,False
rodari-giovanni23.edu.it,Palagiano,Puglia,6X1RDWV0,200,,3,altro_terzo_parte;cdn_font,fonts.googleapis.com;secure.gravatar.com;stats.wp.com,Google;https://secure.gravatar.com/avatar/bdfe1be593a22fd20df2c19a224e8058011e6de04e2f5ce9a6b0eeb6abcb3703?s=250&d=mm&f=y&r=g;https://stats.wp.com,3,fonts.googleapis.com();secure.gravatar.com();stats.wp.com(),0,0,0,0,,0,False
trusttechnologies.it,Pomezia,Lazio,6Y5X0OIY,200,,1,analytics,www.googletagmanager.com,Google,1,www.googletagmanager.com(),0,2,1,0,,1,False
ordineveterinariarezzo.it,Arezzo,Toscana,6YJWRKS1,200,,5,altro_terzo_parte;captcha;cdn_font;cookie_banner,cdn.iubenda.com;cs.iubenda.com;fonts.googleapis.com;gmpg.org;www.google.com,iubenda;iubenda;Google;https://gmpg.org/xfn/11;Google,5,cdn.iubenda.com();cs.iubenda.com();fonts.googleapis.com();gmpg.org();www.google.com(),0,0,0,0,,0,False
unionemonferratopianalto.it,Villanova d'Asti,Piemonte,6ZTPE07R,200,,0,,,,0,,0,1,1,0,,0,False
regione.sardegna.it,Cagliari,Sardegna,70RBCZQ5,200,,0,,,,0,,0,1,0,0,,1,False
stepservizi.net,Sorso,Sardegna,710VMN1T,200,,0,,,,0,,0,0,0,0,,0,False
camera-arbitrale.it,Milano,Lombardia,7176DSEB,200,,5,altro_terzo_parte;cdn_font;sdk_generico,ajax.googleapis.com;fonts.googleapis.com;kit.fontawesome.com;px.ads.linkedin.com;www.youtube-nocookie.com,Google;Google;https://kit.fontawesome.com/8b02d0d813.js;https://px.ads.linkedin.com/collect/?pid=3434993&fmt=gif;https://www.youtube-nocookie.com/embed/Vjr_CBoAaOw?rel=0&showinfo=1?ecver=2,5,ajax.googleapis.com();fonts.googleapis.com();kit.fontawesome.com();px.ads.linkedin.com();www.youtube-nocookie.com(),0,0,0,0,,0,False
vigilanzasport.it,Roma,Lazio,721S6ANG,200,,0,,,,0,,0,0,0,0,,0,False
ater.rovigo.it,Rovigo,Veneto,72CDTS77,403,,1,cdn_font,fonts.googleapis.com,Google,1,fonts.googleapis.com(),0,0,0,0,,0,False
fnofi.it,Pavia,Lombardia,72DW9NBP,200,,3,cdn_font,cdnjs.cloudflare.com;fonts.googleapis.com;fonts.gstatic.com,Cloudflare;Google;Google,3,cdnjs.cloudflare.com();fonts.googleapis.com();fonts.gstatic.com(),0,2,1,0,,1,False
icpompei1.edu.it,Pompei,Campania,74XC7YU2,200,,0,,,,0,,0,2,1,0,,1,False
fondazionemarchecultura.it,Ancona,Marche,75KEEH9Y,200,,7,altro_terzo_parte;analytics;captcha;cdn_font;cookie_banner,cdn.by.wonderpush.com;cdn.iubenda.com;cdn.jsdelivr.net;fonts.googleapis.com;fonts.gstatic.com;www.google.com;www.googletagmanager.com,https://cdn.by.wonderpush.com/sdk/1.1/wonderpush-loader.min.js;iubenda;jsDelivr;Google;Google;Google;Google,7,cdn.by.wonderpush.com();cdn.iubenda.com();cdn.jsdelivr.net();fonts.googleapis.com();fonts.gstatic.com();www.google.com();www.googletagmanager.com(),0,0,0,0,,0,False
gandhilunigiana.edu.it,Aulla,Toscana,7746IORT,200,,5,altro_terzo_parte,api.usercentrics.eu;app.usercentrics.eu;cdn.portaleargo.it;privacy-proxy.usercentrics.eu;purl.org,https://api.usercentrics.eu;https://app.usercentrics.eu;https://cdn.portaleargo.it/psc/images/didattica-mockup.png;https://privacy-proxy.usercentrics.eu;http://purl.org/dc/terms/,5,api.usercentrics.eu();app.usercentrics.eu();cdn.portaleargo.it();privacy-proxy.usercentrics.eu();purl.org(),0,0,0,0,,0,False
fissw.com,Milano,Lombardia,78EKNPP3,200,,4,analytics;cdn_font;cookie_banner,cdn.iubenda.com;cs.iubenda.com;fonts.googleapis.com;www.googletagmanager.com,iubenda;iubenda;Google;Google,4,cdn.iubenda.com();cs.iubenda.com();fonts.googleapis.com();www.googletagmanager.com(),0,1,1,0,,0,False
acda.it,Cuneo,Piemonte,798627NV,200,,4,altro_terzo_parte;analytics;cdn_font;cookie_banner,cdn.iubenda.com;fonts.googleapis.com;gmpg.org;www.googletagmanager.com,iubenda;Google;http://gmpg.org/xfn/11;Google,4,cdn.iubenda.com();fonts.googleapis.com();gmpg.org();www.googletagmanager.com(),0,0,0,0,,0,False
boscogiovanni23carducci.edu.it,Ruvo di Puglia,Puglia,79EGY04C,200,,1,altro_terzo_parte,scaling.spaggiari.eu,https://scaling.spaggiari.eu/BADD0139/widget/63.png&rs=%2FtccTw2MgxYfdxRYmYOB6MBuLVa%2BNrJ0P%2FLEiGWNzqTrgln8v1dFB63p5qTp4dENXTp76LtSZtFhBkaNLjgL3fW9jrzqNAAOUJdagPjV%2BEtguqb8xeBxWR5C0Da%2BYyU0SV7D4UBs4UsAzro2Gv8Smw%3D%3D,1,scaling.spaggiari.eu(),0,2,0,0,,2,False
icfoscolostoccolma.edu.it,Cagliari,Sardegna,79JAO2H1,200,,2,altro_terzo_parte,code.jquery.com;secure.gravatar.com,https://code.jquery.com/jquery-migrate-3.4.0.min.js?ver=3.4.0;https://secure.gravatar.com/avatar/aad6c1ba1858e4aa49f740abb21385d6d9d95427cc7ad5bd1f016c98e7ce0016?s=250&d=mm&f=y&r=g,2,code.jquery.com();secure.gravatar.com(),0,0,0,0,,0,False
autolineecasciato.it,Borrello,Abruzzo,79OSTV8M,200,,4,altro_terzo_parte;cdn_font,fonts.gstatic.com;kit.fontawesome.com;www.facebook.com;www.google.com,Google;https://kit.fontawesome.com/1adb3d6901.js;https://www.facebook.com/plugins/page.php?href=https%3A%2F%2Fwww.facebook.com%2Fautolineecasciato%2F&tabs=timeline&width=340&height=500&small_header=false&adapt_container_width=true&hide_cover=false&show_facepile=true&appId;https://www.google.com/maps/embed?pb=!1m14!1m8!1m3!1d11875.633529716768!2d14.3057357!3d41.9163282!3m2!1i1024!2i768!4f13.1!3m3!1m2!1s0x0%3A0xa9cd3abb0175726!2sAutolinee%20Casciato%20S.R.L.!5e0!3m2!1sit!2sit!4v1632814070459!5m2!1sit!2sit,4,fonts.gstatic.com();kit.fontawesome.com();www.facebook.com();www.google.com(),0,0,0,0,,0,False
acquaenna.it,Enna,Sicilia,79URAT5P,,ConnectionError,0,,,,,,,0,0,0,,0,False
formiarifiutizero.it,Formia,Lazio,7AD641XZ,200,,3,altro_terzo_parte;captcha;cdn_font,fonts.googleapis.com;static.addtoany.com;www.google.com,Google;https://static.addtoany.com;Google,3,fonts.googleapis.com();static.addtoany.com();www.google.com(),0,0,0,0,,0,False
nuovasalentoenergia.it,Lecce,Puglia,7CWQ8IV2,200,,1,analytics,www.googletagmanager.com,Google,1,www.googletagmanager.com(),0,2,1,0,,1,False
donmilanipertinimorante.edu.it,Grottaglie,Puglia,7CYTCUK9,200,,1,cdn_font,fonts.googleapis.com,Google,1,fonts.googleapis.com(),0,0,0,0,,0,False
secondocircologubbio.edu.it,Gubbio,Umbria,7DUP2M8Y,200,,1,altro_terzo_parte,scaling.spaggiari.eu,https://scaling.spaggiari.eu/PGDD0036/widget/56.png&rs=%2FtccTw2MgxYfdxRYmYOB6MBuLVa%2BNrJ0P%2FLEiGWNzqTrgln8v1dFB63p5qTp4dENXTp76LtSZtFhBkaNLjgL3fW9jrzqNAAOUJdagPjV%2BEtguqb8xeBxWR5C0Da%2BYyU0SV7D4UBs4UsAzro2Gv8Smw%3D%3D,1,scaling.spaggiari.eu(),0,2,0,0,,2,False
padovattiva.it,Padova,Veneto,7EIMQDFE,,ConnectionError,0,,,,,,,0,0,0,,0,False
3-i.gov.it,Roma,Lazio,7FKYBH9E,200,,0,,,,0,,0,1,1,0,,0,False
euromilano.net,Milano,Lombardia,7GOVGT25,200,,5,altro_terzo_parte;cdn_font;sdk_generico,fonts.googleapis.com;gmpg.org;maps.googleapis.com;s.w.org;s3-eu-central-1.amazonaws.com,Google;https://gmpg.org/xfn/11;Google;https://s.w.org;https://s3-eu-central-1.amazonaws.com/wps-euromilano.net/wp-content/uploads/2018/05/R2-torre-piccola-attici.jpg,5,fonts.googleapis.com();gmpg.org();maps.googleapis.com();s.w.org();s3-eu-central-1.amazonaws.com(),0,0,0,0,,0,False
apricaspa.it,Brescia,Lombardia,7H3CLLM0,200,,2,altro_terzo_parte;analytics,public.flourish.studio;www.googletagmanager.com,https://public.flourish.studio/resources/embed.js;Google,2,public.flourish.studio();www.googletagmanager.com(),0,3,0,0,,3,False
alea-ambiente.it,Forlì,Emilia-Romagna,7HP3V1V6,200,,5,altro_terzo_parte;analytics;cdn_font;cookie_banner;video,consent.cookiebot.com;fonts.googleapis.com;maps.google.com;www.googletagmanager.com;www.youtube.com,Cookiebot;Google;https://maps.google.com;Google;Google,5,consent.cookiebot.com();fonts.googleapis.com();maps.google.com();www.googletagmanager.com();www.youtube.com(),0,0,0,0,,0,False
itsturismoecultura.it,Mosciano Sant'Angelo,Abruzzo,7HQKKCIS,200,,1,analytics,www.googletagmanager.com,Google,1,www.googletagmanager.com(),0,1,1,0,,0,False
istitutocomprensivo2.edu.it,Piombino,Toscana,7HSE7NE1,200,,5,altro_terzo_parte,api.usercentrics.eu;app.usercentrics.eu;cdn.portaleargo.it;privacy-proxy.usercentrics.eu;purl.org,https://api.usercentrics.eu;https://app.usercentrics.eu;https://cdn.portaleargo.it/psc/images/didattica-mockup.png;https://privacy-proxy.usercentrics.eu;http://purl.org/dc/terms/,5,api.usercentrics.eu();app.usercentrics.eu();cdn.portaleargo.it();privacy-proxy.usercentrics.eu();purl.org(),0,0,0,0,,0,False
sandonnino.it,Fidenza,Emilia-Romagna,7IW8ELTH,200,,3,altro_terzo_parte;cdn_font,fonts.googleapis.com;fonts.gstatic.com;gmpg.org,Google;Google;https://gmpg.org/xfn/11,3,fonts.googleapis.com();fonts.gstatic.com();gmpg.org(),0,0,0,0,,0,False
diocesisanmarcoscalea.it,San Marco Argentano,Calabria,7JD299SA,,ConnectionError,0,,,,,,,0,0,0,,0,False
scitecvita.it,Napoli,Campania,7KXPDU26,200,,3,cdn_font;cookie_banner,cdn.iubenda.com;cs.iubenda.com;fonts.googleapis.com,iubenda;iubenda;Google,3,cdn.iubenda.com();cs.iubenda.com();fonts.googleapis.com(),0,0,0,0,,0,False
neutalia.it,Busto Arsizio,Lombardia,7LAQH02E,200,,3,altro_terzo_parte;cdn_font;sdk_generico,acconsento.click;ajax.googleapis.com;cdnjs.cloudflare.com,https://acconsento.click/script-gtm.js;Google;Cloudflare,3,acconsento.click();ajax.googleapis.com();cdnjs.cloudflare.com(),0,0,0,0,,0,False
icmandes-montidauni.edu.it,Pietramontecorvino,Puglia,7LOZOO0S,200,,6,altro_terzo_parte,api.usercentrics.eu;app.usercentrics.eu;cdn.portaleargo.it;privacy-proxy.usercentrics.eu;purl.org;www.comprensivomandes.it,https://api.usercentrics.eu;https://app.usercentrics.eu;https://cdn.portaleargo.it/psc/images/didattica-mockup.png;https://privacy-proxy.usercentrics.eu;http://purl.org/dc/terms/;https://www.comprensivomandes.it/page/2/,6,api.usercentrics.eu();app.usercentrics.eu();cdn.portaleargo.it();privacy-proxy.usercentrics.eu();purl.org();www.comprensivomandes.it(),0,0,0,0,,0,False
cassaprevidenza-mit.it,Roma,Lazio,7OB84U7Z,200,,1,cdn_font,fonts.googleapis.com,Google,1,fonts.googleapis.com(),0,0,0,0,,0,False
edmaretigas.it,Ancona,Marche,7OGVI29G,404,,0,,,,0,,0,0,0,0,,0,False
flynetwork.it,Lustra,Campania,7P67KQRT,200,,1,cdn_font,fonts.googleapis.com,Google,1,fonts.googleapis.com(),0,0,0,0,,0,False
arapservizi.it,Cepagatti,Abruzzo,7P9NB79B,200,,1,altro_terzo_parte,cdn.digitalpa.it,https://cdn.digitalpa.it/portale/shared/1.0.0/css/responsive.dataTables.min.css?1,1,cdn.digitalpa.it(),0,1,0,0,,1,False
iczimarino.edu.it,Casalbordino,Abruzzo,7PH1CDSJ,200,,3,altro_terzo_parte,assets.api.bookcreator.com;cdn.elementor.com;gmpg.org,https://assets.api.bookcreator.com/6TWgrxOfDvPB96wliCve5s0o5hZ2/books/2qK7Q2wST-WYVeTMWzpltQ/cover/share;https://cdn.elementor.com;https://gmpg.org/xfn/11,3,assets.api.bookcreator.com();cdn.elementor.com();gmpg.org(),0,0,0,0,,0,False
ligurcapital.it,Genova,Liguria,7PJKGTET,,ConnectTimeout,0,,,,,,,0,0,0,,0,False
istitutodagomari.edu.it,Prato,Toscana,7PWNLBMQ,200,,3,altro_terzo_parte;cdn_font,cdn.argoweb.net;fonts.googleapis.com;purl.org,https://cdn.argoweb.net/img/favicon.jpg;Google;http://purl.org/dc/terms/,3,cdn.argoweb.net();fonts.googleapis.com();purl.org(),0,0,0,0,,0,False
cassamutuacancellieri.it,Roma,Lazio,7QCUI616,200,,2,altro_terzo_parte;cdn_font,fonts.googleapis.com;s.w.org,Google;https://s.w.org,2,fonts.googleapis.com();s.w.org(),0,0,0,0,,0,False
letunnel.com,Saint-Rhémy-en-Bosses,Valle d'Aosta/Vallée d'Aoste,7RIG1C6B,200,,2,altro_terzo_parte;analytics,gmpg.org;www.googletagmanager.com,https://gmpg.org/xfn/11;Google,2,gmpg.org();www.googletagmanager.com(),0,0,0,0,,0,False
solofraservizi.it,Solofra,Campania,7S2HQA9E,200,,1,cdn_font,fonts.googleapis.com,Google,1,fonts.googleapis.com(),0,0,0,0,,0,False
ospedalegiglio.it,Cefalù,Sicilia,7S3QTPXP,,ConnectionError,0,,,,,,,0,0,0,,0,False
trenitaliatper.it,Bologna,Emilia-Romagna,7S7BGX0F,200,,0,,,,0,,0,1,0,0,,1,False
asl3nuoro.it,Nuoro,Sardegna,7T093CG4,200,,2,altro_terzo_parte;cdn_font,fonts.gstatic.com;kit.fontawesome.com,Google;https://kit.fontawesome.com/b8a8e1b567.js,2,fonts.gstatic.com();kit.fontawesome.com(),0,0,0,0,,0,False
italyexpo2025osaka.it,Roma,Lazio,7TA5W3S2,200,,0,,,,0,,0,1,1,0,,0,False
provinciasulcisiglesiente.it,Carbonia,Sardegna,7U0QFN0C,200,,4,altro_terzo_parte,apis.maggioli.cloud;cdn.cookie-script.com;provincia-sulcis-iglesiente-api.cloud.municipiumapp.it;provincia-sulcis-iglesiente-api.municipiumapp.it,https://apis.maggioli.cloud/rest/captcha/v2/widget.module.min.js?version=1.1;https://cdn.cookie-script.com/s/6b5a07f32e4ca6780757ff8aae949ed0.js;https://provincia-sulcis-iglesiente-api.cloud.municipiumapp.it/s3/150x150/s3/20243/media/set-immagini-2022/lavoro_utensili_martello_edilizia_muratore.jpg;https://provincia-sulcis-iglesiente-api.municipiumapp.it/s3/0/sito/jquery/3.7.1/jquery.min.js,4,apis.maggioli.cloud();cdn.cookie-script.com();provincia-sulcis-iglesiente-api.cloud.municipiumapp.it();provincia-sulcis-iglesiente-api.municipiumapp.it(),0,2,1,0,,1,False
gruppoandreani.it,Corridonia,Marche,7U83R2FL,200,,4,altro_terzo_parte;analytics;captcha,app.legalblink.it;gmpg.org;www.google.com;www.googletagmanager.com,https://app.legalblink.it/api/scripts/lb_cs.js;https://gmpg.org/xfn/11;Google;Google,4,app.legalblink.it();gmpg.org();www.google.com();www.googletagmanager.com(),0,0,0,0,,0,False
cmcalabresiliquidazioni.it,Reggio di Calabria,Calabria,7UG4CTPM,,ConnectionError,0,,,,,,,0,0,0,,0,False
pluchinotta.edu.it,Sant'Agata li Battiati,Sicilia,7UKG69R2,200,,0,,,,0,,0,0,0,0,,0,False
casaatcservizi.it,Torino,Piemonte,7VKA95UA,,ReadTimeout,0,,,,,,,0,0,0,,0,False
misericordiadiantignano.it,Livorno,Toscana,7VONFACG,200,,8,altro_terzo_parte;analytics;captcha;cdn_font,c0.wp.com;cdn-cookieyes.com;fonts.googleapis.com;s.w.org;stats.wp.com;www.google.com;www.googletagmanager.com;www.paypal.com,https://c0.wp.com/p/jetpack/9.1.3/css/jetpack.css;https://cdn-cookieyes.com/client_data/e73bc82a29a357eb6660cbad/script.js;Google;https://s.w.org;https://stats.wp.com/e-202637.js;Google;Google;https://www.paypal.com/it_IT/i/scr/pixel.gif,8,c0.wp.com();cdn-cookieyes.com();fonts.googleapis.com();s.w.org();stats.wp.com();www.google.com();www.googletagmanager.com();www.paypal.com(),0,0,0,0,,0,False
galcapodileuca.it,Tricase,Puglia,7VP4POF9,200,,2,altro_terzo_parte,pa6.produzione.clio.it;www.openstreetmap.org,https://pa6.produzione.clio.it/images/template/accesso-rapido/icon-come-fare-per.png;https://www.openstreetmap.org/export/embed.html?bbox=18.35915476083756%2C39.930447055039345%2C18.362563848495487%2C39.93234955261457&layer=mapnik&marker=39.931399338813875%2C18.360860645771027,2,pa6.produzione.clio.it();www.openstreetmap.org(),0,1,0,0,,1,False
asi-srl.it,Camposampiero,Veneto,7WO6BFIT,200,,1,cookie_banner,embeds.iubenda.com,iubenda,1,embeds.iubenda.com(),0,0,0,0,,0,False
autostradestato.it,Roma,Lazio,7XE4GJP3,200,,3,altro_terzo_parte,assets.adobedtm.com;cdn.cookielaw.org;rum.hlx.page,https://assets.adobedtm.com/f7c60cc22ee3/1ceb9be4b10f/launch-f075ebf6990a.min.js;https://cdn.cookielaw.org/scripttemplates/otSDKStub.js;https://rum.hlx.page/.rum/@adobe/helix-rum-js@%5E2/dist/micro.js,3,assets.adobedtm.com();cdn.cookielaw.org();rum.hlx.page(),0,1,0,0,,1,False
consorziostradearcidosso.altervista.org,Arcidosso,Toscana,7ZHXNWHL,200,,1,cdn_font,fonts.googleapis.com,Google,1,fonts.googleapis.com(),0,0,0,0,,0,False
sirentina.it,Secinaro,Abruzzo,817BQG20,200,,2,altro_terzo_parte;sdk_generico,code.jquery.com;maps.googleapis.com,https://code.jquery.com;Google,2,code.jquery.com();maps.googleapis.com(),0,0,0,0,,0,False
veloceindustry.it,Argelato,Emilia-Romagna,81J321XP,200,,3,altro_terzo_parte;cdn_font,cdn.elementor.com;fonts.googleapis.com;gmpg.org,https://cdn.elementor.com;Google;http://gmpg.org/xfn/11,3,cdn.elementor.com();fonts.googleapis.com();gmpg.org(),0,0,0,0,,0,False
regione.basilicata.it,Potenza,Basilicata,82SGXOP7,200,,4,altro_terzo_parte;captcha;video,gmpg.org;i.ytimg.com;widget-accessibilita.vercel.app;www.google.com,https://gmpg.org/xfn/11;Google;https://widget-accessibilita.vercel.app/api/widget/widget-1778144542414-ob73b5t1h;Google,4,gmpg.org();i.ytimg.com();widget-accessibilita.vercel.app();www.google.com(),0,0,0,0,,0,False
cacip.it,Cagliari,Sardegna,84IX3L0P,200,,3,altro_terzo_parte;analytics;cdn_font,fonts.googleapis.com;www.chatbase.co;www.googletagmanager.com,Google;https://www.chatbase.co/embed.min.js;Google,3,fonts.googleapis.com();www.chatbase.co();www.googletagmanager.com(),0,0,0,0,,0,False
5t.torino.it,Torino,Piemonte,85FQR8X2,200,,6,altro_terzo_parte;analytics;cdn_font;cookie_banner,cinquet.it;embeds.iubenda.com;fonts.googleapis.com;stats.wp.com;unpkg.com;www.googletagmanager.com,https://cinquet.it//wp-content/uploads/2026/02/Arrow-Icon.svg;iubenda;Google;https://stats.wp.com/e-202637.js;unpkg;Google,6,cinquet.it();embeds.iubenda.com();fonts.googleapis.com();stats.wp.com();unpkg.com();www.googletagmanager.com(),0,5,2,0,,3,False
cosmarimc.it,Tolentino,Marche,85X474AS,,ConnectionError,0,,,,,,,0,0,0,,0,False
istitutocomprensivodeliceto.edu.it,Deliceto,Puglia,876UN3AE,200,,0,,,,0,,0,0,0,0,,0,False
iceboli1matteoripa.edu.it,Eboli,Campania,8ATK48M4,200,,1,altro_terzo_parte,scaling.spaggiari.eu,https://scaling.spaggiari.eu/SAME0051/widget/31.png&rs=%2FtccTw2MgxYfdxRYmYOB6MBuLVa%2BNrJ0P%2FLEiGWNzqTrgln8v1dFB63p5qTp4dENXTp76LtSZtFhBkaNLjgL3fW9jrzqNAAOUJdagPjV%2BEtguqb8xeBxWR5C0Da%2BYyU0SV7D4UBs4UsAzro2Gv8Smw%3D%3D,1,scaling.spaggiari.eu(),0,1,0,0,,1,False
agenzia.roma.it,Roma,Lazio,8D20RCTE,200,,2,altro_terzo_parte,codicepro.shinystat.com;www.shinystat.com,https://codicepro.shinystat.com/cgi-bin/getcod.cgi?USER=agenziaroma;https://www.shinystat.com/cgi-bin/shinystat.cgi?USER=agenziaroma,2,codicepro.shinystat.com();www.shinystat.com(),0,3,2,0,,1,False
consorziobimaq.it,Avezzano,Abruzzo,8D75X2F2,200,,2,altro_terzo_parte;sdk_generico,ajax.googleapis.com;www.netlearn.it,Google;http://www.netlearn.it/credits.png,2,ajax.googleapis.com();www.netlearn.it(),0,1,1,0,,0,False
bronistradellapubblica.it,Stradella,Lombardia,8DLHBH1N,200,,1,cdn_font,fonts.googleapis.com,Google,1,fonts.googleapis.com(),0,0,0,0,,0,False
nos.ospedale.siracusa.it,Siracusa,Sicilia,8FL5MZFG,200,,4,altro_terzo_parte;analytics;cdn_font,fonts.googleapis.com;fonts.gstatic.com;gmpg.org;www.googletagmanager.com,Google;Google;https://gmpg.org/xfn/11;Google,4,fonts.googleapis.com();fonts.gstatic.com();gmpg.org();www.googletagmanager.com(),0,0,0,0,,0,False
giffoni.it,Giffoni Valle Piana,Campania,8G9SP94T,403,,1,cdn_font,fonts.googleapis.com,Google,1,fonts.googleapis.com(),0,0,0,0,,0,False
aslgallura.it,Olbia,Sardegna,8HFG1ZY6,,ConnectionError,0,,,,,,,0,0,0,,0,False
auditorium.com,Roma,Lazio,8HTD8P8I,200,,6,altro_terzo_parte;analytics;cdn_font;cookie_banner,cdn.iubenda.com;cs.iubenda.com;fonts.googleapis.com;fonts.gstatic.com;www.facebook.com;www.googletagmanager.com,iubenda;iubenda;Google;Google;https://www.facebook.com/tr?id=4720184137998558&ev=PageView&noscript=1;Google,6,cdn.iubenda.com();cs.iubenda.com();fonts.googleapis.com();fonts.gstatic.com();www.facebook.com();www.googletagmanager.com(),0,0,0,0,,0,False
compa.fvg.it,Udine,Friuli-Venezia Giulia,8HZUP2DE,200,,3,altro_terzo_parte;analytics;cdn_font,fonts.googleapis.com;gmpg.org;www.googletagmanager.com,Google;https://gmpg.org/xfn/11;Google,3,fonts.googleapis.com();gmpg.org();www.googletagmanager.com(),0,1,0,0,,1,False
bonificavenetorientale.it,San Donà di Piave,Veneto,8JIS2RBA,200,,5,altro_terzo_parte;analytics;captcha;cdn_font,cdn.datatables.net;cdnjs.cloudflare.com;fonts.googleapis.com;www.google.com;www.googletagmanager.com,https://cdn.datatables.net/1.10.15/js/jquery.dataTables.min.js;Cloudflare;Google;Google;Google,5,cdn.datatables.net();cdnjs.cloudflare.com();fonts.googleapis.com();www.google.com();www.googletagmanager.com(),0,0,0,0,,0,False
jaci.edu.it,Messina,Sicilia,8KA77F34,200,,4,altro_terzo_parte,play.google.com;secure.gravatar.com;tools.applemediaservices.com;www.shinystat.com,https://play.google.com/intl/en_us/badges/static/images/badges/it_badge_web_generic.png;https://secure.gravatar.com/avatar/2e757bbaf9ed5844f5f823f36d349949e6dece7c21b2ca6c246931a761253389?s=250&d=mm&r=g;https://tools.applemediaservices.com/api/badges/download-on-the-app-store/black/it-it?size=250x83&releaseDate=1671235200;https://www.shinystat.com/cgi-bin/shinystat.cgi?USER=jacistat,4,play.google.com();secure.gravatar.com();tools.applemediaservices.com();www.shinystat.com(),0,0,0,0,,0,False
ipseoacastrovillari.edu.it,Castrovillari,Calabria,8KUY7XYE,200,,5,altro_terzo_parte,api.usercentrics.eu;app.usercentrics.eu;cdn.portaleargo.it;privacy-proxy.usercentrics.eu;purl.org,https://api.usercentrics.eu;https://app.usercentrics.eu;https://cdn.portaleargo.it/psc/images/didattica-mockup.png;https://privacy-proxy.usercentrics.eu;http://purl.org/dc/terms/,5,api.usercentrics.eu();app.usercentrics.eu();cdn.portaleargo.it();privacy-proxy.usercentrics.eu();purl.org(),0,0,0,0,,0,False
itsrossellini.it,Roma,Lazio,8KY9MNU7,200,,5,altro_terzo_parte;analytics;cdn_font;cookie_banner,consent.cookiebot.com;fonts.googleapis.com;fonts.gstatic.com;www.facebook.com;www.googletagmanager.com,Cookiebot;Google;Google;https://www.facebook.com/tr?id=336092801453334&ev=PageView&noscript=1;Google,5,consent.cookiebot.com();fonts.googleapis.com();fonts.gstatic.com();www.facebook.com();www.googletagmanager.com(),0,1,0,0,,1,False
andriamultiservice.com,Andria,Puglia,8N7ZS3K4,200,,6,altro_terzo_parte;cdn_font;cookie_banner;sdk_generico,cdn.iubenda.com;cs.iubenda.com;fonts.googleapis.com;fonts.gstatic.com;maps.googleapis.com;www.google.com,iubenda;iubenda;Google;Google;Google;https://www.google.com/maps/d/embed?mid=1WnpZ3irxe2y-Kf3Tm0kbdKLH4jCZZMo&ehbc=2E312F,6,cdn.iubenda.com();cs.iubenda.com();fonts.googleapis.com();fonts.gstatic.com();maps.googleapis.com();www.google.com(),0,0,0,0,,0,False
biologitriveneto.it,Padova,Veneto,8O2ZYX7O,403,,1,cdn_font,fonts.googleapis.com,Google,1,fonts.googleapis.com(),0,0,0,0,,0,False
casavallardi.it,Appiano Gentile,Lombardia,8O5HCUTY,200,,1,altro_terzo_parte,s.w.org,https://s.w.org,1,s.w.org(),0,0,0,0,,0,False
sun.novara.it,Novara,Piemonte,8P1G45WH,200,,2,altro_terzo_parte;analytics,js-eu1.hsforms.net;www.googletagmanager.com,https://js-eu1.hsforms.net/forms/shell.js;Google,2,js-eu1.hsforms.net();www.googletagmanager.com(),0,0,0,0,,0,False
iissdelloliocosmai.edu.it,Bisceglie,Puglia,8QHCKCN6,200,,5,altro_terzo_parte,api.usercentrics.eu;app.usercentrics.eu;cdn.portaleargo.it;privacy-proxy.usercentrics.eu;purl.org,https://api.usercentrics.eu;https://app.usercentrics.eu;https://cdn.portaleargo.it/psc/images/didattica-mockup.png;https://privacy-proxy.usercentrics.eu;http://purl.org/dc/terms/,5,api.usercentrics.eu();app.usercentrics.eu();cdn.portaleargo.it();privacy-proxy.usercentrics.eu();purl.org(),0,0,0,0,,0,False
liceostampacchia.edu.it,Tricase,Puglia,8SH4634M,,ConnectionError,0,,,,,,,0,0,0,,0,False
tsm.tn.it,Trento,Trentino-Alto Adige/Südtirol,8U5DDGY9,403,,1,cdn_font,fonts.googleapis.com,Google,1,fonts.googleapis.com(),0,0,0,0,,0,False
infrastrutturemilanocortina2026.it,Roma,Lazio,8UIFPO9K,200,,5,altro_terzo_parte;cdn_font,bnr.elmobot.eu;codice.shinystat.com;fonts.googleapis.com;gmpg.org;www.simico.it,https://bnr.elmobot.eu/_t-_iQx3mPrGuj6HIDV4O/it.js;https://codice.shinystat.com/cgi-bin/getcod.cgi?USER=SS-53879153-490d2&NODW=yes&WPPV=1.0.17;Google;http://gmpg.org/xfn/11;https://www.simico.it/wp-content/uploads/2026/08/olympic-stadium-cortina.webp,5,bnr.elmobot.eu();codice.shinystat.com();fonts.googleapis.com();gmpg.org();www.simico.it(),0,0,0,0,,0,False
scuolecollegno3.edu.it,Collegno,Piemonte,8UYS28RD,200,,5,altro_terzo_parte,api.usercentrics.eu;app.usercentrics.eu;cdn.portaleargo.it;privacy-proxy.usercentrics.eu;purl.org,https://api.usercentrics.eu;https://app.usercentrics.eu;https://cdn.portaleargo.it/psc/images/didattica-mockup.png;https://privacy-proxy.usercentrics.eu;http://purl.org/dc/terms/,5,api.usercentrics.eu();app.usercentrics.eu();cdn.portaleargo.it();privacy-proxy.usercentrics.eu();purl.org(),0,0,0,0,,0,False
econlivlab.eu,Zevio,Veneto,8VK4TQHC,200,,3,altro_terzo_parte;cdn_font;cookie_banner,cdn.iubenda.com;gmpg.org;unpkg.com,iubenda;https://gmpg.org/xfn/11;unpkg,3,cdn.iubenda.com();gmpg.org();unpkg.com(),0,0,0,0,,0,False
agenziaitaliameteo.it,Roma,Lazio,8W0Q4VWZ,200,,3,altro_terzo_parte;analytics,cdn-cookieyes.com;gmpg.org;www.googletagmanager.com,https://cdn-cookieyes.com/client_data/3c87b07a241167ecb8be0a03/script.js;https://gmpg.org/xfn/11;Google,3,cdn-cookieyes.com();gmpg.org();www.googletagmanager.com(),0,0,0,0,,0,False
sirioenergia.it,Frattaminore,Campania,8XD7AIGW,200,,3,altro_terzo_parte;cdn_font,gmpg.org;unpkg.com;www.facebook.com,https://gmpg.org/xfn/11;unpkg;https://www.facebook.com/tr?id=2052127492250916&ev=PageView&noscript=1,3,gmpg.org();unpkg.com();www.facebook.com(),0,1,0,1,_fbp,0,False
icvaldilana.edu.it,Valdilana,Piemonte,8Y6XD6TV,200,,1,altro_terzo_parte,scaling.spaggiari.eu,https://scaling.spaggiari.eu/BIME0005/widget/5179.png&rs=%2FtccTw2MgxYfdxRYmYOB6MBuLVa%2BNrJ0P%2FLEiGWNzqTrgln8v1dFB63p5qTp4dENXTp76LtSZtFhBkaNLjgL3fW9jrzqNAAOUJdagPjV%2BEtguqb8xeBxWR5C0Da%2BYyU0SV7D4UBs4UsAzro2Gv8Smw%3D%3D,1,scaling.spaggiari.eu(),0,1,0,0,,1,False
fondazioneaquileia.it,Aquileia,Friuli-Venezia Giulia,8Y9TOFFS,200,,4,altro_terzo_parte;cookie_banner,consent.cookiebot.com;widget.tagembed.com;www.w3.org;www.whatsupcams.com,Cookiebot;https://widget.tagembed.com/embed.min.js;http://www.w3.org/1999/xhtml/vocab;https://www.whatsupcams.com/wgt/it_aquileia03,4,consent.cookiebot.com();widget.tagembed.com();www.w3.org();www.whatsupcams.com(),0,0,0,0,,0,False
afragola1marconirocco.edu.it,Afragola,Campania,8YG3A9B5,200,,0,,,,0,,0,2,1,0,,1,False
donluigisturzobagheria.edu.it,Bagheria,Sicilia,8Z5P4LQM,200,,0,,,,0,,0,0,0,0,,0,False
itsmeccatronicolazio.it,Frosinone,Lazio,8ZHA4Y1N,200,,4,analytics;captcha;cdn_font,fonts.googleapis.com;fonts.gstatic.com;www.google.com;www.googletagmanager.com,Google;Google;Google;Google,4,fonts.googleapis.com();fonts.gstatic.com();www.google.com();www.googletagmanager.com(),0,0,0,0,,0,False
cavourmazziniconvitto.edu.it,Marsala,Sicilia,91ADN2SF,200,,0,,,,0,,0,0,0,0,,0,False
icgiannone.edu.it,Ischitella,Puglia,91NN57DH,200,,1,altro_terzo_parte,cdn.cookie-script.com,https://cdn.cookie-script.com/s/fdbf88592f728836a8fe1126238126e8.js,1,cdn.cookie-script.com(),0,0,0,0,,0,False
chietisolidale.it,Chieti,Abruzzo,91WAXW2Z,200,,3,altro_terzo_parte;cdn_font,fonts.googleapis.com;maps-api-ssl.google.com;use.fontawesome.com,Google;https://maps-api-ssl.google.com;Font Awesome,3,fonts.googleapis.com();maps-api-ssl.google.com();use.fontawesome.com(),0,0,0,0,,0,False
atcbra.it,San Vito dei Normanni,Puglia,92XZZZRE,200,,0,,,,0,,0,0,0,0,,0,False
fnofi.it,Genova,Liguria,946EX1QI,200,,3,cdn_font,cdnjs.cloudflare.com;fonts.googleapis.com;fonts.gstatic.com,Cloudflare;Google;Google,3,cdnjs.cloudflare.com();fonts.googleapis.com();fonts.gstatic.com(),0,2,1,0,,1,False
flaviaservizi.it,Ladispoli,Lazio,94P7AWW0,200,,1,altro_terzo_parte,www.google.com,https://www.google.com/maps/embed?pb=!1m18!1m12!1m3!1d1523.0146971310496!2d12.077564199584417!3d41.96115414591931!2m3!1f0!2f0!3f0!3m2!1i1024!2i768!4f13.1!3m3!1m2!1s0x132f54d22330215b0x955dd0a5c6291203!2sFlaviaServizis.r.l.!5e1!3m2!1sit!2sit!4v1726299316722!5m2!1sit!2sit,1,www.google.com(),0,0,0,0,,0,False
firenzesmart.it,Firenze,Toscana,94WZYBC7,502,,0,,,,0,,0,0,0,0,,0,False
icmadreteresadicalcutta.edu.it,Belpasso,Sicilia,954L4IVP,200,,5,altro_terzo_parte,api.usercentrics.eu;app.usercentrics.eu;cdn.portaleargo.it;privacy-proxy.usercentrics.eu;purl.org,https://api.usercentrics.eu;https://app.usercentrics.eu;https://cdn.portaleargo.it/psc/images/didattica-mockup.png;https://privacy-proxy.usercentrics.eu;http://purl.org/dc/terms/,5,api.usercentrics.eu();app.usercentrics.eu();cdn.portaleargo.it();privacy-proxy.usercentrics.eu();purl.org(),0,0,0,0,,0,False
caan.it,Volla,Campania,955B3556,200,,4,altro_terzo_parte;cdn_font,fonts.googleapis.com;gmpg.org;maps.google.com;s.w.org,Google;http://gmpg.org/xfn/11;https://maps.google.com/maps?q=C.A.A.N.%20Centro%20Agro%20Alimentare%20di%20Napoli&t=m&z=17&output=embed&iwloc=near;https://s.w.org,4,fonts.googleapis.com();gmpg.org();maps.google.com();s.w.org(),0,0,0,0,,0,False
gaiaservizi.eu,Bollate,Lombardia,95PB7XFM,200,,0,,,,0,,0,2,1,0,,1,False
vepromex.it,Venezia,Veneto,9AXJSAEX,,ConnectionError,0,,,,,,,0,0,0,,0,False
acquedottiscpa.com,Orta di Atella,Campania,9BB8MUC4,200,,1,cookie_banner,consent.cookiebot.com,Cookiebot,1,consent.cookiebot.com(),0,0,0,0,,0,False
scherillopirandellosvevo.edu.it,Napoli,Campania,9EAEVWRB,200,,5,altro_terzo_parte,api.usercentrics.eu;app.usercentrics.eu;cdn.portaleargo.it;privacy-proxy.usercentrics.eu;purl.org,https://api.usercentrics.eu;https://app.usercentrics.eu;https://cdn.portaleargo.it/psc/images/didattica-mockup.png;https://privacy-proxy.usercentrics.eu;http://purl.org/dc/terms/,5,api.usercentrics.eu();app.usercentrics.eu();cdn.portaleargo.it();privacy-proxy.usercentrics.eu();purl.org(),0,0,0,0,,0,False
atcamatera.it,Matera,Basilicata,9ENSOTX8,200,,8,altro_terzo_parte,assets.jimstatic.com;codice.shinystat.com;counter9.fcs.ovh;fonts.jimstatic.com;image.jimcdn.com;u.jimcdn.com;www.ilmeteo.it;www.shinystat.com,https://assets.jimstatic.com/s/img/cc/icons/pdf.png;http://codice.shinystat.com/cgi-bin/getcod.cgi?USER=atcamatera;https://counter9.fcs.ovh/private/contatoreaccessi.php?c=c19b6bedae41564d59bed5c087df2a6c;https://fonts.jimstatic.com;https://image.jimcdn.com/app/cms/image/transf/none/path/s64cafefd66cbfdaa/image/ie8d5cd52ac551e21/version/1393669538/image.gif;https://u.jimcdn.com/cms/o/s64cafefd66cbfdaa/emotion/crop/header.jpg?t=1392394157;http://www.ilmeteo.it/box/previsioni.php?citta=3955&type=mps1&width=150&ico=1&lang=ita&days=3&font=Arial&fontsize=12&bg=FFFFFF&fg=000000&bgtitle=0099FF&fgtitle=FFFFFF&bgtab=F0F0F0&fglink=1773C2;https://www.shinystat.com/cgi-bin/shinystat.cgi?USER=atcamatera,8,assets.jimstatic.com();codice.shinystat.com();counter9.fcs.ovh();fonts.jimstatic.com();image.jimcdn.com();u.jimcdn.com();www.ilmeteo.it();www.shinystat.com(),0,0,0,0,,0,False
fondazionecantiere.it,Montepulciano,Toscana,9H1HPVVP,200,,5,altro_terzo_parte;cdn_font;cookie_banner,cdn.iubenda.com;cs.iubenda.com;fonts.googleapis.com;fonts.gstatic.com;gmpg.org,iubenda;iubenda;Google;Google;https://gmpg.org/xfn/11,5,cdn.iubenda.com();cs.iubenda.com();fonts.googleapis.com();fonts.gstatic.com();gmpg.org(),0,1,0,0,,1,False
valenzaretegas.it,Valenza,Piemonte,9H9P0MGS,,ConnectionError,0,,,,,,,0,0,0,,0,False
liceoleonardo.edu.it,Giarre,Sicilia,9IDG0APG,,ConnectionError,0,,,,,,,0,0,0,,0,False
progettoambientespa.it,Aprilia,Lazio,9IDNX1G3,200,,3,altro_terzo_parte;cdn_font,fonts.googleapis.com;gmpg.org;s.w.org,Google;https://gmpg.org/xfn/11;https://s.w.org,3,fonts.googleapis.com();gmpg.org();s.w.org(),0,0,0,0,,0,False
ipeistituto.it,Napoli,Campania,9JRJHYSM,200,,3,altro_terzo_parte;analytics,googleads.g.doubleclick.net;www.facebook.com;www.googletagmanager.com,https://googleads.g.doubleclick.net/pagead/viewthroughconversion/934215204/?random=1657276512371&cv=9&fst=1657276512371&num=1&guid=ON&resp=GooglemKTybQhCsO&eid=375603261&u_h=1440&u_w=3440&u_ah=1392&u_aw=3440&u_cd=24&u_his=3&u_tz=120&u_java=false&u_nplug=5&u_nmime=2&sendb=1&ig=1&frm=0&url=https%3A%2F%2Fwww.ipeistituto.it%2Fmaster%2Fcontatti.html&tiba=Contatti%20-%20IPE%20-%20Istituto%20per%20ricerche%20ed%20attivit%C3%A0%20educative&hn=www.googleadservices.com&rfmt=3&fmt=4;https://www.facebook.com/tr?id=454506732848513&ev=PageView&noscript=1;Google,3,googleads.g.doubleclick.net();www.facebook.com();www.googletagmanager.com(),0,0,0,0,,0,False
pattonordbareseofantino.it,Barletta,Puglia,9K1N4U94,200,,3,altro_terzo_parte;cdn_font,fonts.googleapis.com;fonts.gstatic.com;gmpg.org,Google;Google;https://gmpg.org/xfn/11,3,fonts.googleapis.com();fonts.gstatic.com();gmpg.org(),0,0,0,0,,0,False
amgasfoggiaweb.it,Foggia,Puglia,9LSXXA51,200,,1,cdn_font,fonts.googleapis.com,Google,1,fonts.googleapis.com(),0,1,0,0,,1,False
liceomontalcini.edu.it,Casarano,Puglia,9M9DRXI6,200,,5,altro_terzo_parte,api.usercentrics.eu;app.usercentrics.eu;cdn.portaleargo.it;privacy-proxy.usercentrics.eu;purl.org,https://api.usercentrics.eu;https://app.usercentrics.eu;https://cdn.portaleargo.it/psc/images/didattica-mockup.png;https://privacy-proxy.usercentrics.eu;http://purl.org/dc/terms/,5,api.usercentrics.eu();app.usercentrics.eu();cdn.portaleargo.it();privacy-proxy.usercentrics.eu();purl.org(),0,0,0,0,,0,False
calabria.zes.gov.it,Lamezia Terme,Calabria,9MQ4OG7D,,ConnectTimeout,0,,,,,,,0,0,0,,0,False
tecnoborsa.com,Roma,Lazio,9NOWRM5S,200,,4,analytics;cdn_font;cookie_banner,cdn.jsdelivr.net;consent.cookiebot.com;unpkg.com;www.googletagmanager.com,jsDelivr;Cookiebot;unpkg;Google,4,cdn.jsdelivr.net();consent.cookiebot.com();unpkg.com();www.googletagmanager.com(),0,0,0,0,,0,False
ieo.it,Milano,Lombardia,9NWJC70B,200,,4,altro_terzo_parte;analytics;cookie_banner,13179713.fls.doubleclick.net;4807152.fls.doubleclick.net;consent.cookiebot.com;www.googletagmanager.com,https://13179713.fls.doubleclick.net/activityi;src=13179713;type=ieo_r0;cat=rtgie0;dc_lat=;dc_rdid=;tag_for_child_directed_treatment=;tfua=;npa=;gdpr=${GDPR};gdpr_consent=${GDPR_CONSENT_755};ord=1?;https://4807152.fls.doubleclick.net/activityi;src=4807152;type=ieoeg0;cat=it_ie0;ord=1;num=1?;Cookiebot;Google,4,13179713.fls.doubleclick.net();4807152.fls.doubleclick.net();consent.cookiebot.com();www.googletagmanager.com(),0,3,0,0,,3,False
sstchioggia.it,Chioggia,Veneto,9ODSLB9I,,ConnectTimeout,0,,,,,,,0,0,0,,0,False
1circolomercatosanseverino.edu.it,Mercato San Severino,Campania,9P9LCBMX,200,,5,altro_terzo_parte,api.usercentrics.eu;app.usercentrics.eu;cdn.portaleargo.it;privacy-proxy.usercentrics.eu;purl.org,https://api.usercentrics.eu;https://app.usercentrics.eu;https://cdn.portaleargo.it/psc/images/didattica-mockup.png;https://privacy-proxy.usercentrics.eu;http://purl.org/dc/terms/,5,api.usercentrics.eu();app.usercentrics.eu();cdn.portaleargo.it();privacy-proxy.usercentrics.eu();purl.org(),0,0,0,0,,0,False
galcarso.eu,Trieste,Friuli-Venezia Giulia,9RNBB1Z2,403,,1,cdn_font,fonts.googleapis.com,Google,1,fonts.googleapis.com(),0,0,0,0,,0,False
icaldomoro.edu.it,Vallo della Lucania,Campania,9RWGTNVG,200,,2,altro_terzo_parte,cdn.cookie-script.com;code.responsivevoice.org,https://cdn.cookie-script.com/s/c20e052b7b369507c22a02c9b8aa7efe.js;https://code.responsivevoice.org,2,cdn.cookie-script.com();code.responsivevoice.org(),0,0,0,0,,0,False
tno.camcom.it,Viareggio,Toscana,9RY1HG7E,200,,3,altro_terzo_parte;analytics;cookie_banner,consent.cookiebot.com;rispondi-clienti-collections.s3.eu-west-1.amazonaws.com;www.googletagmanager.com,Cookiebot;https://rispondi-clienti-collections.s3.eu-west-1.amazonaws.com/rispondi-clienti.min.js;Google,3,consent.cookiebot.com();rispondi-clienti-collections.s3.eu-west-1.amazonaws.com();www.googletagmanager.com(),0,0,0,0,,0,False
costaemontisaraceni.me.it,Piraino,Sicilia,9SCBBGBC,200,,0,,,,0,,0,1,1,0,,0,False
iissvieste.edu.it,Vieste,Puglia,9SNABNQ4,200,,1,altro_terzo_parte,secure.gravatar.com,https://secure.gravatar.com/avatar/51a6423630546a31861236b92eb3a9c33713a5792fc37c35148dd6f9052c27ac?s=250&d=mm&r=g,1,secure.gravatar.com(),0,0,0,0,,0,False
unionedeicomuniareainternaditroina.it,Troina,Sicilia,9T6I3DO8,200,,0,,,,,,,0,0,0,,0,False
montagnamarsicana.it,Avezzano,Abruzzo,9U4KVE3R,200,,1,cdn_font,cdnjs.cloudflare.com,Cloudflare,1,cdnjs.cloudflare.com(),0,0,0,0,,0,False
studioradiologico.com,Varese,Lombardia,9UQVTN4B,200,,4,altro_terzo_parte;captcha;cdn_font;cookie_banner,api.mapbox.com;cdn.iubenda.com;fonts.googleapis.com;www.google.com,https://api.mapbox.com/mapbox-gl-js/plugins/mapbox-gl-directions/v3.1.1/mapbox-gl-directions.css?ver=7.0.4;iubenda;Google;Google,4,api.mapbox.com();cdn.iubenda.com();fonts.googleapis.com();www.google.com(),0,0,0,0,,0,False
masullotheti.edu.it,Nola,Campania,9VML3M92,200,,1,altro_terzo_parte,scaling.spaggiari.eu,https://scaling.spaggiari.eu/NAIT0029/widget/5495.png&rs=%2FtccTw2MgxYfdxRYmYOB6MBuLVa%2BNrJ0P%2FLEiGWNzqTrgln8v1dFB63p5qTp4dENXTp76LtSZtFhBkaNLjgL3fW9jrzqNAAOUJdagPjV%2BEtguqb8xeBxWR5C0Da%2BYyU0SV7D4UBs4UsAzro2Gv8Smw%3D%3D,1,scaling.spaggiari.eu(),0,2,0,0,,2,False
asmcastelleone.it,Castelleone,Lombardia,9VU26R0T,200,,3,altro_terzo_parte;cdn_font,cdn-cookieyes.com;fonts.googleapis.com;fonts.gstatic.com,https://cdn-cookieyes.com/client_data/d79cdceb93e6f642c8532127/script.js;Google;Google,3,cdn-cookieyes.com();fonts.googleapis.com();fonts.gstatic.com(),0,0,0,0,,0,False
scarabelli-ghini.edu.it,Imola,Emilia-Romagna,9W4KE9LW,200,,1,altro_terzo_parte,scaling.spaggiari.eu,https://scaling.spaggiari.eu/BOII0015/widget/6640.png&rs=%2FtccTw2MgxYfdxRYmYOB6MBuLVa%2BNrJ0P%2FLEiGWNzqTrgln8v1dFB63p5qTp4dENXTp76LtSZtFhBkaNLjgL3fW9jrzqNAAOUJdagPjV%2BEtguqb8xeBxWR5C0Da%2BYyU0SV7D4UBs4UsAzro2Gv8Smw%3D%3D,1,scaling.spaggiari.eu(),0,1,0,0,,1,False
adriaferrailservices.com,Trieste,Friuli-Venezia Giulia,9WQ8OC8R,200,,3,altro_terzo_parte;analytics;cdn_font,cdn.datatables.net;fonts.googleapis.com;www.googletagmanager.com,https://cdn.datatables.net/responsive/2.3.0/css/responsive.dataTables.min.css?ver=6.7.7;Google;Google,3,cdn.datatables.net();fonts.googleapis.com();www.googletagmanager.com(),0,0,0,0,,0,False
portoimmobiliare.it,Livorno,Toscana,9WXB6T8O,200,,2,cookie_banner,cdn.iubenda.com;cs.iubenda.com,iubenda;iubenda,2,cdn.iubenda.com();cs.iubenda.com(),0,1,1,0,,0,False
leretispa.it,Como,Lombardia,9X4DJYVC,200,,0,,,,0,,0,3,1,0,,2,False
acoset.com,Catania,Sicilia,9XSEMYNU,,ConnectionError,0,,,,,,,0,0,0,,0,False
eutalia.eu,Roma,Lazio,9YBY9CC5,200,,1,altro_terzo_parte,gmpg.org,https://gmpg.org/xfn/11,1,gmpg.org(),0,0,0,0,,0,False
tangenzialedinapoli.it,Napoli,Campania,9Z35T315,530,,1,altro_terzo_parte,performance.radar.cloudflare.com,https://performance.radar.cloudflare.com/beacon.js,1,performance.radar.cloudflare.com(),0,0,0,0,,0,False
inpsservizi.it,Roma,Lazio,9ZP5G19P,404,,0,,,,0,,0,0,0,0,,0,False
hermesrc.it,Reggio di Calabria,Calabria,9ZSH8PEB,200,,6,altro_terzo_parte;cdn_font;cookie_banner,cdn.iubenda.com;cdn.jsdelivr.net;cdn.tiny.cloud;cdnjs.cloudflare.com;cs.iubenda.com;unpkg.com,iubenda;jsDelivr;https://cdn.tiny.cloud/1/6sfr39a5rkpnhawtpd1vxehrfdhacf62ajgumkx5n8ugtfx6/tinymce/6/tinymce.min.js;Cloudflare;iubenda;unpkg,6,cdn.iubenda.com();cdn.jsdelivr.net();cdn.tiny.cloud();cdnjs.cloudflare.com();cs.iubenda.com();unpkg.com(),0,0,0,0,,0,False
rossisidoli.com,Compiano,Emilia-Romagna,a_034,200,,0,,,,0,,0,0,0,0,,0,False
asmbasilicata.it,Matera,Basilicata,a_077,200,,2,altro_terzo_parte,code.jquery.com;widget-accessibilita.vercel.app,https://code.jquery.com;https://widget-accessibilita.vercel.app/api/widget/widget-1776242030699-d4wruqh2u,2,code.jquery.com();widget-accessibilita.vercel.app(),0,0,0,0,,0,False
asp.rg.it,Ragusa,Sicilia,a_088,200,,0,,,,0,,0,3,1,0,,2,False
asp.crotone.it,Crotone,Calabria,a_101,200,,6,altro_terzo_parte;analytics;cdn_font;cookie_banner;sdk_generico,ajax.googleapis.com;cdn.iubenda.com;cs.iubenda.com;kromixsc.it;use.fontawesome.com;www.googletagmanager.com,Google;iubenda;iubenda;https://kromixsc.it/asp/wp-content/uploads/2023/02/logo-footer-e1675247401444.png;Font Awesome;Google,6,ajax.googleapis.com();cdn.iubenda.com();cs.iubenda.com();kromixsc.it();use.fontawesome.com();www.googletagmanager.com(),0,0,0,0,,0,False
asrem.molise.it,Campobasso,Molise,a_cb,200,,2,altro_terzo_parte,code.jquery.com;gmpg.org,https://code.jquery.com/ui/1.11.4/themes/smoothness/jquery-ui.css?ver=6.8.2;http://gmpg.org/xfn/11,2,code.jquery.com();gmpg.org(),0,0,0,0,,0,False
asp.cl.it,Caltanissetta,Sicilia,a_cl,200,,0,,,,0,,0,0,0,0,,0,False
aspct.it,Catania,Sicilia,a_ct,200,,1,cdn_font,cdn.jsdelivr.net,jsDelivr,1,cdn.jsdelivr.net(),0,1,1,0,,0,False
asp.sr.it,Siracusa,Sicilia,a_sr,200,,2,altro_terzo_parte,static-opencity.asp-sr.opencityitalia.it;static.opencityitalia.it,"https://static-opencity.asp-sr.opencityitalia.it/upload/rf_1,o_auto,w_800,h_800/https%3A%2F%2Fwww.asp.sr.it%2Faspsiracusa-bucket%2Fvar%2Faslsiracusa%2Fstorage%2Fimages%2Fmedia%2Fimages%2Fodontoiatria-speciale%2F507966-1-ita-IT%2Fodontoiatria-speciale_reference.jpg;https://static.opencityitalia.it/fonts/FontAwesome/fontawesome-webfont.woff2?v=4.7.0",2,static-opencity.asp-sr.opencityitalia.it();static.opencityitalia.it(),0,0,0,0,,0,False
aulss1.veneto.it,Belluno,Veneto,a1_025,200,,0,,,,0,,0,0,0,0,,0,False
aslnapoli1centro.it,Napoli,Campania,a1_na,200,,8,altro_terzo_parte;analytics;cdn_font;cookie_banner,cdn.gtranslate.net;cdn.iubenda.com;connect.facebook.net;cs.iubenda.com;fonts.googleapis.com;www.google.com;www.googletagmanager.com;www.instagram.com,https://cdn.gtranslate.net/widgets/latest/popup.js;iubenda;Meta;iubenda;Google;https://www.google.com/maps/embed?pb=!1m18!1m12!1m3!1d48278.81057995554!2d14.215054538084328!3d40.862531954584924!2m3!1f0!2f0!3f0!3m2!1i1024!2i768!4f13.1!3m3!1m2!1s0x133b081cf20a81ff%3A0x2416918cca77b8e!2sA.S.L.%20Napoli%201%20Centro!5e0!3m2!1sit!2sit!4v1622804242026!5m2!1sit!2sit;Google;https://www.instagram.com/embed.js,8,cdn.gtranslate.net();cdn.iubenda.com();connect.facebook.net();cs.iubenda.com();fonts.googleapis.com();www.google.com();www.googletagmanager.com();www.instagram.com(),0,4,1,0,,3,False
atssardegna.it,Sassari,Sardegna,a1_ss,200,,2,altro_terzo_parte,www.arnasbrotzu.it;www.asl1sassari.it,https://www.arnasbrotzu.it/wp-content/uploads/2020/11/ras_footer_2-20240327-094501.svg;https://www.asl1sassari.it/wp-content/uploads/2020/11/favicon-96x96-1.png,2,www.arnasbrotzu.it();www.asl1sassari.it(),0,0,0,0,,0,False
asl.novara.it,Novara,Piemonte,a13_f952,,ReadTimeout,0,,,,,,,0,0,0,,0,False
studioradiologicobernasconi.it,Seregno,Lombardia,A1AOQXZA,200,,3,analytics;cookie_banner,cdn.iubenda.com;cs.iubenda.com;www.googletagmanager.com,iubenda;iubenda;Google,3,cdn.iubenda.com();cs.iubenda.com();www.googletagmanager.com(),0,0,0,0,,0,False
ambientespa.net,Spoltore,Abruzzo,A1ZKMT58,200,,8,altro_terzo_parte;cdn_font;cookie_banner;sdk_generico,ajax.googleapis.com;asset.febolution.it;cdnjs.cloudflare.com;consent.cookiebot.com;fonts.googleapis.com;fonts.gstatic.com;live.staticflickr.com;res2.yourwebsite.life,Google;https://asset.febolution.it/ambiente.png;Cloudflare;Cookiebot;Google;Google;https://live.staticflickr.com/65535/54296377881_1068193811_h.jpg;https://res2.yourwebsite.life/res/5fd1fe63c827950021095966/69f786479f0bcbabc606e1d3_optimized.webp,8,ajax.googleapis.com();asset.febolution.it();cdnjs.cloudflare.com();consent.cookiebot.com();fonts.googleapis.com();fonts.gstatic.com();live.staticflickr.com();res2.yourwebsite.life(),0,0,0,0,,0,False
atam-rc.it,Reggio di Calabria,Calabria,A3MPM8EP,,ConnectionError,0,,,,,,,0,0,0,,0,False
aslteramo.it,Teramo,Abruzzo,a4_te,200,,3,altro_terzo_parte;cookie_banner,cdn.iubenda.com;ingestion.webanalytics.italia.it;www.iubenda.com,iubenda;https://ingestion.webanalytics.italia.it;iubenda,3,cdn.iubenda.com();ingestion.webanalytics.italia.it();www.iubenda.com(),0,0,0,0,,0,False
comune.bascape.pv.it,Bascapè,Lombardia,A690_bpe,,ConnectionError,0,,,,,,,0,0,0,,0,False
aterrieti.it,Rieti,Lazio,A6BF9LF1,200,,0,,,,0,,0,1,0,0,,1,False
icsborgesepartannamondello.edu.it,Palermo,Sicilia,A6E9WZKL,200,,5,altro_terzo_parte,api.usercentrics.eu;app.usercentrics.eu;cdn.portaleargo.it;privacy-proxy.usercentrics.eu;purl.org,https://api.usercentrics.eu;https://app.usercentrics.eu;https://cdn.portaleargo.it/psc/images/didattica-mockup.png;https://privacy-proxy.usercentrics.eu;http://purl.org/dc/terms/,5,api.usercentrics.eu();app.usercentrics.eu();cdn.portaleargo.it();privacy-proxy.usercentrics.eu();purl.org(),0,0,0,0,,0,False
ammi.education,Monza,Lombardia,A6N7IW0N,429,,0,,,,0,,0,0,0,0,,0,False
aspdestrasecchia.it,Ostiglia,Lombardia,A86RQ42W,200,,4,altro_terzo_parte;cdn_font,cdnjs.cloudflare.com;mycity.s3.sbg.io.cloud.ovh.net;translate.google.com;www.w3.org,Cloudflare;https://mycity.s3.sbg.io.cloud.ovh.net/5022708/conversions/Formazione-professionale-thumb.jpg;https://translate.google.com/translate_a/element.js?cb=googleTranslateElementInit;https://www.w3.org/WAI/WCAG21/wcag2.1AA-v,4,cdnjs.cloudflare.com();mycity.s3.sbg.io.cloud.ovh.net();translate.google.com();www.w3.org(),0,2,1,0,,1,False
aulss2.veneto.it,Treviso,Veneto,a9_tv,503,,0,,,,0,,0,0,0,0,,0,False
fierafoggia.it,Foggia,Puglia,A9AHBMJJ,200,,2,altro_terzo_parte,fonts.bunny.net;gmpg.org,"https://fonts.bunny.net/css?family=Open%20Sans:300,300italic,regular,italic,600,600italic,700,700italic,800,800italic|Open%20Sans;http://gmpg.org/xfn/11",2,fonts.bunny.net();gmpg.org(),0,0,0,0,,0,False
geat.it,Riccione,Emilia-Romagna,A9OYQOCS,200,,5,altro_terzo_parte;analytics;cdn_font,cdn.hi-net.it;cdn.linearicons.com;cdn.lineicons.com;fonts.googleapis.com;www.googletagmanager.com,https://cdn.hi-net.it/hi-cookie-lib/latest/dist/bundle.js;https://cdn.linearicons.com/free/1.0.0/icon-font.min.css;https://cdn.lineicons.com/1.0.1/LineIcons.min.css;Google;Google,5,cdn.hi-net.it();cdn.linearicons.com();cdn.lineicons.com();fonts.googleapis.com();www.googletagmanager.com(),0,1,0,0,,1,False
mercurioriscossioni.it,L'Aquila,Abruzzo,A9PEYSMG,200,,13,altro_terzo_parte;cookie_banner,0.gravatar.com;1.gravatar.com;2.gravatar.com;c0.wp.com;consent.cookiebot.com;i0.wp.com;jetpack.wordpress.com;public-api.wordpress.com;s0.wp.com;secure.gravatar.com;stats.wp.com;widgets.wp.com;wp.me,https://0.gravatar.com;https://1.gravatar.com;https://2.gravatar.com;https://c0.wp.com;Cookiebot;https://i0.wp.com/mercurioriscossioni.it/wp-content/uploads/2024/05/Mercurio-supporto-riscossioni-b.png?resize=250%2C151&ssl=1;https://jetpack.wordpress.com;https://public-api.wordpress.com;https://s0.wp.com;https://secure.gravatar.com;https://stats.wp.com/e-202637.js;https://widgets.wp.com;https://wp.me/PevULU-20,13,0.gravatar.com();1.gravatar.com();2.gravatar.com();c0.wp.com();consent.cookiebot.com();i0.wp.com();jetpack.wordpress.com();public-api.wordpress.com();s0.wp.com();secure.gravatar.com();stats.wp.com();widgets.wp.com();wp.me(),0,0,0,0,,0,False
servizicivicispa.it,Fiumicino,Lazio,A9W40RY5,200,,3,altro_terzo_parte,apis.maggioli.cloud;cdn.cookie-script.com;fiumicino-tributi-api.municipiumapp.it,https://apis.maggioli.cloud/rest/captcha/v2/widget.module.min.js?version=1.1;https://cdn.cookie-script.com/s/64f83961642aa9e4afe88270a6186ac8.js;https://fiumicino-tributi-api.municipiumapp.it/s3/150x150/s3/20238/media/icone/documento-firmato.png,3,apis.maggioli.cloud();cdn.cookie-script.com();fiumicino-tributi-api.municipiumapp.it(),0,2,1,0,,1,False
icsiragusa.edu.it,Palermo,Sicilia,AA5602E4,200,,5,altro_terzo_parte,api.usercentrics.eu;app.usercentrics.eu;cdn.portaleargo.it;privacy-proxy.usercentrics.eu;purl.org,https://api.usercentrics.eu;https://app.usercentrics.eu;https://cdn.portaleargo.it/psc/images/didattica-mockup.png;https://privacy-proxy.usercentrics.eu;http://purl.org/dc/terms/,5,api.usercentrics.eu();app.usercentrics.eu();cdn.portaleargo.it();privacy-proxy.usercentrics.eu();purl.org(),0,0,0,0,,0,False
albertina.academy,Torino,Piemonte,aaba_001,200,,5,altro_terzo_parte;captcha;cdn_font,albertina-academy.it;app.legalblink.it;fonts.gstatic.com;unpkg.com;www.google.com,https://albertina-academy.it/wp-content/plugins/matomo/app/matomo.php?idsite=1&rec=1;https://app.legalblink.it/api/scripts/lb_cs.js;Google;unpkg;Google,5,albertina-academy.it();app.legalblink.it();fonts.gstatic.com();unpkg.com();www.google.com(),0,0,0,0,,0,False
atocaloreirpino.it,Avellino,Campania,aaci_,200,,1,sdk_generico,ajax.googleapis.com,Google,1,ajax.googleapis.com(),0,0,0,0,,0,False
atoambiente-cl2.it,Gela,Sicilia,aacsl,200,,0,,,,0,,0,0,0,0,,0,False
atoambientecl1.it,Caltanissetta,Sicilia,aacsl1,200,,6,altro_terzo_parte;cdn_font;sdk_generico,fonts.googleapis.com;gmpg.org;maps.googleapis.com;netdna.bootstrapcdn.com;s.w.org;www.google.com,Google;https://gmpg.org/xfn/11;Google;https://netdna.bootstrapcdn.com/font-awesome/3.2.1/css/font-awesome.css?ver=3.2.1;https://s.w.org;https://www.google.com/maps/embed?pb=!1m18!1m12!1m3!1d3165.926996603614!2d14.046376815309278!3d37.486049079812965!2m3!1f0!2f0!3f0!3m2!1i1024!2i768!4f13.1!3m3!1m2!1s0x1310c26376fad365%3A0x6a83b40bd573fc85!2sVia%20Salvo%20D'Acquisto%2C%2093100%20Caltanissetta%20CL!5e0!3m2!1sit!2sit!4v1573058306761!5m2!1sit!2sit,6,fonts.googleapis.com();gmpg.org();maps.googleapis.com();netdna.bootstrapcdn.com();s.w.org();www.google.com(),0,2,2,0,,0,False
arlas.campania.it,Napoli,Campania,aaill_,200,,0,,,,0,,0,1,1,0,,0,False
ales-spa.com,Roma,Lazio,aalss,200,,5,altro_terzo_parte;cdn_font;sdk_generico,ajax.googleapis.com;fonts.googleapis.com;fonts.gstatic.com;gmpg.org;unpkg.com,Google;Google;Google;http://gmpg.org/xfn/11;unpkg,5,ajax.googleapis.com();fonts.googleapis.com();fonts.gstatic.com();gmpg.org();unpkg.com(),0,1,1,0,,0,False
operapiasgobbanoci.it,Noci,Puglia,aamsc,200,,3,altro_terzo_parte;captcha;cdn_font,fonts.googleapis.com;s.w.org;www.google.com,Google;https://s.w.org;Google,3,fonts.googleapis.com();s.w.org();www.google.com(),0,0,0,0,,0,False
turismotorino.org,Torino,Piemonte,aapl_001,200,,0,,,,0,,0,0,0,0,,0,False
areacom.eu,L'Aquila,Abruzzo,aaric,200,,1,altro_terzo_parte,www.w3.org,http://www.w3.org/1999/xhtml/vocab,1,www.w3.org(),0,0,0,0,,0,False
altoadigeriscossioni.it,Bolzano,Trentino-Alto Adige/Südtirol,aarspa,200,,1,altro_terzo_parte,static.provinz.bz.it,https://static.provinz.bz.it/shared/widgets/cookieiub/scw-cookie-iub.min.js?v=2023-07-17T09:58:20.025Z,1,static.provinz.bz.it(),0,0,0,0,,0,False
inaples.it,Napoli,Campania,aasct_na,200,,2,altro_terzo_parte;cdn_font,fonts.gstatic.com;www.hotel-naples.com,Google;https://www.hotel-naples.com/it/inaples.html,2,fonts.gstatic.com();www.hotel-naples.com(),0,11,2,0,,9,False
sferisterio.it,Macerata,Marche,aasmc,,ReadTimeout,0,,,,,,,0,0,0,,0,False
aseaenergia.eu,Benevento,Campania,aasp,200,,1,altro_terzo_parte,gmpg.org,http://gmpg.org/xfn/11,1,gmpg.org(),0,0,0,0,,0,False
anconambiente.it,Ancona,Marche,aaspa,200,,2,altro_terzo_parte;cookie_banner,cdn.iubenda.com;junker.blob.core.windows.net,iubenda;https://junker.blob.core.windows.net/code/script.js?v=2,2,cdn.iubenda.com();junker.blob.core.windows.net(),0,0,0,0,,0,False
termoli.net,Termoli,Molise,aast,200,,4,cdn_font;cookie_banner;sdk_generico,cdn.iubenda.com;cs.iubenda.com;fonts.googleapis.com;maps.googleapis.com,iubenda;iubenda;Google;Google,4,cdn.iubenda.com();cs.iubenda.com();fonts.googleapis.com();maps.googleapis.com(),0,0,0,0,,0,False
aziendaturismopositano.it,Positano,Campania,aastp,200,,3,altro_terzo_parte;analytics,gmpg.org;maps.google.com;www.googletagmanager.com,https://gmpg.org/xfn/11;https://maps.google.com/maps?q=positano&t=&z=12&ie=UTF8&output=embed;Google,3,gmpg.org();maps.google.com();www.googletagmanager.com(),0,0,0,0,,0,False
atorifiutitorinese.it,Torino,Piemonte,aatgr_to,,ConnectionError,0,,,,,,,0,0,0,,0,False
ato1acqua.marche.it,Pesaro,Marche,aato1mnp,,ConnectionError,0,,,,,,,0,0,0,,0,False
aato2.marche.it,Jesi,Marche,aato2mca,200,,1,cdn_font,maxcdn.bootstrapcdn.com,BootstrapCDN,1,maxcdn.bootstrapcdn.com(),0,1,1,0,,0,False
consigliodibacinolv.it,Venezia,Veneto,aatolv,200,,0,,,,0,,0,1,1,0,,0,False
atoacquemessina@pec.it,Messina,Sicilia,aatom,200,,3,altro_terzo_parte;analytics;cdn_font,fonts.googleapis.com;mediacdn.aruba.it;www.googletagmanager.com,Google;https://mediacdn.aruba.it/MediaCDNRepository/files/f6/f68023f4-e6c2-4978-8f6c-a006b33e73c3.css;Google,3,fonts.googleapis.com();mediacdn.aruba.it();www.googletagmanager.com(),0,3,1,0,,2,False
ato3marche.it,Macerata,Marche,aaton_,200,,3,altro_terzo_parte;cdn_font;sdk_generico,ajax.googleapis.com;cdn.jsdelivr.net;code.jquery.com,Google;jsDelivr;https://code.jquery.com,3,ajax.googleapis.com();cdn.jsdelivr.net();code.jquery.com(),0,1,1,0,,0,False
atoidrico1palermo.it,Palermo,Sicilia,aatopa,200,,0,,,,0,,0,0,0,0,,0,False
aato4.it,Sant'Elpidio a Mare,Marche,aatoq,200,,3,altro_terzo_parte;cdn_font;cookie_banner,cdn.iubenda.com;fonts.googleapis.com;gmpg.org,iubenda;Google;http://gmpg.org/xfn/11,3,cdn.iubenda.com();fonts.googleapis.com();gmpg.org(),0,0,0,0,,0,False
comunebedollo.it,Bedollo,Trentino-Alto Adige/Südtirol,ab,200,,3,altro_terzo_parte,flyimg.opencityitalia.it;plausible.io;static.opencityitalia.it,"https://flyimg.opencityitalia.it/upload/rf_1,o_auto,w_2500,h_2500/https%3A%2F%2Fs3-eu-west-1.amazonaws.com%2Fstatic.opencity.opencontent.it%2Fvar%2Fbedollopnrr%2Fstorage%2Fimages%2Fmedia%2Fbanner-e-link%2Fpsr-2014-2020%2F18396-1-ita-IT%2FPSR-2014-2020_header_logo.png;https://plausible.io/js/script.pageview-props.outbound-links.file-downloads.tagged-events.js;https://static.opencityitalia.it/fonts/FontAwesome/fontawesome-webfont.woff2?v=4.7.0",3,flyimg.opencityitalia.it();plausible.io();static.opencityitalia.it(),0,0,0,0,,0,False
agrariavallecupola.it,Rocca Sinibalda,Lazio,AB286R67,200,,4,altro_terzo_parte,apis.maggioli.cloud;cdn.cookie-script.com;universit-agraria-di-vallecupola-api.municipiumapp.it;www.serviceapkappa.it,https://apis.maggioli.cloud/rest/captcha/v2/widget.module.min.js?version=1.1;https://cdn.cookie-script.com/s/f3cb2b26d201a62ca0dff929c5a05703.js;https://universit-agraria-di-vallecupola-api.municipiumapp.it/s3/0/media/website/elezioni.svg;https://www.serviceapkappa.it/lib/jquery-3.5.1.min.js,4,apis.maggioli.cloud();cdn.cookie-script.com();universit-agraria-di-vallecupola-api.municipiumapp.it();www.serviceapkappa.it(),0,2,1,0,,1,False
accademiasironi.it,Sassari,Sardegna,aba_090,200,,0,,,,0,,0,0,0,0,,0,False
abarc.it,Reggio di Calabria,Calabria,aba_80,200,,5,altro_terzo_parte;cdn_font,cdnjs.cloudflare.com;code.jquery.com;fonts.googleapis.com;fonts.gstatic.com;gmpg.org,Cloudflare;https://code.jquery.com;Google;Google;https://gmpg.org/xfn/11,5,cdnjs.cloudflare.com();code.jquery.com();fonts.googleapis.com();fonts.gstatic.com();gmpg.org(),0,1,0,0,,1,False
ababo.it,Bologna,Emilia-Romagna,abab_037,200,,2,altro_terzo_parte;cdn_font,cdn.jsdelivr.net;purl.org,jsDelivr;http://purl.org/dc/elements/1.1/,2,cdn.jsdelivr.net();purl.org(),0,1,1,0,,0,False
accademiabelleartiba.it,Bari,Puglia,abab_072,200,,0,,,,0,,0,0,0,0,,0,False
abacatania.it,Catania,Sicilia,abac,200,,4,altro_terzo_parte;analytics;cdn_font;cookie_banner,cdn.iubenda.com;fonts.googleapis.com;gmpg.org;www.googletagmanager.com,iubenda;Google;https://gmpg.org/xfn/11;Google,4,cdn.iubenda.com();fonts.googleapis.com();gmpg.org();www.googletagmanager.com(),0,0,0,0,,0,False
accademiacarrara.it,Carrara,Toscana,abac_045,200,,0,,,,0,,0,0,0,0,,0,False
abacatanzaro.it,Catanzaro,Calabria,abac_079,200,,1,altro_terzo_parte,gmpg.org,http://gmpg.org/xfn/11,1,gmpg.org(),0,0,0,0,,0,False
accademia.firenze.it,Firenze,Toscana,abaf_048,200,,2,cdn_font;sdk_generico,ajax.googleapis.com;fonts.googleapis.com,Google;Google,2,ajax.googleapis.com();fonts.googleapis.com(),0,1,0,0,,1,False
accademiabellearti.fr.it,Frosinone,Lazio,abaf_060,200,,0,,,,0,,0,0,0,0,,0,False
