hostname,comune,regione,codice_ipa,http_status_scrape,http_errore_scrape,n_terze_parti,categorie_rilevate,domini_terzi,organizzazioni_madri_terzi,n_extra_see,domini_extra_see,n_paese_sconosciuto,n_cookie_totali,n_cookie_tecnici,n_cookie_profilazione,cookie_profilazione_nomi,n_cookie_sconosciuti,pagina_probabilmente_bloccata
www.ville-fontaineleport.fr,Fontaine-le-Port,77,00007e4d-264c-43a0-b0b7-7f3b7dd995ab,,ConnectionError,0,,,,,,,0,0,0,,0,False
auvergne-rhone-alpes.dreets.gouv.fr,Villeurbanne,69,0001e12f-03c3-42d1-b1b2-84cdccc7787a,,ConnectionError,0,,,,,,,0,0,0,,0,False
www.smartagenda.fr,Villeurbanne,69,0001e12f-03c3-42d1-b1b2-84cdccc7787a,,ConnectionError,0,,,,,,,0,0,0,,0,False
www.france-services.gouv.fr,Nézignan-l’évêque,34,0002884d-c249-408c-b460-9b26fdb86264,,ConnectionError,0,,,,,,,0,0,0,,0,False
villaines-la-gonais.fr,Villaines-la-Gonais,72,000429a7-4ce5-4173-8f7e-80da7c8e7702,,ConnectionError,0,,,,,,,0,0,0,,0,False
www.gendarmerie.interieur.gouv.fr,Pays de Belvès,24,0004fdb6-a766-42f3-9584-beacbfce37ba,,ConnectionError,0,,,,,,,0,0,0,,0,False
www.ac-paris.fr,Paris,75,00051cef-131f-441e-946e-3aae4dc1dfe6,,ConnectionError,0,,,,,,,0,0,0,,0,False
mairie13.paris.fr,Paris,75,00053c80-6183-4252-a5dd-b4831440c7d0,,ConnectionError,0,,,,,,,0,0,0,,0,False
www.paris.fr,Paris,75,00053c80-6183-4252-a5dd-b4831440c7d0,,ConnectionError,0,,,,,,,0,0,0,,0,False
www.vendee-enfance.fr,Luçon,85,0005e928-da1b-444b-b18a-7984ddd644e8,,ConnectionError,0,,,,,,,0,0,0,,0,False
coisesaintjeanpiedgauthier.fr,Coise-Saint-Jean-Pied-Gauthier,73,0007006a-18a1-41cc-b5d8-adea0962070e,,ConnectionError,0,,,,,,,0,0,0,,0,False
www.capemploi-09-31comminges.com,Foix,09,00072009-d8d1-4610-9339-31210dfbb931,,ConnectionError,0,,,,,,,0,0,0,,0,False
vernouensologne.e-monsite.com,Vernou-en-Sologne,41,0007750e-66d8-456f-8d24-c87131965ef7,,ConnectionError,0,,,,,,,0,0,0,,0,False
www.leuville.fr,Leuville-sur-Orge,91,00090adf-5d8f-4b6b-b69e-6f7a4461309e,,ConnectionError,0,,,,,,,0,0,0,,0,False
www.martinique.gouv.fr,Le Lamentin,972,000992d9-0a32-4123-ac4d-1e37b7c024aa,,ConnectionError,0,,,,,,,0,0,0,,0,False
www.ecologie.gouv.fr,Le Lamentin,972,000992d9-0a32-4123-ac4d-1e37b7c024aa,200,,0,,,,0,,0,0,0,0,,0,False
point-justice46.blogspot.com,SAINT GÉRY-VERS,46,000af594-31ee-475b-9cf9-b058b1335322,200,,2,altro_terzo_parte,blogger.googleusercontent.com;www.blogger.com,https://blogger.googleusercontent.com/img/a/AVvXsEhwzgCEGYhIAio924AtZ7uHvmOK00P5Tqmw4EfCJPZxYfsx6xqh0MCcx1r4xZllviIlVk3NOnFkquwiLS8297pdNHQlJhTKjb_C-91I65k1LqNcu6vf9rFeE-qFF589thzshCtvONTQ_6vwN1sPNfxI3xryup7vQEnWM0TV0Oc9Qqx5gMhO0mkaMqizuAbo=s104;https://www.blogger.com/dyncss/7396749788956054833/authorization.css?zx=09e52c72-f516-475c-b701-84892e87c755,2,blogger.googleusercontent.com();www.blogger.com(),0,0,0,0,,0,False
www.mairie-luchon.fr,Bagnères-de-Luchon,31,000b23e6-22a5-450c-9198-11de9308e147,200,,8,altro_terzo_parte;analytics;cdn_font,cdn.jsdelivr.net;cdnjs.cloudflare.com;code.jquery.com;fonts.googleapis.com;fonts.gstatic.com;js.hs-scripts.com;www.googletagmanager.com;www.luchon.app,jsDelivr;Cloudflare;https://code.jquery.com/ui/1.13.2/themes/hot-sneaks/jquery-ui.css?ver=061ccfa32f4a4726b1702df226ce0231;Google;Google;https://js.hs-scripts.com;Google;https://www.luchon.app/apiv3/buttons/1749022787/,8,cdn.jsdelivr.net();cdnjs.cloudflare.com();code.jquery.com();fonts.googleapis.com();fonts.gstatic.com();js.hs-scripts.com();www.googletagmanager.com();www.luchon.app(),0,1,0,0,,1,False
www.aveyron.gouv.fr,Rodez,12,000b626e-e8f5-4f40-820c-5c8df80fdb9b,,ConnectionError,0,,,,,,,0,0,0,,0,False
www.oye-plage.fr,Oye-Plage,62,000bb8c1-2165-49fc-8c13-3f14c2ee899a,200,,4,altro_terzo_parte;cdn_font,cdn.jsdelivr.net;cdnjs.cloudflare.com;openweathermap.org;unpkg.com,jsDelivr;Cloudflare;https://openweathermap.org/img/wn/03d@2x.png;unpkg,4,cdn.jsdelivr.net();cdnjs.cloudflare.com();openweathermap.org();unpkg.com(),0,1,0,0,,1,False
bda.cd08.fr,Charleville-Mézières,08,000bfebc-93f2-447c-81b7-0f209d6d9b10,403,,0,,,,0,,0,0,0,0,,0,True
www.france-services.gouv.fr,Villefontaine,38,000c92d1-df17-4cb0-8617-95170d615d35,,ConnectionError,0,,,,,,,0,0,0,,0,False
www.banque-france.fr,Toulouse,31,000cf58d-a2eb-48af-a74c-bd41e842d74e,200,,2,altro_terzo_parte;cdn_font,cdn.jsdelivr.net;cdn.trustcommander.net,jsDelivr;https://cdn.trustcommander.net/privacy/5322/privacy_v2_31.js,2,cdn.jsdelivr.net();cdn.trustcommander.net(),0,0,0,0,,0,False
www.communedeverderonne.fr,Verderonne,60,000e1df5-ae69-4a43-a52b-f6061bcc3707,200,,2,altro_terzo_parte,st0.cdnsw.com;v-images.cdnsw.com,https://st0.cdnsw.com/assets/precompile/viewer2_all-08e7c48b5d0f51026fc476b953ae7fe7.css;https://v-images.cdnsw.com/Root/fdkvo/IMG-2480.jpg?s=YqFFkXU=&webp_compatible=1,2,st0.cdnsw.com();v-images.cdnsw.com(),0,1,0,0,,1,False
www.manche.gouv.fr,Saint-Lô,50,000e6dd1-94d4-4b8c-b6fd-034a41a83daf,,ConnectionError,0,,,,,,,0,0,0,,0,False
ville-saint-gobain.fr,Saint-Gobain,02,000e7ffe-1892-4a65-a809-62677c07d6b2,200,,1,cdn_font,fonts.googleapis.com,Google,1,fonts.googleapis.com(),0,0,0,0,,0,False
www.ch-moulins-yzeure.fr,Moulins,03,000ee7b2-a669-44f0-9e6f-837fa7d912da,200,,4,altro_terzo_parte;captcha,gmpg.org;hcaptcha.com;kit.fontawesome.com;use.typekit.net,https://gmpg.org/xfn/11;hCaptcha;https://kit.fontawesome.com/5c8a78a499.js;https://use.typekit.net/njr4upw.css,4,gmpg.org();hcaptcha.com();kit.fontawesome.com();use.typekit.net(),0,0,0,0,,0,False
regny.fr,Régny,42,0010693d-600f-49ac-b624-6a99a0a4ccb1,503,,0,,,,0,,0,0,0,0,,0,False
www.valdoise.fr,Menucourt,95,00112363-10d0-496a-9545-1aafc722c3c6,200,,1,altro_terzo_parte,semantics-chat.wikit.ai,https://semantics-chat.wikit.ai/chat-embed.js,1,semantics-chat.wikit.ai(),0,1,1,0,,0,False
www.anact.fr,Lille,59,00129980-483d-49d9-b382-55051a1d5c76,200,,0,,,,0,,0,1,0,0,,1,False
www.udaf16.org,Angoulême,16,0012b54a-ea83-458a-93b2-bf9faf8f1be6,200,,3,altro_terzo_parte,matomo.unaf.fr;www.udaf16.fr;www.unaf.fr,https://matomo.unaf.fr;https://www.udaf16.fr/gravity:sm/rs:auto:640:458/fq:avif:75/app/uploads/sites/80/2025/04/avec-baseline-rvb-blanc-udaf-charente.png;https://www.unaf.fr/app/uploads/sites/3/2022/07/embleme-rvb-couleur.svg,3,matomo.unaf.fr();www.udaf16.fr();www.unaf.fr(),0,0,0,0,,0,False
www.poitiers.fr,Poitiers,86,001367f7-71e2-4a7a-a33e-01c35e5a170e,200,,0,,,,0,,0,0,0,0,,0,False
www.ameli.fr,Saint-Chamond,42,0013acca-7fde-46bb-b599-298c1e0add68,200,,3,altro_terzo_parte;analytics;cdn_font,cdn.jsdelivr.net;tag.aticdn.net;www.googletagmanager.com,jsDelivr;https://tag.aticdn.net/piano-analytics.js;Google,3,cdn.jsdelivr.net();tag.aticdn.net();www.googletagmanager.com(),0,0,0,0,,0,False
forum-assures.ameli.fr,Saint-Chamond,42,0013acca-7fde-46bb-b599-298c1e0add68,200,,5,altro_terzo_parte;cdn_font,d350tqmxm801hs.cloudfront.net;dimelo-answers-production.s3.eu-west-1.amazonaws.com;dimelo-users-production.s3.amazonaws.com;dimelo.s3.amazonaws.com;fonts.googleapis.com,https://d350tqmxm801hs.cloudfront.net/production/ameli-forum/images/refonte-identite-2022/logo_forum-ameli.svg?1649083461;https://dimelo-answers-production.s3.eu-west-1.amazonaws.com/291/a2635c8ee1bec415/170413152806_5f8b2eb0d19885b6b8d6226fe9d6780e_original.png?7cc8cfd;https://dimelo-users-production.s3.amazonaws.com/identity_avatars/bdea85ceb7d562ab/avatar_x-large.png?7cc8cfd;https://dimelo.s3.amazonaws.com/custom-v2/ameli/tarteaucitron/tarteaucitron.js;Google,5,d350tqmxm801hs.cloudfront.net();dimelo-answers-production.s3.eu-west-1.amazonaws.com();dimelo-users-production.s3.amazonaws.com();dimelo.s3.amazonaws.com();fonts.googleapis.com(),0,1,0,0,,1,False
ville-de-cormelles-le-royal.fr,Cormelles-le-Royal,14,0014711a-533e-4a1b-83ae-66e4d4c5d58b,200,,6,altro_terzo_parte;analytics;captcha;cdn_font,cdn-uicons.flaticon.com;cdn.jsdelivr.net;gmpg.org;unpkg.com;www.google.com;www.googletagmanager.com,https://cdn-uicons.flaticon.com/uicons-regular-rounded/css/uicons-regular-rounded.css;jsDelivr;http://gmpg.org/xfn/11;unpkg;Google;Google,6,cdn-uicons.flaticon.com();cdn.jsdelivr.net();gmpg.org();unpkg.com();www.google.com();www.googletagmanager.com(),0,0,0,0,,0,False
lurcy.fr,Lurcy,01,00175ddb-02d3-40e3-92e3-f0be5e66aa52,200,,3,altro_terzo_parte;analytics,accounts.google.com;gmpg.org;www.googletagmanager.com,https://accounts.google.com/gsi/client;http://gmpg.org/xfn/11;Google,3,accounts.google.com();gmpg.org();www.googletagmanager.com(),0,0,0,0,,0,False
www.epercieux-saint-paul.fr,Épercieux-Saint-Paul,42,0017f1ed-68af-4ade-9d00-83990b5a2dc6,200,,0,,,,0,,0,1,0,0,,1,False
www.vivy-commune.fr,Vivy,49,001a9d22-9383-48a1-9caa-b679fc7bf75d,200,,3,altro_terzo_parte,blueimp.github.io;prevision-meteo.ch;s7.addthis.com,https://blueimp.github.io/Gallery/css/blueimp-gallery.min.css;https://prevision-meteo.ch/style/images/icon/ensoleille-big.png;https://s7.addthis.com/js/300/addthis_widget.js#pubid=ra-50938fd76d07c7d8,2,blueimp.github.io();prevision-meteo.ch(),1,1,1,0,,0,False
www.curgy.fr,Curgy,71,001c2e78-286c-4673-82d3-e90627f4afff,200,,2,altro_terzo_parte;cdn_font,unpkg.com;web-suivis.arnia-bfc.fr,unpkg;https://web-suivis.arnia-bfc.fr/piwik.php?idsite=825&rec=1&url=https://curgy.fr/,2,unpkg.com();web-suivis.arnia-bfc.fr(),0,0,0,0,,0,False
www.gendarmerie.interieur.gouv.fr,Castets,40,001e33aa-1a71-4e91-893e-bce1bd42c55f,,ConnectionError,0,,,,,,,0,0,0,,0,False
saint-georges-le-flechard.fr,Saint-Georges-le-Fléchard,53,001ef9c8-fd52-4a98-a467-41ca69ba67c8,200,,3,altro_terzo_parte;sdk_generico,ajax.googleapis.com;maps.google.fr;www.ta-meteo.fr,"Google;http://maps.google.fr/maps?f=q&source=s_q&hl=fr&geocode=&q=Saint-Georges-le-Fl%C3%A9chard&aq=0&oq=saint+&sll=46.75984,1.738281&sspn=7.889044,19.753418&t=m&ie=UTF8&hq=&hnear=Saint-Georges-le-Fl%C3%A9chard,+Mayenne,+Pays+de+la+Loire&ll=48.019324,-0.390015&spn=1.102284,1.647949&z=8&output=embed;http://www.ta-meteo.fr/widget4/33f739e3d8694f53b208865c6e950547.png?t=time()",3,ajax.googleapis.com();maps.google.fr();www.ta-meteo.fr(),0,0,0,0,,0,False
www.gendarmerie.interieur.gouv.fr,Meyrargues,13,001f11f1-9d36-4022-9580-2e5a3675008d,,ConnectionError,0,,,,,,,0,0,0,,0,False
www.departement06.fr,Roquebillière,06,001faa97-55aa-4556-82e3-33e102e7e7af,200,,2,altro_terzo_parte,translate.google.com;webchat.wikit.ai,https://translate.google.com/translate_a/element.js?cb=googleTranslateElementInit2;https://webchat.wikit.ai/webchat-embed.js,2,translate.google.com();webchat.wikit.ai(),0,0,0,0,,0,False
maigne72.fr,Maigné,72,00206ac5-c48b-4e01-a319-dc729a59ff32,,ConnectTimeout,0,,,,,,,0,0,0,,0,False
www.levernet09.fr,Le Vernet,09,002244f6-d8f3-4af9-8a37-96f705ee6c25,200,,0,,,,0,,0,0,0,0,,0,False
www.france-services.gouv.fr,Lusignan,86,002278c7-337c-493f-87b8-e72ae0243725,,ConnectionError,0,,,,,,,0,0,0,,0,False
www.gendarmerie.interieur.gouv.fr,Pontrieux,22,00243613-c283-419f-8a4b-5e936f4b7cd6,,ConnectionError,0,,,,,,,0,0,0,,0,False
quingey.fr,Quingey,25,00247f13-734e-4814-8241-6c95f96ed9f1,200,,5,altro_terzo_parte;analytics;captcha;cdn_font,fonts.googleapis.com;gadget.open-system.fr;gmpg.org;www.google.com;www.googletagmanager.com,Google;https://gadget.open-system.fr/widgets-libs/rel/noyau-1.0.min.js;https://gmpg.org/xfn/11;Google;Google,5,fonts.googleapis.com();gadget.open-system.fr();gmpg.org();www.google.com();www.googletagmanager.com(),0,0,0,0,,0,False
www.bij-brest.org,Brest,29,0024e453-aa3c-49bf-9b1c-52048c62e361,200,,0,,,,0,,0,0,0,0,,0,False
www.couetronauperche.fr,Couëtron-au-Perche,41,002595d9-2c78-40b8-afa9-f1d0e1874c76,200,,2,altro_terzo_parte;cdn_font,fonts.googleapis.com;www.highperformanceformat.com,Google;https://www.highperformanceformat.com/0b2b8bdbb94b145b880f22ee308e6268/invoke.js,2,fonts.googleapis.com();www.highperformanceformat.com(),0,1,0,0,,1,False
hautecourtromaneche.grandbourg.fr,Hautecourt-Romanèche,01,00260669-16f9-42a2-836a-aad822c8e1c1,200,,1,altro_terzo_parte,static.apidae-tourisme.com,https://static.apidae-tourisme.com/filestore/objets-touristiques/images/90/224/42000474.jpg,1,static.apidae-tourisme.com(),0,1,1,0,,0,False
www.malbosc.fr,Malbosc,07,0028f394-8012-4902-9773-300d08e9678a,200,,5,altro_terzo_parte;cdn_font,admin.illiwap.com;campagnolv2-1.campagnol.fr;fonts.googleapis.com;fonts.gstatic.com;gmpg.org,https://admin.illiwap.com/fr/public/mairie-de-malbosc_07148/actu;https://campagnolv2-1.campagnol.fr/wp-content/themes/twentyseventeen-child/assets/images/logo-campagnol-2023.png;Google;Google;http://gmpg.org/xfn/11,5,admin.illiwap.com();campagnolv2-1.campagnol.fr();fonts.googleapis.com();fonts.gstatic.com();gmpg.org(),0,0,0,0,,0,False
caullery.fr,Caullery,59,002bd2aa-dcbb-49d9-8bbe-d52fde8d1124,200,,1,cdn_font,unpkg.com,unpkg,1,unpkg.com(),0,0,0,0,,0,False
www.impots.gouv.fr,Paris Cedex 09,75,002ea11b-dddb-435f-94dd-f8a048d47d33,200,,0,,,,0,,0,0,0,0,,0,False
gavrelle.fr,Gavrelle,62,0030c6d2-a58b-4695-b249-efa5aee36990,200,,3,altro_terzo_parte;cdn_font,fonts.googleapis.com;gmpg.org;maps.google.it,Google;http://gmpg.org/xfn/11;https://maps.google.it/maps?q=62580 GAVRELLE&output=embed,3,fonts.googleapis.com();gmpg.org();maps.google.it(),0,0,0,0,,0,False
hautesaone.cidff.info,Vesoul,70,00313f9c-4a61-47a1-a43d-3886c7e374e4,200,,1,cdn_font,unpkg.com,unpkg,1,unpkg.com(),0,0,0,0,,0,False
fncidff.info,Vesoul,70,00313f9c-4a61-47a1-a43d-3886c7e374e4,200,,5,altro_terzo_parte;analytics;cdn_font,cookie-cdn.cookiepro.com;sibforms.com;unpkg.com;www.facebook.com;www.googletagmanager.com,https://cookie-cdn.cookiepro.com/scripttemplates/otSDKStub.js;https://sibforms.com/forms/end-form/build/sib-styles.css;unpkg;https://www.facebook.com/tr?id=720924753275353&ev=PageView&noscript=1&cd%5Bpage_title%5D=Accueil&cd%5Bpost_type%5D=page&cd%5Bpost_id%5D=19&cd%5Bplugin%5D=PixelYourSite&cd%5Buser_role%5D=guest&cd%5Bevent_url%5D=fncidff.info%2F;Google,5,cookie-cdn.cookiepro.com();sibforms.com();unpkg.com();www.facebook.com();www.googletagmanager.com(),0,0,0,0,,0,False
www.morgny-la-pommeraye.fr,Morgny-la-Pommeraye,76,0031a50b-74fc-4ceb-971d-9f3d78ecc617,200,,1,altro_terzo_parte,gmpg.org,http://gmpg.org/xfn/11,1,gmpg.org(),0,0,0,0,,0,False
www.justice.gouv.fr,LE MANS,72,0032c88a-df2d-4925-a7a2-a8e041753465,200,,0,,,,0,,0,2,0,0,,2,False
www.paris.fr,Paris,75,0033f09d-3080-4f4e-8ff8-00e941dcca5f,,ConnectionError,0,,,,,,,0,0,0,,0,False
www.mairie-espinasses.fr,Espinasses,05,00359d25-e836-4cf9-917e-b1ede0c8184d,200,,0,,,,0,,0,0,0,0,,0,False
www.clavim.asso.fr,Issy-les-Moulineaux,92,00361aba-b124-42f6-8f7a-eebd8f9874fa,200,,5,altro_terzo_parte;cdn_font;sdk_generico,cdn.elementor.com;cdn.openagenda.com;fonts.gstatic.com;maps.googleapis.com;use.fontawesome.com,https://cdn.elementor.com;https://cdn.openagenda.com/js/widgets.js;Google;Google;Font Awesome,5,cdn.elementor.com();cdn.openagenda.com();fonts.gstatic.com();maps.googleapis.com();use.fontawesome.com(),0,0,0,0,,0,False
villefontaine.fr,Villefontaine,38,003711ad-9d26-4401-bc92-ecda352d73bf,200,,5,altro_terzo_parte;analytics;cdn_font;sdk_generico,fonts.googleapis.com;gmpg.org;maps.google.com;maps.googleapis.com;www.googletagmanager.com,Google;http://gmpg.org/xfn/11;https://maps.google.com;Google;Google,5,fonts.googleapis.com();gmpg.org();maps.google.com();maps.googleapis.com();www.googletagmanager.com(),0,0,0,0,,0,False
www.lapeyratte.fr,La Peyratte,79,00381a3a-aa41-44f8-94b4-975ffbc3f2fd,200,,2,altro_terzo_parte;cdn_font,code.jquery.com;fonts.googleapis.com,https://code.jquery.com/jquery-3.6.0.min.js;Google,2,code.jquery.com();fonts.googleapis.com(),0,2,2,0,,0,False
mairie-diconne.fr,Diconne,71,0039638b-6eac-4236-83fe-8ce151677d84,200,,4,altro_terzo_parte;cdn_font,campagnolv2-1.campagnol.fr;fonts.googleapis.com;fonts.gstatic.com;gmpg.org,https://campagnolv2-1.campagnol.fr/wp-content/themes/twentyseventeen-child/assets/images/logo-campagnol-2023.png;Google;Google;http://gmpg.org/xfn/11,4,campagnolv2-1.campagnol.fr();fonts.googleapis.com();fonts.gstatic.com();gmpg.org(),0,0,0,0,,0,False
www.ville-avrille.fr,Avrillé,49,003ba948-ebb2-4617-9652-7d407415b762,200,,0,,,,0,,0,1,0,0,,1,False
mlna44.org,Nozay,44,003bd154-965f-43d3-a351-42216a67d118,200,,5,altro_terzo_parte;cdn_font,cdnjs.cloudflare.com;fonts.googleapis.com;fonts.gstatic.com;gmpg.org;sibforms.com,Cloudflare;Google;Google;http://gmpg.org/xfn/11;https://sibforms.com,5,cdnjs.cloudflare.com();fonts.googleapis.com();fonts.gstatic.com();gmpg.org();sibforms.com(),0,0,0,0,,0,False
www.intercariforef.org,Sainte-Marie,972,003c9a99-b033-4773-a1a6-a6bc593255b1,200,,4,analytics;cdn_font,cdnjs.cloudflare.com;fonts.googleapis.com;stackpath.bootstrapcdn.com;www.googletagmanager.com,Cloudflare;Google;BootstrapCDN;Google,4,cdnjs.cloudflare.com();fonts.googleapis.com();stackpath.bootstrapcdn.com();www.googletagmanager.com(),0,0,0,0,,0,False
web.reunionprospectivecompetences.org,Sainte-Marie,972,003c9a99-b033-4773-a1a6-a6bc593255b1,200,,2,altro_terzo_parte;cdn_font,fonts.googleapis.com;gmpg.org,Google;https://gmpg.org/xfn/11,2,fonts.googleapis.com();gmpg.org(),0,1,0,0,,1,False
www.lasseube.fr,Lasseube,64,003d25ac-ac8d-4f74-8e19-ee26d59c31c2,200,,5,altro_terzo_parte;cdn_font,cdnjs.cloudflare.com;code.jquery.com;use.fontawesome.com;use.typekit.net;widget.intramuros.org,Cloudflare;https://code.jquery.com/jquery-3.7.0.min.js;Font Awesome;https://use.typekit.net/fga2viy.css;https://widget.intramuros.org/js/5.1.0/actualite.js,5,cdnjs.cloudflare.com();code.jquery.com();use.fontawesome.com();use.typekit.net();widget.intramuros.org(US),0,0,0,0,,0,False
www.banque-france.fr,Saint-Germain-en-Laye,78,003d6f3e-7b92-47d0-b372-dc9241aeaf89,200,,2,altro_terzo_parte;cdn_font,cdn.jsdelivr.net;cdn.trustcommander.net,jsDelivr;https://cdn.trustcommander.net/privacy/5322/privacy_v2_31.js,2,cdn.jsdelivr.net();cdn.trustcommander.net(),0,0,0,0,,0,False
www.ville-montech.fr,Montech,82,003e31ef-2746-47e4-b7e9-758f21120d6a,200,,2,altro_terzo_parte;cdn_font,cdnjs.cloudflare.com;tarteaucitron.io,Cloudflare;https://tarteaucitron.io/load.js?domain=www.ville-montech.fr&uuid=9e42c3b9036c576fd3b5ec85b3690e782e87c73d,2,cdnjs.cloudflare.com();tarteaucitron.io(),0,0,0,0,,0,False
www.allennes.fr,Allennes-les-Marais,59,003e590b-2518-42d8-b206-0424f4132234,200,,5,altro_terzo_parte;captcha;cdn_font;sdk_generico,fonts.googleapis.com;fonts.gstatic.com;maps.googleapis.com;meet.jit.si;www.google.com,Google;Google;Google;https://meet.jit.si;Google,5,fonts.googleapis.com();fonts.gstatic.com();maps.googleapis.com();meet.jit.si();www.google.com(),0,0,0,0,,0,False
www.epd-grugny.fr,Grugny,76,003f539d-3244-4112-ac08-b43a6807c9cb,200,,0,,,,0,,0,1,1,0,,0,False
www.pour-les-personnes-agees.gouv.fr,Grugny,76,003f539d-3244-4112-ac08-b43a6807c9cb,200,,3,altro_terzo_parte,app-script.monsido.com;cdn-eu.readspeaker.com;siteimproveanalytics.com,https://app-script.monsido.com/v2/monsido-script.js;http://cdn-eu.readspeaker.com/script/7866/webReader/r/r2728/ReadSpeaker.Styles.css?v=3.8.7.2728;https://siteimproveanalytics.com/js/siteanalyze_6134497.js,3,app-script.monsido.com();cdn-eu.readspeaker.com();siteimproveanalytics.com(),0,1,0,0,,1,False
www.nouvelle-aquitaine.ars.sante.fr,Bordeaux,33,00404640-c3f6-4e68-ba40-6cc88f865eff,200,,2,altro_terzo_parte,admin-pipeline.upsun-fr-3.observability-pipeline.blackfire.io;tag.aticdn.net,https://admin-pipeline.upsun-fr-3.observability-pipeline.blackfire.io/js/probe.js;https://tag.aticdn.net/piano-analytics.js,2,admin-pipeline.upsun-fr-3.observability-pipeline.blackfire.io();tag.aticdn.net(),0,0,0,0,,0,False
www.isere.fr,Barraux,38,0041a995-efcc-4e2b-969d-4a4b78581d4a,200,,0,,,,0,,0,0,0,0,,0,False
www.saint-barth-saint-martin.gouv.fr,Saint-Barthélémy,977,0041bcc7-48d3-42fd-92d4-990595e77fda,,ConnectionError,0,,,,,,,0,0,0,,0,False
www.impots.gouv.fr,Cagnes-sur-Mer,06,0042ca7e-dca7-4255-952a-b85afce34c47,200,,0,,,,0,,0,0,0,0,,0,False
www.crij.org,Toulouse,31,0044c609-7d48-4c80-8466-9fc33b7edda0,200,,4,altro_terzo_parte;captcha,tarteaucitron.io;translate.google.com;twitter.com;www.google.com,https://tarteaucitron.io/load.js?domain=www.crij.org%2Ffr&uuid=dac1a2b16c910b1b1917e4aaf53f1feb7f599293;https://translate.google.com/translate_a/element.js?cb=googleTranslateElementInit;https://twitter.com/crijtoulouse;Google,4,tarteaucitron.io();translate.google.com();twitter.com();www.google.com(),0,0,0,0,,0,False
www.commune-sablons.fr,Sablons,38,004574cd-10b3-4aa7-80f5-b64c2bee15eb,200,,5,altro_terzo_parte;cdn_font,cdn.jsdelivr.net;fonts.googleapis.com;gmpg.org;www.atmo-auvergnerhonealpes.fr;www.tameteo.com,jsDelivr;Google;http://gmpg.org/xfn/11;https://www.atmo-auvergnerhonealpes.fr/widget/monair/commune/38349?pollen=0;https://www.tameteo.com/meteo_Sablons-Europe-France-Isere--1-49853.html,5,cdn.jsdelivr.net();fonts.googleapis.com();gmpg.org();www.atmo-auvergnerhonealpes.fr();www.tameteo.com(),0,1,1,0,,0,False
www.france-services.gouv.fr,Aix-d'Angillon,18,0046a0f6-4219-49a7-b30a-9d40e024339c,,ConnectionError,0,,,,,,,0,0,0,,0,False
www.grace-uzel.fr,Grâce-Uzel,22,004733b9-0ac8-41cf-bdaa-7b06ae7c4abd,200,,4,altro_terzo_parte;cdn_font;sdk_generico,ajax.googleapis.com;cdnjs.cloudflare.com;fonts.googleapis.com;meteofrance.com,Google;Cloudflare;Google;https://meteofrance.com/widget/prevision/220680##C7CAE8,4,ajax.googleapis.com();cdnjs.cloudflare.com();fonts.googleapis.com();meteofrance.com(),0,1,0,0,,1,False
www.france-services.gouv.fr,Cazaubon,32,0047d400-cccd-4b1a-9c60-1cbe59c19c16,,ConnectionError,0,,,,,,,0,0,0,,0,False
www.caudecoste.fr,Caudecoste,47,004859d4-f52d-43cb-a92f-d58974c06fca,200,,2,altro_terzo_parte;cdn_font,fonts.googleapis.com;www.meteorama.fr,Google;http://www.meteorama.fr/widget/loader/c228750bc5fe98f800eae254b2e0041d,2,fonts.googleapis.com();www.meteorama.fr(),0,0,0,0,,0,False
www.mairie-eymoutiers.fr,Eymoutiers,87,0048ac97-3adb-4cba-81f5-a6e9d99c3906,200,,1,cdn_font,fonts.googleapis.com,Google,1,fonts.googleapis.com(),0,0,0,0,,0,False
www.ameli.fr,La Roche-sur-Yon,85,0048ba2c-2f72-4caf-9cc7-dbecd4160996,200,,3,altro_terzo_parte;analytics;cdn_font,cdn.jsdelivr.net;tag.aticdn.net;www.googletagmanager.com,jsDelivr;https://tag.aticdn.net/piano-analytics.js;Google,3,cdn.jsdelivr.net();tag.aticdn.net();www.googletagmanager.com(),0,0,0,0,,0,False
forum-assures.ameli.fr,La Roche-sur-Yon,85,0048ba2c-2f72-4caf-9cc7-dbecd4160996,200,,5,altro_terzo_parte;cdn_font,d350tqmxm801hs.cloudfront.net;dimelo-answers-production.s3.eu-west-1.amazonaws.com;dimelo-users-production.s3.amazonaws.com;dimelo.s3.amazonaws.com;fonts.googleapis.com,https://d350tqmxm801hs.cloudfront.net/production/ameli-forum/images/refonte-identite-2022/logo_forum-ameli.svg?1649083461;https://dimelo-answers-production.s3.eu-west-1.amazonaws.com/291/a2635c8ee1bec415/170413152806_5f8b2eb0d19885b6b8d6226fe9d6780e_original.png?7cc8cfd;https://dimelo-users-production.s3.amazonaws.com/identity_avatars/bdea85ceb7d562ab/avatar_x-large.png?7cc8cfd;https://dimelo.s3.amazonaws.com/custom-v2/ameli/tarteaucitron/tarteaucitron.js;Google,5,d350tqmxm801hs.cloudfront.net();dimelo-answers-production.s3.eu-west-1.amazonaws.com();dimelo-users-production.s3.amazonaws.com();dimelo.s3.amazonaws.com();fonts.googleapis.com(),0,1,0,0,,1,False
www.ambierle.fr,Ambierle,42,004950d0-a0e5-47a0-8ee1-945a354f8657,200,,4,altro_terzo_parte;cdn_font,admin.illiwap.com;cdn.jsdelivr.net;www.cms.younivers.fr;www.google.com,https://admin.illiwap.com/fr/public/42003/actu/embed;jsDelivr;https://www.cms.younivers.fr/build/front/css/app.css;https://www.google.com/maps/embed?pb=!1m18!1m12!1m3!1d2766.339066514306!2d3.8936456159934676!3d46.104150279113675!2m3!1f0!2f0!3f0!3m2!1i1024!2i768!4f13.1!3m3!1m2!1s0x47f6aa7e320b4c03%3A0x353e77de65dcd84f!2sMairie!5e0!3m2!1sfr!2sfr!4v1622533835068!5m2!1sfr!2sfr,4,admin.illiwap.com();cdn.jsdelivr.net();www.cms.younivers.fr();www.google.com(),0,1,1,0,,0,False
rhone.fr,Gleizé,69,004964ae-19d4-46cd-aab8-8a40843af30a,200,,0,,,,0,,0,1,0,0,,1,False
www.gendarmerie.interieur.gouv.fr,Saint-Agrève,07,004d8a6f-d056-49f9-86ac-5e280977b1e1,,ConnectionError,0,,,,,,,0,0,0,,0,False
normandie.urssaf.fr,Caen,14,004ea3d2-3979-44f6-a20a-e35f1c0c7add,,ConnectionError,0,,,,,,,0,0,0,,0,False
www.peche17.org,Saintes,17,004ef847-be01-4abd-a765-3a0d58666e84,200,,1,analytics,www.googletagmanager.com,Google,1,www.googletagmanager.com(),0,1,0,0,,1,False
www.hauts-de-seine.gouv.fr,Saint-Germain-en-Laye,92,004f9707-cf89-4df7-8ff1-ecaa13f35708,,ConnectionError,0,,,,,,,0,0,0,,0,False
pech.fr,Pech,09,0051789c-5dbe-4998-96ca-91a5e9ee0e9a,200,,2,altro_terzo_parte;cdn_font,fonts.googleapis.com;www.google.com,Google;https://www.google.com/maps/embed/v1/place?key=AIza_REDACTED&q=place_id:ChIJRwBRze9xrxIR0FVDL5z2BgQ,2,fonts.googleapis.com();www.google.com(),0,0,0,0,,0,False
www.pernant.fr,Pernant,02,0052eef5-f5eb-4ad7-9e80-465be1d80ac4,200,,1,cdn_font,fonts.googleapis.com,Google,1,fonts.googleapis.com(),0,0,0,0,,0,False
saint-goazec.bzh,Saint-Goazec,29,00543980-5cd0-4c5f-8107-0da480b33339,200,,1,altro_terzo_parte,gmpg.org,http://gmpg.org/xfn/11,1,gmpg.org(),0,0,0,0,,0,False
www.pons-ville.fr,Pons,17,005487fa-0a79-4d61-9bf3-ab63bdbd302b,200,,6,altro_terzo_parte;analytics;cdn_font,0dcb07e6.delivery.rocketcdn.me;cdn-cookieyes.com;cdn.matomo.cloud;fonts.gstatic.com;www.facebook.com;www.googletagmanager.com,https://0dcb07e6.delivery.rocketcdn.me/wp-content/uploads/2021/11/PanneauPocket-1-e1636561590672.png;https://cdn-cookieyes.com;Matomo Cloud;Google;https://www.facebook.com/plugins/page.php?href=https://www.facebook.com/villedepons/%2F&tabs&width=246&height=250&small_header=false&adapt_container_width=true&hide_cover=false&show_facepile=true&appId=1007814469305899;Google,6,0dcb07e6.delivery.rocketcdn.me();cdn-cookieyes.com();cdn.matomo.cloud();fonts.gstatic.com();www.facebook.com();www.googletagmanager.com(),0,0,0,0,,0,False
www.bouilland.fr,Bouilland,21,0057b80d-235f-436d-b1c5-74f9b8e1c9c2,200,,3,altro_terzo_parte;cdn_font,fonts.googleapis.com;fonts.gstatic.com;www.monappliclub-client06.com,Google;Google;https://www.monappliclub-client06.com/,3,fonts.googleapis.com();fonts.gstatic.com();www.monappliclub-client06.com(),0,0,0,0,,0,False
www.paillencourt.fr,Paillencourt,59,005914ad-9d7f-403e-b25d-3aa5fd05eb0f,200,,1,altro_terzo_parte,gmpg.org,https://gmpg.org/xfn/11,1,gmpg.org(),0,0,0,0,,0,False
www.france-services.gouv.fr,Saint-Jean-Bonnefonds,42,0059cca2-60f3-46ea-914a-cb40d0ad1632,,ConnectionError,0,,,,,,,0,0,0,,0,False
www.lotetgaronne.fr,Nérac,47,005a18e4-b2f7-4151-a2cf-0f66f542aa6f,200,,3,altro_terzo_parte,apps.elfsight.com;static.elfsight.com;www.inforoute47.fr,https://apps.elfsight.com/p/platform.js;https://static.elfsight.com/platform/platform.js;https://www.inforoute47.fr/swf/repere/KC1_route-barree.png,3,apps.elfsight.com();static.elfsight.com();www.inforoute47.fr(),0,0,0,0,,0,False
www.gunstett.fr,Gunstett,67,005b5ecc-34e3-4349-a25c-7611bc121340,200,,2,captcha;cdn_font,fonts.googleapis.com;www.google.com,Google;Google,2,fonts.googleapis.com();www.google.com(),0,0,0,0,,0,False
fresnay-le-comte.fr,Fresnay-le-Comte,28,005c99b4-f870-4120-a9cc-f96f06b01d27,200,,6,altro_terzo_parte;cdn_font,campagnolv2-1.campagnol.fr;fonts.googleapis.com;fonts.gstatic.com;gmpg.org;www.google.com;www.tourisme28.com,https://campagnolv2-1.campagnol.fr/wp-content/themes/twentyseventeen-child/assets/images/logo-campagnol-2023.png;Google;Google;http://gmpg.org/xfn/11;https://www.google.com/maps/embed?pb=!1m18!1m12!1m3!1d21231.28781092267!2d1.4667888949959917!3d48.30456357116261!2m3!1f0!2f0!3f0!3m2!1i1024!2i768!4f13.1!3m3!1m2!1s0x47e471657211f1d1%3A0xecd791bb0d596c20!2sFresnay-le-Comte!5e0!3m2!1sfr!2sfr!4v1600417403862!5m2!1sfr!2sfr;http://www.tourisme28.com/files/cdt28/files/theme_base_logo_20c.jpg,6,campagnolv2-1.campagnol.fr();fonts.googleapis.com();fonts.gstatic.com();gmpg.org();www.google.com();www.tourisme28.com(),0,0,0,0,,0,False
www.seinemaritime.net,Maromme,76,006182d5-1588-468c-8f1c-7a6e53877dc9,200,,0,,,,0,,0,0,0,0,,0,False
www.alepte.fr,Villepinte,93,0062501b-2cc7-4de4-b140-b31d7446f969,200,,7,altro_terzo_parte;cdn_font,cdn.jsdelivr.net;cdnjs.cloudflare.com;code.jquery.com;fonts.googleapis.com;fonts.gstatic.com;www.google.com;www.termsfeed.com,jsDelivr;Cloudflare;https://code.jquery.com/jquery-3.6.1.min.js;Google;Google;https://www.google.com/maps/embed?pb=!1m18!1m12!1m3!1d2619.108053039774!2d2.5064519774748923!3d48.97046749281137!2m3!1f0!2f0!3f0!3m2!1i1024!2i768!4f13.1!3m3!1m2!1s0x47e6140b1b73f457%3A0xe468ff631ce7b677!2sALEPTE%20AGENCE%20LOCALE%20DE%20L'ENERGIE%20PARIS%20TERRES%20D'ENVOL!5e0!3m2!1sfr!2sfr!4v1761831690107!5m2!1sfr!2sfr;https://www.termsfeed.com/public/cookie-consent/4.0.0/cookie-consent.js,7,cdn.jsdelivr.net();cdnjs.cloudflare.com();code.jquery.com();fonts.googleapis.com();fonts.gstatic.com();www.google.com();www.termsfeed.com(),0,1,1,0,,0,False
france-renov.gouv.fr,Villepinte,93,0062501b-2cc7-4de4-b140-b31d7446f969,200,,0,,,,0,,0,2,0,0,,2,False
www.tarn.fr,Graulhet,81,0063d700-399f-4469-9fa5-e0d86626380d,418,,1,cdn_font,fonts.googleapis.com,Google,1,fonts.googleapis.com(),0,4,0,0,,4,False
apetitspas.net,Ruisseauville,62,00641145-c587-4f4e-9ec5-4d55cdce26cd,200,,3,altro_terzo_parte,app.mailjet.com;gmpg.org;m4j5.mj.am,https://app.mailjet.com/pas-nc-embedded-v1.js;https://gmpg.org/xfn/11;https://m4j5.mj.am/wgt/m4j5/5ix/form?c=d0c45861,3,app.mailjet.com();gmpg.org();m4j5.mj.am(),0,0,0,0,,0,False
france-renov.gouv.fr,Ruisseauville,62,00641145-c587-4f4e-9ec5-4d55cdce26cd,200,,0,,,,0,,0,2,0,0,,2,False
www.bouzic.fr,Bouzic,24,00669473-1031-4a89-bd98-f009968cee23,200,,3,captcha;cdn_font,cdnjs.cloudflare.com;fonts.googleapis.com;www.google.com,Cloudflare;Google;Google,3,cdnjs.cloudflare.com();fonts.googleapis.com();www.google.com(),0,0,0,0,,0,False
www.mairie-brulon.fr,Brûlon,72,006929f7-1454-4039-81e7-65dbe9f40f75,200,,0,,,,0,,0,1,0,0,,1,False
www.weckolsheim.fr,Weckolsheim,68,006bcd26-40e6-4e7a-a553-0d5d0ccf6156,200,,3,altro_terzo_parte;cdn_font,cdnjs.cloudflare.com;code.jquery.com;unpkg.com,Cloudflare;https://code.jquery.com/jquery-1.12.4.min.js;unpkg,3,cdnjs.cloudflare.com();code.jquery.com();unpkg.com(),0,1,1,0,,0,False
quarrelestombes.fr,Quarré-les-Tombes,89,006c3199-cea4-4845-bad5-93989274fcc8,200,,2,altro_terzo_parte,maps.google.com;static.xx.fbcdn.net,https://maps.google.com/maps/api/js?key=AIza_REDACTED&libraries=geometry%2Cplaces%2Cweather%2Cpanoramio%2Cdrawing&language=fr&ver=6.8.8;https://static.xx.fbcdn.net/images/emoji.php/v9/tef/2/16/1f525.png,2,maps.google.com();static.xx.fbcdn.net(),0,0,0,0,,0,False
www.caf.fr,Tournefeuille,31,006c5c9e-cfdc-42e5-b6a5-5795b5a40e1d,200,,0,,,,0,,0,7,0,0,,7,False
ruminghem.fr,Ruminghem,62,006d99a4-5335-4ff5-9bb3-85d40eccdeda,200,,2,cdn_font,fonts.googleapis.com;fonts.gstatic.com,Google;Google,2,fonts.googleapis.com();fonts.gstatic.com(),0,0,0,0,,0,False
www.impots.gouv.fr,Nanterre,92,006e20e8-eabb-4f38-b4c0-70f6c9b81626,200,,0,,,,0,,0,0,0,0,,0,False
porte-de-savoie.fr,Porte-de-Savoie,73,006fd833-1a6c-4130-a7cf-72e76f537aa1,200,,3,altro_terzo_parte;cdn_font,fonts.googleapis.com;gmpg.org;use.fontawesome.com,Google;http://gmpg.org/xfn/11;Font Awesome,3,fonts.googleapis.com();gmpg.org();use.fontawesome.com(),0,0,0,0,,0,False
www.ameli.fr,Bagneux,92,0071056e-adc8-46f6-9696-0385b2217087,200,,3,altro_terzo_parte;analytics;cdn_font,cdn.jsdelivr.net;tag.aticdn.net;www.googletagmanager.com,jsDelivr;https://tag.aticdn.net/piano-analytics.js;Google,3,cdn.jsdelivr.net();tag.aticdn.net();www.googletagmanager.com(),0,0,0,0,,0,False
forum-assures.ameli.fr,Bagneux,92,0071056e-adc8-46f6-9696-0385b2217087,200,,5,altro_terzo_parte;cdn_font,d350tqmxm801hs.cloudfront.net;dimelo-answers-production.s3.eu-west-1.amazonaws.com;dimelo-users-production.s3.amazonaws.com;dimelo.s3.amazonaws.com;fonts.googleapis.com,https://d350tqmxm801hs.cloudfront.net/production/ameli-forum/images/refonte-identite-2022/logo_forum-ameli.svg?1649083461;https://dimelo-answers-production.s3.eu-west-1.amazonaws.com/291/a2635c8ee1bec415/170413152806_5f8b2eb0d19885b6b8d6226fe9d6780e_original.png?7cc8cfd;https://dimelo-users-production.s3.amazonaws.com/identity_avatars/bdea85ceb7d562ab/avatar_x-large.png?7cc8cfd;https://dimelo.s3.amazonaws.com/custom-v2/ameli/tarteaucitron/tarteaucitron.js;Google,5,d350tqmxm801hs.cloudfront.net();dimelo-answers-production.s3.eu-west-1.amazonaws.com();dimelo-users-production.s3.amazonaws.com();dimelo.s3.amazonaws.com();fonts.googleapis.com(),0,1,0,0,,1,False
saint-saturnin72.fr,Saint-Saturnin,72,00712d09-f598-40f8-acda-e26555bf8b16,200,,5,altro_terzo_parte;captcha;cdn_font,cdnjs.cloudflare.com;fonts.googleapis.com;fonts.gstatic.com;js.hcaptcha.com;static.neopse.com,Cloudflare;Google;Google;hCaptcha;https://static.neopse.com/medias/p/2343/site/77/b3/42/77b3422020d61d95f7192dc4fc95f695ee0fc1f2.png?v=v1,5,cdnjs.cloudflare.com();fonts.googleapis.com();fonts.gstatic.com();js.hcaptcha.com();static.neopse.com(),0,0,0,0,,0,False
www.wallis-et-futuna.gouv.fr,Uvéa - Wallis-et-Futuna,986,00715248-e91a-45b4-83b7-a243bb49b8af,,ConnectionError,0,,,,,,,0,0,0,,0,False
saintpierredeschamps.fr,Saint-Pierre-des-Champs,11,00719b91-28c7-4cf8-95cd-eb9f22c437e7,200,,0,,,,0,,0,1,0,0,,1,False
www.riantec.bzh,Riantec,56,0071ab67-9680-408b-bcea-96550e47754c,200,,2,altro_terzo_parte,cdn.gtranslate.net;translate.google.com,https://cdn.gtranslate.net/widgets/latest/flags.js;https://translate.google.com/translate_a/element.js?cb=googleTranslateElementEdit,2,cdn.gtranslate.net();translate.google.com(),0,1,0,0,,1,False
www.impots.gouv.fr,Limoges,87,00729758-81e0-4623-873b-ec7972627415,200,,0,,,,0,,0,0,0,0,,0,False
www.labastidedanjou.fr,Labastide-d'Anjou,11,00740a40-765b-488b-940e-a6550d00eb5e,200,,0,,,,0,,0,0,0,0,,0,False
www.coulaines.fr,Coulaines,72,00740cf6-1b3a-462f-bd15-273fe1c7da92,200,,2,altro_terzo_parte,cdl.creasit.com;s.w.org,https://cdl.creasit.com/images/vocalisation.jpg;https://s.w.org,1,s.w.org(),1,0,0,0,,0,False
aquitaine.urssaf.fr,Agen,47,007764e8-78cb-488e-911c-32e39006ade3,,ConnectionError,0,,,,,,,0,0,0,,0,False
www.ameli.fr,Capdenac-Gare,12,007a3061-4ea3-40ca-8dc3-78bddf4dab7b,200,,3,altro_terzo_parte;analytics;cdn_font,cdn.jsdelivr.net;tag.aticdn.net;www.googletagmanager.com,jsDelivr;https://tag.aticdn.net/piano-analytics.js;Google,3,cdn.jsdelivr.net();tag.aticdn.net();www.googletagmanager.com(),0,0,0,0,,0,False
forum-assures.ameli.fr,Capdenac-Gare,12,007a3061-4ea3-40ca-8dc3-78bddf4dab7b,200,,5,altro_terzo_parte;cdn_font,d350tqmxm801hs.cloudfront.net;dimelo-answers-production.s3.eu-west-1.amazonaws.com;dimelo-users-production.s3.amazonaws.com;dimelo.s3.amazonaws.com;fonts.googleapis.com,https://d350tqmxm801hs.cloudfront.net/production/ameli-forum/images/refonte-identite-2022/logo_forum-ameli.svg?1649083461;https://dimelo-answers-production.s3.eu-west-1.amazonaws.com/291/a2635c8ee1bec415/170413152806_5f8b2eb0d19885b6b8d6226fe9d6780e_original.png?7cc8cfd;https://dimelo-users-production.s3.amazonaws.com/identity_avatars/bdea85ceb7d562ab/avatar_x-large.png?7cc8cfd;https://dimelo.s3.amazonaws.com/custom-v2/ameli/tarteaucitron/tarteaucitron.js;Google,5,d350tqmxm801hs.cloudfront.net();dimelo-answers-production.s3.eu-west-1.amazonaws.com();dimelo-users-production.s3.amazonaws.com();dimelo.s3.amazonaws.com();fonts.googleapis.com(),0,1,0,0,,1,False
www.sondernach.fr,Sondernach,68,007b97ed-e4c0-4818-b12f-83f7890e28d4,200,,5,altro_terzo_parte;captcha;cdn_font,cdnjs.cloudflare.com;fonts.googleapis.com;fonts.gstatic.com;js.hcaptcha.com;static.neopse.com,Cloudflare;Google;Google;hCaptcha;https://static.neopse.com/medias/p/2724/site/68/67/c9/6867c9066196b9ff8f22ae1ec70745cc290c4fa7.jpg?v=v1,5,cdnjs.cloudflare.com();fonts.googleapis.com();fonts.gstatic.com();js.hcaptcha.com();static.neopse.com(),0,0,0,0,,0,False
www.via28.asso.fr,Chartres,28,007bc746-9236-4bb8-aeb1-fc06bf91367b,200,,5,altro_terzo_parte;analytics;cdn_font,app.mailjet.com;fonts.googleapis.com;via28-asso.fr;www.googletagmanager.com;x72zy.mjt.lu,https://app.mailjet.com/pas-nc-embedded-v1.js;Google;https://via28-asso.fr/wp-content/uploads/2023/03/logo_recherches_et_solidarites_2-300x91.png;Google;https://x72zy.mjt.lu/wgt/x72zy/qsy/form?c=02239224,5,app.mailjet.com();fonts.googleapis.com();via28-asso.fr();www.googletagmanager.com();x72zy.mjt.lu(),0,0,0,0,,0,False
www.associations.gouv.fr,Saint-Pierre-et-Miquelon,975,007cc0d6-e0d4-49fa-8ffd-6348a5e249d0,200,,0,,,,0,,0,0,0,0,,0,False
www.france-services.gouv.fr,Concarneau,29,007cd405-26d7-4738-aa55-efe687ea8586,,ConnectionError,0,,,,,,,0,0,0,,0,False
formulaires.mesdemarches.cca.bzh,Concarneau,29,007cd405-26d7-4738-aa55-efe687ea8586,200,,0,,,,0,,0,1,0,0,,1,False
www.metropoledebourgogne.cci.fr,Charolles,71,007ff08a-9afb-4a54-8395-16df9a997218,403,,0,,,,0,,0,1,0,0,,1,True
www.areams.fr,Palluau,85,00808bfb-f9a7-4a18-b6c8-6147db3c4de3,200,,6,altro_terzo_parte;cdn_font,api.mapbox.com;fonts.googleapis.com;fonts.gstatic.com;gmpg.org;unpkg.com;use.fontawesome.com,https://api.mapbox.com/mapbox-gl-js/v2.0.1/mapbox-gl.css;Google;Google;http://gmpg.org/xfn/11;unpkg;Font Awesome,6,api.mapbox.com();fonts.googleapis.com();fonts.gstatic.com();gmpg.org();unpkg.com();use.fontawesome.com(),0,1,0,0,,1,False
www.mairieneuvic.fr,Neuvic,24,0082a71b-3c67-4121-a677-4e5c26c37cce,200,,2,altro_terzo_parte;cdn_font,app.panneaupocket.com;fonts.googleapis.com,https://app.panneaupocket.com/ville/904914610;Google,2,app.panneaupocket.com();fonts.googleapis.com(),0,1,0,0,,1,False
www.cdad07.fr,LARGENTIÈRE,07,0083fa29-c018-471d-9699-4f864ac6eadc,200,,2,altro_terzo_parte;cdn_font,cdnjs.cloudflare.com;gmpg.org,Cloudflare;http://gmpg.org/xfn/11,2,cdnjs.cloudflare.com();gmpg.org(),0,0,0,0,,0,False
www.bey01.fr,Bey,01,0085143a-73ae-46ab-a0ad-859b9ccba7dd,200,,4,altro_terzo_parte,app.panneaupocket.com;st0.cdnsw.com;v-images.cdnsw.com;www.xn--mto-bmab.fr,https://app.panneaupocket.com/embeded/1594756329?mode=widget&autoNavigation=0;https://st0.cdnsw.com/assets/precompile/viewer2_all-08e7c48b5d0f51026fc476b953ae7fe7.css;https://v-images.cdnsw.com/Logos/enfgk/Village_Fleuri_2.jpg?s=YqFFkXU=&webp_compatible=1;https://www.xn--mto-bmab.fr/widget4/070d02b93d714fa7b3074337cb20e800.png?t=time(),4,app.panneaupocket.com();st0.cdnsw.com();v-images.cdnsw.com();www.xn--mto-bmab.fr(),0,1,0,0,,1,False
www.loray.fr,Loray,25,00865adf-67d9-4391-9cd9-d56752c49d4b,200,,3,analytics;cdn_font,fonts.googleapis.com;fonts.gstatic.com;www.googletagmanager.com,Google;Google;Google,3,fonts.googleapis.com();fonts.gstatic.com();www.googletagmanager.com(),0,0,0,0,,0,False
www.gendarmerie.interieur.gouv.fr,Saint-Vincent-sur-Jabron,04,0086d132-e7f2-4548-a20e-bf15c46852dd,,ConnectionError,0,,,,,,,0,0,0,,0,False
aveyron.fr,Espalion,12,00872019-4f80-4a47-a43f-6cbcbb94321f,200,,0,,,,0,,0,1,0,0,,1,False
www.gendarmerie.interieur.gouv.fr,Prat-Bonrepaux,09,00885457-4bce-4eda-bc23-8c36770d4023,,ConnectionError,0,,,,,,,0,0,0,,0,False
paysdelaloire.urssaf.fr,Le Mans,72,0088ef8f-56fd-4cf6-ab3c-1bc657a39d0d,,ConnectionError,0,,,,,,,0,0,0,,0,False
www.mairie-vannes.fr,Vannes,56,00898afe-3d5f-475a-86dd-4336d52b43bf,200,,1,cdn_font,unpkg.com,unpkg,1,unpkg.com(),0,0,0,0,,0,False
mairie-gambsheim.fr,Gambsheim,67,0089fd70-8943-4f2e-a1e5-2331957b9936,200,,4,altro_terzo_parte;captcha;cdn_font,fonts.googleapis.com;fonts.gstatic.com;gmpg.org;www.google.com,Google;Google;http://gmpg.org/xfn/11;Google,4,fonts.googleapis.com();fonts.gstatic.com();gmpg.org();www.google.com(),0,1,0,0,,1,False
www.baumelesmessieurs.fr,Baume-les-Messieurs,39,008a9ce6-5b23-4351-a984-bda33a4aed84,200,,3,altro_terzo_parte;cdn_font,abbayebaumelesmessieurs.fr;fonts.googleapis.com;matt.baume39.fr,https://abbayebaumelesmessieurs.fr/blm/wp-content/uploads/sites/4/2024/03/map.gif;Google;http://matt.baume39.fr/blm/wp-content/uploads/sites/12/2024/08/camping15.jpg,3,abbayebaumelesmessieurs.fr();fonts.googleapis.com();matt.baume39.fr(),0,0,0,0,,0,False
corcoue-sur-logne.fr,Corcoué-sur-Logne,44,008b5615-ce44-4ccc-8724-a135fc036906,200,,5,altro_terzo_parte;captcha;cdn_font,cdnjs.cloudflare.com;fonts.googleapis.com;fonts.gstatic.com;js.hcaptcha.com;static.neopse.com,Cloudflare;Google;Google;hCaptcha;http://static.neopse.com/medias/d/label/f8/cb/15/f8cb157dde9b07955fa4dece2a47e57577b01bc8.jpg,5,cdnjs.cloudflare.com();fonts.googleapis.com();fonts.gstatic.com();js.hcaptcha.com();static.neopse.com(),0,0,0,0,,0,False
mairie-vougy.fr,Vougy,74,008da96e-908b-403f-8450-dfad31cb2f3c,200,,1,cdn_font,fonts.gstatic.com,Google,1,fonts.gstatic.com(),0,0,0,0,,0,False
www.pontonx.fr,Pontonx-sur-l'Adour,40,008ee515-734c-4c15-9f34-8c7715e3c01e,200,,1,altro_terzo_parte,use.typekit.net,https://use.typekit.net/stl0aqy.css,1,use.typekit.net(),0,0,0,0,,0,False
www.thieulin.com,Le Thieulin,28,008efe5f-545c-4843-95ec-7269236a6527,200,,2,altro_terzo_parte;cdn_font,fonts.googleapis.com;www.dynagence.fr,Google;https://www.dynagence.fr/da-dynagence-creation-de-site-internet-besancon-small.png,2,fonts.googleapis.com();www.dynagence.fr(),0,0,0,0,,0,False
www.ville-senlis.fr,Senlis,60,008f5894-89da-4652-b93d-da5ed4af84f9,200,,1,altro_terzo_parte,gmpg.org,http://gmpg.org/xfn/11,1,gmpg.org(),0,0,0,0,,0,False
www.reseau-canope.fr,Évry,91,00928ccd-6c57-4610-9b06-e1fbd543c77f,200,,0,,,,0,,0,0,0,0,,0,False
www.chamelet.fr,Chamelet,69,0092b93d-e4e6-4ecc-8526-cd020730cc16,200,,4,altro_terzo_parte;cdn_font,fonts.googleapis.com;fonts.gstatic.com;gmpg.org;votre-commune.inforoutes.fr,Google;Google;http://gmpg.org/xfn/11;https://votre-commune.inforoutes.fr/wp-content/themes/twentyseventeen-child/assets/images/logo-campagnol-2023.png,4,fonts.googleapis.com();fonts.gstatic.com();gmpg.org();votre-commune.inforoutes.fr(),0,0,0,0,,0,False
www.justice.gouv.fr,LA ROCHELLE,17,00935fda-1472-4837-b78f-395cb83f555d,200,,0,,,,0,,0,2,0,0,,2,False
www.lieux.gref-bretagne.com,Retiers,35,0093de77-be23-453e-a30c-9715117e7722,200,,3,cdn_font,cdnjs.cloudflare.com;fonts.googleapis.com;fonts.gstatic.com,Cloudflare;Google;Google,3,cdnjs.cloudflare.com();fonts.googleapis.com();fonts.gstatic.com(),0,0,0,0,,0,False
missionlocalevilleneuvois.org,Villeneuve-sur-Lot,47,00953b3f-58a3-419b-b81d-e9930160ca70,200,,4,altro_terzo_parte;analytics;sdk_generico,maps.googleapis.com;s7.addthis.com;www.cookieconsent.com;www.googletagmanager.com,Google;https://s7.addthis.com/js/300/addthis_widget.js#pubid=ra-5a3bc195c75c6651;https://www.cookieconsent.com/releases/3.1.0/cookie-consent.js;Google,3,maps.googleapis.com();www.cookieconsent.com();www.googletagmanager.com(),1,1,0,0,,1,False
www.rocquefort.fr,Rocquefort,76,00957610-2b95-47c2-a9ef-fca59e417677,,ConnectionError,0,,,,,,,0,0,0,,0,False
www.mouais.fr,Mouais,44,009576aa-94f8-4863-aea4-f5f622269a03,200,,1,altro_terzo_parte,purl.org,https://purl.org/dc/terms/,1,purl.org(),0,0,0,0,,0,False
www.france-services.gouv.fr,Vigneulles-lès-Hattonchâtel,55,00990027-435a-47de-8cd5-8ff29f6dc07f,,ConnectionError,0,,,,,,,0,0,0,,0,False
www.ville-bergheim.fr,Bergheim,68,009b0b49-6284-48bc-ade5-514195f76633,200,,4,captcha;cdn_font;sdk_generico,fonts.googleapis.com;fonts.gstatic.com;www.google.com;www.gstatic.com,Google;Google;Google;Google,4,fonts.googleapis.com();fonts.gstatic.com();www.google.com();www.gstatic.com(),0,0,0,0,,0,False
ville-beaurepaire.fr,Beaurepaire,38,009b60e7-f004-4e4b-a6bc-9dffe4a4dbbd,200,,5,altro_terzo_parte;cdn_font,cache.consentframework.com;choices.consentframework.com;fonts.googleapis.com;maxcdn.bootstrapcdn.com;widget.intramuros.org,https://cache.consentframework.com;https://choices.consentframework.com;Google;BootstrapCDN;https://widget.intramuros.org/js/5.1.0/agenda.js,5,cache.consentframework.com();choices.consentframework.com();fonts.googleapis.com();maxcdn.bootstrapcdn.com();widget.intramuros.org(US),0,0,0,0,,0,False
www.hauteloire.fr,Brioude,43,009d6ce7-4dd4-4722-aaf9-a65db0e51a83,200,,3,altro_terzo_parte;analytics;video,feeds.feedburner.com;player.vimeo.com;www.googletagmanager.com,http://feeds.feedburner.com/cg43;Vimeo;Google,3,feeds.feedburner.com();player.vimeo.com();www.googletagmanager.com(),0,1,0,0,,1,False
www.sanxay.fr,Sanxay,86,009f869f-0894-4ed2-a817-7013b77803b6,,ConnectTimeout,0,,,,,,,0,0,0,,0,False
handicap.paris.fr,Paris,75,00a066cb-ebf9-4de3-9a14-30dffb30d81a,200,,4,altro_terzo_parte;analytics,code.jquery.com;connect.facebook.net;f1-eu.readspeaker.com;gmpg.org,https://code.jquery.com;Meta;https://f1-eu.readspeaker.com;http://gmpg.org/xfn/11,4,code.jquery.com();connect.facebook.net();f1-eu.readspeaker.com();gmpg.org(),0,0,0,0,,0,False
mdph.doubs.fr,Paris,75,00a066cb-ebf9-4de3-9a14-30dffb30d81a,200,,8,altro_terzo_parte;analytics;captcha;cdn_font;sdk_generico,cdn.koredge.website;cdn.tarteaucitron.io;fonts.googleapis.com;fonts.gstatic.com;tarteaucitron.io;www.google.com;www.googletagmanager.com;www.gstatic.com,https://cdn.koredge.website/tarteaucitron/tarteaucitron.min.css;https://cdn.tarteaucitron.io;Google;Google;https://tarteaucitron.io;Google;Google;Google,8,cdn.koredge.website();cdn.tarteaucitron.io();fonts.googleapis.com();fonts.gstatic.com();tarteaucitron.io();www.google.com();www.googletagmanager.com();www.gstatic.com(),0,0,0,0,,0,False
www.villedomer.fr,Villedômer,37,00a2972c-72be-4864-87bc-90bf0d674de9,200,,4,altro_terzo_parte;analytics,cdn-cookieyes.com;maps.google.com;meteofrance.com;www.googletagmanager.com,https://cdn-cookieyes.com/client_data/ea15512cec81f76b64edcf4f/script.js;https://maps.google.com/maps?q=Mairie%20de%20Villed%C3%B4mer&t=m&z=15&output=embed&iwloc=near;https://meteofrance.com/widget/prevision/372760##61B927;Google,4,cdn-cookieyes.com();maps.google.com();meteofrance.com();www.googletagmanager.com(),0,0,0,0,,0,False
www.masecurite.interieur.gouv.fr,Montivilliers,76,00a38e16-cd9d-4716-8e7b-2a593d0b88bc,200,,1,altro_terzo_parte,cdn.tagcommander.com,https://cdn.tagcommander.com/6351/tc_moncommissariat_20.js,1,cdn.tagcommander.com(),0,0,0,0,,0,False
www.udaf67.fr,Strasbourg,67,00a3a887-ac71-4645-80a7-511a3015ac56,200,,2,analytics;video,player.vimeo.com;www.googletagmanager.com,Vimeo;Google,2,player.vimeo.com();www.googletagmanager.com(),0,0,0,0,,0,False
www.messery.fr,Messery,74,00a6cf3e-cfd2-4ad3-90fb-569162491195,200,,3,altro_terzo_parte;captcha;cdn_font,fonts.googleapis.com;www.atmo-auvergnerhonealpes.fr;www.google.com,Google;https://www.atmo-auvergnerhonealpes.fr/widget-mon-air/widget/commune/74180;Google,3,fonts.googleapis.com();www.atmo-auvergnerhonealpes.fr();www.google.com(),0,0,0,0,,0,False
erckartswiller.hanau-lapetitepierre.alsace,Erckartswiller,67,00a8cc58-6252-4132-bf32-02ffb4ae540d,200,,4,altro_terzo_parte;cdn_font,fonts.googleapis.com;fonts.gstatic.com;gmpg.org;maxcdn.bootstrapcdn.com,Google;Google;http://gmpg.org/xfn/11;BootstrapCDN,4,fonts.googleapis.com();fonts.gstatic.com();gmpg.org();maxcdn.bootstrapcdn.com(),0,0,0,0,,0,False
www.scorbe-clairvaux.fr,Scorbé-Clairvaux,86,00a90691-83c0-478a-b9aa-d07f4117b76a,200,,5,altro_terzo_parte;cdn_font,def773hwqc19t.cloudfront.net;drfogfql429fi.cloudfront.net;files.appli-intramuros.com;fonts.googleapis.com;fonts.gstatic.com,https://def773hwqc19t.cloudfront.net/website/static/loupe.png;https://drfogfql429fi.cloudfront.net/intramuros-web/production/_next/static/css/6b832bb1d1f3a401.css;https://files.appli-intramuros.com;Google;Google,5,def773hwqc19t.cloudfront.net();drfogfql429fi.cloudfront.net(US);files.appli-intramuros.com();fonts.googleapis.com();fonts.gstatic.com(),0,0,0,0,,0,False
sancey.org,Sancey,25,00aa5757-40c8-464f-9492-8d4cb1b362a4,200,,4,altro_terzo_parte;cdn_font,campagnolv2-1.campagnol.fr;fonts.googleapis.com;fonts.gstatic.com;gmpg.org,https://campagnolv2-1.campagnol.fr/wp-content/themes/twentyseventeen-child/assets/images/logo-campagnol-2023.png;Google;Google;http://gmpg.org/xfn/11,4,campagnolv2-1.campagnol.fr();fonts.googleapis.com();fonts.gstatic.com();gmpg.org(),0,0,0,0,,0,False
www.masecurite.interieur.gouv.fr,Nîmes,30,00aa85e9-ea52-46f5-b183-8ac96b267121,200,,1,altro_terzo_parte,cdn.tagcommander.com,https://cdn.tagcommander.com/6351/tc_moncommissariat_20.js,1,cdn.tagcommander.com(),0,0,0,0,,0,False
varennes-sur-seine.fr,Varennes-sur-Seine,77,00ac2ecb-969f-4568-868b-31a6adad325e,200,,1,altro_terzo_parte,pro.fontawesome.com,https://pro.fontawesome.com/releases/v5.15.4/css/all.css,1,pro.fontawesome.com(),0,0,0,0,,0,False
www.france-services.gouv.fr,Pleurtuit,35,00ac62f7-5c5d-415f-bb55-220c1c299e02,,ConnectionError,0,,,,,,,0,0,0,,0,False
www.baignes-sainte-radegonde.fr,Baignes-Sainte-Radegonde,16,00ad6543-1a5d-4a05-8e5c-4e88881976af,200,,4,altro_terzo_parte;captcha;cdn_font,fonts.googleapis.com;fonts.gstatic.com;gmpg.org;www.google.com,Google;Google;http://gmpg.org/xfn/11;Google,4,fonts.googleapis.com();fonts.gstatic.com();gmpg.org();www.google.com(),0,0,0,0,,0,False
haute-marne.fr,Chamarandes-Choignes,52,00ade4f6-a63e-4083-9392-78ddcfec0be3,200,,1,altro_terzo_parte,gmpg.org,https://gmpg.org/xfn/11,1,gmpg.org(),0,0,0,0,,0,False
www.onisep.fr,Foix,09,00af1901-2d42-45d8-9290-460098189e93,200,,1,altro_terzo_parte,securepubads.g.doubleclick.net,https://securepubads.g.doubleclick.net/tag/js/gpt.js,1,securepubads.g.doubleclick.net(),0,0,0,0,,0,False
www.infojeunes-na.fr,Saintes,17,00b0ee16-2de7-4ec7-9a42-b415476f221c,200,,3,cdn_font;video,fonts.googleapis.com;fonts.gstatic.com;img.youtube.com,Google;Google;Google,3,fonts.googleapis.com();fonts.gstatic.com();img.youtube.com(),0,2,1,0,,1,False
www.bourgbarre.fr,Bourgbarré,35,00b13527-5824-4786-8666-d4f9e54950bf,200,,4,altro_terzo_parte;cdn_font,fonts.googleapis.com;fonts.gstatic.com;gmpg.org;maxcdn.bootstrapcdn.com,Google;Google;http://gmpg.org/xfn/11;BootstrapCDN,4,fonts.googleapis.com();fonts.gstatic.com();gmpg.org();maxcdn.bootstrapcdn.com(),0,0,0,0,,0,False
www.alta-rocca.com,Levie,2A,00b4106d-21c4-4544-a4e8-2cd16e80491e,200,,6,altro_terzo_parte;analytics;cdn_font,fonts.axept.io;fonts.googleapis.com;fonts.gstatic.com;gmpg.org;static.axept.io;www.googletagmanager.com,https://fonts.axept.io;Google;Google;https://gmpg.org/xfn/11;https://static.axept.io;Google,6,fonts.axept.io();fonts.googleapis.com();fonts.gstatic.com();gmpg.org();static.axept.io();www.googletagmanager.com(),0,0,0,0,,0,False
www.st-pardon-de-conques.fr,Saint-Pardon-de-Conques,33,00b5739d-f6ff-420a-9244-749e0f01773c,200,,1,cdn_font,use.fontawesome.com,Font Awesome,1,use.fontawesome.com(),0,1,1,0,,0,False
www.zoufftgen.fr,Zoufftgen,57,00b71c98-8ed9-4177-9bf7-d2092412ef5f,403,,1,cdn_font,fonts.googleapis.com,Google,1,fonts.googleapis.com(),0,0,0,0,,0,False
mairie-gros-chastang.fr,Gros-Chastang,19,00b905c5-5c01-4afa-a74d-375c89697675,200,,4,altro_terzo_parte;cdn_font,fonts.googleapis.com;fonts.gstatic.com;gmpg.org;votre-commune.inforoutes.fr,Google;Google;http://gmpg.org/xfn/11;https://votre-commune.inforoutes.fr/wp-content/themes/twentyseventeen-child/assets/images/logo-campagnol-2023.png,4,fonts.googleapis.com();fonts.gstatic.com();gmpg.org();votre-commune.inforoutes.fr(),0,0,0,0,,0,False
www.haulchin.fr,Haulchin,59,00ba47dc-a917-45da-9ec3-8715e8ad8e31,200,,1,altro_terzo_parte,v.rvvn.org,https://v.rvvn.org/js/?idsite=174&rec=1,1,v.rvvn.org(),0,1,0,0,,1,False
hautsdefrance.cci.fr,Saint-Quentin,02,00bdf2f9-9724-4171-83d8-a08b338953b5,200,,5,altro_terzo_parte;cdn_font,cdnjs.cloudflare.com;dc.ads.linkedin.com;fonts.googleapis.com;tracker.quadran.eu;www.facebook.com,Cloudflare;https://dc.ads.linkedin.com/collect/?pid=194753&fmt=gif;Google;https://tracker.quadran.eu/qa-combined.js;https://www.facebook.com/tr?id=134277624040744&ev=PageView&noscript=1,5,cdnjs.cloudflare.com();dc.ads.linkedin.com();fonts.googleapis.com();tracker.quadran.eu();www.facebook.com(),0,2,0,0,,2,False
www.pays-de-la-loire.developpement-durable.gouv.fr,Saint-Barthélémy-d'Anjou,49,00bfd8ab-8721-4db6-92fc-bd23a68f2b13,200,,1,altro_terzo_parte,purl.org,http://purl.org/dc/terms/,1,purl.org(),0,1,0,0,,1,False
www.csn.notaires.fr,Toulon,83,00c69961-4f82-4a00-94ae-3a18fca4d97b,200,,0,,,,0,,0,0,0,0,,0,False
rosieres-en-haye.fr,Rosières-en-Haye,54,00c81048-188c-49f2-a5d6-a942132573dc,200,,3,altro_terzo_parte;cdn_font,cdnjs.cloudflare.com;code.jquery.com;maxcdn.bootstrapcdn.com,Cloudflare;https://code.jquery.com/jquery-3.3.1.min.js;BootstrapCDN,3,cdnjs.cloudflare.com();code.jquery.com();maxcdn.bootstrapcdn.com(),0,1,1,0,,0,False
montrecourt.fr,Montrécourt,59,00c8e245-f83e-49e8-a17c-66dbd8646be5,200,,1,cdn_font,unpkg.com,unpkg,1,unpkg.com(),0,0,0,0,,0,False
www.cdad-pasdecalais.justice.fr,BAPAUME,62,00c9bd78-cac7-495e-a429-f910eecf572d,200,,1,cdn_font,cdn.jsdelivr.net,jsDelivr,1,cdn.jsdelivr.net(),0,1,1,0,,0,False
www.credit-municipal-nimes.fr,Nîmes,30,00ca594d-96f8-4b56-8aba-332ee6136719,200,,3,altro_terzo_parte;analytics,gmpg.org;www.facebook.com;www.googletagmanager.com,https://gmpg.org/xfn/11;https://www.facebook.com/tr?id=1132544945610467&ev=PageView&noscript=1;Google,3,gmpg.org();www.facebook.com();www.googletagmanager.com(),0,0,0,0,,0,False
www.isula.corsica,Ajaccio,2A,00ca62e4-5ac8-4607-a80d-0a1856260cd8,200,,1,cdn_font,fonts.googleapis.com,Google,1,fonts.googleapis.com(),0,0,0,0,,0,False
www.petit-rederching.fr,Petit-Réderching,57,00cdf91e-9eb9-4920-8b59-052ec959be69,200,,0,,,,0,,0,1,0,0,,1,False
www.mairie-tonneins.fr,Tonneins,47,00ce7f69-ae2f-4e69-b841-a959f69284fa,200,,1,altro_terzo_parte,a9.com,http://a9.com/-/spec/opensearch/1.1/,1,a9.com(),0,0,0,0,,0,False
www.thouare.fr,Thouaré-sur-Loire,44,00d09a69-0c1e-4a56-9bdc-f8f9a02ceec9,418,,1,cdn_font,fonts.googleapis.com,Google,1,fonts.googleapis.com(),0,5,0,0,,5,False
saintsulpicedefaleyrens.com,Saint-Sulpice-de-Faleyrens,33,00d163c2-7e7d-4cc0-ad79-84bed8cb7720,200,,4,altro_terzo_parte;captcha;cdn_font,cdn.jsdelivr.net;hcaptcha.com;kit.fontawesome.com;www.google.com,jsDelivr;hCaptcha;https://kit.fontawesome.com/5fee8ec5f2.js;Google,4,cdn.jsdelivr.net();hcaptcha.com();kit.fontawesome.com();www.google.com(),0,0,0,0,,0,False
www.mltouraine.com,Tours,37,00d27ccf-45fe-4100-bfcf-890c44e216fb,200,,4,analytics;captcha;cdn_font,connect.facebook.net;fonts.googleapis.com;use.fontawesome.com;www.google.com,Meta;Google;Font Awesome;Google,4,connect.facebook.net();fonts.googleapis.com();use.fontawesome.com();www.google.com(),0,4,2,0,,2,False
www.cdad07.fr,LA VOULTE-SUR-RHÔNE,07,00d42c00-44b8-49bb-8f44-a48640b15d6f,200,,2,altro_terzo_parte;cdn_font,cdnjs.cloudflare.com;gmpg.org,Cloudflare;http://gmpg.org/xfn/11,2,cdnjs.cloudflare.com();gmpg.org(),0,0,0,0,,0,False
www.gendarmerie.interieur.gouv.fr,Vic-le-Comte,63,00d585d2-a6e9-4ea0-9bc3-d31a556694fc,,ConnectionError,0,,,,,,,0,0,0,,0,False
www.association-saintmartin.fr,Digne-les-Bains,04,00d5e309-cb34-4412-acc9-18e1c77f3405,200,,5,altro_terzo_parte;cdn_font;sdk_generico,aalwufdtkq.cloudimg.io;bftdpvisgnohupscxqfa.supabase.co;fonts.googleapis.com;kit.fontawesome.com;storage.googleapis.com,Google;https://bftdpvisgnohupscxqfa.supabase.co/storage/v1/object/public/sdk/dist-sdk.js;Google;https://kit.fontawesome.com/f5ed9a0873.js;Google,5,aalwufdtkq.cloudimg.io();bftdpvisgnohupscxqfa.supabase.co();fonts.googleapis.com();kit.fontawesome.com();storage.googleapis.com(),0,0,0,0,,0,False
www.pour-les-personnes-agees.gouv.fr,Digne-les-Bains,04,00d5e309-cb34-4412-acc9-18e1c77f3405,200,,3,altro_terzo_parte,app-script.monsido.com;cdn-eu.readspeaker.com;siteimproveanalytics.com,https://app-script.monsido.com/v2/monsido-script.js;http://cdn-eu.readspeaker.com/script/7866/webReader/r/r2728/ReadSpeaker.Styles.css?v=3.8.7.2728;https://siteimproveanalytics.com/js/siteanalyze_6134497.js,3,app-script.monsido.com();cdn-eu.readspeaker.com();siteimproveanalytics.com(),0,1,0,0,,1,False
cma-nouvelleaquitaine.fr,Poitiers,86,00d64c74-de04-4279-a7f7-53170254144d,200,,5,altro_terzo_parte;analytics;captcha,0sk2.mj.am;app.mailjet.com;challenges.cloudflare.com;genii-script.tolk.ai;www.googletagmanager.com,https://0sk2.mj.am/wgt/0sk2/x0v1/form?c=43583c59;https://app.mailjet.com/pas-nc-embedded-v1.js;Cloudflare;https://genii-script.tolk.ai/lightchat.js;Google,5,0sk2.mj.am();app.mailjet.com();challenges.cloudflare.com();genii-script.tolk.ai();www.googletagmanager.com(),0,0,0,0,,0,False
78-92.fr,Levallois-Perret,92,00d68a07-fb0d-4c44-af7b-e6c96e3347f3,200,,4,cdn_font;sdk_generico;video,ajax.googleapis.com;cdnjs.cloudflare.com;player.vimeo.com;stackpath.bootstrapcdn.com,Google;Cloudflare;Vimeo;BootstrapCDN,4,ajax.googleapis.com();cdnjs.cloudflare.com();player.vimeo.com();stackpath.bootstrapcdn.com(),0,0,0,0,,0,False
www.rdv-solidarites.fr,Levallois-Perret,92,00d68a07-fb0d-4c44-af7b-e6c96e3347f3,200,,0,,,,0,,0,1,0,0,,1,False
cdad-ain.fr,BOURG EN BRESSE,01,00d77ccc-a7c7-4a89-8447-39913590d21f,200,,8,altro_terzo_parte;analytics;cdn_font;sdk_generico;video,ajax.googleapis.com;cdad-ca-lyon.fr;cdn.jsdelivr.net;code.jquery.com;maxcdn.bootstrapcdn.com;www.google.com;www.googletagmanager.com;www.youtube.com,Google;https://cdad-ca-lyon.fr/uploads/vignette_actu/20260402093210.jpg;jsDelivr;https://code.jquery.com/ui/1.13.1/themes/base/jquery-ui.css;BootstrapCDN;https://www.google.com/maps/embed?pb=!1m18!1m12!1m3!1d1391.7689545452442!2d4.847133561564143!3d45.7604090857922!2m3!1f0!2f0!3f0!3m2!1i1024!2i768!4f13.1!3m3!1m2!1s0x47f4eb7dbac2152f%3A0x8be8f36d32988e5e!2sConseil%20d%C3%A9partemental%20de%20l'acc%C3%A8s%20au%20droit%20au%20Tribunal%20de%20grande%20instance!5e0!3m2!1sfr!2sfr!4v1666860630457!5m2!1sfr!2sfr;Google;Google,8,ajax.googleapis.com();cdad-ca-lyon.fr();cdn.jsdelivr.net();code.jquery.com();maxcdn.bootstrapcdn.com();www.google.com();www.googletagmanager.com();www.youtube.com(),0,0,0,0,,0,False
www.yvelines.gouv.fr,Rambouillet,78,00da594e-60ff-4590-928e-8b09065d7276,,ConnectionError,0,,,,,,,0,0,0,,0,False
www.unaf.fr,Maubeuge,59,00ddbb39-29c1-44d5-ace5-4d1d7992ce04,200,,3,analytics;cdn_font;video,fonts.gstatic.com;player.vimeo.com;www.googletagmanager.com,Google;Vimeo;Google,3,fonts.gstatic.com();player.vimeo.com();www.googletagmanager.com(),0,0,0,0,,0,False
www.pour-les-personnes-agees.gouv.fr,Reygade,19,00df164c-39ec-48c5-afb3-7881878b7126,200,,3,altro_terzo_parte,app-script.monsido.com;cdn-eu.readspeaker.com;siteimproveanalytics.com,https://app-script.monsido.com/v2/monsido-script.js;http://cdn-eu.readspeaker.com/script/7866/webReader/r/r2728/ReadSpeaker.Styles.css?v=3.8.7.2728;https://siteimproveanalytics.com/js/siteanalyze_6134497.js,3,app-script.monsido.com();cdn-eu.readspeaker.com();siteimproveanalytics.com(),0,1,0,0,,1,False
www.ac-orleans-tours.fr,Areines,41,00dfcd3b-8581-46b0-ab82-1bd3d342da7a,403,,0,,,,0,,0,0,0,0,,0,True
www.gendarmerie.interieur.gouv.fr,Ambarès-et-Lagrave,33,00e09c08-82b1-400a-a7e9-7a8fcae34e57,,ConnectionError,0,,,,,,,0,0,0,,0,False
fontenelle.fr,Fontenelle,90,00e17d85-0ced-4e30-aac4-f164cac6ec0e,200,,3,altro_terzo_parte;cdn_font,fontend.cluster030.hosting.ovh.net;fonts.googleapis.com;gmpg.org,http://fontend.cluster030.hosting.ovh.net/wp-content/plugins/burger-companion/inc/owlpress/images/features/feature_bg01.png;Google;https://gmpg.org/xfn/11,3,fontend.cluster030.hosting.ovh.net();fonts.googleapis.com();gmpg.org(),0,0,0,0,,0,False
www.forpro-creteil.org,Vitry-sur-Seine,94,00e2a76d-2c25-4ccc-8b61-94b355523a41,,ConnectTimeout,0,,,,,,,0,0,0,,0,False
www.ain.fr,Bourg-en-Bresse,01,00e3e79d-caa0-44cb-8212-4ccb20db66ef,200,,1,altro_terzo_parte,upload.wikimedia.org,https://upload.wikimedia.org/wikipedia/fr/d/dd/Logo_Ain_2018.svg,1,upload.wikimedia.org(),0,0,0,0,,0,False
lercoul-09.fr,Lercoul,09,00e4c0a6-2afd-4c4b-9bf1-d2d3d5eeee8d,200,,3,altro_terzo_parte;cdn_font,fonts.googleapis.com;gmpg.org;use.fontawesome.com,Google;http://gmpg.org/xfn/11;Font Awesome,3,fonts.googleapis.com();gmpg.org();use.fontawesome.com(),0,0,0,0,,0,False
www.cdad-nord.justice.fr,WATTRELOS,59,00e63bdd-fd68-452d-b5ef-4f14e7b09397,200,,2,altro_terzo_parte;cdn_font,cdn.jsdelivr.net;www.google.com,jsDelivr;https://www.google.com/maps/d/embed?mid=1sIoTbn0-GVxPqZNAWay14WNE9tA,2,cdn.jsdelivr.net();www.google.com(),0,1,1,0,,0,False
www.montpellier-jeunes-emploi.fr,Montpellier,34,00e70922-2943-4af1-8ea7-66e59b8ad04d,,ConnectTimeout,0,,,,,,,0,0,0,,0,False
www.jura.cci.fr,Lons-le-Saunier,39,00e79902-9a62-4e3f-87df-552e2ee636d7,403,,0,,,,0,,0,1,0,0,,1,True
www.mairie-anse.fr,Anse,69,00e7de19-e262-4ce8-b43f-b391eeb67abf,200,,0,,,,0,,0,1,1,0,,0,False
www.roye.eu,Roye,80,00e82c7d-fdf6-4507-b4c5-3731e2b0e535,200,,1,cdn_font,fonts.googleapis.com,Google,1,fonts.googleapis.com(),0,2,1,0,,1,False
villagebeauvoir60.fr,Beauvoir,60,00e87108-1339-49e9-8864-759f95a2cf91,200,,5,altro_terzo_parte;captcha;cdn_font,cdnjs.cloudflare.com;fonts.googleapis.com;fonts.gstatic.com;js.hcaptcha.com;static.neopse.com,Cloudflare;Google;Google;hCaptcha;https://static.neopse.com/thumbs/p/2320/site/f6/bd/bb/f6bdbbf4ddaf8107dbf3d0acab8dfc75cf614c17.png?v=v1,5,cdnjs.cloudflare.com();fonts.googleapis.com();fonts.gstatic.com();js.hcaptcha.com();static.neopse.com(),0,0,0,0,,0,False
certines.grandbourg.fr,Certines,01,00ed650a-5747-46e3-9e77-51e157449215,200,,0,,,,0,,0,1,1,0,,0,False
www.france-services.gouv.fr,Montsauche-les-Settons,58,00f0dff5-fecc-4311-b06a-0de06a46c0ec,,ConnectionError,0,,,,,,,0,0,0,,0,False
www.pas-de-calais.gouv.fr,Arras,62,00f2d2ab-bc14-4b38-9891-c9410e9e8e8d,,ConnectionError,0,,,,,,,0,0,0,,0,False
www.terredes2caps.fr,Marquise,62,00f5bbfd-f0d5-49bd-9b33-abda3aa5aab3,200,,2,altro_terzo_parte;sdk_generico,webchat.wikit.ai;www.gstatic.com,https://webchat.wikit.ai/webchat-embed.js;Google,2,webchat.wikit.ai();www.gstatic.com(),0,0,0,0,,0,False
www.grandlyon.com,Feyzin,69,00fa2324-c030-46df-ac51-37bf77d06580,200,,0,,,,0,,0,0,0,0,,0,False
www.education.gouv.fr,Saint-Flour,15,00fac0d6-f1c3-42b1-a8be-4aab3dd133ec,403,,0,,,,0,,0,0,0,0,,0,True
www.ajoca.fr,Lannion,22,00fac585-cbfb-43e1-942f-c6563f167bb6,200,,8,altro_terzo_parte;cdn_font,cdn.jsdelivr.net;cdnjs.cloudflare.com;code.jquery.com;consent.oui.it.com;follow.oui.it.com;fonts.googleapis.com;fonts.gstatic.com;unpkg.com,jsDelivr;Cloudflare;https://code.jquery.com/jquery-3.7.1.min.js?f85e1d;https://consent.oui.it.com/v1/consentkit.js;https://follow.oui.it.com/script.js;Google;Google;unpkg,8,cdn.jsdelivr.net();cdnjs.cloudflare.com();code.jquery.com();consent.oui.it.com();follow.oui.it.com();fonts.googleapis.com();fonts.gstatic.com();unpkg.com(),0,1,0,0,,1,False
www.saint-amand-sur-fion.fr,Saint-Amand-sur-Fion,51,00fba191-6985-4912-b589-5a7eed5fe269,200,,5,altro_terzo_parte;captcha;cdn_font,cdnjs.cloudflare.com;fonts.googleapis.com;fonts.gstatic.com;js.hcaptcha.com;static.neopse.com,Cloudflare;Google;Google;hCaptcha;https://static.neopse.com/medias/p/3903/site/6f/2e/0c/6f2e0caaf3108f93fbecd83980d7a88e28cef540.png,5,cdnjs.cloudflare.com();fonts.googleapis.com();fonts.gstatic.com();js.hcaptcha.com();static.neopse.com(),0,0,0,0,,0,False
www.douane.gouv.fr,La Roche-sur-Yon,85,00fbb9c2-d018-4b9a-ae3f-b7fa9d1efca7,200,,0,,,,0,,0,1,0,0,,1,False
www.mairiesaintantoninsurbayon.fr,Saint-Antonin-sur-Bayon,13,00fbd6d6-89a6-4509-a0b5-51299b7750d1,200,,2,altro_terzo_parte;cdn_font,fonts.googleapis.com;s.w.org,Google;https://s.w.org,2,fonts.googleapis.com();s.w.org(),0,0,0,0,,0,False
www.ville-cesson.fr,Cesson,77,00fbd9e4-8590-45d1-9df9-1c46cc363d19,200,,0,,,,0,,0,0,0,0,,0,False
www.gers.fr,Auch,32,00fc8294-eea2-40cf-883f-f7c37e95dd4f,200,,1,cdn_font,cdnjs.cloudflare.com,Cloudflare,1,cdnjs.cloudflare.com(),0,0,0,0,,0,False
france-renov.gouv.fr,Auch,32,00fc8294-eea2-40cf-883f-f7c37e95dd4f,200,,0,,,,0,,0,2,0,0,,2,False
www.gendarmerie.interieur.gouv.fr,Concarneau,29,00fedf17-faf6-43f1-9463-2bd413b2fb06,,ConnectionError,0,,,,,,,0,0,0,,0,False
www.merkwiller-pechelbronn.com,Merkwiller-Pechelbronn,67,010176c6-0464-403f-8f18-076d724c530b,500,,0,,,,0,,0,1,0,0,,1,False
www.masecurite.interieur.gouv.fr,Les Ulis,91,0101e4f9-d020-4739-833f-727d17eb1950,200,,1,altro_terzo_parte,cdn.tagcommander.com,https://cdn.tagcommander.com/6351/tc_moncommissariat_20.js,1,cdn.tagcommander.com(),0,0,0,0,,0,False
www.france-services.gouv.fr,Brécey,50,010261a9-bc34-4f2d-8888-45b939791a95,,ConnectionError,0,,,,,,,0,0,0,,0,False
missionslocales-bfc.fr,Beaune,21,01058c31-0b89-40d5-9632-986575c0bf6c,200,,3,altro_terzo_parte,scontent-cdg4-1.xx.fbcdn.net;scontent-cdg4-3.xx.fbcdn.net;scontent-cdg6-1.xx.fbcdn.net,https://scontent-cdg4-1.xx.fbcdn.net/v/t39.30808-1/420019665_669121118767137_2610174004618896914_n.jpg?stp=cp0_dst-jpg_s50x50_tt6&_nc_cat=108&ccb=1-7&_nc_sid=f907e8&_nc_ohc=6PwyGjxRB_sQ7kNvwGs9Hl8&_nc_oc=AdquIyMRgNaNW8MttFy0AHi5IZVmS57gwP2CLmDssmimz8FVf5-nOGg4i1KAxuImgGQ&_nc_zt=24&_nc_ht=scontent-cdg4-1.xx&edm=AKIiGfEEAAAA&_nc_gid=CuuwObo21M0FHATr_J7jeg&_nc_tpa=Q5bMBQK0zwyhF6BOtv39diZVzauRoebKaIUZzGYOn83zBA3uwgSA9OMalbDzK1lu4nrLVhjaaeCvspvXPQ&oh=00_AQLhg07SUqehAVepoWIWiRUpfOyak_BXoavcz4jpq64DCA&oe=6AAEF69C;https://scontent-cdg4-3.xx.fbcdn.net/v/t39.30808-1/491368066_1429231798350265_7083813914364638365_n.jpg?stp=cp0_dst-jpg_s50x50_tt6&_nc_cat=110&ccb=1-7&_nc_sid=f907e8&_nc_ohc=jLewITMfAaUQ7kNvwE36EuC&_nc_oc=AdqHXik3AtmXjGMTA6SBuLPptHWcH6s0zrCX72Sg4fugH4P7A4Xvv0elwycZYK0zGR8&_nc_zt=24&_nc_ht=scontent-cdg4-3.xx&edm=AKIiGfEEAAAA&_nc_gid=j8CaszUHH2VknNZn-ee3ZA&_nc_tpa=Q5bMBQL8i3rLixYnWhtkuPHLz66OX5t_rJT6jxFDUt-e74kpP98AvArxMIxubh3371LA-FdYaSAEPeXvZg&oh=00_AQJPSnVWyMzmyQ_c23dqGj0OprN3-Fcp7P9v31a81FQ-TQ&oe=6AAF0DF6;https://scontent-cdg6-1.xx.fbcdn.net/v/t39.30808-1/241191481_1212617755819000_8116751274586276328_n.png?stp=cp0_dst-png_s50x50&_nc_cat=103&ccb=1-7&_nc_sid=f907e8&_nc_ohc=2StYSJ5UBI0Q7kNvwHjAyUQ&_nc_oc=Ado5PUoe-l7b91BEIjnIyAm76TZdlCVBujaa9pet5HMl8VLtNlRUi2DSFEjTrn_jDuY&_nc_zt=24&_nc_ht=scontent-cdg6-1.xx&edm=AKIiGfEEAAAA&_nc_gid=zsXpim9IpAIV7YCp3c8Jtg&_nc_tpa=Q5bMBQJAOPmmtRp2jLhiRV5iQbAbQgO2WGVDD0tnNM0-TaXX-BryeSmt9uoawgyvzAJMWq2G_GAMyk-0LA&oh=00_AQLYfakOXJ8UAeraUm2A2X0C47CW1JglX7e3fwWJb6rDXw&oe=6AAF10EA,2,scontent-cdg4-1.xx.fbcdn.net();scontent-cdg4-3.xx.fbcdn.net(),0,0,0,0,,0,False
ville-de-chauray.fr,Chauray,79,0105ca41-ae42-41f0-99de-a42cc5beeb56,200,,2,altro_terzo_parte;cdn_font,fonts.googleapis.com;gmpg.org,Google;https://gmpg.org/xfn/11,2,fonts.googleapis.com();gmpg.org(),0,0,0,0,,0,False
www.france-services.gouv.fr,Mulhouse,68,0106259f-9fad-4c63-879e-92b9d455b35d,,ConnectionError,0,,,,,,,0,0,0,,0,False
www.ecologie.gouv.fr,Colombier-Saugnieu,69,01064ba2-21a7-46a2-8334-9a9f8c1e15ea,200,,0,,,,0,,0,0,0,0,,0,False
machemont.fr,Machemont,60,01071888-879c-42f0-803d-ecb9d1b622f7,200,,2,altro_terzo_parte;cdn_font,fonts.googleapis.com;gmpg.org,Google;http://gmpg.org/xfn/11,2,fonts.googleapis.com();gmpg.org(),0,0,0,0,,0,False
www.ceilloux.fr,Ceilloux,63,010772ad-a145-4758-ad05-da797b1e7e81,200,,0,,,,0,,0,0,0,0,,0,False
www.hautes-alpes.fr,Gap,05,01080170-68f5-4bc8-9b4e-870634d2c34f,200,,2,altro_terzo_parte;captcha,cdn.by.wonderpush.com;hcaptcha.com,https://cdn.by.wonderpush.com/sdk/1.1/wonderpush-loader.min.js;hCaptcha,2,cdn.by.wonderpush.com();hcaptcha.com(),0,0,0,0,,0,False
www.cicas.agirc-arrco.fr,Charleville-Mézières,08,01080c41-c155-4d19-bc49-57d4e2cb1241,200,,2,cdn_font,fonts.googleapis.com;fonts.gstatic.com,Google;Google,2,fonts.googleapis.com();fonts.gstatic.com(),0,0,0,0,,0,False
www.remigny.fr,Remigny,71,0109c496-44aa-4938-af91-d7f568225e03,200,,2,altro_terzo_parte;cdn_font,fonts.googleapis.com;gmpg.org,Google;https://gmpg.org/xfn/11,2,fonts.googleapis.com();gmpg.org(),0,0,0,0,,0,False
www.valromey-sur-seran.fr,Valromey-sur-Séran,01,010bc821-195d-4b2b-acae-7484f098b046,200,,4,altro_terzo_parte;cdn_font,campagnolv2-2.campagnol.fr;fonts.googleapis.com;fonts.gstatic.com;gmpg.org,https://campagnolv2-2.campagnol.fr/wp-content/themes/twentyseventeen-child/assets/images/logo-campagnol-2023.png;Google;Google;http://gmpg.org/xfn/11,4,campagnolv2-2.campagnol.fr();fonts.googleapis.com();fonts.gstatic.com();gmpg.org(),0,0,0,0,,0,False
www.villiersenlieu.fr,Villiers-en-Lieu,52,010c6500-f194-4dfc-b887-d90712c0537e,200,,3,altro_terzo_parte;analytics;sdk_generico,ajax.googleapis.com;code.jquery.com;www.googletagmanager.com,Google;https://code.jquery.com/jquery-latest.min.js;Google,3,ajax.googleapis.com();code.jquery.com();www.googletagmanager.com(),0,1,1,0,,0,False
www.rouffignac17.fr,Rouffignac,17,01135e18-7971-4849-8c87-a850ce516728,,ConnectTimeout,0,,,,,,,0,0,0,,0,False
www.harbonnieres.fr,Harbonnières,80,01140fab-32a4-4b20-a770-4de09570ad26,200,,3,altro_terzo_parte;cdn_font,fonts.googleapis.com;gmpg.org;platform-api.sharethis.com,Google;https://gmpg.org/xfn/11;https://platform-api.sharethis.com,3,fonts.googleapis.com();gmpg.org();platform-api.sharethis.com(),0,0,0,0,,0,False
mirepeisset.fr,Mirepeisset,11,01153e46-95d1-422e-b778-15a9a5d30645,200,,6,altro_terzo_parte;cdn_font,c0.wp.com;fonts.googleapis.com;fonts.gstatic.com;i0.wp.com;static.xx.fbcdn.net;stats.wp.com,https://c0.wp.com/p/jetpack/11.8.6/css/jetpack.css;Google;Google;https://i0.wp.com/mirepeisset.fr/wp-content/uploads/2022/10/plan-village-verso.jpg?resize=1080%2C723&ssl=1;https://static.xx.fbcdn.net/images/emoji.php/v9/tbd/2/16/1f33f.png;https://stats.wp.com/e-202638.js,6,c0.wp.com();fonts.googleapis.com();fonts.gstatic.com();i0.wp.com();static.xx.fbcdn.net();stats.wp.com(),0,0,0,0,,0,False
www.mairie-marsanne.fr,Marsanne,26,0115be34-9d65-445e-ae24-1405e2a74a2b,200,,0,,,,0,,0,1,0,0,,1,False
www.fontainesenbourgogne.fr,Fontaines,71,011679ef-1a50-4808-b3d4-0a9f169a94e2,200,,2,altro_terzo_parte;cdn_font,unpkg.com;web-suivis.arnia-bfc.fr,unpkg;https://web-suivis.arnia-bfc.fr/piwik.php?idsite=1174&rec=1&url=https://fontainesenbourgogne.fr/,2,unpkg.com();web-suivis.arnia-bfc.fr(),0,0,0,0,,0,False
www.adswf.fr,Wallis-et-Futuna,986,0116dc54-0b12-4504-ab5c-7d66c17e823e,200,,2,altro_terzo_parte;cdn_font,fd.cleantalk.org;fonts.googleapis.com,https://fd.cleantalk.org;Google,2,fd.cleantalk.org();fonts.googleapis.com(),0,1,1,0,,0,False
www.ameli.fr,Saint-Laurent-du-Maroni,973,0117c8be-6d5d-4efd-82b9-1ff6b3733969,200,,3,altro_terzo_parte;analytics;cdn_font,cdn.jsdelivr.net;tag.aticdn.net;www.googletagmanager.com,jsDelivr;https://tag.aticdn.net/piano-analytics.js;Google,3,cdn.jsdelivr.net();tag.aticdn.net();www.googletagmanager.com(),0,0,0,0,,0,False
forum-assures.ameli.fr,Saint-Laurent-du-Maroni,973,0117c8be-6d5d-4efd-82b9-1ff6b3733969,200,,5,altro_terzo_parte;cdn_font,d350tqmxm801hs.cloudfront.net;dimelo-answers-production.s3.eu-west-1.amazonaws.com;dimelo-users-production.s3.amazonaws.com;dimelo.s3.amazonaws.com;fonts.googleapis.com,https://d350tqmxm801hs.cloudfront.net/production/ameli-forum/images/refonte-identite-2022/logo_forum-ameli.svg?1649083461;https://dimelo-answers-production.s3.eu-west-1.amazonaws.com/291/a2635c8ee1bec415/170413152806_5f8b2eb0d19885b6b8d6226fe9d6780e_original.png?7cc8cfd;https://dimelo-users-production.s3.amazonaws.com/identity_avatars/bdea85ceb7d562ab/avatar_x-large.png?7cc8cfd;https://dimelo.s3.amazonaws.com/custom-v2/ameli/tarteaucitron/tarteaucitron.js;Google,5,d350tqmxm801hs.cloudfront.net();dimelo-answers-production.s3.eu-west-1.amazonaws.com();dimelo-users-production.s3.amazonaws.com();dimelo.s3.amazonaws.com();fonts.googleapis.com(),0,1,0,0,,1,False
www.impots.gouv.fr,Saint-Alban,31,011a1aba-1403-4490-8f42-42583b5aa800,200,,0,,,,0,,0,0,0,0,,0,False
www.fontaine-les-coteaux.fr,Fontaine-les-Coteaux,41,011a6314-32d5-467c-903e-e9502d167473,200,,1,altro_terzo_parte,gmpg.org,https://gmpg.org/xfn/11,1,gmpg.org(),0,0,0,0,,0,False
commune-de-banteux.neopse-site.com,Banteux,59,011c138d-dfb1-4de3-9829-a49b2baec99a,200,,5,altro_terzo_parte;captcha;cdn_font,cdnjs.cloudflare.com;fonts.googleapis.com;fonts.gstatic.com;js.hcaptcha.com;static.neopse.com,Cloudflare;Google;Google;hCaptcha;https://static.neopse.com/assets/img/googleplay.png,5,cdnjs.cloudflare.com();fonts.googleapis.com();fonts.gstatic.com();js.hcaptcha.com();static.neopse.com(),0,0,0,0,,0,False
station.illiwap.com,Auxelles-Bas,90,011c1dbc-298f-48b7-aa74-b8b47acab459,200,,3,altro_terzo_parte;cdn_font;sdk_generico,ajax.googleapis.com;cdn.jsdelivr.net;ga.jspm.io,Google;jsDelivr;https://ga.jspm.io/npm:es-module-shims@1.10.0/dist/es-module-shims.js,3,ajax.googleapis.com();cdn.jsdelivr.net();ga.jspm.io(),0,0,0,0,,0,False
www.peyrusse-le-roc.fr,Peyrusse-le-Roc,12,011dc7a3-cbd9-49de-968f-a476b8c6286e,200,,5,altro_terzo_parte;analytics;cdn_font,fonts.googleapis.com;gmpg.org;matomo.monsitecommunal.fr;medias.hit.enaveyron.fr;www.googletagmanager.com,Google;https://gmpg.org/xfn/11;https://matomo.monsitecommunal.fr;https://medias.hit.enaveyron.fr/fiches/94945/images/1346115_cefae667-3036-4705-9ff0-20ce01eac73f/600.webp;Google,5,fonts.googleapis.com();gmpg.org();matomo.monsitecommunal.fr();medias.hit.enaveyron.fr();www.googletagmanager.com(),0,0,0,0,,0,False
lapagelocale.fr,Pontiacq-Viellepinte,64,011e2d9d-38d7-47d2-8883-66948db2c960,200,,2,altro_terzo_parte;cdn_font,code.jquery.com;fonts.googleapis.com,https://code.jquery.com/jquery-1.11.1.min.js;Google,2,code.jquery.com();fonts.googleapis.com(),0,0,0,0,,0,False
www.impots.gouv.fr,Nice,06,011ed7ed-58e7-480d-b861-7572c2d7f893,200,,0,,,,0,,0,0,0,0,,0,False
www.corse-du-sud.gouv.fr,Ajaccio,2A,01203cad-7d17-49c7-96ce-9fdc48ee3cef,,ConnectionError,0,,,,,,,0,0,0,,0,False
www.departement06.fr,Nice,06,01204095-eb69-460f-bad0-9668667687f4,200,,2,altro_terzo_parte,translate.google.com;webchat.wikit.ai,https://translate.google.com/translate_a/element.js?cb=googleTranslateElementInit2;https://webchat.wikit.ai/webchat-embed.js,2,translate.google.com();webchat.wikit.ai(),0,0,0,0,,0,False
archives06.fr,Nice,06,01204095-eb69-460f-bad0-9668667687f4,200,,0,,,,0,,0,2,0,0,,2,False
www.somme.fr,Montdidier,80,0120a0a5-94e2-4d93-a55b-5cbf9f91c4ba,403,,0,,,,0,,0,0,0,0,,0,True
www.pour-les-personnes-agees.gouv.fr,Montdidier,80,0120a0a5-94e2-4d93-a55b-5cbf9f91c4ba,200,,3,altro_terzo_parte,app-script.monsido.com;cdn-eu.readspeaker.com;siteimproveanalytics.com,https://app-script.monsido.com/v2/monsido-script.js;http://cdn-eu.readspeaker.com/script/7866/webReader/r/r2728/ReadSpeaker.Styles.css?v=3.8.7.2728;https://siteimproveanalytics.com/js/siteanalyze_6134497.js,3,app-script.monsido.com();cdn-eu.readspeaker.com();siteimproveanalytics.com(),0,1,0,0,,1,False
cizay-la-madeleine.fr,Cizay-la-Madeleine,49,01210d76-0cc3-4ab2-9179-b6845e60d968,200,,5,altro_terzo_parte;cdn_font,campagnolv2-1.campagnol.fr;fonts.googleapis.com;fonts.gstatic.com;gmpg.org;www.google.com,https://campagnolv2-1.campagnol.fr/wp-content/themes/twentyseventeen-child/assets/images/logo-campagnol-2023.png;Google;Google;http://gmpg.org/xfn/11;https://www.google.com/maps/embed?pb=!1m18!1m12!1m3!1d43387.73863633739!2d-0.2184055069458787!3d47.182650951383366!2m3!1f0!2f0!3f0!3m2!1i1024!2i768!4f13.1!3m3!1m2!1s0x4807eda2f73e9cd5%3A0x40d37521e0d9670!2s49700%20Cizay-la-Madeleine!5e0!3m2!1sfr!2sfr!4v1602854249749!5m2!1sfr!2sfr,5,campagnolv2-1.campagnol.fr();fonts.googleapis.com();fonts.gstatic.com();gmpg.org();www.google.com(),0,0,0,0,,0,False
www.banyuls-sur-mer.com,Banyuls-sur-Mer,66,012142c3-364d-45b0-9796-3b3f0a932597,200,,8,altro_terzo_parte;analytics;cdn_font,api.cloudly.space;cache.consentframework.com;choices.consentframework.com;fonts.googleapis.com;fonts.gstatic.com;plausible.io;woody.cloudly.space;www.googletagmanager.com,https://api.cloudly.space/resize/cropratioresize/640/854/60/aHR0cHM6Ly9jZHQ2Ni5tZWRpYS50b3VyaW5zb2Z0LmV1L3VwbG9hZC9LRVItTE9VSVNFVFRFMDEuanBn/image.jpg;https://cache.consentframework.com;https://choices.consentframework.com;Google;Google;https://plausible.io/js/script.js;https://woody.cloudly.space;Google,8,api.cloudly.space();cache.consentframework.com();choices.consentframework.com();fonts.googleapis.com();fonts.gstatic.com();plausible.io();woody.cloudly.space();www.googletagmanager.com(),0,0,0,0,,0,False
france-renov.gouv.fr,Cornimont,88,01217e25-5bd3-47c1-a0cb-b3d889ddc024,200,,0,,,,0,,0,2,0,0,,2,False
mairie-martres-tolosane.fr,Martres-Tolosane,31,0121aef3-2394-4489-82c0-84b83dd31e0d,200,,3,altro_terzo_parte;analytics,cdn.by.wonderpush.com;gmpg.org;www.googletagmanager.com,https://cdn.by.wonderpush.com/sdk/1.1/wonderpush-loader.min.js;https://gmpg.org/xfn/11;Google,3,cdn.by.wonderpush.com();gmpg.org();www.googletagmanager.com(),0,0,0,0,,0,False
cauxetsauzens.org,Caux-et-Sauzens,11,0122986e-5bb0-41b8-ab76-7e3088a48dbc,200,,4,altro_terzo_parte;cdn_font,campagnolv2-2.campagnol.fr;fonts.googleapis.com;fonts.gstatic.com;gmpg.org,https://campagnolv2-2.campagnol.fr/wp-content/themes/twentyseventeen-child/assets/images/logo-campagnol-2023.png;Google;Google;http://gmpg.org/xfn/11,4,campagnolv2-2.campagnol.fr();fonts.googleapis.com();fonts.gstatic.com();gmpg.org(),0,0,0,0,,0,False
www.masecurite.interieur.gouv.fr,Saint-Lô,50,01239a02-9bad-44a0-99bd-5f30d0b4fbf0,200,,1,altro_terzo_parte,cdn.tagcommander.com,https://cdn.tagcommander.com/6351/tc_moncommissariat_20.js,1,cdn.tagcommander.com(),0,0,0,0,,0,False
www.savoie.fr,Chambéry,73,0123b8fa-3d14-4813-bacb-b62fff4a7204,200,,0,,,,0,,0,1,1,0,,0,False
www.associations-dunkerque.org,Dunkerque,59,0123e6e7-6e57-4c17-ae37-78f7e391357d,,ConnectionError,0,,,,,,,0,0,0,,0,False
www.montarnaud.com,Montarnaud,34,01248285-2756-4568-a5aa-5217d9ff879a,200,,3,altro_terzo_parte;cdn_font,cdnjs.cloudflare.com;gmpg.org;kit.fontawesome.com,Cloudflare;http://gmpg.org/xfn/11;https://kit.fontawesome.com,3,cdnjs.cloudflare.com();gmpg.org();kit.fontawesome.com(),0,0,0,0,,0,False
www.saint-christophe-du-bois.fr,Saint-Christophe-du-Bois,49,01251261-f02b-412f-80be-98641a6d5692,200,,5,altro_terzo_parte;cdn_font,def773hwqc19t.cloudfront.net;drfogfql429fi.cloudfront.net;files.appli-intramuros.com;fonts.googleapis.com;fonts.gstatic.com,https://def773hwqc19t.cloudfront.net/website/static/loupe.png;https://drfogfql429fi.cloudfront.net/intramuros-web/production/_next/static/css/6b832bb1d1f3a401.css;https://files.appli-intramuros.com/img/agglo_logo/collectivite/1481/da5393f5b8a90b1b7039a4609a17c738_cholet-agg.jpg;Google;Google,5,def773hwqc19t.cloudfront.net();drfogfql429fi.cloudfront.net(US);files.appli-intramuros.com();fonts.googleapis.com();fonts.gstatic.com(),0,0,0,0,,0,False
grand-langres.fr,Langres,52,01251cd6-df46-4602-a4b4-ade8b5aa5d97,200,,2,altro_terzo_parte;analytics,site43.ippac-prv-cs01.nfrance.net;www.googletagmanager.com,https://site43.ippac-prv-cs01.nfrance.net/grand-langres/wp-content/uploads/sites/2/2023/01/sites-petr-1024x1024.jpg;Google,1,www.googletagmanager.com(),1,0,0,0,,0,False
chassille.fr,Chassillé,72,0125710b-315d-4f43-9120-813d872f1687,,ConnectTimeout,0,,,,,,,0,0,0,,0,False
belleville-en-beaujolais.fr,Belleville-en-Beaujolais,69,01261a92-edae-4783-9c2d-ef135c1a4112,200,,4,cdn_font,cdn.jsdelivr.net;cdnjs.cloudflare.com;fonts.googleapis.com;fonts.gstatic.com,jsDelivr;Cloudflare;Google;Google,4,cdn.jsdelivr.net();cdnjs.cloudflare.com();fonts.googleapis.com();fonts.gstatic.com(),0,0,0,0,,0,False
www.france-services.gouv.fr,Valensole,04,01275332-2ce9-4df3-9f27-5c55c965efe4,,ConnectionError,0,,,,,,,0,0,0,,0,False
www.impots.gouv.fr,Pointe-à-Pitre,971,0127a1c3-ae46-4ced-8a97-aa57e1c7f783,200,,0,,,,0,,0,0,0,0,,0,False
www.france-services.gouv.fr,Merlevenez,56,01285ee4-5f70-46cb-b7e6-b3cbfd350801,,ConnectionError,0,,,,,,,0,0,0,,0,False
lescout.fr,Lescout,81,0129e2c2-3ba0-4c2a-995a-a6f1f7424d70,,ReadTimeout,0,,,,,,,0,0,0,,0,False
saintlaurentdupont.fr,Saint-Laurent-du-Pont,38,012a12dd-e814-40f2-b6ed-92edc52cf72d,200,,6,altro_terzo_parte;analytics;cdn_font,cdn.by.wonderpush.com;fonts.googleapis.com;fonts.gstatic.com;gmpg.org;www.google.com;www.googletagmanager.com,https://cdn.by.wonderpush.com;Google;Google;http://gmpg.org/xfn/11;https://www.google.com/maps/embed?pb=!1m18!1m12!1m3!1d49232.61004779434!2d5.723928051191155!3d45.394859224025474!2m3!1f0!2f0!3f0!3m2!1i1024!2i768!4f13.1!3m3!1m2!1s0x478afc0e9f9dd919%3A0xe90e3f10297eb2c0!2sMairie%20de%20Saint%20Laurent%20du%20Pont!5e0!3m2!1sfr!2sfr!4v1636466698822!5m2!1sfr!2sfr;Google,6,cdn.by.wonderpush.com();fonts.googleapis.com();fonts.gstatic.com();gmpg.org();www.google.com();www.googletagmanager.com(),0,0,0,0,,0,False
www.paris.fr,Paris,75,012a40e5-86cd-431f-9fc5-54826c4105bd,,ConnectionError,0,,,,,,,0,0,0,,0,False
www.touraine.fr,Chinon,37,012b74a9-6cc6-4b70-97c3-ef70f7d82281,200,,4,altro_terzo_parte;analytics;cdn_font,cdn1.readspeaker.com;code.jquery.com;fonts.googleapis.com;www.googletagmanager.com,https://cdn1.readspeaker.com/script/11977/webReader/webReader.js?pids=wr;https://code.jquery.com/jquery-3.6.1.min.js;Google;Google,4,cdn1.readspeaker.com();code.jquery.com();fonts.googleapis.com();www.googletagmanager.com(),0,2,2,0,,0,False
seinesaintdenis.fr,Bobigny,93,012bd5bc-7ddd-4c92-bbd9-49d7fbbd6395,,ConnectTimeout,0,,,,,,,0,0,0,,0,False
www.ville-notre-dame-doe.fr,Notre-Dame-d'Oé,37,012d2ff6-e562-40d4-8726-e7a36962180b,200,,3,altro_terzo_parte;cdn_font,fonts.googleapis.com;gmpg.org;use.typekit.net,Google;https://gmpg.org/xfn/11;https://use.typekit.net/azz2wqy.css,3,fonts.googleapis.com();gmpg.org();use.typekit.net(),0,0,0,0,,0,False
www.coolus.fr,Coolus,51,01309946-7bc8-46a4-9ab3-4820d65d2bb2,200,,4,altro_terzo_parte;captcha,piwik.logipro.com;s7.addthis.com;www.facebook.com;www.google.com,https://piwik.logipro.com/piwik/piwik.php?idsite=89&rec=1&bots=1;https://s7.addthis.com/js/250/addthis_widget.js#username=xa-4cf606891d9f00ef;https://www.facebook.com/plugins/like.php?href=https://www.coolus.fr/&layout=standard&show_faces=false&width=400&action=like&colorscheme=light;Google,3,piwik.logipro.com();www.facebook.com();www.google.com(),1,1,1,0,,0,False
www.jeunes-ca.fr,Reims,51,0130a20a-1527-4498-95c7-636a5ae440fe,200,,3,altro_terzo_parte;cdn_font;sdk_generico,fonts.googleapis.com;info-jeunes-grandest.fr;maps.googleapis.com,Google;https://info-jeunes-grandest.fr/wp-content/uploads/2020/12/favicon.png;Google,3,fonts.googleapis.com();info-jeunes-grandest.fr();maps.googleapis.com(),0,0,0,0,,0,False
www.unaf.fr,Belfort,90,01316bef-f340-4e29-bf5f-50b717286496,200,,3,analytics;cdn_font;video,fonts.gstatic.com;player.vimeo.com;www.googletagmanager.com,Google;Vimeo;Google,3,fonts.gstatic.com();player.vimeo.com();www.googletagmanager.com(),0,0,0,0,,0,False
www.architectes.org,Pau,64,013188f9-284f-4cda-9ff8-91c38240e966,200,,0,,,,0,,0,0,0,0,,0,False
charentes.msa.fr,L'Ile d'Espagnac,16,01319ed7-147d-493c-a355-ce1124bb3595,200,,2,altro_terzo_parte,cdn.doyoudreamup.com;cdn1.readspeaker.com,https://cdn.doyoudreamup.com/dydubox/configurations/prod/e9a8419d-0410-4929-bed5-34982edaca6d/0af40028-8b3e-125c-818b-660c47f00003/loader.js;https://cdn1.readspeaker.com/script/4871/webReader/webReader.js?pids=wr,2,cdn.doyoudreamup.com();cdn1.readspeaker.com(),0,7,1,0,,6,False
www.haut-rhin.gouv.fr,Colmar,68,0131ba73-eeba-4549-9743-c2cc1f809e07,,ConnectionError,0,,,,,,,0,0,0,,0,False
www.briennon.fr,Briennon,42,0132e681-9966-48a7-ad1a-40717e0b0755,,ReadTimeout,0,,,,,,,0,0,0,,0,False
www.inpi.fr,Besançon,25,0133caa3-f74c-4355-9ae0-65b574237a3a,200,,0,,,,0,,0,4,0,0,,4,False
www.enseignementsup-recherche.gouv.fr,Strasbourg,67,01369df1-4f12-4c43-971e-c37dcb4ebdbe,403,,0,,,,0,,0,0,0,0,,0,True
www.culture.gouv.fr,Perpignan,66,0136b414-8ce3-4c8f-920f-4c4576ab7237,200,,2,altro_terzo_parte,cdntag.tarteaucitron.io;www.instagram.com,https://cdntag.tarteaucitron.io/load.js?domain=culture.gouv.fr&uuid=cb6c31eaf0d65c6f8768c5734dd1a8df6bfd7780;https://www.instagram.com/embed.js,2,cdntag.tarteaucitron.io();www.instagram.com(),0,0,0,0,,0,False
www.tregueux.bzh,Trégueux,22,0136e149-0c4b-4e27-bade-a4212e1b5863,200,,0,,,,0,,0,1,0,0,,1,False
www.france-services.gouv.fr,Anse-Bertrand,971,01371cad-9f88-43db-8e3e-11c8a23eec5c,,ConnectionError,0,,,,,,,0,0,0,,0,False
www.gendarmerie.interieur.gouv.fr,Pauillac,33,01371ee4-815a-496d-acfa-7610c8caa4f4,,ConnectionError,0,,,,,,,0,0,0,,0,False
www.gendarmerie.interieur.gouv.fr,Aramits,64,0137a7e3-5346-4ecc-8e40-387586937c7a,,ConnectionError,0,,,,,,,0,0,0,,0,False
www.gendarmerie.interieur.gouv.fr,Trie-sur-Baïse,65,0137b5b9-087e-446d-a42f-351c599866e1,,ConnectionError,0,,,,,,,0,0,0,,0,False
www.doubs.fr,Audincourt,25,013851d2-8fc9-4c8b-b352-093b989b0f6a,418,,1,cdn_font,fonts.googleapis.com,Google,1,fonts.googleapis.com(),0,4,0,0,,4,False
www.ameli.fr,Porto-Vecchio,2A,013893ca-fbbd-4320-9e91-63d49f816aea,200,,3,altro_terzo_parte;analytics;cdn_font,cdn.jsdelivr.net;tag.aticdn.net;www.googletagmanager.com,jsDelivr;https://tag.aticdn.net/piano-analytics.js;Google,3,cdn.jsdelivr.net();tag.aticdn.net();www.googletagmanager.com(),0,0,0,0,,0,False
forum-assures.ameli.fr,Porto-Vecchio,2A,013893ca-fbbd-4320-9e91-63d49f816aea,200,,5,altro_terzo_parte;cdn_font,d350tqmxm801hs.cloudfront.net;dimelo-answers-production.s3.eu-west-1.amazonaws.com;dimelo-users-production.s3.amazonaws.com;dimelo.s3.amazonaws.com;fonts.googleapis.com,https://d350tqmxm801hs.cloudfront.net/production/ameli-forum/images/refonte-identite-2022/logo_forum-ameli.svg?1649083461;https://dimelo-answers-production.s3.eu-west-1.amazonaws.com/291/a2635c8ee1bec415/170413152806_5f8b2eb0d19885b6b8d6226fe9d6780e_original.png?7cc8cfd;https://dimelo-users-production.s3.amazonaws.com/identity_avatars/bdea85ceb7d562ab/avatar_x-large.png?7cc8cfd;https://dimelo.s3.amazonaws.com/custom-v2/ameli/tarteaucitron/tarteaucitron.js;Google,5,d350tqmxm801hs.cloudfront.net();dimelo-answers-production.s3.eu-west-1.amazonaws.com();dimelo-users-production.s3.amazonaws.com();dimelo.s3.amazonaws.com();fonts.googleapis.com(),0,1,0,0,,1,False
www.clic-cambresis.fr,Cambrai,59,0138a0a2-9139-430e-a8e8-268494508f0c,200,,7,altro_terzo_parte;captcha;cdn_font,cdn.keeo.com;fonts.googleapis.com;gmpg.org;tarteaucitron.io;vpsmatomo.keeo.com;wordpress.zozothemes.com;www.google.com,https://cdn.keeo.com/tarteaucitron2.css;Google;https://gmpg.org/xfn/11;https://tarteaucitron.io/load.js?locale=fr&iswordpress=true&domain=clic-cambresis.fr&uuid=8c587d5c6e1d7eb205177c86f2a19dc117d82d3d;https://vpsmatomo.keeo.com/matomo.php?idsite=67&rec=1;https://wordpress.zozothemes.com/grankare/wp-content/uploads/sites/13/2023/11/arrow-img-bg1.png;Google,7,cdn.keeo.com();fonts.googleapis.com();gmpg.org();tarteaucitron.io();vpsmatomo.keeo.com();wordpress.zozothemes.com();www.google.com(),0,0,0,0,,0,False
www.pour-les-personnes-agees.gouv.fr,Cambrai,59,0138a0a2-9139-430e-a8e8-268494508f0c,200,,3,altro_terzo_parte,app-script.monsido.com;cdn-eu.readspeaker.com;siteimproveanalytics.com,https://app-script.monsido.com/v2/monsido-script.js;http://cdn-eu.readspeaker.com/script/7866/webReader/r/r2728/ReadSpeaker.Styles.css?v=3.8.7.2728;https://siteimproveanalytics.com/js/siteanalyze_6134497.js,3,app-script.monsido.com();cdn-eu.readspeaker.com();siteimproveanalytics.com(),0,1,0,0,,1,False
www.francetravail.fr,Mulhouse,68,013993c0-85c2-48b6-8911-58baad91502c,200,,1,altro_terzo_parte,cdn.tagcommander.com,https://cdn.tagcommander.com/4340/tc_PoleEmploi_24.js,1,cdn.tagcommander.com(),0,2,0,0,,2,False
www.camboulazet12.fr,Camboulazet,12,0139cf1d-fbab-478d-a68d-75d05ca04306,200,,6,altro_terzo_parte;analytics;cdn_font,app.panneaupocket.com;fonts.googleapis.com;gmpg.org;matomo.monsitecommunal.fr;medias.hit.enaveyron.fr;www.googletagmanager.com,https://app.panneaupocket.com/embeded/1365631668?mode=widget&autoNavigation=0;Google;https://gmpg.org/xfn/11;https://matomo.monsitecommunal.fr;https://medias.hit.enaveyron.fr/fiches/95386/images/1350490_707153c3-404a-4212-8f6b-93cd0a00e115/600.webp;Google,6,app.panneaupocket.com();fonts.googleapis.com();gmpg.org();matomo.monsitecommunal.fr();medias.hit.enaveyron.fr();www.googletagmanager.com(),0,0,0,0,,0,False
www.france-services.gouv.fr,Pointe-à-Pitre,971,013aa054-0b2d-447a-a7a0-194f006a248a,,ConnectionError,0,,,,,,,0,0,0,,0,False
www.lecrocq.fr,Le Crocq,60,013cfcc2-afd4-426d-bd7f-95a8cba047c6,200,,5,altro_terzo_parte;captcha;cdn_font,cdnjs.cloudflare.com;fonts.googleapis.com;fonts.gstatic.com;js.hcaptcha.com;static.neopse.com,Cloudflare;Google;Google;hCaptcha;https://static.neopse.com/thumbs/p/2162/site/b9/88/5d/b9885d6f760104a0bfe31083528f926a53c8bee6.png?v=v1,5,cdnjs.cloudflare.com();fonts.googleapis.com();fonts.gstatic.com();js.hcaptcha.com();static.neopse.com(),0,0,0,0,,0,False
www.saint-nicolas-aliermont.fr,Saint-Nicolas-d'Aliermont,76,013d8050-5495-4c69-9e5c-a44d3e7053b0,200,,7,altro_terzo_parte;cdn_font;video,arezus.fr;cdn.jsdelivr.net;cdnjs.cloudflare.com;fonts.googleapis.com;fonts.gstatic.com;unpkg.com;www.youtube.com,https://arezus.fr/lib/tarteaucitron/tarteaucitron.js?init=true&legals=/fr/mentions-legales-dbf9>agUa=G-23LKD5F7NX;jsDelivr;Cloudflare;Google;Google;unpkg;Google,7,arezus.fr();cdn.jsdelivr.net();cdnjs.cloudflare.com();fonts.googleapis.com();fonts.gstatic.com();unpkg.com();www.youtube.com(),0,2,2,0,,0,False
www.bessieres.fr,Bessières,31,013e99db-fa62-4ef8-bed3-f7c597b425e3,200,,4,analytics;captcha;cdn_font,fonts.googleapis.com;fonts.gstatic.com;www.google.com;www.googletagmanager.com,Google;Google;Google;Google,4,fonts.googleapis.com();fonts.gstatic.com();www.google.com();www.googletagmanager.com(),0,0,0,0,,0,False
www.gendarmerie.interieur.gouv.fr,Vivonne,86,013eb088-0683-479b-a281-cba67d4f3db7,,ConnectionError,0,,,,,,,0,0,0,,0,False
www.gendarmerie.interieur.gouv.fr,Saint-Georges-du-Vièvre,27,0141afbe-3d4c-4db9-982f-3874da32dd21,,ConnectionError,0,,,,,,,0,0,0,,0,False
www.impots.gouv.fr,Orange,84,0141d120-3ebc-49d8-9c3a-d27727b16278,200,,0,,,,0,,0,0,0,0,,0,False
www.pays-de-la-loire.ars.sante.fr,Angers,49,01420561-c343-4cb5-b6fa-202e76cd7659,200,,2,altro_terzo_parte,admin-pipeline.upsun-fr-3.observability-pipeline.blackfire.io;tag.aticdn.net,https://admin-pipeline.upsun-fr-3.observability-pipeline.blackfire.io/js/probe.js;https://tag.aticdn.net/piano-analytics.js,2,admin-pipeline.upsun-fr-3.observability-pipeline.blackfire.io();tag.aticdn.net(),0,0,0,0,,0,False
www.ariege.gouv.fr,Foix,09,01454c43-5bbe-4683-9e7f-b8a601785e7e,,ConnectionError,0,,,,,,,0,0,0,,0,False
www.nouvelle-aquitaine.fr,Bordeaux,33,0146c276-6f46-4c31-9351-a43174e6e618,200,,1,analytics,www.googletagmanager.com,Google,1,www.googletagmanager.com(),0,0,0,0,,0,False
www.aisne.com,Gauchy,02,0147fa03-a563-46ce-b74c-ec583e14d965,200,,0,,,,0,,0,0,0,0,,0,False
www.gendarmerie.interieur.gouv.fr,Coulonges-sur-l'Autize,79,0148701b-d4d1-4e48-9151-ebfaaa792e83,,ConnectionError,0,,,,,,,0,0,0,,0,False
www.moselle.gouv.fr,Metz,57,01489657-4a16-4c4c-92df-f8b6ba07e72b,,ConnectionError,0,,,,,,,0,0,0,,0,False
www.vigneulles.mairie54.fr,Vigneulles,54,0148db8f-1a87-499f-ac0e-586afdf7a4ea,200,,1,altro_terzo_parte,maps.google.com,https://maps.google.com/maps/api/js?key=AIza_REDACTED,1,maps.google.com(),0,2,1,0,,1,False
greta-du-limousin.fr,Guéret,23,014964c3-0743-42ec-a909-321609644786,200,,6,altro_terzo_parte;analytics;cdn_font,cdn.jsdelivr.net;code.jquery.com;fonts.googleapis.com;gmpg.org;www.google-analytics.com;www.googletagmanager.com,jsDelivr;https://code.jquery.com;Google;https://gmpg.org/xfn/11;Google;Google,6,cdn.jsdelivr.net();code.jquery.com();fonts.googleapis.com();gmpg.org();www.google-analytics.com();www.googletagmanager.com(),0,2,1,0,,1,False
www.cc-kaysersberg.fr,Kaysersberg Vignoble,68,014a1917-1af0-4106-8007-b8bed9d63d09,,SSLError,0,,,,,,,0,0,0,,0,False
alteralsace.org,Kaysersberg Vignoble,68,014a1917-1af0-4106-8007-b8bed9d63d09,200,,2,captcha;cdn_font,use.fontawesome.com;www.google.com,Font Awesome;Google,2,use.fontawesome.com();www.google.com(),0,1,0,0,,1,False
france-renov.gouv.fr,Kaysersberg Vignoble,68,014a1917-1af0-4106-8007-b8bed9d63d09,200,,0,,,,0,,0,2,0,0,,2,False
www.dourgne.fr,Dourgne,81,014a3059-b12f-47e6-a2fc-afd8c9b34fca,200,,4,altro_terzo_parte;cdn_font,cdn.jsdelivr.net;fonts.googleapis.com;fonts.gstatic.com;gmpg.org,jsDelivr;Google;Google;https://gmpg.org/xfn/11,4,cdn.jsdelivr.net();fonts.googleapis.com();fonts.gstatic.com();gmpg.org(),0,0,0,0,,0,False
www.villedugosier.fr,Le Gosier,971,014a7481-aef5-4ec4-addd-2828c7119990,200,,2,altro_terzo_parte,francetravail.io;purl.org,https://francetravail.io/produits-partages/widget/ftoffresemploi/ft-offres-emploi-v2.js;https://purl.org/dc/terms/,2,francetravail.io();purl.org(),0,0,0,0,,0,False
www.bouleurs.fr,Bouleurs,77,014aa2d0-16e3-4261-93dd-68ba3e7c69f4,200,,2,altro_terzo_parte;cdn_font,fonts.googleapis.com;gmpg.org,Google;https://gmpg.org/xfn/11,2,fonts.googleapis.com();gmpg.org(),0,0,0,0,,0,False
lemerevillois.fr,Le Mérévillois,91,014bb39a-edf3-4629-aced-f17b77f9472f,503,,0,,,,0,,0,0,0,0,,0,False
www.caf.fr,Mulhouse,68,014c3a40-66d1-45b0-b702-511ad0215a7c,200,,0,,,,0,,0,7,0,0,,7,False
cdad-aube.fr,PONT-SAINTE-MARIE,10,014e6163-1c1d-4598-b468-445ae139c80d,200,,5,altro_terzo_parte;analytics;cdn_font;sdk_generico,ajax.googleapis.com;fonts.googleapis.com;maps.googleapis.com;umap.openstreetmap.fr;www.googletagmanager.com,Google;Google;Google;http://umap.openstreetmap.fr/fr/map/cdad-coordonnees-des-permanences-juridiques_256187?scaleControl=false&miniMap=false&scrollWheelZoom=false&zoomControl=true&allowEdit=false&moreControl=true&searchControl=null&tilelayersControl=null&embedControl=null&datalayersControl=true&onLoadPanel=undefined&captionBar=false;Google,5,ajax.googleapis.com();fonts.googleapis.com();maps.googleapis.com();umap.openstreetmap.fr();www.googletagmanager.com(),0,0,0,0,,0,False
www.onac-vg.fr,Albi,81,014e7729-258d-4f64-9413-b7a9f808efbb,200,,0,,,,0,,0,1,0,0,,1,False
lepin.fr,Le Pin,44,014f1e93-7bc0-4e3e-9ea8-4b945a960470,200,,3,altro_terzo_parte;cdn_font;video,cdn-eu.readspeaker.com;use.fontawesome.com;www.youtube.com,https://cdn-eu.readspeaker.com/script/14483/webReader/webReader.js?pids=wr;Font Awesome;Google,3,cdn-eu.readspeaker.com();use.fontawesome.com();www.youtube.com(),0,0,0,0,,0,False
fncidff.info,Metz,57,01505139-a728-4f76-b0d1-1277e28a4830,200,,5,altro_terzo_parte;analytics;cdn_font,cookie-cdn.cookiepro.com;sibforms.com;unpkg.com;www.facebook.com;www.googletagmanager.com,https://cookie-cdn.cookiepro.com/scripttemplates/otSDKStub.js;https://sibforms.com/forms/end-form/build/sib-styles.css;unpkg;https://www.facebook.com/tr?id=720924753275353&ev=PageView&noscript=1&cd%5Bpage_title%5D=Accueil&cd%5Bpost_type%5D=page&cd%5Bpost_id%5D=19&cd%5Bplugin%5D=PixelYourSite&cd%5Buser_role%5D=guest&cd%5Bevent_url%5D=fncidff.info%2F;Google,5,cookie-cdn.cookiepro.com();sibforms.com();unpkg.com();www.facebook.com();www.googletagmanager.com(),0,0,0,0,,0,False
www.mairielabastidedeserou.fr,La Bastide-de-Sérou,09,01515157-916d-4e2b-9335-436a1e6284e9,200,,4,altro_terzo_parte,107.mod.mywebsite-editor.com;107.sb.mywebsite-editor.com;cdn.website-start.de;widget.intramuros.org,https://107.mod.mywebsite-editor.com;https://107.sb.mywebsite-editor.com/app/logstate2-css.php?site=414401442&t=1789578411;https://cdn.website-start.de/s/img/logo.gif;https://widget.intramuros.org/js/5.1.0/agenda.js,4,107.mod.mywebsite-editor.com();107.sb.mywebsite-editor.com();cdn.website-start.de();widget.intramuros.org(US),0,1,0,0,,1,False
www.france-services.gouv.fr,Noisy-le-Grand,93,01531f98-9c4e-4135-997f-3c5182f52fc0,,ConnectionError,0,,,,,,,0,0,0,,0,False
france-renov.gouv.fr,La Châtaigneraie,85,0154b4fd-bb8e-4829-a42c-022b361c08d2,200,,0,,,,0,,0,2,0,0,,2,False
www.xures.fr,Xures,54,0155027f-da24-45c0-a32d-200d7c32c93e,200,,1,altro_terzo_parte,maps.google.com,https://maps.google.com/maps/api/js?key=AIza_REDACTED,1,maps.google.com(),0,2,1,0,,1,False
www.brasles.fr,Brasles,02,0157c8f0-1987-4ad3-af58-903db7d8dd1d,200,,1,cdn_font,use.fontawesome.com,Font Awesome,1,use.fontawesome.com(),0,0,0,0,,0,False
www.avioth.fr,Avioth,55,01597703-c70f-41a5-bc33-f4f0a536f48c,200,,0,,,,0,,0,0,0,0,,0,False
www.saone-et-loire.gouv.fr,Louhans‑Châteaurenaud,71,0159b2fb-6ff5-4ca6-a223-3e7248f884cb,,ConnectionError,0,,,,,,,0,0,0,,0,False
www.culture.gouv.fr,Dijon,21,015ae980-0d19-4f35-ad87-c0f44b29352a,200,,2,altro_terzo_parte,cdntag.tarteaucitron.io;www.instagram.com,https://cdntag.tarteaucitron.io/load.js?domain=culture.gouv.fr&uuid=cb6c31eaf0d65c6f8768c5734dd1a8df6bfd7780;https://www.instagram.com/embed.js,2,cdntag.tarteaucitron.io();www.instagram.com(),0,0,0,0,,0,False
www.sdis79.fr,Chauray,79,015b6c74-dfb4-4555-9bcb-726698787b3b,200,,5,altro_terzo_parte;cdn_font,cdntag.tarteaucitron.io;fonts.googleapis.com;fonts.gstatic.com;gmpg.org;use.fontawesome.com,https://cdntag.tarteaucitron.io;Google;Google;http://gmpg.org/xfn/11;Font Awesome,5,cdntag.tarteaucitron.io();fonts.googleapis.com();fonts.gstatic.com();gmpg.org();use.fontawesome.com(),0,0,0,0,,0,False
www.lasauniere.fr,La Saunière,23,015c9442-fcfd-4961-a550-e1ee7b01bc3d,200,,3,altro_terzo_parte;cdn_font,fonts.googleapis.com;fonts.gstatic.com;gmpg.org,Google;Google;https://gmpg.org/xfn/11,3,fonts.googleapis.com();fonts.gstatic.com();gmpg.org(),0,0,0,0,,0,False
www.sengager.fr,Orléans,45,015cbe99-26d3-4a43-a95b-03069b20ebcf,200,,2,altro_terzo_parte,cdn.tagcommander.com;scripts.polaria.ai,https://cdn.tagcommander.com/3941/tc_ArmeedeTerre_26.js;https://scripts.polaria.ai/sengager.js,2,cdn.tagcommander.com();scripts.polaria.ai(),0,0,0,0,,0,False
lamarinerecrute.gouv.fr,Orléans,45,015cbe99-26d3-4a43-a95b-03069b20ebcf,200,,4,altro_terzo_parte,a.tile.openstreetmap.org;b.tile.openstreetmap.org;c.tile.openstreetmap.org;p.typekit.net,https://a.tile.openstreetmap.org;https://b.tile.openstreetmap.org;https://c.tile.openstreetmap.org;https://p.typekit.net/p.css?s=1&k=jif6wog&ht=tk&f=1853.1855.1857.24436.26921.26922.26924.26925&a=296440514&app=typekit&e=css,4,a.tile.openstreetmap.org();b.tile.openstreetmap.org();c.tile.openstreetmap.org();p.typekit.net(),0,0,0,0,,0,False
devenir-aviateur.gouv.fr,Orléans,45,015cbe99-26d3-4a43-a95b-03069b20ebcf,200,,2,altro_terzo_parte,cdn.tagcommander.com;petjeb7f4u.kameleoon.io,https://cdn.tagcommander.com/7549/tc_DevenirAviateur_20.js;https://petjeb7f4u.kameleoon.io/engine.js,2,cdn.tagcommander.com();petjeb7f4u.kameleoon.io(),0,0,0,0,,0,False
mlloiretouraine.org,Amboise,37,015fb895-ff4b-4a2b-ae69-eca956f0d8e4,200,,7,altro_terzo_parte;captcha;cdn_font;video,c0.wp.com;fonts.googleapis.com;gmpg.org;i0.wp.com;stats.wp.com;www.google.com;www.youtube.com,https://c0.wp.com/c/6.9.7/wp-includes/css/dist/block-library/style.min.css;Google;https://gmpg.org/xfn/11;https://i0.wp.com/mlloiretouraine.org/wp-content/uploads/2025/11/Feature-image-Azay-pano-375x195-1-scalia-person.jpg?resize=375%2C195&ssl=1;https://stats.wp.com/e-202638.js;Google;Google,7,c0.wp.com();fonts.googleapis.com();gmpg.org();i0.wp.com();stats.wp.com();www.google.com();www.youtube.com(),0,0,0,0,,0,False
www.ac-toulouse.fr,Muret,31,0160e29f-3846-411d-9664-c671791610ce,403,,0,,,,0,,0,0,0,0,,0,True
www.jura.fr,Lons-le-Saunier,39,01612010-abd1-48ef-a0f1-d920061406ef,200,,6,altro_terzo_parte;cdn_font,cdn.by.wonderpush.com;cdn.jsdelivr.net;cdnjs.cloudflare.com;gmpg.org;p.typekit.net;use.typekit.net,https://cdn.by.wonderpush.com/sdk/1.1/wonderpush-loader.min.js;jsDelivr;Cloudflare;https://gmpg.org/xfn/11;https://p.typekit.net;https://use.typekit.net/ztj5ajw.css,6,cdn.by.wonderpush.com();cdn.jsdelivr.net();cdnjs.cloudflare.com();gmpg.org();p.typekit.net();use.typekit.net(),0,0,0,0,,0,False
www.conseil-national.medecin.fr,Epagny Metz-Tessy,74,01612e4e-9e86-4a96-8b4b-3e7777ac3a1e,200,,1,altro_terzo_parte,static.addtoany.com,https://static.addtoany.com/menu/page.js,1,static.addtoany.com(),0,0,0,0,,0,False
www.gendarmerie.interieur.gouv.fr,Dompierre-sur-Besbre,03,01629233-a1f1-457a-8a7c-e01d95f902ff,,ConnectionError,0,,,,,,,0,0,0,,0,False
www.france-services.gouv.fr,Villiers-le-Bel,95,016329ec-673a-4eba-b982-a263788ce68e,,ConnectionError,0,,,,,,,0,0,0,,0,False
www.gendarmerie.interieur.gouv.fr,Gavray-sur-Sienne,50,016501d5-f40b-44f4-ac03-834aa4c71ab6,,ConnectionError,0,,,,,,,0,0,0,,0,False
www.impots.gouv.fr,Mont-de-Marsan,40,01664bdc-890a-47fe-acf4-3846889f7f73,200,,0,,,,0,,0,0,0,0,,0,False
www.landelles.fr,Landelles,28,01667551-5204-4d12-ac0e-a077ee2e6ce1,200,,2,altro_terzo_parte;cdn_font,app.panneaupocket.com;fonts.googleapis.com,https://app.panneaupocket.com/embeded/1863902356;Google,2,app.panneaupocket.com();fonts.googleapis.com(),0,2,1,0,,1,False
www.conseil-national.medecin.fr,Tarbes,65,016729c7-e723-44b9-a5cd-84a72359fd09,200,,1,altro_terzo_parte,static.addtoany.com,https://static.addtoany.com/menu/page.js,1,static.addtoany.com(),0,0,0,0,,0,False
conseil65.ordre.medecin.fr,Tarbes,65,016729c7-e723-44b9-a5cd-84a72359fd09,200,,0,,,,0,,0,0,0,0,,0,False
www.plouguenast-langast.fr,Plouguenast-Langast,22,0168fb48-905d-41e0-bd32-d24de8213a30,200,,1,cdn_font,fonts.googleapis.com,Google,1,fonts.googleapis.com(),0,4,0,0,,4,False
saintandredeseignanx.fr,Saint-André-de-Seignanx,40,016a6348-db94-46f9-9419-f253a03718c8,200,,2,analytics;cdn_font,fonts.googleapis.com;www.googletagmanager.com,Google;Google,2,fonts.googleapis.com();www.googletagmanager.com(),0,0,0,0,,0,False
www.impots.gouv.fr,Bourges Cedex,18,016bf800-8dac-49fd-a86f-a86e8b3a6ac3,200,,0,,,,0,,0,0,0,0,,0,False
www.doubs.fr,Pontarlier,25,016c9cb1-83d2-42ed-9451-5dbd83aa23b9,418,,1,cdn_font,fonts.googleapis.com,Google,1,fonts.googleapis.com(),0,4,0,0,,4,False
www.wildersbach.fr,Wildersbach,67,016ed4e4-e0fe-40ef-ba11-732ad80a647a,200,,1,altro_terzo_parte,gmpg.org,https://gmpg.org/xfn/11,1,gmpg.org(),0,0,0,0,,0,False
www.cadastre.gouv.fr,Argentan,61,016f7c27-79af-4897-9378-927da03737d8,200,,0,,,,0,,0,0,0,0,,0,False
www.france-services.gouv.fr,Prémery,58,017093aa-ea5a-4de7-aa46-e723fd6ce7f7,,ConnectionError,0,,,,,,,0,0,0,,0,False
www.rochespremarieandille.fr,Roches-Prémarie-Andillé,86,0170d47a-e2a1-4847-80db-423cb7bb21fd,200,,5,altro_terzo_parte;cdn_font,def773hwqc19t.cloudfront.net;drfogfql429fi.cloudfront.net;files.appli-intramuros.com;fonts.googleapis.com;fonts.gstatic.com,https://def773hwqc19t.cloudfront.net/website/static/loupe.png;https://drfogfql429fi.cloudfront.net/intramuros-web/production/_next/static/css/6b832bb1d1f3a401.css;https://files.appli-intramuros.com/img/agglo_logo/dpt/50/ea49fe6bbd459b8289a5016835e88320_vallees-du.png;Google;Google,5,def773hwqc19t.cloudfront.net();drfogfql429fi.cloudfront.net(US);files.appli-intramuros.com();fonts.googleapis.com();fonts.gstatic.com(),0,0,0,0,,0,False
theil-rabier.fr,Theil-Rabier,16,01716927-0b94-4135-96c5-6777d5cb3243,200,,2,altro_terzo_parte,fonts.bunny.net;gmpg.org,"https://fonts.bunny.net/css?family=Open%20Sans:300,300italic,regular,italic,600,600italic,700,700italic,800,800italic|Open%20Sans:300,300italic,regular,italic,600,600italic,700,700italic,800,800italic|Open%20Sans:300,300italic,regular,italic,600,600italic,700,700italic,800,800italic|Open%20Sans;http://gmpg.org/xfn/11",2,fonts.bunny.net();gmpg.org(),0,0,0,0,,0,False
www.yana-j.fr,Cayenne,973,01721f5c-6c96-49d3-ac7e-8e593d4d15bf,200,,8,altro_terzo_parte;captcha,analytics.shareaholic.com;cdn.novius.net;cdn.openshareweb.com;cdn.shareaholic.net;partner.shareaholic.com;recs.shareaholic.com;www.google.com;www.shareaholic.net,https://analytics.shareaholic.com;https://cdn.novius.net;https://cdn.openshareweb.com;https://cdn.shareaholic.net;https://partner.shareaholic.com;https://recs.shareaholic.com;Google;https://www.shareaholic.net,8,analytics.shareaholic.com();cdn.novius.net();cdn.openshareweb.com();cdn.shareaholic.net();partner.shareaholic.com();recs.shareaholic.com();www.google.com();www.shareaholic.net(),0,0,0,0,,0,False
www.france-services.gouv.fr,Bar-le-Duc,55,0174dccf-3c64-4307-a20e-169e23e7de08,,ConnectionError,0,,,,,,,0,0,0,,0,False
www.lefreche.fr,Le Frêche,40,01758324-2bdc-4aff-95e7-20da0e45f2d0,200,,4,altro_terzo_parte;captcha;cdn_font,f1-eu.readspeaker.com;use.fontawesome.com;www.google.com;www.openstreetmap.org,https://f1-eu.readspeaker.com/script/5462/webReader/webReader.js?pids=wr;Font Awesome;Google;https://www.openstreetmap.org/export/embed.html?bbox=-0.3016948699951172%2C43.9020978786628%2C-0.17741203308105472%2C43.96397075495449&layer=mapnik&marker=43.93304236335306%2C-0.23955345153808594,4,f1-eu.readspeaker.com();use.fontawesome.com();www.google.com();www.openstreetmap.org(),0,0,0,0,,0,False
voraysurlognon.fr,Voray-sur-l'Ognon,70,0175d6a1-4ef7-4939-8efd-1b0bb9963dc8,200,,4,altro_terzo_parte;cdn_font,fonts.googleapis.com;fonts.gstatic.com;gmpg.org;votre-commune.inforoutes.fr,Google;Google;http://gmpg.org/xfn/11;https://votre-commune.inforoutes.fr/wp-content/themes/twentyseventeen-child/assets/images/logo-campagnol-2023.png,4,fonts.googleapis.com();fonts.gstatic.com();gmpg.org();votre-commune.inforoutes.fr(),0,0,0,0,,0,False
www.ameli.fr,Ermont,95,01769d68-0b3c-4b02-899a-24035b81c05d,200,,3,altro_terzo_parte;analytics;cdn_font,cdn.jsdelivr.net;tag.aticdn.net;www.googletagmanager.com,jsDelivr;https://tag.aticdn.net/piano-analytics.js;Google,3,cdn.jsdelivr.net();tag.aticdn.net();www.googletagmanager.com(),0,0,0,0,,0,False
forum-assures.ameli.fr,Ermont,95,01769d68-0b3c-4b02-899a-24035b81c05d,200,,5,altro_terzo_parte;cdn_font,d350tqmxm801hs.cloudfront.net;dimelo-answers-production.s3.eu-west-1.amazonaws.com;dimelo-users-production.s3.amazonaws.com;dimelo.s3.amazonaws.com;fonts.googleapis.com,https://d350tqmxm801hs.cloudfront.net/production/ameli-forum/images/refonte-identite-2022/logo_forum-ameli.svg?1649083461;https://dimelo-answers-production.s3.eu-west-1.amazonaws.com/291/a2635c8ee1bec415/170413152806_5f8b2eb0d19885b6b8d6226fe9d6780e_original.png?7cc8cfd;https://dimelo-users-production.s3.amazonaws.com/identity_avatars/bdea85ceb7d562ab/avatar_x-large.png?7cc8cfd;https://dimelo.s3.amazonaws.com/custom-v2/ameli/tarteaucitron/tarteaucitron.js;Google,5,d350tqmxm801hs.cloudfront.net();dimelo-answers-production.s3.eu-west-1.amazonaws.com();dimelo-users-production.s3.amazonaws.com();dimelo.s3.amazonaws.com();fonts.googleapis.com(),0,1,0,0,,1,False
mairie-le-burgaud.fr,Le Burgaud,31,0176a509-c193-4277-aef9-745f61ccf36e,200,,2,altro_terzo_parte;cdn_font,maxcdn.bootstrapcdn.com;widget.intramuros.org,BootstrapCDN;https://widget.intramuros.org/js/5.1.0/actualite.js,2,maxcdn.bootstrapcdn.com();widget.intramuros.org(US),0,0,0,0,,0,False
levezier.jimdofree.com,Le Vézier,51,0176b91a-ca97-461c-9c02-3daf67ed7817,200,,5,altro_terzo_parte;analytics,assets.jimstatic.com;image.jimcdn.com;u.jimcdn.com;www.googletagmanager.com;www.tameteo.com,https://assets.jimstatic.com/web_oldtemplate.css.f0acb6edc14262b766b0.css;https://image.jimcdn.com;https://u.jimcdn.com/cms/o/sd279461794982a91/emotion/crop/header.jpg?t=1310050730;Google;http://www.tameteo.com/wid_loader/f92ae6fe0640c2f508063aef8bc04ed0,5,assets.jimstatic.com();image.jimcdn.com();u.jimcdn.com();www.googletagmanager.com();www.tameteo.com(),0,1,0,0,,1,False
favreuil.fr,Favreuil,62,01778a67-0459-4faf-a5f6-30594a08a78c,200,,1,cdn_font,unpkg.com,unpkg,1,unpkg.com(),0,0,0,0,,0,False
www.anah.gouv.fr,Nancy,54,01790c8b-5485-4075-834d-c8ac950330b2,200,,1,cdn_font,cdn.jsdelivr.net,jsDelivr,1,cdn.jsdelivr.net(),0,1,0,0,,1,False
www.auzits.fr,Auzits,12,017a0e88-434d-4f65-8597-d1b2d6f94a67,200,,6,altro_terzo_parte;analytics;cdn_font,fonts.googleapis.com;gmpg.org;matomo.monsitecommunal.fr;medias.hit.enaveyron.fr;www.googletagmanager.com;www.monsitecommunal.fr,Google;https://gmpg.org/xfn/11;https://matomo.monsitecommunal.fr;https://medias.hit.enaveyron.fr/fiches/94487/images/1341230_2ddbffdd-83a8-4997-a983-c0c732da6a36/600.webp;Google;https://www.monsitecommunal.fr/uploads/sites/59/2021/04/fili.jpg,6,fonts.googleapis.com();gmpg.org();matomo.monsitecommunal.fr();medias.hit.enaveyron.fr();www.googletagmanager.com();www.monsitecommunal.fr(),0,0,0,0,,0,False
lacheze.bzh,La Chèze,22,017b00e1-6c61-4c40-b7a5-bfc6cf15a8e2,200,,2,altro_terzo_parte,fonts.bunny.net;gmpg.org,"https://fonts.bunny.net/css?family=Open%20Sans:300,300italic,regular,italic,600,600italic,700,700italic,800,800italic:300;http://gmpg.org/xfn/11",2,fonts.bunny.net();gmpg.org(),0,0,0,0,,0,False
www.montaigut-sur-save.com,Montaigut-sur-Save,31,017be128-9fe4-44a4-bb9d-8ca44e78b5f5,200,,3,altro_terzo_parte;cdn_font,cdn-cookieyes.com;fonts.googleapis.com;gmpg.org,https://cdn-cookieyes.com/client_data/8d9c4cc56be6a622c3243ae9e5e2bc33/script.js;Google;http://gmpg.org/xfn/11,3,cdn-cookieyes.com();fonts.googleapis.com();gmpg.org(),0,1,0,0,,1,False
www.gendarmerie.interieur.gouv.fr,Mana,973,017caffb-e81b-49f0-916f-b31d0ba4253f,,ConnectionError,0,,,,,,,0,0,0,,0,False
malmerspach.com,Malmerspach,68,017dea16-094a-43b0-a664-aa86c51e3595,200,,12,altro_terzo_parte,0.gravatar.com;fonts-api.wp.com;gmpg.org;malmerspach.files.wordpress.com;malmerspach.wordpress.com;pixel.wp.com;public-api.wordpress.com;s0.wp.com;s1.wp.com;s2.wp.com;stats.wp.com;wp.me,https://0.gravatar.com/js/hovercards/hovercards.min.js?ver=202638d1133547e8a1f2801609f51cef12522abe7f6647d869e9fbc974fe356a37e613;https://fonts-api.wp.com/css?family=Lato%3A400%2C400italic%2C700%2C700italic%7CNoto+Serif%3A400%2C400italic%2C700%2C700italic&subset=latin%2Clatin-ext;http://gmpg.org/xfn/11;https://malmerspach.files.wordpress.com/2023/01/logo_site_plan-de-travail-1-e1553079105844-1.png;https://malmerspach.wordpress.com/xmlrpc.php?rsd;https://pixel.wp.com/b.gif?v=noscript;https://public-api.wordpress.com/oembed/?format=xml&url=https%3A%2F%2Fmalmerspach.com%2F&for=wpcom-auto-discovery;https://s0.wp.com;https://s1.wp.com/opensearch.xml;https://s2.wp.com;https://stats.wp.com/w.js?69;https://wp.me/PdrHJE-9,12,0.gravatar.com();fonts-api.wp.com();gmpg.org();malmerspach.files.wordpress.com();malmerspach.wordpress.com();pixel.wp.com();public-api.wordpress.com();s0.wp.com();s1.wp.com();s2.wp.com();stats.wp.com();wp.me(),0,0,0,0,,0,False
www.cdad-nord.justice.fr,HAUBOURDIN,59,0181e2e5-a5d0-4989-9661-62b66171bcfc,200,,2,altro_terzo_parte;cdn_font,cdn.jsdelivr.net;www.google.com,jsDelivr;https://www.google.com/maps/d/embed?mid=1sIoTbn0-GVxPqZNAWay14WNE9tA,2,cdn.jsdelivr.net();www.google.com(),0,1,1,0,,0,False
www.manche.fr,Valognes,50,0184496b-ffcd-4075-9dc8-7b4843a002b1,200,,1,cdn_font,fonts.googleapis.com,Google,1,fonts.googleapis.com(),0,1,0,0,,1,False
www.pour-les-personnes-agees.gouv.fr,Ribeauvillé,68,018563c2-4489-4bfb-aeeb-1d2cf7ed4bbd,200,,3,altro_terzo_parte,app-script.monsido.com;cdn-eu.readspeaker.com;siteimproveanalytics.com,https://app-script.monsido.com/v2/monsido-script.js;http://cdn-eu.readspeaker.com/script/7866/webReader/r/r2728/ReadSpeaker.Styles.css?v=3.8.7.2728;https://siteimproveanalytics.com/js/siteanalyze_6134497.js,3,app-script.monsido.com();cdn-eu.readspeaker.com();siteimproveanalytics.com(),0,1,0,0,,1,False
www.ac-toulouse.fr,Foix,09,0185a49f-3572-475f-b45c-483a643bccb0,403,,0,,,,0,,0,0,0,0,,0,True
www.ameli.fr,Caen,14,01870a5d-e0a6-4b7c-9b98-b60d051d394e,200,,3,altro_terzo_parte;analytics;cdn_font,cdn.jsdelivr.net;tag.aticdn.net;www.googletagmanager.com,jsDelivr;https://tag.aticdn.net/piano-analytics.js;Google,3,cdn.jsdelivr.net();tag.aticdn.net();www.googletagmanager.com(),0,0,0,0,,0,False
forum-assures.ameli.fr,Caen,14,01870a5d-e0a6-4b7c-9b98-b60d051d394e,200,,5,altro_terzo_parte;cdn_font,d350tqmxm801hs.cloudfront.net;dimelo-answers-production.s3.eu-west-1.amazonaws.com;dimelo-users-production.s3.amazonaws.com;dimelo.s3.amazonaws.com;fonts.googleapis.com,https://d350tqmxm801hs.cloudfront.net/production/ameli-forum/images/refonte-identite-2022/logo_forum-ameli.svg?1649083461;https://dimelo-answers-production.s3.eu-west-1.amazonaws.com/291/a2635c8ee1bec415/170413152806_5f8b2eb0d19885b6b8d6226fe9d6780e_original.png?7cc8cfd;https://dimelo-users-production.s3.amazonaws.com/identity_avatars/bdea85ceb7d562ab/avatar_x-large.png?7cc8cfd;https://dimelo.s3.amazonaws.com/custom-v2/ameli/tarteaucitron/tarteaucitron.js;Google,5,d350tqmxm801hs.cloudfront.net();dimelo-answers-production.s3.eu-west-1.amazonaws.com();dimelo-users-production.s3.amazonaws.com();dimelo.s3.amazonaws.com();fonts.googleapis.com(),0,1,0,0,,1,False
chatel-en-trieves.fr,Châtel-en-Trièves,38,018918d9-11ed-46a5-a89c-f848f1984bd5,200,,2,altro_terzo_parte,app.panneaupocket.com;gmpg.org,https://app.panneaupocket.com/ville/174914890;https://gmpg.org/xfn/11,2,app.panneaupocket.com();gmpg.org(),0,1,1,0,,0,False
www.udaf13.fr,Marseille,13,018ba7fe-61ac-448c-9872-21e8f3c102a4,200,,3,altro_terzo_parte;analytics,matomo.unaf.fr;www.googletagmanager.com;www.pourlesfamilles.fr,https://matomo.unaf.fr;Google;https://www.pourlesfamilles.fr/app/uploads/sites/5/2023/04/homme-femme.svg,3,matomo.unaf.fr();www.googletagmanager.com();www.pourlesfamilles.fr(),0,0,0,0,,0,False
www.saintsimon15.fr,Saint-Simon,15,018bc9ff-2272-4ae2-b9e6-77bf961713e5,200,,1,altro_terzo_parte,analytics.caba.fr,https://analytics.caba.fr/piwik.php?idsite=8&rec=1,1,analytics.caba.fr(),0,0,0,0,,0,False
ville-carros.fr,Carros,06,018c0d5e-e4d6-4fa5-aad2-e2590265e4e3,200,,2,altro_terzo_parte,gmpg.org;tools.luckyorange.com,https://gmpg.org/xfn/11;https://tools.luckyorange.com/core/lo.js?site-id=555aa16d,2,gmpg.org();tools.luckyorange.com(),0,0,0,0,,0,False
salsigne.fr,Salsigne,11,018ced7c-d2af-4a0c-af8b-8b39fe070a12,200,,3,altro_terzo_parte;analytics;cdn_font,fonts.googleapis.com;maps.google.com;www.googletagmanager.com,Google;https://maps.google.com/maps?q=11%20Grand%20Rue%2C%2011600%20Salsigne&t=m&z=17&output=embed&iwloc=near;Google,3,fonts.googleapis.com();maps.google.com();www.googletagmanager.com(),0,0,0,0,,0,False
www.lattainville.info,Lattainville,60,018d9a3f-8110-4b2a-bdad-a4c26887f483,200,,2,altro_terzo_parte;cdn_font,fonts.googleapis.com;gmpg.org,Google;http://gmpg.org/xfn/11,2,fonts.googleapis.com();gmpg.org(),0,0,0,0,,0,False
isere.fr,Villard-de-Lans,38,0192e1af-cff8-4268-8316-740df46bccac,200,,0,,,,0,,0,0,0,0,,0,False
www.pour-les-personnes-agees.gouv.fr,Villard-de-Lans,38,0192e1af-cff8-4268-8316-740df46bccac,200,,3,altro_terzo_parte,app-script.monsido.com;cdn-eu.readspeaker.com;siteimproveanalytics.com,https://app-script.monsido.com/v2/monsido-script.js;http://cdn-eu.readspeaker.com/script/7866/webReader/r/r2728/ReadSpeaker.Styles.css?v=3.8.7.2728;https://siteimproveanalytics.com/js/siteanalyze_6134497.js,3,app-script.monsido.com();cdn-eu.readspeaker.com();siteimproveanalytics.com(),0,1,0,0,,1,False
www.ville-robert.fr,Le Robert,972,01932559-8255-4be7-8c40-5bbb60c9466f,200,,4,altro_terzo_parte;cdn_font;video,cdnjs.cloudflare.com;code.jquery.com;i.ytimg.com;www.youtube.com,Cloudflare;https://code.jquery.com/jquery-1.9.1.min.js;Google;Google,4,cdnjs.cloudflare.com();code.jquery.com();i.ytimg.com();www.youtube.com(),0,0,0,0,,0,False
www.gendarmerie.interieur.gouv.fr,We,988,0193801a-58cd-42d4-82f4-01288a380cf0,,ConnectionError,0,,,,,,,0,0,0,,0,False
www.mairie-lecluse.fr,Lécluse,59,0195f1c8-91b6-4dd1-a9ea-f019122c5093,200,,1,altro_terzo_parte,v.rvvn.org,https://v.rvvn.org/js/?idsite=41&rec=1,1,v.rvvn.org(),0,1,0,0,,1,False
www.ameli.fr,Bagnères-de-Bigorre,65,01969a79-5780-4d7e-94d6-299f7868cb4a,200,,3,altro_terzo_parte;analytics;cdn_font,cdn.jsdelivr.net;tag.aticdn.net;www.googletagmanager.com,jsDelivr;https://tag.aticdn.net/piano-analytics.js;Google,3,cdn.jsdelivr.net();tag.aticdn.net();www.googletagmanager.com(),0,0,0,0,,0,False
forum-assures.ameli.fr,Bagnères-de-Bigorre,65,01969a79-5780-4d7e-94d6-299f7868cb4a,200,,5,altro_terzo_parte;cdn_font,d350tqmxm801hs.cloudfront.net;dimelo-answers-production.s3.eu-west-1.amazonaws.com;dimelo-users-production.s3.amazonaws.com;dimelo.s3.amazonaws.com;fonts.googleapis.com,https://d350tqmxm801hs.cloudfront.net/production/ameli-forum/images/refonte-identite-2022/logo_forum-ameli.svg?1649083461;https://dimelo-answers-production.s3.eu-west-1.amazonaws.com/291/a2635c8ee1bec415/170413152806_5f8b2eb0d19885b6b8d6226fe9d6780e_original.png?7cc8cfd;https://dimelo-users-production.s3.amazonaws.com/identity_avatars/bdea85ceb7d562ab/avatar_x-large.png?7cc8cfd;https://dimelo.s3.amazonaws.com/custom-v2/ameli/tarteaucitron/tarteaucitron.js;Google,5,d350tqmxm801hs.cloudfront.net();dimelo-answers-production.s3.eu-west-1.amazonaws.com();dimelo-users-production.s3.amazonaws.com();dimelo.s3.amazonaws.com();fonts.googleapis.com(),0,1,0,0,,1,False
www.gendarmerie.interieur.gouv.fr,Ailly-le-Haut-Clocher,80,0196da2e-9983-48bc-8f21-be96680222a4,,ConnectionError,0,,,,,,,0,0,0,,0,False
cdad-aube.fr,TROYES,10,019705ce-06c6-4d42-b80d-37b9875d3d2a,200,,5,altro_terzo_parte;analytics;cdn_font;sdk_generico,ajax.googleapis.com;fonts.googleapis.com;maps.googleapis.com;umap.openstreetmap.fr;www.googletagmanager.com,Google;Google;Google;http://umap.openstreetmap.fr/fr/map/cdad-coordonnees-des-permanences-juridiques_256187?scaleControl=false&miniMap=false&scrollWheelZoom=false&zoomControl=true&allowEdit=false&moreControl=true&searchControl=null&tilelayersControl=null&embedControl=null&datalayersControl=true&onLoadPanel=undefined&captionBar=false;Google,5,ajax.googleapis.com();fonts.googleapis.com();maps.googleapis.com();umap.openstreetmap.fr();www.googletagmanager.com(),0,0,0,0,,0,False
www.cernoy.fr,Cernoy,60,01988b19-efd7-4c9b-8653-572ede40bae3,200,,5,altro_terzo_parte;captcha;cdn_font,cdnjs.cloudflare.com;fonts.googleapis.com;fonts.gstatic.com;js.hcaptcha.com;static.neopse.com,Cloudflare;Google;Google;hCaptcha;https://static.neopse.com/thumbs/p/4817/site/d7/12/68/d712682e3b377a3321b1bb42a6c5c56340fe1994.png?v=v1,5,cdnjs.cloudflare.com();fonts.googleapis.com();fonts.gstatic.com();js.hcaptcha.com();static.neopse.com(),0,0,0,0,,0,False
www.impots.gouv.fr,Longwy,54,0198cbd8-d722-4923-975d-1c791d24caca,200,,0,,,,0,,0,0,0,0,,0,False
www.val-de-marne.gouv.fr,Créteil,94,019b2e5f-1a2d-489f-8394-3f4fdbb75281,,ConnectionError,0,,,,,,,0,0,0,,0,False
www.envermeu.fr,Envermeu,76,019b8f4f-f53d-4658-9b8a-d3d33b8f9294,200,,0,,,,0,,0,0,0,0,,0,False
www.udaf91.fr,Les Molières,91,019d8d82-df32-4b9d-85c6-9aeb04cbc694,200,,2,altro_terzo_parte;analytics,matomo.unaf.fr;www.googletagmanager.com,https://matomo.unaf.fr;Google,2,matomo.unaf.fr();www.googletagmanager.com(),0,0,0,0,,0,False
www.udaf2b.fr,Bastia,2B,019e29f7-9220-44e1-97b0-38f89a8e13ab,200,,2,altro_terzo_parte;analytics,matomo.unaf.fr;www.googletagmanager.com,https://matomo.unaf.fr;Google,2,matomo.unaf.fr();www.googletagmanager.com(),0,0,0,0,,0,False
www.auvergnerhonealpes.fr,Lyon,69,01a06679-b382-4843-a8d8-ce487db7237a,200,,0,,,,0,,0,0,0,0,,0,False
oise.fr,Crépy-en-Valois,60,01a16fe8-dab5-4faa-97e6-16c4b0fb5abc,403,,0,,,,0,,0,0,0,0,,0,True
www.bu-28.fr,Bû,28,01a2a9c7-22b7-4898-bd0c-b182505acfc1,200,,5,analytics;captcha;cdn_font,challenges.cloudflare.com;fonts.googleapis.com;fonts.gstatic.com;use.fontawesome.com;www.googletagmanager.com,Cloudflare;Google;Google;Font Awesome;Google,5,challenges.cloudflare.com();fonts.googleapis.com();fonts.gstatic.com();use.fontawesome.com();www.googletagmanager.com(),0,0,0,0,,0,False
www.gendarmerie.interieur.gouv.fr,La Souterraine,23,01a3a5e6-1278-4474-91c1-7a32323db688,,ConnectionError,0,,,,,,,0,0,0,,0,False
www.saintmartindheres.fr,Saint-Martin-d'Hères,38,01a41c41-5723-49d3-9300-554d11a024c7,200,,3,altro_terzo_parte;analytics;captcha,cdn-eu.readspeaker.com;www.google.com;www.googletagmanager.com,https://cdn-eu.readspeaker.com/script/10054/webReader/webReader.js?pids=wr&ver=2.5.0;Google;Google,3,cdn-eu.readspeaker.com();www.google.com();www.googletagmanager.com(),0,0,0,0,,0,False
www.espace-citoyens.net,Saint-Martin-d'Hères,38,01a41c41-5723-49d3-9300-554d11a024c7,200,,0,,,,0,,0,0,0,0,,0,False
www.sainsenamienois.fr,Sains-en-Amiénois,80,01a4be39-6fe1-4c47-8698-f2cbd818d433,200,,1,altro_terzo_parte,gmpg.org,https://gmpg.org/xfn/11,1,gmpg.org(),0,0,0,0,,0,False
www.masecurite.interieur.gouv.fr,Goussainville,95,01a4ec1e-fb34-4e95-a836-f0929b30b0a2,200,,1,altro_terzo_parte,cdn.tagcommander.com,https://cdn.tagcommander.com/6351/tc_moncommissariat_20.js,1,cdn.tagcommander.com(),0,0,0,0,,0,False
www1.ac-grenoble.fr,Valence,26,01a63b97-3d22-4e8a-88ff-c722058912a9,403,,0,,,,0,,0,0,0,0,,0,True
www.mairie-acyenmultien.fr,Acy-en-Multien,60,01a65d70-13bc-4904-94f5-18c51ef87a28,200,,0,,,,0,,0,0,0,0,,0,False
www.gendarmerie.interieur.gouv.fr,Châtillon-en-Diois,26,01a66e7d-833d-4161-9662-186c7a1f4b03,,ConnectionError,0,,,,,,,0,0,0,,0,False
www.udaf42.org,Saint-Chamond,42,01a6babb-60a3-4a41-835d-096fede3d633,200,,5,altro_terzo_parte,browser.sentry-cdn.com;siteassets.parastorage.com;static.parastorage.com;static.wixstatic.com;www.numanis.net,"https://browser.sentry-cdn.com/7.120.3/modulemetadata.es5.min.js;https://siteassets.parastorage.com/pages/pages/thunderbolt?appDefinitionIdToSiteRevision=%7B%223495efc2-56a9-41e9-bb3c-8c9b3b3ab501%22%3A%22151%22%2C%2214bcded7-0066-7c35-14d7-466cb3f09103%22%3A%221335%22%2C%2214271d6f-ba62-d045-549b-ab972ae1f70e%22%3A%2225%22%2C%2213d21c63-b5ec-5912-8397-c3a5ddb27a97%22%3A%22440%22%7D&beckyExperiments=.DatePickerPortal%2C.EnableCustomCSSVarsForLoginSocialBar%2C.FreemiumBannerOdeditor%2C.LoginBarEnableLoggingInStateInSSR%2C.TextInputAutoFillFix%2C.UseLoginSocialBarCustomMenu%2C.UseNestedLoginSocialBarMenuItems%2C.UseNewLoginBarDropdownMenuAlignment%2C.UseNewLoginSocialBarElementStructure%2C.UseNewLoginSocialBarMemberInitialsAvatar%2C.WixFreeSiteBannerDesktop%2C.WixFreeSiteBannerMobile%2C.addIdAsClassName%2C.buttonUdp%2C.calculateCollapsibleTextLineHeightByFont%2C.dynamicPageLinkTarget%2C.dynamicSlots%2C.fiveGridLineStudioSkins%2C.fixFirefoxLinkBarIntrinsicSizing%2C.isClassNameToRootEnabled%2C.logVsmPlatformDiff%2C.migrateSdkDataMappers%2C.resolveManifestInTB%2C.splitSlotSelectors%2C.stopResolvingInnerSelectors_VAG%2C.svgResolver_2%2C.updateRichTextSemanticClassNamesOnCorvid%2C.useClassnameInResponsiveAppWidget%2C.useImageAvifFormatInNativeProGallery%2C.useWowImageInFastGallery&blocksBuilderManifestGeneratorVersion=1.129.0&contentType=application%2Fjson&dfCk=6&dfVersion=1.5593.0&editorName=Unknown&experiments=dm_masterPageVariablesQueryFixer%2Cdm_migrateOldHoverBoxToNewFixer&externalBaseUrl=https%3A%2F%2Fwww.udaf42.org&fileId=f4b690b3.bundle.min&formFactor=desktop&hasTPAWorkerOnSite=false&hasUserDomainMedia=false&isBuilderComponentModel=false&isClientSdkOnSite=true&isHttps=true&isInSeo=false&isPremiumDomain=true&isUrlMigrated=true&isWixCodeOnPage=false&isWixCodeOnSite=true&language=fr&metaSiteId=361286c0-2d60-4067-a0e9-eb370aafc1b6&module=thunderbolt-platform&originalLanguage=fr&pageId=01ba60_a6ba58e873fab4bbae28c3ac76650360_3692.json&pilerExperiments=specs.piler.useEditorReactComponents&quickActionsMenuEnabled=false®istryLibrariesTopology=%5B%7B%22artifactId%22%3A%22editor-elements%22%2C%22namespace%22%3A%22wixui%22%2C%22url%22%3A%22https%3A%2F%2Fstatic.parastorage.com%2Fservices%2Feditor-elements%2F1.15513.0%22%7D%2C%7B%22artifactId%22%3A%22editor-elements%22%2C%22namespace%22%3A%22dsgnsys%22%2C%22url%22%3A%22https%3A%2F%2Fstatic.parastorage.com%2Fservices%2Feditor-elements%2F1.15513.0%22%7D%5D&remoteWidgetStructureBuilderVersion=1.251.0&siteId=372ea731-bee8-43ae-bb71-4d578b8efb35&siteRevision=3695&staticHTMLComponentUrl=https%3A%2F%2Fwww-udaf42-org.filesusr.com%2F&viewMode=desktop;https://static.parastorage.com/services/pro-gallery-tpa/1.1531.0/WixProGalleryViewerWidget.bundle.min.js;https://static.wixstatic.com/media/b2f8a3_f6e364c8e4b94fea8085fa4cc5034a0a~mv2.jpg/v1/fill/w_136,h_42,al_c,q_80,usm_0.66_1.00_0.01,enc_avif,quality_auto/guid'asso.jpg;https://www.numanis.net/accessedition.js",5,browser.sentry-cdn.com();siteassets.parastorage.com();static.parastorage.com();static.wixstatic.com();www.numanis.net(),0,2,0,0,,2,False
www.trie-chateau.fr,Trie-Château,60,01a74c54-2625-4e03-af1c-3197ae391911,200,,5,altro_terzo_parte;captcha;cdn_font,cdnjs.cloudflare.com;fonts.googleapis.com;fonts.gstatic.com;js.hcaptcha.com;static.neopse.com,Cloudflare;Google;Google;hCaptcha;https://static.neopse.com/medias/p/309/site/35/9a/cb/359acbe5c600353e4b97ade5da85b81532660033.jpg?v=v1,5,cdnjs.cloudflare.com();fonts.googleapis.com();fonts.gstatic.com();js.hcaptcha.com();static.neopse.com(),0,0,0,0,,0,False
www.onac-vg.fr,Saint-Lô,50,01a7679c-12a1-43f9-8013-e7481af73af1,200,,0,,,,0,,0,1,0,0,,1,False
www.combret-aveyron.fr,Combret,12,01a76b79-f6cc-49e2-930a-df099fc3a4a8,200,,7,altro_terzo_parte;analytics;cdn_font;video,fonts.googleapis.com;gmpg.org;matomo.monsitecommunal.fr;medias.hit.enaveyron.fr;www.googletagmanager.com;www.monsitecommunal.fr;www.youtube.com,Google;https://gmpg.org/xfn/11;https://matomo.monsitecommunal.fr;https://medias.hit.enaveyron.fr/fiches/15954/images/180691_0b6df056-376a-4a66-bab5-2d758b157a62/600.webp;Google;https://www.monsitecommunal.fr/uploads/sites/82/2021/06/fili-combret.jpg;Google,7,fonts.googleapis.com();gmpg.org();matomo.monsitecommunal.fr();medias.hit.enaveyron.fr();www.googletagmanager.com();www.monsitecommunal.fr();www.youtube.com(),0,0,0,0,,0,False
www.montfort-sur-argens.fr,Montfort-sur-Argens,83,01a7a78a-e426-476e-ae5e-37640e2ced6c,200,,0,,,,0,,0,0,0,0,,0,False
www.oise.gouv.fr,Beauvais,60,01a86f85-fdd6-4ce4-ab03-93d1a0e39aaf,,ConnectionError,0,,,,,,,0,0,0,,0,False
www.impots.gouv.fr,Montmorency,95,01ac4cf4-1b08-49f0-9a4f-21d896d74d30,200,,0,,,,0,,0,0,0,0,,0,False
www.duttlenheim.fr,Duttlenheim,67,01ad4fe8-ad01-4f23-9274-cc1fb325cca8,200,,2,altro_terzo_parte;cdn_font,fonts.googleapis.com;www.facebook.com,Google;https://www.facebook.com/plugins/page.php?href=https%3A%2F%2Fwww.facebook.com%2FCommuneduttlenheim&tabs=timeline&width=270&height=410&small_header=true&adapt_container_width=true&hide_cover=false&show_facepile=true&appId,2,fonts.googleapis.com();www.facebook.com(),0,0,0,0,,0,False
www.lacharente.fr,Chalais,16,01ad618c-aca3-47ca-86bb-21dfe3bc1caa,200,,2,altro_terzo_parte;video,cdn.onesignal.com;player.vimeo.com,https://cdn.onesignal.com/sdks/web/v16/OneSignalSDK.page.js;Vimeo,2,cdn.onesignal.com();player.vimeo.com(),0,0,0,0,,0,False
www.bourbourg.fr,Bourbourg,59,01ad82f9-0a14-4b88-9f2d-9c65cf4dfeee,200,,5,altro_terzo_parte;captcha;cdn_font;sdk_generico,cdntag.tarteaucitron.io;static.addtoany.com;unpkg.com;www.google.com;www.gstatic.com,https://cdntag.tarteaucitron.io;https://static.addtoany.com;unpkg;Google;Google,5,cdntag.tarteaucitron.io();static.addtoany.com();unpkg.com();www.google.com();www.gstatic.com(),0,0,0,0,,0,False
dombasle-en-argonne.fr,Dombasle-en-Argonne,55,01ad87b8-354d-4d24-91fb-284ed175148a,200,,2,altro_terzo_parte;cdn_font,2k6w7ajogs.preview.infomaniak.website;fonts.gstatic.com,https://2k6w7ajogs.preview.infomaniak.website/wp-content/uploads/2021/04/logo-la-meuse.png;Google,2,2k6w7ajogs.preview.infomaniak.website();fonts.gstatic.com(),0,0,0,0,,0,False
www.creil.fr,Creil,60,01aee5bf-a750-4444-b8eb-93ef8fe69a59,200,,6,altro_terzo_parte;analytics;captcha;cdn_font,cdnjs.cloudflare.com;fonts.googleapis.com;use.fontawesome.com;www.facebook.com;www.google.com;www.googletagmanager.com,Cloudflare;Google;Font Awesome;https://www.facebook.com/tr?id=707646130964848&ev=PageView&noscript=1;Google;Google,6,cdnjs.cloudflare.com();fonts.googleapis.com();use.fontawesome.com();www.facebook.com();www.google.com();www.googletagmanager.com(),0,1,1,0,,0,False
www.plouractualites.fr,Plourac'h,22,01b39604-670f-40d4-8ede-7c35fcd8bd4a,200,,5,altro_terzo_parte;analytics;cdn_font,fonts.googleapis.com;fonts.gstatic.com;meteofrance.com;translate.google.com;www.googletagmanager.com,Google;Google;https://meteofrance.com/widget/prevision/222310##09B2E6;https://translate.google.com/translate_a/element.js?cb=googleTranslateElementInit;Google,5,fonts.googleapis.com();fonts.gstatic.com();meteofrance.com();translate.google.com();www.googletagmanager.com(),0,0,0,0,,0,False
rocroi.fr,Rocroi,08,01b3e93c-6a88-4019-9e44-71f42b7d31ff,200,,3,altro_terzo_parte;cdn_font,fonts.googleapis.com;gmpg.org;s.w.org,Google;http://gmpg.org/xfn/11;https://s.w.org,3,fonts.googleapis.com();gmpg.org();s.w.org(),0,0,0,0,,0,False
www.cosse-le-vivien.fr,Cossé-le-Vivien,53,01b7e810-90ff-4dfa-a467-b9be24656065,200,,6,altro_terzo_parte;cdn_font,cdn.jsdelivr.net;cdnjs.cloudflare.com;code.jquery.com;fonts.googleapis.com;fonts.gstatic.com;vjs.zencdn.net,jsDelivr;Cloudflare;https://code.jquery.com/jquery-3.4.1.min.js;Google;Google;https://vjs.zencdn.net/4.10/video-js.css,6,cdn.jsdelivr.net();cdnjs.cloudflare.com();code.jquery.com();fonts.googleapis.com();fonts.gstatic.com();vjs.zencdn.net(),0,1,0,0,,1,False
www.impots.gouv.fr,Pézenas,34,01b8ce99-1102-495c-8e19-b33e37f4320f,200,,0,,,,0,,0,0,0,0,,0,False
www.nord.gouv.fr,Cambrai,59,01b9081c-4866-42bf-869f-0d277d018e5a,,ConnectionError,0,,,,,,,0,0,0,,0,False
www.associations.gouv.fr,Cambrai,59,01b9081c-4866-42bf-869f-0d277d018e5a,200,,0,,,,0,,0,0,0,0,,0,False
www.france-services.gouv.fr,Paris,75,01b974e7-e03e-40c8-a53d-7f8b5755637b,,ConnectionError,0,,,,,,,0,0,0,,0,False
www.stgeorges79.fr,Saint-Georges-de-Noisné,79,01b9e192-2561-4c6c-b300-5d76f088af56,200,,2,altro_terzo_parte;cdn_font,code.jquery.com;fonts.googleapis.com,https://code.jquery.com/jquery-1.12.4.min.js;Google,2,code.jquery.com();fonts.googleapis.com(),0,0,0,0,,0,False
www.intramuros.org,Cornillé-les-Caves,49,01bb3852-1268-4412-8bfb-de207ff29e6c,200,,1,altro_terzo_parte,files.appli-intramuros.com,https://files.appli-intramuros.com/website/static/challenge.html,1,files.appli-intramuros.com(),0,1,0,0,,1,False
www.france-services.gouv.fr,Lavoncourt,70,01bbf717-5842-4c2d-ae78-2e4851aa99dd,,ConnectionError,0,,,,,,,0,0,0,,0,False
www.vosges.fr,Épinal,88,01bc7763-8ec3-4bf3-916e-d884ccce8256,200,,8,altro_terzo_parte;cdn_font,cdn.elementor.com;cdn.jsdelivr.net;cdnjs.cloudflare.com;fonts.googleapis.com;fonts.gstatic.com;hb.wpmucdn.com;kit.fontawesome.com;semantics-chat.wikit.ai,https://cdn.elementor.com;jsDelivr;Cloudflare;Google;Google;https://hb.wpmucdn.com;https://kit.fontawesome.com;https://semantics-chat.wikit.ai/chat-embed.js,8,cdn.elementor.com();cdn.jsdelivr.net();cdnjs.cloudflare.com();fonts.googleapis.com();fonts.gstatic.com();hb.wpmucdn.com();kit.fontawesome.com();semantics-chat.wikit.ai(),0,0,0,0,,0,False
www.fraize.eu,Fraize,88,01bd311e-c11e-40dd-9818-2501cb591a1b,200,,2,altro_terzo_parte,st0.cdnsw.com;v-images.cdnsw.com,https://st0.cdnsw.com/assets/precompile/viewer2_all-08e7c48b5d0f51026fc476b953ae7fe7.css;https://v-images.cdnsw.com/Root/gkrkl/fraize-au-drone_1.jpg?s=YqFFkXU=&webp_compatible=1,2,st0.cdnsw.com();v-images.cdnsw.com(),0,1,0,0,,1,False
www.gendarmerie.interieur.gouv.fr,Saint-Laurent-en-Grandvaux,39,01be0109-ecc0-418b-be73-4b3fd38ece69,,ConnectionError,0,,,,,,,0,0,0,,0,False
www.ville-bonneuil.fr,Bonneuil-sur-Marne Cedex,94,01befebc-084e-4b13-ba83-fa49ee6e8ee8,200,,1,altro_terzo_parte,neo-appbanner.s3.eu-west-3.amazonaws.com,https://neo-appbanner.s3.eu-west-3.amazonaws.com/smartbanner.css,1,neo-appbanner.s3.eu-west-3.amazonaws.com(),0,0,0,0,,0,False
cdad-dordogne.fr,MAUZAC-ET-GRAND-CASTANG,24,01bf845b-a8f5-4588-a84c-47087a25dafc,200,,3,analytics;cdn_font,fonts.googleapis.com;fonts.gstatic.com;www.googletagmanager.com,Google;Google;Google,3,fonts.googleapis.com();fonts.gstatic.com();www.googletagmanager.com(),0,1,0,0,,1,False
www.caf.fr,Toulouse,31,01c1b8d5-05c2-48fc-9f57-d56e50f44919,200,,0,,,,0,,0,7,0,0,,7,False
somme-suippe.fr,Somme-Suippe,51,01c4dcba-841d-4cad-8469-0b2e7068fa29,200,,2,altro_terzo_parte,admin.illiwap.com;gmpg.org,https://admin.illiwap.com/fr/public/51546/actu/embed;http://gmpg.org/xfn/11,2,admin.illiwap.com();gmpg.org(),0,0,0,0,,0,False
www.cher.gouv.fr,Bourges,18,01c4e5cc-9bd0-4bc8-a39b-3eba2819868f,,ConnectionError,0,,,,,,,0,0,0,,0,False
www.saint-martin-de-fontenay.fr,Saint-Martin-de-May,14,01c5bff6-9eb8-4111-97cb-6752f4d3fd7a,,ConnectionError,0,,,,,,,0,0,0,,0,False
www.ameli.fr,Orange,84,01c632d2-fa63-4eaf-9787-14a5128846de,200,,3,altro_terzo_parte;analytics;cdn_font,cdn.jsdelivr.net;tag.aticdn.net;www.googletagmanager.com,jsDelivr;https://tag.aticdn.net/piano-analytics.js;Google,3,cdn.jsdelivr.net();tag.aticdn.net();www.googletagmanager.com(),0,0,0,0,,0,False
forum-assures.ameli.fr,Orange,84,01c632d2-fa63-4eaf-9787-14a5128846de,200,,5,altro_terzo_parte;cdn_font,d350tqmxm801hs.cloudfront.net;dimelo-answers-production.s3.eu-west-1.amazonaws.com;dimelo-users-production.s3.amazonaws.com;dimelo.s3.amazonaws.com;fonts.googleapis.com,https://d350tqmxm801hs.cloudfront.net/production/ameli-forum/images/refonte-identite-2022/logo_forum-ameli.svg?1649083461;https://dimelo-answers-production.s3.eu-west-1.amazonaws.com/291/a2635c8ee1bec415/170413152806_5f8b2eb0d19885b6b8d6226fe9d6780e_original.png?7cc8cfd;https://dimelo-users-production.s3.amazonaws.com/identity_avatars/bdea85ceb7d562ab/avatar_x-large.png?7cc8cfd;https://dimelo.s3.amazonaws.com/custom-v2/ameli/tarteaucitron/tarteaucitron.js;Google,5,d350tqmxm801hs.cloudfront.net();dimelo-answers-production.s3.eu-west-1.amazonaws.com();dimelo-users-production.s3.amazonaws.com();dimelo.s3.amazonaws.com();fonts.googleapis.com(),0,1,0,0,,1,False
www.lealvillers.fr,Léalvillers,80,01c731b9-3cc4-4038-b454-689d4b622c97,200,,2,altro_terzo_parte;cdn_font,fonts.googleapis.com;gmpg.org,Google;https://gmpg.org/xfn/11,2,fonts.googleapis.com();gmpg.org(),0,0,0,0,,0,False
www.peaule.fr,Péaule,56,01c7d5f3-e213-468d-b126-150fbf5ba1b8,200,,0,,,,0,,0,0,0,0,,0,False
www.agglo-lepuyenvelay.fr,Le Puy-en-Velay,43,01c91802-fe88-4a64-aa64-163271b93f0e,200,,5,altro_terzo_parte;analytics;cdn_font,fonts.googleapis.com;maxcdn.bootstrapcdn.com;netdna.bootstrapcdn.com;s.w.org;www.googletagmanager.com,Google;BootstrapCDN;https://netdna.bootstrapcdn.com/font-awesome/3.2.1/css/font-awesome.css;https://s.w.org;Google,5,fonts.googleapis.com();maxcdn.bootstrapcdn.com();netdna.bootstrapcdn.com();s.w.org();www.googletagmanager.com(),0,0,0,0,,0,False
www.gendarmerie.interieur.gouv.fr,Céret,66,01c91bf5-7863-4d77-be8c-62582231dded,,ConnectionError,0,,,,,,,0,0,0,,0,False
www.lefolgoet.fr,Le Folgoët,29,01c98395-e16f-473c-956a-42e1ad68fe30,200,,6,altro_terzo_parte;cdn_font;sdk_generico;video,app.mailjet.com;fonts.googleapis.com;gmpg.org;maps.googleapis.com;www.youtube.com;xgzwi.mjt.lu,https://app.mailjet.com/pas-nc-embedded-v1.js;Google;https://gmpg.org/xfn/11;Google;Google;https://xgzwi.mjt.lu/wgt/xgzwi/ovj/form?c=d7854b9f,6,app.mailjet.com();fonts.googleapis.com();gmpg.org();maps.googleapis.com();www.youtube.com();xgzwi.mjt.lu(),0,0,0,0,,0,False
www.impots.gouv.fr,Dole,39,01cb453f-d281-424d-8c14-35a2ae5faa1a,200,,0,,,,0,,0,0,0,0,,0,False
cio.ac-amiens.fr,Creil,60,01cee0d3-f8ee-4a22-85f7-a12c2b210756,200,,1,cdn_font,cdnjs.cloudflare.com,Cloudflare,1,cdnjs.cloudflare.com(),0,0,0,0,,0,False
fessenheim.fr,Fessenheim,68,01cf3283-380b-4dc7-87e1-ff714249449d,200,,5,altro_terzo_parte;analytics;captcha;cdn_font,cdn-cookieyes.com;fonts.googleapis.com;fonts.gstatic.com;www.google.com;www.googletagmanager.com,https://cdn-cookieyes.com/client_data/c799b694b2a756ee10f440346cf02d81/script.js;Google;Google;Google;Google,5,cdn-cookieyes.com();fonts.googleapis.com();fonts.gstatic.com();www.google.com();www.googletagmanager.com(),0,0,0,0,,0,False
www.ordredesavocatsdedax.fr,Dax,40,01cf607b-f717-49e2-a3cd-8f124c4711fd,200,,2,cdn_font,cdnjs.cloudflare.com;use.fontawesome.com,Cloudflare;Font Awesome,2,cdnjs.cloudflare.com();use.fontawesome.com(),0,0,0,0,,0,False
www.mairie-lecluse.fr,Lécluse,59,01d0ac78-8e14-47d8-a41d-4be5baadf988,200,,1,altro_terzo_parte,v.rvvn.org,https://v.rvvn.org/js/?idsite=41&rec=1,1,v.rvvn.org(),0,1,0,0,,1,False
mairie-nogaret.fr,Nogaret,31,01d19b3c-3fd0-4513-bb23-ce14f946f468,200,,8,altro_terzo_parte;cdn_font,admin.illiwap.com;bacasable.campagnol.fr;campagnolv2-1.campagnol.fr;fonts.googleapis.com;fonts.gstatic.com;gmpg.org;www.atmo-occitanie.org;www.monecowatt.fr,https://admin.illiwap.com/fr/public/mairie-de-nogaret_31400/actu;https://bacasable.campagnol.fr/wp-content/uploads/sites/900/2020/03/Village-31-300x158.jpg;https://campagnolv2-1.campagnol.fr/wp-content/themes/twentyseventeen-child/assets/images/logo-campagnol-2023.png;Google;Google;http://gmpg.org/xfn/11;https://www.atmo-occitanie.org/sites/default/files/widget-iqa/31400.png;https://www.monecowatt.fr/preview-homepage?prevision=1&map=1&ecogestes=1,8,admin.illiwap.com();bacasable.campagnol.fr();campagnolv2-1.campagnol.fr();fonts.googleapis.com();fonts.gstatic.com();gmpg.org();www.atmo-occitanie.org();www.monecowatt.fr(),0,0,0,0,,0,False
diebling.fr,Diebling,57,01d21a72-9b85-43d9-818d-339aad0b188b,200,,1,altro_terzo_parte,gmpg.org,https://gmpg.org/xfn/11,1,gmpg.org(),0,0,0,0,,0,False
www.reseau-canope.fr,Mont-de-Marsan,40,01d4eb68-69a6-4329-91aa-57e98c5877c7,200,,0,,,,0,,0,0,0,0,,0,False
www.bourgogne-franche-comte.developpement-durable.gouv.fr,Dijon Cedex,21,01d5e6f9-b0d2-4965-a3fc-cc221ea9beba,200,,1,altro_terzo_parte,purl.org,http://purl.org/dc/terms/,1,purl.org(),0,1,0,0,,1,False
www.ffbatiment.fr,La Roche-sur-Yon,85,01d64db9-a9dc-4c5c-8d66-ce91160f27d3,200,,2,altro_terzo_parte;analytics,cdn.cookielaw.org;www.googletagmanager.com,https://cdn.cookielaw.org/scripttemplates/otSDKStub.js;Google,2,cdn.cookielaw.org();www.googletagmanager.com(),0,4,1,0,,3,False
www1.ac-grenoble.fr,Chambéry,73,01d6b5cb-ea31-4c2f-8b3d-f5ca5043632e,403,,0,,,,0,,0,0,0,0,,0,True
parfondru.fr,Parfondru,02,01d6cd23-7d68-40d5-bac1-d70d57ec6213,200,,2,altro_terzo_parte;cdn_font,fonts.googleapis.com;gmpg.org,Google;http://gmpg.org/xfn/11,2,fonts.googleapis.com();gmpg.org(),0,0,0,0,,0,False
www.correze.gouv.fr,Tulle,19,01d76906-79d5-4569-8abc-f804fe9bb2e5,,ConnectionError,0,,,,,,,0,0,0,,0,False
www.impots.gouv.fr,Nancy,54,01d79a29-68d8-4302-a4af-3511501f4eec,200,,0,,,,0,,0,0,0,0,,0,False
accueil.banque-france.fr,Perpignan,66,01d800e9-2e2b-4d8c-a0d7-b4745db12941,200,,0,,,,0,,0,0,0,0,,0,False
www.alban.ccmav.fr,Alban,81,01d8ea7e-994e-43a9-b0b6-f2b367babfce,200,,1,analytics,www.googletagmanager.com,Google,1,www.googletagmanager.com(),0,1,0,0,,1,False
www.caf.fr,Morlaix,29,01da084a-fc36-4de8-9f31-786f3f719b57,200,,0,,,,0,,0,7,0,0,,7,False
www.ville-loches.fr,Loches,37,01da19a9-85a6-4719-a8e0-12daa90f6e0a,200,,7,altro_terzo_parte;analytics;cdn_font;sdk_generico,ajax.googleapis.com;cdnjs.cloudflare.com;connect.facebook.net;fonts.googleapis.com;kit.fontawesome.com;maxcdn.bootstrapcdn.com;tarteaucitron.io,Google;Cloudflare;Meta;Google;https://kit.fontawesome.com/88101518c0.js;BootstrapCDN;https://tarteaucitron.io/load.js?domain=www.ville-loches.fr&uuid=d6e01685026a151dad60a52501f651a56db171e8,7,ajax.googleapis.com();cdnjs.cloudflare.com();connect.facebook.net();fonts.googleapis.com();kit.fontawesome.com();maxcdn.bootstrapcdn.com();tarteaucitron.io(),0,2,2,0,,0,False
www.gendarmerie.interieur.gouv.fr,Léognan,33,01dc6f93-0e82-457c-80a9-7a11f5d32cfb,,ConnectionError,0,,,,,,,0,0,0,,0,False
mairielegrandbornand.com,Le Grand-Bornand,74,01dcb479-11eb-4fbc-8d39-9a13778cd38b,200,,4,altro_terzo_parte;analytics;captcha,use.typekit.net;widgets.apidae-tourisme.com;www.google.com;www.googletagmanager.com,https://use.typekit.net/aye0hzi.css;https://widgets.apidae-tourisme.com/widget/1294.js;Google;Google,4,use.typekit.net();widgets.apidae-tourisme.com();www.google.com();www.googletagmanager.com(),0,0,0,0,,0,False
www.rosselange.fr,Rosselange,57,01dd8143-0f76-4208-9dce-41460252bf92,200,,5,altro_terzo_parte;cdn_font,app.panneaupocket.com;cdn.jsdelivr.net;code.jquery.com;fonts.googleapis.com;unpkg.com,https://app.panneaupocket.com/embeded/526973498;jsDelivr;https://code.jquery.com/jquery-1.12.0.min.js;Google;unpkg,5,app.panneaupocket.com();cdn.jsdelivr.net();code.jquery.com();fonts.googleapis.com();unpkg.com(),0,1,1,0,,0,False
www.gendarmerie.interieur.gouv.fr,La Chaise-Dieu,43,01ddc700-a860-48f5-b0ec-7b8593539ad6,,ConnectionError,0,,,,,,,0,0,0,,0,False
valleederonsard.fr,Vallée-de-Ronsard,41,01df15a2-8756-42ce-85ed-ec59bdd9effe,200,,6,altro_terzo_parte;analytics;cdn_font,api.fontshare.com;cdn.jsdelivr.net;fonts.googleapis.com;fonts.gstatic.com;gmpg.org;www.googletagmanager.com,"https://api.fontshare.com/v2/css?f[]=switzer@600,701,501,601,700,400,401,300,301,500&display=swap;jsDelivr;Google;Google;https://gmpg.org/xfn/11;Google",6,api.fontshare.com();cdn.jsdelivr.net();fonts.googleapis.com();fonts.gstatic.com();gmpg.org();www.googletagmanager.com(),0,0,0,0,,0,False
www.thoissey.fr,Thoissey,01,01e00c9f-2c53-46e5-824b-0584f8ac4858,404,,0,,,,0,,0,0,0,0,,0,False
www.gendarmerie.interieur.gouv.fr,Clermont-Ferrand,63,01e15c81-8670-4a0f-aa3a-6611d545209e,,ConnectionError,0,,,,,,,0,0,0,,0,False
www.ville-tavaux.fr,Tavaux,39,01e56bd3-dcf4-412a-912f-9ed8115e72fd,200,,2,altro_terzo_parte;cdn_font,fonts.googleapis.com;v.calameo.com,Google;http://v.calameo.com/?bkcode=007884892dc8bbc9b816a,2,fonts.googleapis.com();v.calameo.com(),0,1,0,0,,1,False
paulhac.fr,Paulhac,31,01e72f1e-d181-4c5d-8f7c-256367e120cb,200,,4,altro_terzo_parte;analytics;cdn_font,fonts.googleapis.com;fonts.gstatic.com;gmpg.org;www.googletagmanager.com,Google;Google;https://gmpg.org/xfn/11;Google,4,fonts.googleapis.com();fonts.gstatic.com();gmpg.org();www.googletagmanager.com(),0,0,0,0,,0,False
www.cdad-eure.fr,ÉPAIGNES,27,01e80488-59b0-4ee5-9a90-71a4a890bdbf,200,,6,altro_terzo_parte;cdn_font,cdn-eu.readspeaker.com;cdn.gtranslate.net;fonts.googleapis.com;fonts.gstatic.com;www.google.com;www.youtube-nocookie.com,https://cdn-eu.readspeaker.com/script/9966/webReader/webReader.js?pids=wr;https://cdn.gtranslate.net/widgets/latest/fd.js;Google;Google;https://www.google.com/maps/d/embed?mid=1U6I_smhNOm5a20yeo9eVqPoaLto;https://www.youtube-nocookie.com/embed/_4GrgVW3Mu8,6,cdn-eu.readspeaker.com();cdn.gtranslate.net();fonts.googleapis.com();fonts.gstatic.com();www.google.com();www.youtube-nocookie.com(),0,1,0,0,,1,False
www.departement06.fr,Grasse,06,01e956ab-f8a3-4fdc-934c-e1841bf1f1c6,200,,2,altro_terzo_parte,translate.google.com;webchat.wikit.ai,https://translate.google.com/translate_a/element.js?cb=googleTranslateElementInit2;https://webchat.wikit.ai/webchat-embed.js,2,translate.google.com();webchat.wikit.ai(),0,0,0,0,,0,False
louvie-juzon.fr,Louvie-Juzon,64,01e9a841-1b1a-4920-a49d-8f5222b16f26,200,,5,altro_terzo_parte;cdn_font,campagnolv2-1.campagnol.fr;fonts.googleapis.com;fonts.gstatic.com;gmpg.org;www.google.com,https://campagnolv2-1.campagnol.fr/wp-content/themes/twentyseventeen-child/assets/images/logo-campagnol-2023.png;Google;Google;http://gmpg.org/xfn/11;https://www.google.com/maps/embed?pb=!1m18!1m12!1m3!1d93268.38182662708!2d-0.34038923221027434!3d43.07010302573093!2m3!1f0!2f0!3f0!3m2!1i1024!2i768!4f13.1!3m3!1m2!1s0xd57b1825cf831fd%3A0xe13d601a02327873!2s64260%20Louvie-Juzon!5e0!3m2!1sfr!2sfr!4v1590160230730!5m2!1sfr!2sfr,5,campagnolv2-1.campagnol.fr();fonts.googleapis.com();fonts.gstatic.com();gmpg.org();www.google.com(),0,0,0,0,,0,False
mairie-auriol.fr,Auriol,13,01ec7f75-cd19-4ec5-9551-c0f3ee5622e1,200,,0,,,,0,,0,1,0,0,,1,False
www.moiransenmontagne.fr,Moirans-en-Montagne,39,01ee6f92-fa57-4aa6-a84e-5033479db408,200,,8,altro_terzo_parte;cdn_font,auth.synbird.com;fonts.bunny.net;fonts.googleapis.com;fonts.gstatic.com;images.synbird.com;widget.intramuros.org;widgets.synbird.com;ws.synbird.com,"https://auth.synbird.com;https://fonts.bunny.net/css?family=DM+Sans:300,400,700,800,900&display=swap;Google;Google;https://images.synbird.com;https://widget.intramuros.org/js/5.1.0/agenda.js;https://widgets.synbird.com/widget.js;https://ws.synbird.com",8,auth.synbird.com();fonts.bunny.net();fonts.googleapis.com();fonts.gstatic.com();images.synbird.com();widget.intramuros.org(US);widgets.synbird.com();ws.synbird.com(),0,1,0,0,,1,False
www.douane.gouv.fr,Saint-Pierre-et-Miquelon,974,01eeba2f-7d9e-4f0f-86b1-52674cfde51a,200,,0,,,,0,,0,1,0,0,,1,False
calade.org,Sommières,30,01ef4714-698c-401d-939a-8ebc759ee811,200,,5,altro_terzo_parte;cdn_font,cdn.brevo.com;cdn.by.wonderpush.com;fonts.googleapis.com;gmpg.org;www.helloasso.com,https://cdn.brevo.com/js/sdk-loader.js;https://cdn.by.wonderpush.com/sdk/1.1/wonderpush-loader.min.js;Google;http://gmpg.org/xfn/11;https://www.helloasso.com/associations/calade-centre-socioculturel-intercommunal/adhesions/calade/widget,5,cdn.brevo.com();cdn.by.wonderpush.com();fonts.googleapis.com();gmpg.org();www.helloasso.com(),0,1,0,0,,1,False
www.pontault-combault.fr,Pontault-Combault,77,01f10665-d439-46ba-94f3-a227530e46c9,200,,1,sdk_generico,ajax.googleapis.com,Google,1,ajax.googleapis.com(),0,0,0,0,,0,False
www.ville-moyenmoutier.fr,Moyenmoutier,88,01f1213d-2daa-477f-aac7-344eebc99ed5,200,,2,altro_terzo_parte;cdn_font,maxcdn.bootstrapcdn.com;netdna.bootstrapcdn.com,BootstrapCDN;https://netdna.bootstrapcdn.com/bootstrap/3.0.2/css/bootstrap.min.css,2,maxcdn.bootstrapcdn.com();netdna.bootstrapcdn.com(),0,0,0,0,,0,False
ponthevrard.fr,Ponthévrard,78,01f14860-676e-402b-9c0f-842dbbd3f663,200,,4,altro_terzo_parte;cdn_font,campagnolv2-2.campagnol.fr;fonts.googleapis.com;fonts.gstatic.com;gmpg.org,https://campagnolv2-2.campagnol.fr/wp-content/themes/twentyseventeen-child/assets/images/logo-campagnol-2023.png;Google;Google;http://gmpg.org/xfn/11,4,campagnolv2-2.campagnol.fr();fonts.googleapis.com();fonts.gstatic.com();gmpg.org(),0,0,0,0,,0,False
www.avoudrey.fr,Avoudrey,25,01f2bf4d-013c-45a4-a71b-4353322f3922,200,,2,altro_terzo_parte;cdn_font,bov2.modulitiboclient.com;cdnjs.cloudflare.com,https://bov2.modulitiboclient.com/assets/img/module/reseauxsociaux/logo_facebook.png;Cloudflare,2,bov2.modulitiboclient.com();cdnjs.cloudflare.com(),0,1,1,0,,0,False
www.francetravail.fr,Angoulême,16,01f49b5c-8d9b-448b-b7fb-3e9530909ba3,200,nan,1,altro_terzo_parte,cdn.tagcommander.com,https://cdn.tagcommander.com/4340/tc_PoleEmploi_24.js,1,cdn.tagcommander.com(),0,2,0,0,nan,2,False
www.france-services.gouv.fr,Saint-Denis,974,01f60676-c470-4fb3-a554-41601caf242b,nan,ConnectionError,0,nan,nan,nan,nan,nan,nan,0,0,0,nan,0,False
cagnac-les-mines.fr,Cagnac-les-Mines,81,01f66daf-e715-48f3-8bf2-b4190bcaf0fd,200,,5,altro_terzo_parte;captcha;cdn_font,cdnjs.cloudflare.com;fonts.googleapis.com;fonts.gstatic.com;js.hcaptcha.com;static.neopse.com,Cloudflare;Google;Google;hCaptcha;https://static.neopse.com/thumbs/p/3199/site/33/7b/c8/337bc8033af47d777c1b79e4a0609047a1804e3f.png?v=v1,5,cdnjs.cloudflare.com();fonts.googleapis.com();fonts.gstatic.com();js.hcaptcha.com();static.neopse.com(),0,0,0,0,,0,False
www.ameli.fr,Sainte-Rose,971,01f7f734-1354-41e5-9b50-135a8c83886a,200,nan,3,altro_terzo_parte;analytics;cdn_font,cdn.jsdelivr.net;tag.aticdn.net;www.googletagmanager.com,jsDelivr;https://tag.aticdn.net/piano-analytics.js;Google,3,cdn.jsdelivr.net();tag.aticdn.net();www.googletagmanager.com(),0,0,0,0,nan,0,False
forum-assures.ameli.fr,Sainte-Rose,971,01f7f734-1354-41e5-9b50-135a8c83886a,200,nan,5,altro_terzo_parte;cdn_font,d350tqmxm801hs.cloudfront.net;dimelo-answers-production.s3.eu-west-1.amazonaws.com;dimelo-users-production.s3.amazonaws.com;dimelo.s3.amazonaws.com;fonts.googleapis.com,https://d350tqmxm801hs.cloudfront.net/production/ameli-forum/images/refonte-identite-2022/logo_forum-ameli.svg?1649083461;https://dimelo-answers-production.s3.eu-west-1.amazonaws.com/291/a2635c8ee1bec415/170413152806_5f8b2eb0d19885b6b8d6226fe9d6780e_original.png?7cc8cfd;https://dimelo-users-production.s3.amazonaws.com/identity_avatars/bdea85ceb7d562ab/avatar_x-large.png?7cc8cfd;https://dimelo.s3.amazonaws.com/custom-v2/ameli/tarteaucitron/tarteaucitron.js;Google,5,d350tqmxm801hs.cloudfront.net();dimelo-answers-production.s3.eu-west-1.amazonaws.com();dimelo-users-production.s3.amazonaws.com();dimelo.s3.amazonaws.com();fonts.googleapis.com(),0,1,0,0,nan,1,False
www.douane.gouv.fr,Ecole Valentin,25,01fb0a75-4f31-44b7-953d-85027bff29ba,200,nan,0,nan,nan,nan,0,nan,0,1,0,0,nan,1,False
beaujeu04.fr,Beaujeu,04,01fbe8f5-f977-4647-887f-27e7f3d89e45,200,,5,altro_terzo_parte;cdn_font,fonts.googleapis.com;fonts.gstatic.com;gmpg.org;votre-commune.inforoutes.fr;www.google.com,Google;Google;http://gmpg.org/xfn/11;https://votre-commune.inforoutes.fr/wp-content/themes/twentyseventeen-child/assets/images/logo-campagnol-2023.png;https://www.google.com/maps/embed?pb=!1m14!1m8!1m3!1d366114.54905669735!2d6.368674!3d44.20150700000001!3m2!1i1024!2i768!4f13.1!3m3!1m2!1s0x12cb802e79965b6b%3A0x40819a5fd97b660!2s04420+Beaujeu%2C+France!5e0!3m2!1sfr!2sus!4v1526628867254,5,fonts.googleapis.com();fonts.gstatic.com();gmpg.org();votre-commune.inforoutes.fr();www.google.com(),0,0,0,0,,0,False
www.mairie-castelnau-medoc.fr,Castelnau-de-Médoc,33,01fe838e-0747-4481-964d-c74ddb2d7fba,200,,1,altro_terzo_parte,gmpg.org,http://gmpg.org/xfn/11,1,gmpg.org(),0,0,0,0,,0,False
www.mairie-ibos.fr,Ibos,65,01ffc8b4-befb-47ba-9fde-f361c12ad297,200,,3,altro_terzo_parte;analytics;cdn_font,fonts.gstatic.com;www.googletagmanager.com;www.ville-ibos.fr,Google;Google;https://www.ville-ibos.fr/wp-content/uploads/2020/08/logo-bis-1.png,3,fonts.gstatic.com();www.googletagmanager.com();www.ville-ibos.fr(),0,0,0,0,,0,False
www.conseil-national.medecin.fr,Cayenne,973,0200668c-2f63-4ed4-9bae-c861085790d9,200,nan,1,altro_terzo_parte,static.addtoany.com,https://static.addtoany.com/menu/page.js,1,static.addtoany.com(),0,0,0,0,nan,0,False
www.averdon.fr,Averdon,41,0200ce10-5f98-4540-bb1c-4abb3104a65c,200,,1,captcha,www.google.com,Google,1,www.google.com(),0,1,1,0,,0,False
www.xeuilley.fr,Xeuilley,54,02010230-fd07-4591-a66e-08df8208a16f,200,,0,,,,0,,0,2,1,0,,1,False
www.villagesdulacdepaladru.fr,Villages du Lac de Paladru,38,02014029-8ab7-4452-8361-14168de23921,200,,4,altro_terzo_parte;cdn_font,cdn.jsdelivr.net;cdnjs.cloudflare.com;openweathermap.org;unpkg.com,jsDelivr;Cloudflare;https://openweathermap.org/img/wn/04n@2x.png;unpkg,4,cdn.jsdelivr.net();cdnjs.cloudflare.com();openweathermap.org();unpkg.com(),0,1,0,0,,1,False
www.mairie-toutens31.fr,Toutens,31,0203f32d-7e9a-4ca8-8963-604cc172cd0c,200,,2,altro_terzo_parte;cdn_font,maxcdn.bootstrapcdn.com;www.tameteo.com,BootstrapCDN;https://www.tameteo.com/wimages/foto10d77e70624c0d206e3ba21da030d93d.png,2,maxcdn.bootstrapcdn.com();www.tameteo.com(),0,0,0,0,,0,False
www.mairielebignon.fr,Le Bignon,44,0204c0d5-f842-4f5c-a9a0-812d4d0ad31c,200,,0,,,,0,,0,1,0,0,,1,False
www.grandlieu.fr,La Chevrolière,44,020578c8-e284-44af-bb35-44054bd624cc,200,,7,altro_terzo_parte;analytics;captcha;cdn_font,cdn.jsdelivr.net;cdnjs.cloudflare.com;fonts.googleapis.com;static.addtoany.com;static.xx.fbcdn.net;www.google.com;www.googletagmanager.com,jsDelivr;Cloudflare;Google;https://static.addtoany.com/menu/page.js;https://static.xx.fbcdn.net/images/emoji.php/v9/t40/1/16/25b6.png;Google;Google,7,cdn.jsdelivr.net();cdnjs.cloudflare.com();fonts.googleapis.com();static.addtoany.com();static.xx.fbcdn.net();www.google.com();www.googletagmanager.com(),0,0,0,0,,0,False
www.fresnayleveque.fr,Fresnay-l'Évêque,28,02069166-356e-4278-865b-6af7ecd8b38f,200,,1,cdn_font,fonts.googleapis.com,Google,1,fonts.googleapis.com(),0,2,1,0,,1,False
www.france-services.gouv.fr,Bouillant,971,0206c371-b663-44eb-95c6-98c0c0c6299a,nan,ConnectionError,0,nan,nan,nan,nan,nan,nan,0,0,0,nan,0,False
www.udaf14.fr,Condé en Normandie,14,02082ca3-0bec-4cb3-a320-abf137ec84fa,200,,1,analytics,www.googletagmanager.com,Google,1,www.googletagmanager.com(),0,0,0,0,,0,False
www.udaf41.fr,Blois,41,0208493c-eac5-4fa5-81b9-cce5caf4404d,200,,3,altro_terzo_parte;analytics;video,matomo.unaf.fr;player.vimeo.com;www.googletagmanager.com,https://matomo.unaf.fr;Vimeo;Google,3,matomo.unaf.fr();player.vimeo.com();www.googletagmanager.com(),0,0,0,0,,0,False
www.lissac09.fr,Lissac,09,0209334f-00d6-4584-91cc-aa75b9dd5c91,200,,2,altro_terzo_parte;cdn_font,cdnjs.cloudflare.com;meteofrance.com,Cloudflare;https://meteofrance.com/widget/prevision/091700,2,cdnjs.cloudflare.com();meteofrance.com(),0,1,0,0,,1,False
www.saintlaurentdupape.fr,Saint-Laurent-du-Pape,07,0209b7da-4db5-49a1-b13d-7f8592991197,200,,2,altro_terzo_parte,www.google.com;www.tameteo.com,https://www.google.com/maps/embed?pb=!1m18!1m12!1m3!1d45278.55642708123!2d4.712368209417908!3d44.82340267285407!2m3!1f0!2f0!3f0!3m2!1i1024!2i768!4f13.1!3m3!1m2!1s0x12b549f4c7349149%3A0x4093cafcbeb85f0!2s07800+Saint-Laurent-du-Pape!5e0!3m2!1sfr!2sfr!4v1508406597985;https://www.tameteo.com/wid_loader/e54cfb15fc2ddadc6090edca94df43a8,2,www.google.com();www.tameteo.com(),0,0,0,0,,0,False
www.gendarmerie.interieur.gouv.fr,Clary,59,020a923f-68c4-4933-9d6d-ee0c65d06240,nan,ConnectionError,0,nan,nan,nan,nan,nan,nan,0,0,0,nan,0,False
saintpauldevence.org,Saint-Paul-de-Vence,06,020ab328-eb64-4691-8f93-f44d9154c98e,200,,4,altro_terzo_parte;analytics;captcha;cdn_font,fonts.googleapis.com;gmpg.org;hcaptcha.com;www.googletagmanager.com,Google;http://gmpg.org/xfn/11;hCaptcha;Google,4,fonts.googleapis.com();gmpg.org();hcaptcha.com();www.googletagmanager.com(),0,0,0,0,,0,False
www.blotzheim.fr,Blotzheim,68,020cb854-d5e6-4e52-aaf1-470f3de7d7ce,200,,0,,,,0,,0,0,0,0,,0,False
www.montet-et-bouxal.fr,Montet-et-Bouxal,46,020cd8b9-3e91-400d-aa29-f84ac0ed9fe8,200,,3,analytics;cdn_font;sdk_generico,ajax.googleapis.com;maxcdn.bootstrapcdn.com;www.googletagmanager.com,Google;BootstrapCDN;Google,3,ajax.googleapis.com();maxcdn.bootstrapcdn.com();www.googletagmanager.com(),0,1,1,0,,0,False
www.commune-cerise.fr,Cerisé,61,020d9d2c-5e69-45be-ac04-16f55f3c13a3,200,,5,altro_terzo_parte;analytics;captcha;cdn_font,app.panneaupocket.com;fonts.googleapis.com;hcaptcha.com;use.fontawesome.com;www.googletagmanager.com,https://app.panneaupocket.com/embeded/53486955;Google;hCaptcha;Font Awesome;Google,5,app.panneaupocket.com();fonts.googleapis.com();hcaptcha.com();use.fontawesome.com();www.googletagmanager.com(),0,1,1,0,,0,False
www.tourville-en-auge.fr,Tourville-en-Auge,14,020e3004-4bec-476f-a231-9622d640bc3a,200,,5,altro_terzo_parte;captcha;cdn_font,cdnjs.cloudflare.com;fonts.googleapis.com;fonts.gstatic.com;js.hcaptcha.com;static.neopse.com,Cloudflare;Google;Google;hCaptcha;https://static.neopse.com/thumbs/p/4358/site/3c/ee/20/3cee209184d2b9fe676639f0dbceb350b83e022e.png?v=v1,5,cdnjs.cloudflare.com();fonts.googleapis.com();fonts.gstatic.com();js.hcaptcha.com();static.neopse.com(),0,0,0,0,,0,False
www.banque-france.fr,Lille Cedex,59,020e67fa-92a4-4693-8105-26d3aacae77e,200,nan,2,altro_terzo_parte;cdn_font,cdn.jsdelivr.net;cdn.trustcommander.net,jsDelivr;https://cdn.trustcommander.net/privacy/5322/privacy_v2_31.js,2,cdn.jsdelivr.net();cdn.trustcommander.net(),0,0,0,0,nan,0,False
www.caf.fr,Allonnes,72,020ebe08-4986-4870-992e-0cf5f062553f,200,nan,0,nan,nan,nan,0,nan,0,7,0,0,nan,7,False
www.facebook.com,Chemillé-sur-Dême,37,020f4a97-3b62-4bb7-8ae8-e5295df8c943,200,,1,altro_terzo_parte,static.xx.fbcdn.net,"https://static.xx.fbcdn.net/rsrc.php/v5/yR/l/0,cross/UZwFhDto0QIjJCl_MmCK6Bxgo-3469oiGGxG-roDaQsdT9DWDYPz6DhfgQe914iiBfONMKn3YhINqU49pVNahkCkvx2I9b7Pb8KWpaE_brMCJG.css",1,static.xx.fbcdn.net(),0,0,0,0,,0,False
www.isere.fr,Voiron,38,0210eb45-9443-46f1-9d42-cd35c7d3b3c9,200,nan,0,nan,nan,nan,0,nan,0,0,0,0,nan,0,False
www.pour-les-personnes-agees.gouv.fr,Voiron,38,0210eb45-9443-46f1-9d42-cd35c7d3b3c9,200,nan,3,altro_terzo_parte,app-script.monsido.com;cdn-eu.readspeaker.com;siteimproveanalytics.com,https://app-script.monsido.com/v2/monsido-script.js;http://cdn-eu.readspeaker.com/script/7866/webReader/r/r2728/ReadSpeaker.Styles.css?v=3.8.7.2728;https://siteimproveanalytics.com/js/siteanalyze_6134497.js,3,app-script.monsido.com();cdn-eu.readspeaker.com();siteimproveanalytics.com(),0,1,0,0,nan,1,False
www.impots.gouv.fr,Auch,32,0213392c-2b0e-4ad0-b889-6f7ba991956c,200,nan,0,nan,nan,nan,0,nan,0,0,0,0,nan,0,False
www.lavilleauxdames.fr,La Ville-aux-Dames,37,02134be5-7669-4356-ac58-b3d31aec1834,200,,0,,,,0,,0,1,0,0,,1,False
gennes25.fr,Gennes,25,0213b613-94c2-44e7-9ca0-2c9fdd6a677e,200,,5,altro_terzo_parte;captcha;cdn_font,cdnjs.cloudflare.com;fonts.googleapis.com;fonts.gstatic.com;js.hcaptcha.com;static.neopse.com,Cloudflare;Google;Google;hCaptcha;https://static.neopse.com/medias/p/3343/site/14/b6/82/14b682b3d752c5b7b25a9b205135558c10eced75.jpg?v=v1,5,cdnjs.cloudflare.com();fonts.googleapis.com();fonts.gstatic.com();js.hcaptcha.com();static.neopse.com(),0,0,0,0,,0,False
www.gendarmerie.interieur.gouv.fr,Ottange,57,02164fbd-4dc7-4a9e-89bb-218042e0e694,nan,ConnectionError,0,nan,nan,nan,nan,nan,nan,0,0,0,nan,0,False
loiret.chambres-agriculture.fr,Orléans,45,0216619f-0586-418f-bf4e-46008310f4b6,200,,3,altro_terzo_parte;cdn_font,fonts.googleapis.com;fonts.gstatic.com;tarteaucitron.io,Google;Google;https://tarteaucitron.io/load.js?domain=loiret.chambres-agriculture.fr&uuid=a48cb3b26ee115390805cef1ac4aa0667bab8527,3,fonts.googleapis.com();fonts.gstatic.com();tarteaucitron.io(),0,1,0,0,,1,False
mairie-vaux.fr,Vaux,03,0218996b-97ca-4257-bb54-5351c7717e10,200,,2,altro_terzo_parte;cdn_font,fonts.googleapis.com;www.google.com,Google;https://www.google.com/maps/embed?pb=!1m18!1m12!1m3!1d23167.442254975056!2d1.79388332434882!3d43.46205269147756!2m3!1f0!2f0!3f0!3m2!1i1024!2i768!4f13.1!3m3!1m2!1s0x12ae5ff40849bf55%3A0x935c8bd2ed086752!2s31540%20Le%20Vaux!5e0!3m2!1sfr!2sfr!4v1678973389093!5m2!1sfr!2sfr,2,fonts.googleapis.com();www.google.com(),0,0,0,0,,0,False
www.pour-les-personnes-agees.gouv.fr,Créteil,94,021bd095-a9d5-4c80-a287-9538859b1aae,200,nan,3,altro_terzo_parte,app-script.monsido.com;cdn-eu.readspeaker.com;siteimproveanalytics.com,https://app-script.monsido.com/v2/monsido-script.js;http://cdn-eu.readspeaker.com/script/7866/webReader/r/r2728/ReadSpeaker.Styles.css?v=3.8.7.2728;https://siteimproveanalytics.com/js/siteanalyze_6134497.js,3,app-script.monsido.com();cdn-eu.readspeaker.com();siteimproveanalytics.com(),0,1,0,0,nan,1,False
www.stbrice87.fr,Saint-Brice-sur-Vienne,87,021be9df-dfde-4217-a808-283897a3a54b,200,,2,altro_terzo_parte;cdn_font,fonts.googleapis.com;gmpg.org,Google;http://gmpg.org/xfn/11,2,fonts.googleapis.com();gmpg.org(),0,0,0,0,,0,False
www.masecurite.interieur.gouv.fr,Dijon,21,021cc0e7-48f1-42c2-8846-2eb62494e646,200,nan,1,altro_terzo_parte,cdn.tagcommander.com,https://cdn.tagcommander.com/6351/tc_moncommissariat_20.js,1,cdn.tagcommander.com(),0,0,0,0,nan,0,False
saintjeansaintgermain.fr,Saint-Jean-Saint-Germain,37,021d36e5-ffb1-4c4c-b20c-b6e98824b436,200,,1,cdn_font,fonts.googleapis.com,Google,1,fonts.googleapis.com(),0,0,0,0,,0,False
www.unaf.fr,Les Sables-d'Olonne,85,021d4f2c-0cae-4d68-9c74-9bbafd710200,200,nan,3,analytics;cdn_font;video,fonts.gstatic.com;player.vimeo.com;www.googletagmanager.com,Google;Vimeo;Google,3,fonts.gstatic.com();player.vimeo.com();www.googletagmanager.com(),0,0,0,0,nan,0,False
greta-du-limousin.fr,Limoges,87,021d8a79-da6b-41dc-b72b-04aad56792d7,200,nan,6,altro_terzo_parte;analytics;cdn_font,cdn.jsdelivr.net;code.jquery.com;fonts.googleapis.com;gmpg.org;www.google-analytics.com;www.googletagmanager.com,jsDelivr;https://code.jquery.com;Google;https://gmpg.org/xfn/11;Google;Google,6,cdn.jsdelivr.net();code.jquery.com();fonts.googleapis.com();gmpg.org();www.google-analytics.com();www.googletagmanager.com(),0,2,1,0,nan,1,False
www.beruges.fr,Béruges,86,021f2dda-a95a-4731-8eb3-8a3eaf894f13,200,,2,altro_terzo_parte;cdn_font,fonts.googleapis.com;gmpg.org,Google;https://gmpg.org/xfn/11,2,fonts.googleapis.com();gmpg.org(),0,0,0,0,,0,False
www.sommieres.fr,Sommières,30,021f3cae-62e9-47d9-9398-fb295811de91,200,,0,,,,0,,0,4,1,0,,3,False
www.connerre.fr,Connerré,72,022207d3-aff5-4678-ab3a-dc57b18b7b09,200,,3,altro_terzo_parte;captcha;cdn_font,gmpg.org;hcaptcha.com;unpkg.com,http://gmpg.org/xfn/11;hCaptcha;unpkg,3,gmpg.org();hcaptcha.com();unpkg.com(),0,0,0,0,,0,False
www.loir-et-cher.gouv.fr,Blois,41,02222213-557c-41af-95d2-a946901ee071,,ConnectionError,0,,,,,,,0,0,0,,0,False
www.commune-de-pouilley-francais.fr,Pouilley-Français,25,0222cce5-f945-45f8-ae1a-14ae3e1e2ea2,200,,2,altro_terzo_parte;sdk_generico,ajax.googleapis.com;cse.google.com,Google;https://cse.google.com/cse.js?cx=2742c5ceed77442fb,2,ajax.googleapis.com();cse.google.com(),0,0,0,0,,0,False
www.ville-abergement-la-ronce.fr,Abergement-la-Ronce,39,022447b2-145c-4513-85ec-6e2f667ecb08,200,,5,altro_terzo_parte;analytics,assets.jimstatic.com;fonts.jimstatic.com;image.jimcdn.com;u.jimcdn.com;www.googletagmanager.com,https://assets.jimstatic.com/web.css.5edbfea5cef8ce34678c.css;https://fonts.jimstatic.com;https://image.jimcdn.com/app/cms/image/transf/dimension=302x10000:format=jpg/path/s2cb7d0fc97e000da/image/ib5f81108c2811e4a/version/1633441208/image.jpg;https://u.jimcdn.com/cms/o/s2cb7d0fc97e000da/layout/dm_03f78911dadf0ef62a85fcea04354993/css/layout.css?t=1526995163;Google,5,assets.jimstatic.com();fonts.jimstatic.com();image.jimcdn.com();u.jimcdn.com();www.googletagmanager.com(),0,1,0,0,,1,False
www.ml-vitry-le-francois.fr,Vitry-le-François,51,02245452-444a-43e4-b1af-c44f446397f7,200,,2,captcha;cdn_font,fonts.googleapis.com;www.google.com,Google;Google,2,fonts.googleapis.com();www.google.com(),0,0,0,0,,0,False
www.impots.gouv.fr,Niort,79,0224fbe3-4727-4946-9eb8-1923c36b714f,200,nan,0,nan,nan,nan,0,nan,0,0,0,0,nan,0,False
mairie-labernerie.fr,La Bernerie-en-Retz,44,022572a6-e94d-4dbe-b53b-978629a6f5dd,200,,7,altro_terzo_parte;analytics;cdn_font,cdn.jsdelivr.net;cdnjs.cloudflare.com;code.jquery.com;fonts.googleapis.com;fonts.gstatic.com;use.fontawesome.com;www.googletagmanager.com,jsDelivr;Cloudflare;https://code.jquery.com;Google;Google;Font Awesome;Google,7,cdn.jsdelivr.net();cdnjs.cloudflare.com();code.jquery.com();fonts.googleapis.com();fonts.gstatic.com();use.fontawesome.com();www.googletagmanager.com(),0,0,0,0,,0,False
www.vendeegrandlittoral.fr,Talmont-Saint-Hilaire,85,0227038f-6954-476a-bafc-51690ebdd247,200,,3,altro_terzo_parte;video,s.w.org;translate.google.com;www.youtube.com,https://s.w.org;https://translate.google.com/translate_a/element.js?cb=googleTranslateElementInit;Google,3,s.w.org();translate.google.com();www.youtube.com(),0,0,0,0,,0,False
www.france-services.gouv.fr,Troyes,10,02272bf5-f7aa-4f44-90c6-1fd5be8c7f93,nan,ConnectionError,0,nan,nan,nan,nan,nan,nan,0,0,0,nan,0,False
www.echirolles.fr,Échirolles,38,0227b028-6606-453d-b3ed-66c7e8e953ab,200,,1,altro_terzo_parte,colter.social,https://colter.social/@echirolles,1,colter.social(),0,0,0,0,,0,False
www.raffetot.fr,Raffetot,76,0228e76e-44c8-44b1-8fa2-50918590dd43,200,,7,altro_terzo_parte,app.panneaupocket.com;assets.squarespace.com;definitions.sqspcdn.com;embed.windy.com;file.squarespace-cdn.com;images.squarespace-cdn.com;static1.squarespace.com,https://app.panneaupocket.com/embeded/1013586983?mode=widget&autoNavigation=0;https://assets.squarespace.com/universal/styles-compressed/user-account-core-bd42ce75d5951748-min.fr-FR.css;https://definitions.sqspcdn.com/website-component-definition/static-assets/website.components.imageFluid/893bee09-00fc-4613-a9cb-713ef34133d8_898/website.components.imageFluid.styles.css;https://embed.windy.com/embed2.html?lat=49.615&lon=0.563&detailLat=49.615&detailLon=0.563&width=500&height=300&zoom=8&level=surface&overlay=wind&product=ecmwf&menu=&message=true&marker=true&calendar=now&pressure=&type=map&location=coordinates&detail=true&metricWind=default&metricTemp=default&radarRange=-1;https://file.squarespace-cdn.com;https://images.squarespace-cdn.com/content/v1/680df82ccceec04972763d3d/99c58e0c-0e2c-43f5-81ea-9b0bda86449e/Capture+d%E2%80%99%C3%A9cran+2025-04-27+%C3%A0+21.29.39.png;https://static1.squarespace.com/static/vta/5c5a519771c10ba3470d8101/versioned-assets/1789043197505-DAFJD75BBCOTLJ5Z5UA4/static.css,7,app.panneaupocket.com();assets.squarespace.com();definitions.sqspcdn.com();embed.windy.com();file.squarespace-cdn.com();images.squarespace-cdn.com();static1.squarespace.com(),0,1,0,0,,1,False
www.frevincapelle.fr,Frévin-Capelle,62,02294a20-5f37-4260-83f5-c42e00fc8634,200,,5,altro_terzo_parte;captcha;cdn_font,campagnesartois.fr;campagnesdelartois.fr;cdnjs.cloudflare.com;hcaptcha.com;unpkg.com,https://campagnesartois.fr/app/uploads/1/2026/08/Brocante.png;https://campagnesdelartois.fr/?dm=b85167b7ea8979c77acd5594a9e32f1f&action=load&blogid=19&siteid=1&t=416947438&back=https%3A%2F%2Ffrevincapelle.fr%2F;Cloudflare;hCaptcha;unpkg,5,campagnesartois.fr();campagnesdelartois.fr();cdnjs.cloudflare.com();hcaptcha.com();unpkg.com(),0,0,0,0,,0,False
www.impots.gouv.fr,Pontarlier Cedex,25,0229fe8c-f543-4a3f-95dc-7b952855459d,200,nan,0,nan,nan,nan,0,nan,0,0,0,0,nan,0,False
ecrouves.fr,Écrouves,54,022d9384-b715-402b-b7f4-e60f7c70128b,200,,3,altro_terzo_parte,meteofrance.com;purl.org;widget.intramuros.org,https://meteofrance.com/widget/prevision/541740##673AB7D9;https://purl.org/dc/terms/;https://widget.intramuros.org/diapo.html?zoom=1&vitesse=5&commune=846&interco=174&type=actualites,3,meteofrance.com();purl.org();widget.intramuros.org(),0,0,0,0,,0,False
www.impots.gouv.fr,Saint-Etienne Cedex 2,42,022e47dc-78fa-44b5-9164-5d624dcd7b6c,200,nan,0,nan,nan,nan,0,nan,0,0,0,0,nan,0,False
www.mauregard.fr,Mauregard,77,022e9b87-7501-4523-951e-a657323655e4,200,,7,altro_terzo_parte;analytics;cdn_font,code.jquery.com;fonts.googleapis.com;fonts.gstatic.com;gmpg.org;maxcdn.bootstrapcdn.com;www.google-analytics.com;www.googletagmanager.com,https://code.jquery.com;Google;Google;http://gmpg.org/xfn/11;BootstrapCDN;Google;Google,7,code.jquery.com();fonts.googleapis.com();fonts.gstatic.com();gmpg.org();maxcdn.bootstrapcdn.com();www.google-analytics.com();www.googletagmanager.com(),0,0,0,0,,0,False
www.mairie-portets.fr,Portets,33,02314735-5d5a-419a-bbad-d079836030ec,200,,5,altro_terzo_parte,assets.jimstatic.com;fonts.jimstatic.com;image.jimcdn.com;u.jimcdn.com;www.mairie-portets.com,https://assets.jimstatic.com/web.css.5edbfea5cef8ce34678c.css;https://fonts.jimstatic.com;https://image.jimcdn.com/app/cms/image/transf/dimension=397x10000:format=jpg/path/sa0769460b46ae20e/image/ia2028eae63148eae/version/1632475042/image.jpg;https://u.jimcdn.com/cms/o/sa0769460b46ae20e/layout/dm_80dc4ce252d6b16f8b6f4e001df14382/css/layout.css?t=1631542368;https://www.mairie-portets.com/,5,assets.jimstatic.com();fonts.jimstatic.com();image.jimcdn.com();u.jimcdn.com();www.mairie-portets.com(),0,1,0,0,,1,False
www.impots.gouv.fr,Vitry-le-François Cedex,51,02314e09-532d-42fb-a49c-420dbc4ab430,200,nan,0,nan,nan,nan,0,nan,0,0,0,0,nan,0,False
www.ville-eguisheim.fr,Eguisheim,68,02323854-c2d2-4bc0-a301-fbc931e6ed11,200,,3,altro_terzo_parte;cdn_font,feeds.feedburner.com;fonts.googleapis.com;tarteaucitron.io,http://feeds.feedburner.com/;Google;https://tarteaucitron.io/load.js?domain=www.ville-eguisheim.fr&uuid=a7fe025c877fd60acb28537e81520a2d53526926,3,feeds.feedburner.com();fonts.googleapis.com();tarteaucitron.io(),0,1,0,0,,1,False
montgaillard65200.wixsite.com,Montgaillard,65,023411d3-1a32-46db-ae76-20d19bc1de64,404,,2,altro_terzo_parte,static.parastorage.com;www.wix.com,https://static.parastorage.com/unpkg/@wix/wix-fonts@1.14.0/madeforDisplay.min.css;https://www.wix.com/favicon.ico,2,static.parastorage.com();www.wix.com(),0,1,0,0,,1,False
www.noizay.net,Noizay,37,02350b1a-5dc1-47b6-9f67-956fb5b0557c,200,,0,,,,0,,0,0,0,0,,0,False
www.champs-marchal.org,Champs-sur-Tarentaine-Marchal,15,02358418-93b4-4e30-97ec-847b1acd3fe0,200,,1,altro_terzo_parte,www.rbafm.fr,http://www.rbafm.fr/s/misc/logo.jpg?t=1708595738,1,www.rbafm.fr(),0,2,1,0,,1,False
www.villedieu-le-chateau.fr,Villedieu-le-Château,41,0236c918-b212-40d3-b911-79b18f55d8a1,200,,4,altro_terzo_parte,browser.sentry-cdn.com;siteassets.parastorage.com;static.parastorage.com;static.wixstatic.com,"https://browser.sentry-cdn.com/7.120.3/modulemetadata.es5.min.js;https://siteassets.parastorage.com/pages/pages/thunderbolt?appDefinitionIdToSiteRevision=%7B%227479d596-137c-4fa3-89cd-d7091042ba61%22%3A%22132%22%2C%2214bcded7-0066-7c35-14d7-466cb3f09103%22%3A%221335%22%2C%2214271d6f-ba62-d045-549b-ab972ae1f70e%22%3A%2225%22%7D&beckyExperiments=.DatePickerPortal%2C.EnableCustomCSSVarsForLoginSocialBar%2C.FreemiumBannerOdeditor%2C.LoginBarEnableLoggingInStateInSSR%2C.TextInputAutoFillFix%2C.UseLoginSocialBarCustomMenu%2C.UseNestedLoginSocialBarMenuItems%2C.UseNewLoginBarDropdownMenuAlignment%2C.UseNewLoginSocialBarElementStructure%2C.UseNewLoginSocialBarMemberInitialsAvatar%2C.WixFreeSiteBannerDesktop%2C.WixFreeSiteBannerMobile%2C.addIdAsClassName%2C.buttonUdp%2C.calculateCollapsibleTextLineHeightByFont%2C.dynamicPageLinkTarget%2C.dynamicSlots%2C.fiveGridLineStudioSkins%2C.fixFirefoxLinkBarIntrinsicSizing%2C.isClassNameToRootEnabled%2C.logVsmPlatformDiff%2C.migrateSdkDataMappers%2C.resolveManifestInTB%2C.splitSlotSelectors%2C.stopResolvingInnerSelectors_VAG%2C.svgResolver_2%2C.updateRichTextSemanticClassNamesOnCorvid%2C.useClassnameInResponsiveAppWidget%2C.useImageAvifFormatInNativeProGallery%2C.useWowImageInFastGallery&blocksBuilderManifestGeneratorVersion=1.129.0&contentType=application%2Fjson&dfCk=6&dfVersion=1.5593.0&editorName=Unknown&experiments=dm_masterPageVariablesQueryFixer%2Cdm_migrateOldHoverBoxToNewFixer&externalBaseUrl=https%3A%2F%2Fwww.villedieu-le-chateau.fr&fileId=dafefb59.bundle.min&formFactor=desktop&hasTPAWorkerOnSite=false&hasUserDomainMedia=false&isBuilderComponentModel=false&isClientSdkOnSite=true&isHttps=true&isInSeo=false&isPremiumDomain=true&isUrlMigrated=true&isWixCodeOnPage=false&isWixCodeOnSite=false&language=fr&metaSiteId=4a0bc1b5-6022-4ad4-8cd7-9a4f56af70cb&module=thunderbolt-platform&originalLanguage=fr&pageId=6f9af9_3129dfef8c95caa8fa6c758fccb3636b_2243.json&pilerExperiments=specs.piler.useEditorReactComponents&quickActionsMenuEnabled=false®istryLibrariesTopology=%5B%7B%22artifactId%22%3A%22editor-elements%22%2C%22namespace%22%3A%22wixui%22%2C%22url%22%3A%22https%3A%2F%2Fstatic.parastorage.com%2Fservices%2Feditor-elements%2F1.15505.0%22%7D%2C%7B%22artifactId%22%3A%22editor-elements%22%2C%22namespace%22%3A%22dsgnsys%22%2C%22url%22%3A%22https%3A%2F%2Fstatic.parastorage.com%2Fservices%2Feditor-elements%2F1.15505.0%22%7D%5D&remoteWidgetStructureBuilderVersion=1.251.0&siteId=3f500a35-4856-4929-937d-34c8a2c6899a&siteRevision=2243&staticHTMLComponentUrl=https%3A%2F%2Fwww-villedieu-le-chateau-fr.filesusr.com%2F&viewMode=desktop;https://static.parastorage.com/services/communities-blog-ooi/1.3323.0/PostListViewerWidgetNoCss.bundle.min.js;https://static.wixstatic.com/media/6f9af9_93b08996e88743aaa19b943f241c6556~mv2.png/v1/fill/w_42,h_42,al_c,q_85,usm_0.66_1.00_0.01,enc_avif,quality_auto/illiwap.png",4,browser.sentry-cdn.com();siteassets.parastorage.com();static.parastorage.com();static.wixstatic.com(),0,2,0,0,,2,False
www.saintvictoret.fr,Saint-Victoret,13,023787cf-2804-4869-9926-6de74800ed10,418,,1,cdn_font,fonts.googleapis.com,Google,1,fonts.googleapis.com(),0,5,0,0,,5,False
www.france-services.gouv.fr,Paris,75,023961a5-bc7a-4bc7-ba1b-f59e02cfb895,nan,ConnectionError,0,nan,nan,nan,nan,nan,nan,0,0,0,nan,0,False
www.france-services.gouv.fr,Rémilly,57,023c45c1-7460-441e-a673-1c538f14448d,nan,ConnectionError,0,nan,nan,nan,nan,nan,nan,0,0,0,nan,0,False
www.crous-lille.fr,Aulnoy-lez-Valenciennes,59,023c65b6-9605-4692-9e16-680e767fb966,200,,4,altro_terzo_parte;cdn_font,cdn.jsdelivr.net;cdn.priv.center;fonts.googleapis.com;webapi.affluences.com,jsDelivr;https://cdn.priv.center/pc/truendo_cmp.pid.js;Google;https://webapi.affluences.com/js/webapi_latest.min.js,3,cdn.jsdelivr.net();cdn.priv.center();fonts.googleapis.com(),0,0,0,0,,0,False
www.dauendorf-neubourg.fr,Dauendorf,67,023f1a9e-6c84-4c0f-97d4-98c53749e6c3,200,,3,altro_terzo_parte;cdn_font;sdk_generico,ajax.googleapis.com;fonts.googleapis.com;www.hdr.fr,Google;Google;https://www.hdr.fr/images/verysmall_hdr.gif,3,ajax.googleapis.com();fonts.googleapis.com();www.hdr.fr(),0,1,1,0,,0,False
laloubiere.fr,La Loubière,12,02411e35-4eab-4fc3-b3b0-2242fe65bb62,200,,4,altro_terzo_parte;analytics;cdn_font,fonts.googleapis.com;gmpg.org;maps.google.com;www.googletagmanager.com,Google;https://gmpg.org/xfn/11;https://maps.google.com/maps?q=Mairie%20de%20la%20loubi%C3%A8re&t=m&z=10&output=embed&iwloc=near;Google,4,fonts.googleapis.com();gmpg.org();maps.google.com();www.googletagmanager.com(),0,0,0,0,,0,False
www.masecurite.interieur.gouv.fr,Rennes,35,0241c7da-7eaf-4c80-a191-5b3a83a0da9f,200,nan,1,altro_terzo_parte,cdn.tagcommander.com,https://cdn.tagcommander.com/6351/tc_moncommissariat_20.js,1,cdn.tagcommander.com(),0,0,0,0,nan,0,False
www.creuse.gouv.fr,Guéret,23,02446682-5093-465e-a51d-dc9b00c23b1f,,ConnectionError,0,,,,,,,0,0,0,,0,False
www.associations.gouv.fr,Guéret,23,02446682-5093-465e-a51d-dc9b00c23b1f,200,nan,0,nan,nan,nan,0,nan,0,0,0,0,nan,0,False
www.mortain-bocage.fr,Mortain-Bocage,50,02463bbf-e7cf-45d8-9f49-e5a0826c4824,200,,5,altro_terzo_parte;captcha;cdn_font,cdnjs.cloudflare.com;fonts.googleapis.com;fonts.gstatic.com;js.hcaptcha.com;static.neopse.com,Cloudflare;Google;Google;hCaptcha;https://static.neopse.com/medias/p/1738/site/e2/bd/f2/e2bdf278e9b99a8c26301de16f8242a56bd67fdc.jpg?v=v1,5,cdnjs.cloudflare.com();fonts.googleapis.com();fonts.gstatic.com();js.hcaptcha.com();static.neopse.com(),0,0,0,0,,0,False
www.egalite-femmes-hommes.gouv.fr,Basse-Terre,971,02464076-7459-47cb-9a00-70b20e0c34a7,200,,0,,,,0,,0,1,0,0,,1,False
www.guadeloupe.gouv.fr,Basse-Terre,971,02464076-7459-47cb-9a00-70b20e0c34a7,,ConnectionError,0,,,,,,,0,0,0,,0,False
www.egalite-femmes-hommes.gouv.fr,Basse-Terre,971,02464076-7459-47cb-9a00-70b20e0c34a7,200,,0,,,,0,,0,1,0,0,,1,False
www.mairie-villedavray.fr,Ville-d'Avray,92,024a2a40-0c08-4bda-a0cd-36cadf73a802,200,,1,cdn_font,cdnjs.cloudflare.com,Cloudflare,1,cdnjs.cloudflare.com(),0,1,1,0,,0,False
www.lereflexenotaire.fr,Lille,59,024a9e4c-3c7c-48d1-a365-45db4af3a777,200,,7,altro_terzo_parte;cdn_font;video,cdn.novius.net;fonts.googleapis.com;fonts.gstatic.com;media.immobilier.notaires.fr;player.vimeo.com;www.notaires.fr;www.youtube.com,https://cdn.novius.net/novius-tac/tarteaucitron-1.4.x.js;Google;Google;https://media.immobilier.notaires.fr/inotr/media/17/62090/1961562/7df73e88_VGA.jpg;Vimeo;https://www.notaires.fr/sites/default/files/2026-08/Actu%20cession%20de%20parts%20soci%C3%A9t%C3%A9s%20immo%20%283%29.png;Google,7,cdn.novius.net();fonts.googleapis.com();fonts.gstatic.com();media.immobilier.notaires.fr();player.vimeo.com();www.notaires.fr();www.youtube.com(),0,2,1,0,,1,False
www.mairie-bancourt.fr,Bancourt,62,024b36e2-719a-47bd-839d-dbc74f48fd3c,200,,1,altro_terzo_parte,v.rvvn.org,https://v.rvvn.org/js/?idsite=146&rec=1,1,v.rvvn.org(),0,1,0,0,,1,False
www.francetravail.fr,Fort-de-France,972,024b45c5-4a9d-4961-b94e-09f7168a9279,200,nan,1,altro_terzo_parte,cdn.tagcommander.com,https://cdn.tagcommander.com/4340/tc_PoleEmploi_24.js,1,cdn.tagcommander.com(),0,2,0,0,nan,2,False
www.gendarmerie.interieur.gouv.fr,Oloron-Sainte-Marie,64,024cdf2b-979b-40f4-ae3f-08e112c5f4b1,nan,ConnectionError,0,nan,nan,nan,nan,nan,nan,0,0,0,nan,0,False
www.impots.gouv.fr,Rouen,76,024d1f76-8eaa-4e32-9a5d-fee2a9f14a47,200,nan,0,nan,nan,nan,0,nan,0,0,0,0,nan,0,False
www.france-services.gouv.fr,Cour-Cheverny,41,024d39b2-cc48-421b-8487-7e4ca010848d,nan,ConnectionError,0,nan,nan,nan,nan,nan,nan,0,0,0,nan,0,False
mairie-cour-cheverny.fr,Cour-Cheverny,41,024d39b2-cc48-421b-8487-7e4ca010848d,200,,5,altro_terzo_parte;cdn_font,app.panneaupocket.com;code.jquery.com;fonts.googleapis.com;gmpg.org;use.fontawesome.com,https://app.panneaupocket.com/embeded/852027836;https://code.jquery.com/jquery-3.6.0.min.js;Google;https://gmpg.org/xfn/11;Font Awesome,5,app.panneaupocket.com();code.jquery.com();fonts.googleapis.com();gmpg.org();use.fontawesome.com(),0,0,0,0,,0,False
www.parisot82commune.com,Parisot,82,024f53d3-934e-46fe-9629-903d7bc99344,404,,26,altro_terzo_parte,browser.sentry-cdn.com;cs.expiredwixdomain.com;da.expiredwixdomain.com;de.expiredwixdomain.com;es.expiredwixdomain.com;fr.expiredwixdomain.com;hi.expiredwixdomain.com;id.expiredwixdomain.com;it.expiredwixdomain.com;ja.expiredwixdomain.com;ko.expiredwixdomain.com;nl.expiredwixdomain.com;no.expiredwixdomain.com;pl.expiredwixdomain.com;pt.expiredwixdomain.com;ru.expiredwixdomain.com;siteassets.parastorage.com;static.parastorage.com;sv.expiredwixdomain.com;th.expiredwixdomain.com;tr.expiredwixdomain.com;uk.expiredwixdomain.com;vi.expiredwixdomain.com;www.expiredwixdomain.com;www.wix.com;za.expiredwixdomain.com,https://browser.sentry-cdn.com/7.120.3/modulemetadata.es5.min.js;https://cs.expiredwixdomain.com/;https://da.expiredwixdomain.com/;https://de.expiredwixdomain.com/;https://es.expiredwixdomain.com/;https://fr.expiredwixdomain.com/;https://hi.expiredwixdomain.com/;https://id.expiredwixdomain.com/;https://it.expiredwixdomain.com/;https://ja.expiredwixdomain.com/;https://ko.expiredwixdomain.com/;https://nl.expiredwixdomain.com/;https://no.expiredwixdomain.com/;https://pl.expiredwixdomain.com/;https://pt.expiredwixdomain.com/;https://ru.expiredwixdomain.com/;https://siteassets.parastorage.com/pages/pages/thunderbolt?appDefinitionIdToSiteRevision=%7B%228b91408a-2660-481a-b7a0-ec26736823ed%22%3A%22421%22%7D&beckyExperiments=.DatePickerPortal%2C.EnableCustomCSSVarsForLoginSocialBar%2C.FreemiumBannerOdeditor%2C.LoginBarEnableLoggingInStateInSSR%2C.TextInputAutoFillFix%2C.UseLoginSocialBarCustomMenu%2C.UseNestedLoginSocialBarMenuItems%2C.UseNewLoginBarDropdownMenuAlignment%2C.UseNewLoginSocialBarElementStructure%2C.UseNewLoginSocialBarMemberInitialsAvatar%2C.WixFreeSiteBannerDesktop%2C.WixFreeSiteBannerMobile%2C.addIdAsClassName%2C.buttonUdp%2C.calculateCollapsibleTextLineHeightByFont%2C.dynamicPageLinkTarget%2C.dynamicSlots%2C.fiveGridLineStudioSkins%2C.fixFirefoxLinkBarIntrinsicSizing%2C.isClassNameToRootEnabled%2C.logVsmPlatformDiff%2C.migrateSdkDataMappers%2C.resolveManifestInTB%2C.splitSlotSelectors%2C.stopResolvingInnerSelectors_VAG%2C.svgResolver_2%2C.updateRichTextSemanticClassNamesOnCorvid%2C.useClassnameInResponsiveAppWidget%2C.useImageAvifFormatInNativeProGallery%2C.useWowImageInFastGallery&blocksBuilderManifestGeneratorVersion=1.129.0&contentType=application%2Fjson&dfCk=6&dfVersion=1.5593.0&editorName=Studio&experiments=dm_masterPageVariablesQueryFixer%2Cdm_migrateOldHoverBoxToNewFixer&externalBaseUrl=https%3A%2F%2Fwww.expiredwixdomain.com&fileId=dafefb59.bundle.min&formFactor=desktop&hasTPAWorkerOnSite=false&hasUserDomainMedia=false&isBuilderComponentModel=false&isHttps=true&isInSeo=false&isPremiumDomain=true&isResponsive=true&isUrlMigrated=true&isWixCodeOnPage=true&isWixCodeOnSite=true&isWixSite=true&language=en&metaSiteId=548664f6-283b-4cd1-bbf1-39c480aada8e&module=thunderbolt-platform&originalLanguage=en&pageId=de5204_5798da908e2c8504e00a118b6e57f8a0_194.json&pilerExperiments=specs.piler.useEditorReactComponents&quickActionsMenuEnabled=false®istryLibrariesTopology=%5B%7B%22artifactId%22%3A%22editor-elements%22%2C%22namespace%22%3A%22wixui%22%2C%22url%22%3A%22https%3A%2F%2Fstatic.parastorage.com%2Fservices%2Feditor-elements%2F1.15509.0%22%7D%2C%7B%22artifactId%22%3A%22editor-elements%22%2C%22namespace%22%3A%22dsgnsys%22%2C%22url%22%3A%22https%3A%2F%2Fstatic.parastorage.com%2Fservices%2Feditor-elements%2F1.15509.0%22%7D%5D&remoteWidgetStructureBuilderVersion=1.251.0&siteId=39ba2a75-1684-4bc1-937d-47c0567eef6b&siteRevision=196&staticHTMLComponentUrl=https%3A%2F%2Fwww-expiredwixdomain-com.filesusr.com%2F&viewMode=desktop;https://static.parastorage.com/services/tag-manager-client/1.1075.0/siteTags.bundle.min.js;https://sv.expiredwixdomain.com/;https://th.expiredwixdomain.com/;https://tr.expiredwixdomain.com/;https://uk.expiredwixdomain.com/;https://vi.expiredwixdomain.com/;https://www.expiredwixdomain.com/;https://www.wix.com/favicon.ico;https://za.expiredwixdomain.com/,26,browser.sentry-cdn.com();cs.expiredwixdomain.com();da.expiredwixdomain.com();de.expiredwixdomain.com();es.expiredwixdomain.com();fr.expiredwixdomain.com();hi.expiredwixdomain.com();id.expiredwixdomain.com();it.expiredwixdomain.com();ja.expiredwixdomain.com();ko.expiredwixdomain.com();nl.expiredwixdomain.com();no.expiredwixdomain.com();pl.expiredwixdomain.com();pt.expiredwixdomain.com();ru.expiredwixdomain.com();siteassets.parastorage.com();static.parastorage.com();sv.expiredwixdomain.com();th.expiredwixdomain.com();tr.expiredwixdomain.com();uk.expiredwixdomain.com();vi.expiredwixdomain.com();www.expiredwixdomain.com();www.wix.com();za.expiredwixdomain.com(),0,5,0,0,,5,False
www.redange.fr,Rédange,57,024fa34c-b479-4e71-8101-299b0fb7aa5b,200,,1,altro_terzo_parte,www.tameteo.com,http://www.tameteo.com/wid_loader/f9323782c5ee268b537c1835ab8dfed8,1,www.tameteo.com(),0,0,0,0,,0,False
www.seine-et-marne.gouv.fr,Melun,77,0251cc3c-84d8-42a0-ad51-25753955260e,,ConnectionError,0,,,,,,,0,0,0,,0,False
www.nievre.gouv.fr,Nevers,58,02524187-0c41-4ec4-87b8-a0e2dff015af,,ConnectionError,0,,,,,,,0,0,0,,0,False
saintjeandebournay.fr,Saint-Jean-de-Bournay,38,02549682-ffbe-4fe2-9cf9-ad503f74fce1,200,,5,altro_terzo_parte;captcha;cdn_font,fonts.googleapis.com;fonts.gstatic.com;gmpg.org;politicia.designervily.com;www.google.com,Google;Google;https://gmpg.org/xfn/11;http://politicia.designervily.com/demo1/wp-content/uploads/sites/2/2021/09/animation-03.png;Google,5,fonts.googleapis.com();fonts.gstatic.com();gmpg.org();politicia.designervily.com();www.google.com(),0,0,0,0,,0,False
cernay86.fr,Cernay,86,0254fbd3-860a-4fc4-98b3-332a4b8ced33,,ConnectionError,0,,,,,,,0,0,0,,0,False
mairie-lessy.fr,Lessy,57,02550cc0-b442-4ee7-a699-c3c551b8cd36,200,,4,altro_terzo_parte;analytics;cdn_font;video,fonts.googleapis.com;gmpg.org;www.googletagmanager.com;www.youtube.com,Google;http://gmpg.org/xfn/11;Google;Google,4,fonts.googleapis.com();gmpg.org();www.googletagmanager.com();www.youtube.com(),0,0,0,0,,0,False
www.saint-dionisy.fr,Saint-Dionisy,30,025789c0-c4fc-4200-8337-4524b28d83ad,200,,1,sdk_generico,ajax.googleapis.com,Google,1,ajax.googleapis.com(),0,0,0,0,,0,False
www.ville-seyssinet-pariset.fr,Seyssinet-Pariset,38,0258c4db-d79e-4e59-9dce-eec664dfc359,200,,4,altro_terzo_parte;captcha;cdn_font,fonts.googleapis.com;fonts.gstatic.com;seyssinet-pariset.fr;www.google.com,Google;Google;https://seyssinet-pariset.fr/wp-content/uploads/2025/04/LOGO_SEYSSINET-PARISET_COUL-Copie.png.png;Google,4,fonts.googleapis.com();fonts.gstatic.com();seyssinet-pariset.fr();www.google.com(),0,0,0,0,,0,False
sainteterre.fr,Sainte-Terre,33,02595999-9301-4af0-8727-6ef66c8c4bca,200,,0,,,,0,,0,0,0,0,,0,False
www.udaf91.fr,Limours,91,02595f7a-fe8a-4447-a094-c54684d68041,200,nan,2,altro_terzo_parte;analytics,matomo.unaf.fr;www.googletagmanager.com,https://matomo.unaf.fr;Google,2,matomo.unaf.fr();www.googletagmanager.com(),0,0,0,0,nan,0,False
www.impots.gouv.fr,Créteil Cedex,94,025a57de-18f9-4e1f-b55f-c2d9f792f388,200,nan,0,nan,nan,nan,0,nan,0,0,0,0,nan,0,False
www.impots.gouv.fr,Créteil Cedex,94,025a57de-18f9-4e1f-b55f-c2d9f792f388,200,nan,0,nan,nan,nan,0,nan,0,0,0,0,nan,0,False
www.ameli.fr,Cluses,74,025b6ccb-e6e1-46d6-8034-7b71e3596fe4,200,nan,3,altro_terzo_parte;analytics;cdn_font,cdn.jsdelivr.net;tag.aticdn.net;www.googletagmanager.com,jsDelivr;https://tag.aticdn.net/piano-analytics.js;Google,3,cdn.jsdelivr.net();tag.aticdn.net();www.googletagmanager.com(),0,0,0,0,nan,0,False
forum-assures.ameli.fr,Cluses,74,025b6ccb-e6e1-46d6-8034-7b71e3596fe4,200,nan,5,altro_terzo_parte;cdn_font,d350tqmxm801hs.cloudfront.net;dimelo-answers-production.s3.eu-west-1.amazonaws.com;dimelo-users-production.s3.amazonaws.com;dimelo.s3.amazonaws.com;fonts.googleapis.com,https://d350tqmxm801hs.cloudfront.net/production/ameli-forum/images/refonte-identite-2022/logo_forum-ameli.svg?1649083461;https://dimelo-answers-production.s3.eu-west-1.amazonaws.com/291/a2635c8ee1bec415/170413152806_5f8b2eb0d19885b6b8d6226fe9d6780e_original.png?7cc8cfd;https://dimelo-users-production.s3.amazonaws.com/identity_avatars/bdea85ceb7d562ab/avatar_x-large.png?7cc8cfd;https://dimelo.s3.amazonaws.com/custom-v2/ameli/tarteaucitron/tarteaucitron.js;Google,5,d350tqmxm801hs.cloudfront.net();dimelo-answers-production.s3.eu-west-1.amazonaws.com();dimelo-users-production.s3.amazonaws.com();dimelo.s3.amazonaws.com();fonts.googleapis.com(),0,1,0,0,nan,1,False
www.france-services.gouv.fr,Penvénan,22,025d23ce-71dd-4c6f-b0d0-bdf7690807d5,nan,ConnectionError,0,nan,nan,nan,nan,nan,nan,0,0,0,nan,0,False
www.saint-bonnet-les-oules.fr,Saint-Bonnet-les-Oules,42,025d9541-5634-43b0-972c-8d8944284658,200,,5,altro_terzo_parte;captcha;cdn_font,fonts.googleapis.com;fonts.gstatic.com;gmpg.org;s.w.org;www.google.com,Google;Google;http://gmpg.org/xfn/11;https://s.w.org;Google,5,fonts.googleapis.com();fonts.gstatic.com();gmpg.org();s.w.org();www.google.com(),0,0,0,0,,0,False
ccrlp.fr,Bollène,84,025ee915-63dd-4149-9256-7d79c19ca540,500,,0,,,,0,,0,1,0,0,,1,False
www.gesvres53.fr,Gesvres,53,02615e43-40ae-4923-800e-5116fedeeabf,200,,5,altro_terzo_parte;cdn_font,def773hwqc19t.cloudfront.net;drfogfql429fi.cloudfront.net;files.appli-intramuros.com;fonts.googleapis.com;fonts.gstatic.com,https://def773hwqc19t.cloudfront.net/website/static/loupe.png;https://drfogfql429fi.cloudfront.net/intramuros-web/production/_next/static/css/6b832bb1d1f3a401.css;https://files.appli-intramuros.com;Google;Google,5,def773hwqc19t.cloudfront.net();drfogfql429fi.cloudfront.net();files.appli-intramuros.com();fonts.googleapis.com();fonts.gstatic.com(),0,0,0,0,,0,False
mairie107.wixsite.com,Fontenay-sur-Eure,28,0262d4d0-fbef-4ed3-aebe-be919de9b7ea,404,,2,altro_terzo_parte,static.parastorage.com;www.wix.com,https://static.parastorage.com/unpkg/@wix/wix-fonts@1.14.0/madeforDisplay.min.css;https://www.wix.com/favicon.ico,2,static.parastorage.com();www.wix.com(),0,1,0,0,,1,False
www.lhopital-camfrout.fr,L'Hôpital-Camfrout,29,0262d85f-2b47-456d-9d13-2cad5c55ad48,200,,1,analytics,www.googletagmanager.com,Google,1,www.googletagmanager.com(),0,0,0,0,,0,False
www.peyzac-le-moustier-perigord.fr,Peyzac-le-Moustier,24,0263916b-acf4-4591-ad03-cf93d3c66fa4,200,,4,altro_terzo_parte;cdn_font,fonts.googleapis.com;fonts.gstatic.com;gmpg.org;votre-commune.inforoutes.fr,Google;Google;http://gmpg.org/xfn/11;https://votre-commune.inforoutes.fr/wp-content/themes/twentyseventeen-child/assets/images/logo-campagnol-2023.png,4,fonts.googleapis.com();fonts.gstatic.com();gmpg.org();votre-commune.inforoutes.fr(),0,0,0,0,,0,False
www.murs-erigne.fr,Mûrs-Erigné,49,0264aea0-6e7b-4827-b385-34ff9acc0b6c,200,,4,altro_terzo_parte;cdn_font,cdnjs.cloudflare.com;fonts.googleapis.com;gmpg.org;s.w.org,Cloudflare;Google;https://gmpg.org/xfn/11;https://s.w.org,4,cdnjs.cloudflare.com();fonts.googleapis.com();gmpg.org();s.w.org(),0,0,0,0,,0,False
www.cdad-hautsdeseine.justice.fr,CHÂTENAY-MALABRY,92,02660f5d-add3-4a25-967d-e915a4d30788,200,,13,altro_terzo_parte;analytics;cdn_font;sdk_generico;video,ajax.googleapis.com;apis.google.com;cdn.google.com;fonts.google.com;fonts.googleapis.com;fonts.gstatic.com;google-analytics.com;maps.google.com;s.gravatar.com;ssl.google-analytics.com;unpkg.com;www.google-analytics.com;youtube.com,Google;https://apis.google.com;https://cdn.google.com;https://fonts.google.com;Google;Google;Google;https://maps.google.com/maps/api/js?libraries=places&ver=3.0;https://s.gravatar.com;Google;unpkg;Google;Google,12,ajax.googleapis.com();apis.google.com();fonts.google.com();fonts.googleapis.com();fonts.gstatic.com();google-analytics.com();maps.google.com();s.gravatar.com();ssl.google-analytics.com();unpkg.com();www.google-analytics.com();youtube.com(),1,0,0,0,,0,False
federationpeche18.fr,Bourges,18,02681293-38e8-4ce4-baa0-0ea006f7bec5,200,,5,altro_terzo_parte;cdn_font;sdk_generico,code.jquery.com;fonts.googleapis.com;i0.wp.com;maps.googleapis.com;stats.wp.com,http://code.jquery.com/ui/1.10.4/jquery-ui.js;Google;https://i0.wp.com/federationpeche18.fr/wp-content/uploads/2021/05/affiche-CHER-bandeau-facebook-FILM-FD.jpg?resize=150%2C150&ssl=1;Google;https://stats.wp.com/e-202638.js,5,code.jquery.com();fonts.googleapis.com();i0.wp.com();maps.googleapis.com();stats.wp.com(),0,0,0,0,,0,False
www.impots.gouv.fr,Alençon,61,026b5bf5-0504-442d-8181-63252ccfdbf1,200,nan,0,nan,nan,nan,0,nan,0,0,0,0,nan,0,False
www.impots.gouv.fr,Alençon,61,026b5bf5-0504-442d-8181-63252ccfdbf1,200,nan,0,nan,nan,nan,0,nan,0,0,0,0,nan,0,False
www.chu-nancy.fr,Nancy,54,026c73bd-a580-422e-820b-046414d1bd27,200,,2,altro_terzo_parte;analytics,www.chru-nancy.fr;www.googletagmanager.com,https://www.chru-nancy.fr/wp-content/uploads/2026/03/2021-07-logo-GHT-Sud-Lorraine-blanc-1.png;Google,2,www.chru-nancy.fr();www.googletagmanager.com(),0,0,0,0,,0,False
www.paris.fr,Paris,75,026d98ba-e12c-4e2e-90ef-5a9278021636,nan,ConnectionError,0,nan,nan,nan,nan,nan,nan,0,0,0,nan,0,False
www.dordogne.gouv.fr,Périgueux,24,026dcc26-803d-4d9a-a62e-7ceb6b13346a,,ConnectionError,0,,,,,,,0,0,0,,0,False
www.valromey-sur-seran.fr,Valromey-sur-Séran,01,026fa51e-6c1f-4d96-8fe2-1d24b5eb46d6,200,nan,4,altro_terzo_parte;cdn_font,campagnolv2-2.campagnol.fr;fonts.googleapis.com;fonts.gstatic.com;gmpg.org,https://campagnolv2-2.campagnol.fr/wp-content/themes/twentyseventeen-child/assets/images/logo-campagnol-2023.png;Google;Google;http://gmpg.org/xfn/11,4,campagnolv2-2.campagnol.fr();fonts.googleapis.com();fonts.gstatic.com();gmpg.org(),0,0,0,0,nan,0,False
www.gendarmerie.interieur.gouv.fr,Saint-Germain-Laval,42,026fd2d9-53ae-4c0d-a2d9-27c544ed736a,nan,ConnectionError,0,nan,nan,nan,nan,nan,nan,0,0,0,nan,0,False
www.ville-embrun.fr,Embrun,05,02706b15-58d5-4891-814c-07e9759049db,200,,3,altro_terzo_parte,api.websenso.com;app.mailjet.com;x8ju3.mjt.lu,https://api.websenso.com/dist/domains/e-communo.fr/main.js;https://app.mailjet.com/pas-nc-embedded-v1.js;https://x8ju3.mjt.lu/wgt/x8ju3/to3/form?c=a7123b5f,3,api.websenso.com();app.mailjet.com();x8ju3.mjt.lu(),0,0,0,0,,0,False
cdad-reunion.fr,SAINT-BENOÎT,974,02747e79-5190-4cdb-95ee-35f409b8c658,200,,1,analytics,www.googletagmanager.com,Google,1,www.googletagmanager.com(),0,0,0,0,,0,False
www.biron64.fr,Biron,64,0274bfb4-15e6-41f9-9c27-34a658f95ce0,200,,3,altro_terzo_parte;captcha,app.panneaupocket.com;piwik.logipro.com;www.google.com,https://app.panneaupocket.com/embeded/736429865?mode=widgetConfig&autoNavigation=0&widgetConfigId=1f06e0e1-2c97-6aea-80bc-a5f3e8f1f6ee;https://piwik.logipro.com/piwik/piwik.php?idsite=72&rec=1&bots=1;Google,3,app.panneaupocket.com();piwik.logipro.com();www.google.com(),0,1,1,0,,0,False
www.saintmartindecrau.fr,Saint-Martin-de-Crau,13,02755aba-1dfd-433b-939a-cbd57aa1e217,200,,2,altro_terzo_parte,gmpg.org;kit.fontawesome.com,http://gmpg.org/xfn/11;https://kit.fontawesome.com/ef7f72cf64.js,2,gmpg.org();kit.fontawesome.com(),0,0,0,0,,0,False
www.cdad-seinemaritime.fr,JUMIÈGES,76,02775e1f-7622-4aa7-aec7-a719c15d35c1,200,,6,altro_terzo_parte;cdn_font,cdn-eu.readspeaker.com;cdn.gtranslate.net;fonts.googleapis.com;fonts.gstatic.com;www.google.com;www.youtube-nocookie.com,https://cdn-eu.readspeaker.com/script/9968/webReader/webReader.js?pids=wr;https://cdn.gtranslate.net/widgets/latest/fd.js;Google;Google;https://www.google.com/maps/d/embed?mid=1U6I_smhNOm5a20yeo9eVqPoaLto;https://www.youtube-nocookie.com/embed/_4GrgVW3Mu8,6,cdn-eu.readspeaker.com();cdn.gtranslate.net();fonts.googleapis.com();fonts.gstatic.com();www.google.com();www.youtube-nocookie.com(),0,1,0,0,,1,False
www.masecurite.interieur.gouv.fr,Noisy-le-Grand,93,027761ac-d076-4cde-99dd-348baa686d14,200,nan,1,altro_terzo_parte,cdn.tagcommander.com,https://cdn.tagcommander.com/6351/tc_moncommissariat_20.js,1,cdn.tagcommander.com(),0,0,0,0,nan,0,False
www.lamenitre.fr,La Ménitré,49,0277b310-ff17-4e09-8180-cff8f1f5bd5e,200,,0,,,,0,,0,1,0,0,,1,False
www.normandie.developpement-durable.gouv.fr,Saint-Lô,50,027880bd-e953-4d65-9955-9e098f10fb65,200,,1,altro_terzo_parte,purl.org,http://purl.org/dc/terms/,1,purl.org(),0,1,0,0,,1,False
www.germagny.fr,Germagny,71,02789bc9-4efa-44d4-81d4-cdcdf4d4dc4b,200,,2,altro_terzo_parte;cdn_font,unpkg.com;web-suivis.ternum-bfc.fr,unpkg;https://web-suivis.ternum-bfc.fr/piwik.php?idsite=782&rec=1&url=https://germagny.fr/,2,unpkg.com();web-suivis.ternum-bfc.fr(),0,0,0,0,,0,False
www.udaf40.com,Dax,40,027a33d3-008a-4a20-b7b2-439bab9b1ba0,,ConnectionError,0,,,,,,,0,0,0,,0,False
www.cdos64.org,Pau,64,027cc8ca-1ad1-40f3-8a14-951e6eefc2ae,200,,3,cdn_font;sdk_generico,fonts.googleapis.com;fonts.gstatic.com;maps.googleapis.com,Google;Google;Google,3,fonts.googleapis.com();fonts.gstatic.com();maps.googleapis.com(),0,0,0,0,,0,False
www.isigny-le-buat.fr,Isigny-le-Buat,50,027d3c36-8037-4523-acac-d9e2e5e5503e,200,,7,altro_terzo_parte;cdn_font;sdk_generico,cdn.jsdelivr.net;code.jquery.com;gmpg.org;kit.fontawesome.com;maps.googleapis.com;scontent-cdg4-3.xx.fbcdn.net;widgets.synbird.com,jsDelivr;https://code.jquery.com/jquery-3.4.1.min.js;https://gmpg.org/xfn/11;https://kit.fontawesome.com/1f49d616ba.js;Google;https://scontent-cdg4-3.xx.fbcdn.net/v/t39.30808-1/768361381_1035037082487763_965344613852879310_n.jpg?stp=cp0_dst-jpg_s50x50_tt6&_nc_cat=111&ccb=1-7&_nc_sid=f907e8&_nc_ohc=izsLvrPz0uwQ7kNvwG_C9Lh&_nc_oc=AdrlH0sI9pEyHARTM292EJvR9pPCeuh9SGgszapkurXKeR_ZqcYN7V11kWpFMzNQgObOq3yyGScYTSKdC7exmF5U&_nc_zt=24&_nc_ht=scontent-cdg4-3.xx&edm=AKIiGfEEAAAA&_nc_gid=SCuStPpeYbFcUVrec1OwTQ&_nc_tpa=Q5bMBQKtwSzBjeV0dZFw9pr22QyvnXHS5DxNXONd7e4G1Wag4rlng4GpKDZsc_c0WQcAJgInC4uuHLrf5Q&oh=00_AQLskcLNY9oVng1SqkfFjdohcabtoOQTcPQ9weyuVRUuMg&oe=6AB01EC8;https://widgets.synbird.com/userWidget.js,7,cdn.jsdelivr.net();code.jquery.com();gmpg.org();kit.fontawesome.com();maps.googleapis.com();scontent-cdg4-3.xx.fbcdn.net();widgets.synbird.com(),0,0,0,0,,0,False
2b.gretacfa.corsica,Bastia,2B,027d6ee6-eac1-4e93-9f51-51cfe8192676,200,,3,analytics;cdn_font,cdn.jsdelivr.net;fonts.gstatic.com;www.googletagmanager.com,jsDelivr;Google;Google,3,cdn.jsdelivr.net();fonts.gstatic.com();www.googletagmanager.com(),0,1,1,0,,0,False
www.france-services.gouv.fr,Autun,71,027e3f48-c09c-4004-a37a-2b880dd34325,nan,ConnectionError,0,nan,nan,nan,nan,nan,nan,0,0,0,nan,0,False
www.france-services.gouv.fr,Floirac,33,027eae50-f304-4849-bacf-a61d502dcb0f,nan,ConnectionError,0,nan,nan,nan,nan,nan,nan,0,0,0,nan,0,False
www.peronnas.fr,Péronnas,01,027f6af1-ff5f-42ec-96d4-78748dd6a1ea,200,,0,,,,0,,0,1,1,0,,0,False
www.gendarmerie.interieur.gouv.fr,Romans-sur-Isère,26,027fdd1c-2348-4e66-b20a-52e68dc38987,nan,ConnectionError,0,nan,nan,nan,nan,nan,nan,0,0,0,nan,0,False
labbeville.fr,Labbeville,95,0282582f-e29f-45e1-9b5e-30943a30faeb,200,,3,altro_terzo_parte;captcha;cdn_font,admin.illiwap.com;fonts.googleapis.com;www.google.com,https://admin.illiwap.com/fr/public/mairie-de-labbeville_95328-fral/actu;Google;Google,3,admin.illiwap.com();fonts.googleapis.com();www.google.com(),0,0,0,0,,0,False
saintecroixenjarez.fr,Sainte-Croix-en-Jarez,42,0286ce79-b384-4575-a856-4d0f02dafac8,200,,3,altro_terzo_parte;cdn_font,admin.illiwap.com;fonts.gstatic.com;www.google.com,https://admin.illiwap.com/fr/public/mairie-de-sainte-croix-en-jarez_@42800-5/actu;Google;https://www.google.com/maps/embed?pb=!1m18!1m12!1m3!1d699.3819791178328!2d4.645875829256165!3d45.4793129390319!2m3!1f0!2f0!3f0!3m2!1i1024!2i768!4f13.1!3m3!1m2!1s0x0%3A0x405ace75179cb7ca!2zNDXCsDI4JzQ1LjUiTiA0wrAzOCc0Ny4xIkU!5e0!3m2!1sfr!2sfr!4v1637924860071!5m2!1sfr!2sfr,3,admin.illiwap.com();fonts.gstatic.com();www.google.com(),0,0,0,0,,0,False
www.montegut65.fr,Montégut,65,02888b3b-ce7f-4a83-b0b2-36dc86a49ed4,200,,4,analytics;cdn_font;sdk_generico,ajax.googleapis.com;maps.googleapis.com;maxcdn.bootstrapcdn.com;www.googletagmanager.com,Google;Google;BootstrapCDN;Google,4,ajax.googleapis.com();maps.googleapis.com();maxcdn.bootstrapcdn.com();www.googletagmanager.com(),0,1,1,0,,0,False
www.ribecourt-dreslincourt.fr,Ribécourt-Dreslincourt,60,0288da35-55ec-4c6f-a1b0-bd976f2a8fb5,200,,5,altro_terzo_parte;analytics;captcha;cdn_font;sdk_generico,ajax.googleapis.com;cdntag.tarteaucitron.io;fonts.googleapis.com;www.google.com;www.googletagmanager.com,Google;https://cdntag.tarteaucitron.io;Google;Google;Google,5,ajax.googleapis.com();cdntag.tarteaucitron.io();fonts.googleapis.com();www.google.com();www.googletagmanager.com(),0,0,0,0,,0,False
www.polminhac.fr,Polminhac,15,0289334a-a9c4-4d57-b28b-581175e37148,200,,1,cdn_font,fonts.googleapis.com,Google,1,fonts.googleapis.com(),0,2,1,0,,1,False
www.ameli.fr,Pointe-Noire,971,0289e367-7c92-4ffb-89e1-bd7a6a1123e9,200,nan,3,altro_terzo_parte;analytics;cdn_font,cdn.jsdelivr.net;tag.aticdn.net;www.googletagmanager.com,jsDelivr;https://tag.aticdn.net/piano-analytics.js;Google,3,cdn.jsdelivr.net();tag.aticdn.net();www.googletagmanager.com(),0,0,0,0,nan,0,False
forum-assures.ameli.fr,Pointe-Noire,971,0289e367-7c92-4ffb-89e1-bd7a6a1123e9,200,nan,5,altro_terzo_parte;cdn_font,d350tqmxm801hs.cloudfront.net;dimelo-answers-production.s3.eu-west-1.amazonaws.com;dimelo-users-production.s3.amazonaws.com;dimelo.s3.amazonaws.com;fonts.googleapis.com,https://d350tqmxm801hs.cloudfront.net/production/ameli-forum/images/refonte-identite-2022/logo_forum-ameli.svg?1649083461;https://dimelo-answers-production.s3.eu-west-1.amazonaws.com/291/a2635c8ee1bec415/170413152806_5f8b2eb0d19885b6b8d6226fe9d6780e_original.png?7cc8cfd;https://dimelo-users-production.s3.amazonaws.com/identity_avatars/bdea85ceb7d562ab/avatar_x-large.png?7cc8cfd;https://dimelo.s3.amazonaws.com/custom-v2/ameli/tarteaucitron/tarteaucitron.js;Google,5,d350tqmxm801hs.cloudfront.net();dimelo-answers-production.s3.eu-west-1.amazonaws.com();dimelo-users-production.s3.amazonaws.com();dimelo.s3.amazonaws.com();fonts.googleapis.com(),0,1,0,0,nan,1,False
www.gendarmerie.interieur.gouv.fr,Saint-Chinian,34,028bcfbc-e0c7-4436-9e2e-fdd76269d3af,nan,ConnectionError,0,nan,nan,nan,nan,nan,nan,0,0,0,nan,0,False
www.associations.gouv.fr,Sarrebourg,57,028c5e5a-3394-4d6b-92a2-69a86953f5d5,200,nan,0,nan,nan,nan,0,nan,0,0,0,0,nan,0,False
www.inguiniel.fr,Inguiniel,56,028cd6a9-bfff-42ec-b4a4-317f87c2a0e4,200,,5,altro_terzo_parte,cdn.hu-manity.co;i0.wp.com;maps.google.com;stats.wp.com;v0.wordpress.com,https://cdn.hu-manity.co;https://i0.wp.com/media.inguiniel.fr/2025/08/Capture-decran-2025-08-21-a-16.33.44.png?fit=400%2C259&ssl=1;https://maps.google.com/maps?q=Mairie%2C%20Inguiniel%2C%20France&t=m&z=15&output=embed&iwloc=near;https://stats.wp.com/e-202638.js;https://v0.wordpress.com,5,cdn.hu-manity.co();i0.wp.com();maps.google.com();stats.wp.com();v0.wordpress.com(US),0,0,0,0,,0,False
www.mairie-athis-mons.fr,Athis-Mons,91,028ea836-d7c8-428e-9b8f-2cb5bf49cf59,418,,1,cdn_font,fonts.googleapis.com,Google,1,fonts.googleapis.com(),0,4,0,0,,4,False
www.mairie-jumeauville.fr,Jumeauville,78,028f0b45-60e3-4ab1-a9ca-0894d2590d79,200,,0,,,,0,,0,1,1,0,,0,False
www.cresus-iledefrance.org,Paris,75,028fd39a-c326-4954-8488-68c7a364ff21,200,,6,altro_terzo_parte;analytics,c0.wp.com;fonts-api.wp.com;i0.wp.com;s0.wp.com;stats.wp.com;www.google-analytics.com,"https://c0.wp.com/c/7.1/wp-admin/css/color-picker.min.css;https://fonts-api.wp.com/css?family=Raleway:100,100italic,200,200italic,300,300italic,400,400italic,500,500italic,600,600italic,700,700italic,800,800italic,900,900italic&display=auto;https://i0.wp.com/cresus-iledefrance.org/wp-content/uploads/2016/12/pcb.jpg?fit=211%2C210&ssl=1;https://s0.wp.com/i/webclip.png;https://stats.wp.com/e-202638.js;Google",6,c0.wp.com();fonts-api.wp.com();i0.wp.com();s0.wp.com();stats.wp.com();www.google-analytics.com(),0,0,0,0,,0,False
www.patrimoines-martinique.org,Fort-de-France,972,0291a8f5-ce5b-4776-9697-768e7ec7bed8,200,,0,,,,0,,0,0,0,0,,0,False
www.aingeray.mairie54.fr,Aingeray,54,02928a81-f202-4190-a03e-11f9450fb291,200,,2,altro_terzo_parte,maps.google.com;opendata.spl-xdemat.fr,https://maps.google.com/maps/api/js?key=AIza_REDACTED;https://opendata.spl-xdemat.fr/frame/MA54007/affichage-administratif,2,maps.google.com();opendata.spl-xdemat.fr(),0,2,1,0,,1,False
www.chasse-nature-occitanie.fr,Montauban,82,029898c3-6a18-4091-9e03-e9345076e5c4,200,,0,,,,0,,0,1,1,0,,0,False
www.villaz.fr,Villaz,74,0298b1f8-f9ec-4704-86be-0fa7baf687cb,200,,2,altro_terzo_parte;cdn_font,fonts.googleapis.com;s.w.org,Google;https://s.w.org,2,fonts.googleapis.com();s.w.org(),0,0,0,0,,0,False
goersdorf-mitschdorf.fr,Goersdorf,67,0298fa63-b3fd-4b6b-9aef-c8d429a2a2eb,200,,3,altro_terzo_parte;cdn_font,app.panneaupocket.com;fonts.googleapis.com;fonts.gstatic.com,https://app.panneaupocket.com/embeded/719835793;Google;Google,3,app.panneaupocket.com();fonts.googleapis.com();fonts.gstatic.com(),0,0,0,0,,0,False
www.selestat.fr,Sélestat,67,0299b926-8a27-45fc-b8ec-fa912c9aac1e,200,,0,,,,0,,0,0,0,0,,0,False
www.laignestgervais.fr,Laigné-en-Belin,72,0299c75d-416d-4baf-a86d-681d40a0b963,200,,3,altro_terzo_parte;cdn_font,fonts.googleapis.com;fonts.gstatic.com;gmpg.org,Google;Google;https://gmpg.org/xfn/11,3,fonts.googleapis.com();fonts.gstatic.com();gmpg.org(),0,0,0,0,,0,False
www.pailloles.fr,Pailloles,47,0299f484-90e4-4a11-9776-f451e7ec0b75,200,,2,altro_terzo_parte;sdk_generico,maps.googleapis.com;panneau-pocket.s3.gra.perf.cloud.ovh.net,Google;https://panneau-pocket.s3.gra.perf.cloud.ovh.net/cache/sign_pdf/16438612696a1d9cd799de29.45355352-1780325591.pdf/bf58ca93e5a93e0adb9c2d3d8d0a8d93,2,maps.googleapis.com();panneau-pocket.s3.gra.perf.cloud.ovh.net(),0,0,0,0,,0,False
www.plaisancedutouch.fr,Plaisance-du-Touch,31,029d86c1-42d9-4e78-a3a9-567b13dbc498,200,,1,altro_terzo_parte,gmpg.org,http://gmpg.org/xfn/11,1,gmpg.org(),0,0,0,0,,0,False
www.crij.org,Plaisance-du-Touch,31,029d86c1-42d9-4e78-a3a9-567b13dbc498,200,nan,4,altro_terzo_parte;captcha,tarteaucitron.io;translate.google.com;twitter.com;www.google.com,https://tarteaucitron.io/load.js?domain=www.crij.org%2Ffr&uuid=dac1a2b16c910b1b1917e4aaf53f1feb7f599293;https://translate.google.com/translate_a/element.js?cb=googleTranslateElementInit;https://twitter.com/crijtoulouse;Google,4,tarteaucitron.io();translate.google.com();twitter.com();www.google.com(),0,0,0,0,nan,0,False
www.finistere.fr,Ploudalmézeau,29,029da63f-8b9d-495f-bc87-d4f23e0b3038,200,,2,altro_terzo_parte,gmpg.org;t.contentsquare.net,http://gmpg.org/xfn/11;https://t.contentsquare.net,2,gmpg.org();t.contentsquare.net(),0,0,0,0,,0,False
mairie-coutevroult.fr,Coutevroult,77,029dbdfb-bd5d-4cd9-975e-a9423ef7b7d7,200,,5,altro_terzo_parte;analytics;captcha;cdn_font,fonts.googleapis.com;fonts.gstatic.com;static.axept.io;www.google-analytics.com;www.google.com,Google;Google;https://static.axept.io;Google;Google,5,fonts.googleapis.com();fonts.gstatic.com();static.axept.io();www.google-analytics.com();www.google.com(),0,0,0,0,,0,False
www.sengager.fr,Perpignan,66,029dc8e1-b21e-45bc-8515-8d3beac916ae,200,nan,2,altro_terzo_parte,cdn.tagcommander.com;scripts.polaria.ai,https://cdn.tagcommander.com/3941/tc_ArmeedeTerre_26.js;https://scripts.polaria.ai/sengager.js,2,cdn.tagcommander.com();scripts.polaria.ai(),0,0,0,0,nan,0,False
lamarinerecrute.gouv.fr,Perpignan,66,029dc8e1-b21e-45bc-8515-8d3beac916ae,200,nan,4,altro_terzo_parte,a.tile.openstreetmap.org;b.tile.openstreetmap.org;c.tile.openstreetmap.org;p.typekit.net,https://a.tile.openstreetmap.org;https://b.tile.openstreetmap.org;https://c.tile.openstreetmap.org;https://p.typekit.net/p.css?s=1&k=jif6wog&ht=tk&f=1853.1855.1857.24436.26921.26922.26924.26925&a=296440514&app=typekit&e=css,4,a.tile.openstreetmap.org();b.tile.openstreetmap.org();c.tile.openstreetmap.org();p.typekit.net(),0,0,0,0,nan,0,False
devenir-aviateur.gouv.fr,Perpignan,66,029dc8e1-b21e-45bc-8515-8d3beac916ae,200,nan,2,altro_terzo_parte,cdn.tagcommander.com;petjeb7f4u.kameleoon.io,https://cdn.tagcommander.com/7549/tc_DevenirAviateur_20.js;https://petjeb7f4u.kameleoon.io/engine.js,2,cdn.tagcommander.com();petjeb7f4u.kameleoon.io(),0,0,0,0,nan,0,False
www.mairie-lelamentin.fr,Le Lamentin,972,029e81ab-67d0-4fad-85ec-f8ac9212ce31,200,,3,analytics;cdn_font,cdnjs.cloudflare.com;fonts.googleapis.com;www.googletagmanager.com,Cloudflare;Google;Google,3,cdnjs.cloudflare.com();fonts.googleapis.com();www.googletagmanager.com(),0,1,1,0,,0,False
www.france-services.gouv.fr,Quarré-les-Tombes,89,02a1bd6f-e94f-4ef2-abc1-c02140c53f54,nan,ConnectionError,0,nan,nan,nan,nan,nan,nan,0,0,0,nan,0,False
www.masecurite.interieur.gouv.fr,Tergnier,02,02a2395d-16f4-436b-9d43-e9771e781e42,200,nan,1,altro_terzo_parte,cdn.tagcommander.com,https://cdn.tagcommander.com/6351/tc_moncommissariat_20.js,1,cdn.tagcommander.com(),0,0,0,0,nan,0,False
mairie-tromborn.fr,Tromborn,57,02a2b6aa-e489-464e-a1b6-7f363c7dad9b,200,,5,altro_terzo_parte;cdn_font,app.panneaupocket.com;campagnolv2-1.campagnol.fr;fonts.googleapis.com;fonts.gstatic.com;gmpg.org,https://app.panneaupocket.com/embeded/543100543;https://campagnolv2-1.campagnol.fr/wp-content/themes/twentyseventeen-child/assets/images/logo-campagnol-2023.png;Google;Google;http://gmpg.org/xfn/11,5,app.panneaupocket.com();campagnolv2-1.campagnol.fr();fonts.googleapis.com();fonts.gstatic.com();gmpg.org(),0,0,0,0,,0,False
www.gendarmerie.interieur.gouv.fr,Samer,62,02a34ce0-4f16-4c76-9221-8ffa69737686,nan,ConnectionError,0,nan,nan,nan,nan,nan,nan,0,0,0,nan,0,False
obies.fr,Obies,59,02a54440-7c15-4df5-84d1-8063cc1cd6bc,200,,4,altro_terzo_parte;cdn_font,campagnolv2-1.campagnol.fr;fonts.googleapis.com;fonts.gstatic.com;gmpg.org,https://campagnolv2-1.campagnol.fr/wp-content/themes/twentyseventeen-child/assets/images/logo-campagnol-2023.png;Google;Google;http://gmpg.org/xfn/11,4,campagnolv2-1.campagnol.fr();fonts.googleapis.com();fonts.gstatic.com();gmpg.org(),0,0,0,0,,0,False
www.impots.gouv.fr,Tulle Cedex,19,02a61dd2-e278-417a-9e2d-0215d754a968,200,nan,0,nan,nan,nan,0,nan,0,0,0,0,nan,0,False
www.ac-reunion.fr,Saint-Denis,11,02a63f59-6c5e-4799-b4c9-3a0e59446e51,403,,0,,,,0,,0,0,0,0,,0,True
www.mairie-saintcyrenval.fr,Saint-Cyr-en-Val,45,02a6ef41-06d8-470b-8ea1-f0e428b7b363,200,,3,altro_terzo_parte;captcha;cdn_font,fonts.gstatic.com;gmpg.org;www.google.com,Google;https://gmpg.org/xfn/11;Google,3,fonts.gstatic.com();gmpg.org();www.google.com(),0,0,0,0,,0,False
www.asso.nordnet.fr,Pas-en-Artois,62,02a76e03-1dcd-46da-9b18-1d98a7837814,,ConnectionError,0,,,,,,,0,0,0,,0,False
mlblois.com,Blois,41,02a78876-2c40-4749-ad4a-7ae0ceb24745,200,,6,altro_terzo_parte;analytics;cdn_font;sdk_generico,app.ardalio.com;fonts.gstatic.com;maps.googleapis.com;use.fontawesome.com;ws.sharethis.com;www.googletagmanager.com,https://app.ardalio.com/log7.js?ver=6.3;Google;Google;Font Awesome;https://ws.sharethis.com;Google,6,app.ardalio.com();fonts.gstatic.com();maps.googleapis.com();use.fontawesome.com();ws.sharethis.com();www.googletagmanager.com(),0,0,0,0,,0,False
reau.fr,Réau,77,02a98718-7feb-48d2-a9ba-1d21aba1ac45,200,,5,altro_terzo_parte;captcha;cdn_font,cdnjs.cloudflare.com;fonts.googleapis.com;fonts.gstatic.com;js.hcaptcha.com;static.neopse.com,Cloudflare;Google;Google;hCaptcha;https://static.neopse.com/medias/p/2144/site/d3/56/62/d356627f831ab2c313038f38fd7a2a253c1d5b10.jpg?v=v1,5,cdnjs.cloudflare.com();fonts.googleapis.com();fonts.gstatic.com();js.hcaptcha.com();static.neopse.com(),0,0,0,0,,0,False
www.arc-et-senans.com,Arc-et-Senans,25,02a98d03-72a8-415f-8f91-23e411822b6d,200,,3,altro_terzo_parte;cdn_font,fonts.googleapis.com;gmpg.org;unpkg.com,Google;http://gmpg.org/xfn/11;unpkg,3,fonts.googleapis.com();gmpg.org();unpkg.com(),0,0,0,0,,0,False
www.afpa.fr,Saint-Jean-de-Védas,34,02aa69ac-ae6e-415c-9f11-233de0f7189a,200,,6,altro_terzo_parte;cdn_font;sdk_generico,cdn.jsdelivr.net;cdn.tagcommander.com;code.jquery.com;maps.googleapis.com;redirect2286.tagcommander.com;ws.sharethis.com,jsDelivr;https://cdn.tagcommander.com/2286/tc_AFPA_3.js;https://code.jquery.com/ui/1.13.2/jquery-ui.min.js;Google;https://redirect2286.tagcommander.com/utils/noscript.php?id=3&mode=iframe;https://ws.sharethis.com/button/buttons.js,6,cdn.jsdelivr.net();cdn.tagcommander.com();code.jquery.com();maps.googleapis.com();redirect2286.tagcommander.com();ws.sharethis.com(),0,4,1,0,,3,False
lacroix-barrezencarladez.fr,Lacroix-Barrez,12,02ac94d0-9337-4140-ac68-c9247bf67f30,200,,5,altro_terzo_parte;captcha;cdn_font;video,fonts.googleapis.com;fonts.gstatic.com;gmpg.org;i.ytimg.com;www.google.com,Google;Google;https://gmpg.org/xfn/11;Google;Google,5,fonts.googleapis.com();fonts.gstatic.com();gmpg.org();i.ytimg.com();www.google.com(),0,0,0,0,,0,False
brassy80.fr,Brassy,80,02ac9a41-916e-4fc6-bea0-39bce765c464,200,,1,cdn_font,unpkg.com,unpkg,1,unpkg.com(),0,0,0,0,,0,False
www.france-services.gouv.fr,Graçay,18,02acd1f4-f681-4e3b-8d6f-8524a9de4225,nan,ConnectionError,0,nan,nan,nan,nan,nan,nan,0,0,0,nan,0,False
www.etouvans.fr,Étouvans,25,02acda58-1638-4a20-98be-ac87ef01934e,200,,0,,,,0,,0,0,0,0,,0,False
www.mei-mvs.com,Chatelet-en-Brie,77,02aed432-ff48-4585-8706-42710cf7bcc0,200,,0,,,,0,,0,0,0,0,,0,False
saint-hilaire-aude.fr,Saint-Hilaire,11,02af6d17-032a-48d5-b851-43ca89cc43ca,200,,3,altro_terzo_parte;cdn_font,code.jquery.com;fonts.googleapis.com;piwik.spheerys.fr,https://code.jquery.com/ui/1.11.4/themes/smoothness/jquery-ui.css;Google;https://piwik.spheerys.fr/piwik.php?idsite=76,3,code.jquery.com();fonts.googleapis.com();piwik.spheerys.fr(),0,1,1,0,,0,False
www.commune-beinheim.fr,Beinheim,67,02afef13-298b-4675-8f38-f7690a37a753,200,,4,altro_terzo_parte;cdn_font;sdk_generico,ajax.googleapis.com;cdn.jsdelivr.net;ga.jspm.io;station.illiwap.com,Google;jsDelivr;https://ga.jspm.io/npm:es-module-shims@1.10.0/dist/es-module-shims.js;https://station.illiwap.com/fr/public/67025fr/services/picto/28-%23545e80-32.png,4,ajax.googleapis.com();cdn.jsdelivr.net();ga.jspm.io();station.illiwap.com(),0,0,0,0,,0,False
www.ac-versailles.fr,Sarcelles,95,02afff03-51be-44fe-8be2-6c390ad97d2b,403,,0,,,,0,,0,0,0,0,,0,True
www.thusy.fr,Thusy,74,02b0ffa4-6ed3-469d-adcd-9bb92c97c6bb,200,,0,,,,0,,0,0,0,0,,0,False
www.laravoire.fr,La Ravoire,73,02b11039-4c15-4fe4-a855-b470ac6586f0,200,,1,cdn_font,fonts.googleapis.com,Google,1,fonts.googleapis.com(),0,0,0,0,,0,False
www.ville-riez.fr,Riez,04,02b14966-0acc-448d-b073-e7d90a8baef5,200,,3,altro_terzo_parte,api.websenso.com;code.jquery.com;www.notre-commune.fr,https://api.websenso.com/dist/domains/ville-riez.fr/main.js;https://code.jquery.com/jquery-3.6.4.min.js;https://www.notre-commune.fr/ws-keepmeup.js,3,api.websenso.com();code.jquery.com();www.notre-commune.fr(),0,0,0,0,,0,False
www.vert78930.fr,Vert,78,02b3ca7d-4ec2-475f-ba9d-fcbdb5af4c2f,200,,4,altro_terzo_parte;analytics;cdn_font,fonts.googleapis.com;fonts.gstatic.com;www.google-analytics.com;www.google.com,Google;Google;Google;https://www.google.com,4,fonts.googleapis.com();fonts.gstatic.com();www.google-analytics.com();www.google.com(),0,0,0,0,,0,False
www.gendarmerie.interieur.gouv.fr,Saint-Quentin,02,02b72db4-a086-4fcb-919d-cc971192ae46,nan,ConnectionError,0,nan,nan,nan,nan,nan,nan,0,0,0,nan,0,False
www.codecom-paysdemontmedy.fr,Montmédy,55,02b7cd56-40ec-4dc0-8ae1-4fec71f46257,200,,5,altro_terzo_parte;cdn_font,cdn.jsdelivr.net;cdnjs.cloudflare.com;fonts.googleapis.com;gmpg.org;kit.fontawesome.com,jsDelivr;Cloudflare;Google;http://gmpg.org/xfn/11;https://kit.fontawesome.com/58afa9bf2a.js,5,cdn.jsdelivr.net();cdnjs.cloudflare.com();fonts.googleapis.com();gmpg.org();kit.fontawesome.com(),0,0,0,0,,0,False
www.mairiefrance.fr,Saint-Hippolyte,37,02b9e2e6-bf81-4cf9-a721-a6deb9373ac6,200,,0,,,,0,,0,0,0,0,,0,False
www.creches-sur-saone.com,Crêches-sur-Saône,71,02ba6cdf-6202-477d-a68f-cb0003db2876,200,,5,altro_terzo_parte;captcha;cdn_font,cdnjs.cloudflare.com;fonts.googleapis.com;fonts.gstatic.com;js.hcaptcha.com;static.neopse.com,Cloudflare;Google;Google;hCaptcha;https://static.neopse.com/medias/d/label/25/d1/05/25d105b5b799d22c9814d382f40fae27efa28a77.png,5,cdnjs.cloudflare.com();fonts.googleapis.com();fonts.gstatic.com();js.hcaptcha.com();static.neopse.com(),0,0,0,0,,0,False
www.francetravail.fr,Paris,75,02bb7f9c-af67-4bfa-b602-45ece0fa9cb7,200,nan,1,altro_terzo_parte,cdn.tagcommander.com,https://cdn.tagcommander.com/4340/tc_PoleEmploi_24.js,1,cdn.tagcommander.com(),0,2,0,0,nan,2,False
www.latronquiere.fr,Latronquière,46,02bc2402-2337-4398-8841-d672df539d90,200,,4,altro_terzo_parte,meteofrance.com;st0.cdnsw.com;v-assets.cdnsw.com;v-images.cdnsw.com,https://meteofrance.com/widget/prevision/461600;https://st0.cdnsw.com/assets/precompile/viewer2_all-08e7c48b5d0f51026fc476b953ae7fe7.css;https://v-assets.cdnsw.com/Root/ez1jw/IMG_20211028_154952.jpg;https://v-images.cdnsw.com/Root/ero1n/Bandeau2.png?s=YqFAk3Jg&webp_compatible=1,4,meteofrance.com();st0.cdnsw.com();v-assets.cdnsw.com();v-images.cdnsw.com(),0,1,0,0,,1,False
www.france-services.gouv.fr,Vivonne,86,02bd3f2e-cfb8-4ff7-869f-6e75579347df,nan,ConnectionError,0,nan,nan,nan,nan,nan,nan,0,0,0,nan,0,False
www.logement-seniors.com,Plouzané,29,02bf2db0-7493-453c-8071-b315f9008722,200,,4,altro_terzo_parte;analytics;captcha;cdn_font,cdnjs.cloudflare.com;www.google.com;www.googleadservices.com;www.googletagmanager.com,Cloudflare;Google;https://www.googleadservices.com/pagead/conversion.js;Google,4,cdnjs.cloudflare.com();www.google.com();www.googleadservices.com();www.googletagmanager.com(),0,1,1,0,,0,False
www.pour-les-personnes-agees.gouv.fr,Plouzané,29,02bf2db0-7493-453c-8071-b315f9008722,200,nan,3,altro_terzo_parte,app-script.monsido.com;cdn-eu.readspeaker.com;siteimproveanalytics.com,https://app-script.monsido.com/v2/monsido-script.js;http://cdn-eu.readspeaker.com/script/7866/webReader/r/r2728/ReadSpeaker.Styles.css?v=3.8.7.2728;https://siteimproveanalytics.com/js/siteanalyze_6134497.js,3,app-script.monsido.com();cdn-eu.readspeaker.com();siteimproveanalytics.com(),0,1,0,0,nan,1,False
www.france-services.gouv.fr,Vermenton,89,02bfea74-3306-40ab-a354-3e5f62f78916,nan,ConnectionError,0,nan,nan,nan,nan,nan,nan,0,0,0,nan,0,False
www.manthelan.fr,Manthelan,37,02c2277e-d085-4822-b76d-3813870abfb1,200,,4,cdn_font;sdk_generico,ajax.googleapis.com;cdnjs.cloudflare.com;fonts.googleapis.com;maxcdn.bootstrapcdn.com,Google;Cloudflare;Google;BootstrapCDN,4,ajax.googleapis.com();cdnjs.cloudflare.com();fonts.googleapis.com();maxcdn.bootstrapcdn.com(),0,1,1,0,,0,False
www.saintpeydecastets.fr,Saint-Pey-de-Castets,33,02c67c61-786f-42f2-8aaa-9b92e4deb607,503,,2,cdn_font,fonts.googleapis.com;fonts.gstatic.com,Google;Google,2,fonts.googleapis.com();fonts.gstatic.com(),0,0,0,0,,0,False
www.gendarmerie.interieur.gouv.fr,Saran,45,02cad200-9ebe-4c54-8266-86c6fe913b79,nan,ConnectionError,0,nan,nan,nan,nan,nan,nan,0,0,0,nan,0,False
www.mairiedevenaco.corsica,Venaco,2B,02cc9462-a666-415e-8681-07c082a9a44f,200,,4,altro_terzo_parte;analytics;cdn_font,fonts.googleapis.com;fonts.gstatic.com;use.typekit.net;www.googletagmanager.com,Google;Google;https://use.typekit.net/yti5ddd.css;Google,4,fonts.googleapis.com();fonts.gstatic.com();use.typekit.net();www.googletagmanager.com(),0,0,0,0,,0,False
www.associations.gouv.fr,Yzeure,03,02cc98e5-1940-4f0c-a52e-81d9f6ae5491,200,nan,0,nan,nan,nan,0,nan,0,0,0,0,nan,0,False
www.francetravail.fr,Bayonne,64,02cce1a5-f7c1-4cd1-b67c-32403a59e3c3,200,nan,1,altro_terzo_parte,cdn.tagcommander.com,https://cdn.tagcommander.com/4340/tc_PoleEmploi_24.js,1,cdn.tagcommander.com(),0,2,0,0,nan,2,False
www.mairiechaulnes.fr,Chaulnes,80,02ccec14-2d46-4463-bdbd-5d1e0bb60ef1,200,,2,altro_terzo_parte,gmpg.org;platform-api.sharethis.com,https://gmpg.org/xfn/11;https://platform-api.sharethis.com,2,gmpg.org();platform-api.sharethis.com(),0,0,0,0,,0,False
www.saint-aubin-de-blaye.fr,Saint-Aubin-de-Blaye,33,02cef5c7-d208-4e11-b5e9-66526cb44430,200,,0,,,,0,,0,0,0,0,,0,False
www.missionslocalesardeche.fr,Aubenas,07,02cf224d-1cdf-465f-9e85-f1458b5f4057,200,,3,altro_terzo_parte;cdn_font,back.ww-cdn.com;cmsphoto.ww-cdn.com;fonts.gstatic.com,https://back.ww-cdn.com/apiv3/cdn/2491980/apiv3/release/iphone/10/photo/sections_42022603_elements_161599504378_cellBackgroundImage@tablet.png?v=1616056105;https://cmsphoto.ww-cdn.com/superstatic/2491980/art/large_x2_16_9/54976501-41284109.jpg?v=1616657315;Google,3,back.ww-cdn.com();cmsphoto.ww-cdn.com();fonts.gstatic.com(),0,0,0,0,,0,False
www.impots.gouv.fr,Châlons-en-Champagne,51,02d15382-be2c-41a6-8709-eedbc291c270,200,nan,0,nan,nan,nan,0,nan,0,0,0,0,nan,0,False
www.juzetdeluchon.com,Juzet-de-Luchon,31,02d38012-553a-4359-8c36-a5f5d542c4bc,200,,6,altro_terzo_parte;cdn_font,cdn.jsdelivr.net;cdnjs.cloudflare.com;code.jquery.com;fonts.googleapis.com;fonts.gstatic.com;www.google.com,jsDelivr;Cloudflare;https://code.jquery.com/jquery-3.4.1.min.js;Google;Google;https://www.google.com/maps/embed?pb=!1m18!1m12!1m3!1d4682547.0605289815!2d-1.6261563522292917!3d46.521848323902276!2m3!1f0!2f0!3f0!3m2!1i1024!2i768!4f13.1!3m3!1m2!1s0x12a88a718a6f1517%3A0x88d03a1d036bee29!2sMairie%20de%20Juzet%20de%20Luchon!5e0!3m2!1sfr!2sfr!4v1686180369787!5m2!1sfr!2sfr,6,cdn.jsdelivr.net();cdnjs.cloudflare.com();code.jquery.com();fonts.googleapis.com();fonts.gstatic.com();www.google.com(),0,0,0,0,,0,False
www.alsace.eu,Obernai,67,02d43fab-88a8-4856-ac1b-1347351095f0,200,,1,cdn_font,cdn.jsdelivr.net,jsDelivr,1,cdn.jsdelivr.net(),0,0,0,0,,0,False
www.pour-les-personnes-agees.gouv.fr,Courcelles-lès-Lens,62,02d4e92a-5840-4398-a76b-a39655b47d8f,200,nan,3,altro_terzo_parte,app-script.monsido.com;cdn-eu.readspeaker.com;siteimproveanalytics.com,https://app-script.monsido.com/v2/monsido-script.js;http://cdn-eu.readspeaker.com/script/7866/webReader/r/r2728/ReadSpeaker.Styles.css?v=3.8.7.2728;https://siteimproveanalytics.com/js/siteanalyze_6134497.js,3,app-script.monsido.com();cdn-eu.readspeaker.com();siteimproveanalytics.com(),0,1,0,0,nan,1,False
www.mairie-montignac33.fr,Montignac,33,02d5ed0e-fcf0-415b-b272-3290f48631fa,200,,1,altro_terzo_parte,code.jquery.com,http://code.jquery.com/jquery-latest.min.js,1,code.jquery.com(),0,0,0,0,,0,False
www.roeschwoog.eu,Rœschwoog,67,02d6c01a-c560-43a2-a466-ba15360d8eb8,200,,2,altro_terzo_parte;cdn_font,cdnjs.cloudflare.com;code.jquery.com,Cloudflare;https://code.jquery.com/jquery-1.12.4.min.js,2,cdnjs.cloudflare.com();code.jquery.com(),0,1,1,0,,0,False
mairielachapelleblanche.fr,La Chapelle-Blanche,73,02d6c382-cc7a-40ac-85ca-9eefbfd09a7b,200,,2,altro_terzo_parte;cdn_font,fonts.googleapis.com;gmpg.org,Google;http://gmpg.org/xfn/11,2,fonts.googleapis.com();gmpg.org(),0,0,0,0,,0,False
www.mairie-veron.fr,Véron,89,02d86227-d678-40e7-9cd4-2edca38aac3c,200,,2,altro_terzo_parte;cdn_font,unpkg.com;web-suivis.arnia-bfc.fr,unpkg;https://web-suivis.arnia-bfc.fr/piwik.php?idsite=457&rec=1&url=https://mairie-veron.fr/,2,unpkg.com();web-suivis.arnia-bfc.fr(),0,0,0,0,,0,False
www.lvd82.fr,Montauban,82,02da4bf2-e0e7-4ba8-bab3-3accb0a59561,200,,2,cdn_font;sdk_generico,ajax.googleapis.com;fonts.googleapis.com,Google;Google,2,ajax.googleapis.com();fonts.googleapis.com(),0,2,0,0,,2,False
www.chru-strasbourg.fr,Strasbourg,67,02da5fc3-f26e-45f9-b345-e17e223519da,200,,0,,,,0,,0,0,0,0,,0,False
www.saint-glen.com,Saint-Glen,22,02db071c-8f6f-45fd-8e46-3f0e93788f5c,200,,1,cdn_font,fonts.googleapis.com,Google,1,fonts.googleapis.com(),0,4,0,0,,4,False
www.bordeauxstclair.net,Bordeaux-Saint-Clair,76,02db19ed-0bc6-4f72-b81c-17084285b376,200,,1,altro_terzo_parte,translate.google.com,https://translate.google.com/translate_a/element.js?cb=googleTranslateElementInit2,1,translate.google.com(),0,0,0,0,,0,False
billom.fr,Billom,63,02db2342-1227-49bd-8d36-668923f61608,200,,5,altro_terzo_parte;analytics;captcha;cdn_font,fonts.googleapis.com;js.hcaptcha.com;stats.wp.com;v0.wordpress.com;www.googletagmanager.com,Google;hCaptcha;https://stats.wp.com/e-202638.js;https://v0.wordpress.com;Google,5,fonts.googleapis.com();js.hcaptcha.com();stats.wp.com();v0.wordpress.com(US);www.googletagmanager.com(),0,0,0,0,,0,False
www.police-nationale.interieur.gouv.fr,Dijon,21,02db3712-1025-4b8e-ade0-afa93eebc0c6,403,,0,,,,0,,0,0,0,0,,0,True
www.fncaue.com,Amiens,80,02dc4d8c-a94e-4f4f-811f-5e73bdcd772e,200,,3,altro_terzo_parte;cdn_font;video,fonts.googleapis.com;gmpg.org;img.youtube.com,Google;http://gmpg.org/xfn/11;Google,3,fonts.googleapis.com();gmpg.org();img.youtube.com(),0,1,1,0,,0,False
www.urcaue-hautsdefrance.fr,Amiens,80,02dc4d8c-a94e-4f4f-811f-5e73bdcd772e,200,,8,altro_terzo_parte;analytics;cdn_font,cdn.jsdelivr.net;cdn.s-pass.org;cdnjs.cloudflare.com;js.arcgis.com;s-pass.matomo.cloud;translate.google.com;unpkg.com;www.googletagmanager.com,jsDelivr;https://cdn.s-pass.org/SPASSDATA/media/cache/portail_vignette_observatoire/SPASSDATA/attachments/2025_10/20/233809-image-actu-avec-bandeau-copie.jpg;Cloudflare;https://js.arcgis.com/3.27/esri/css/esri.css;Matomo Cloud;https://translate.google.com/translate_a/element.js?cb=googleTranslateElementInit;unpkg;Google,8,cdn.jsdelivr.net();cdn.s-pass.org();cdnjs.cloudflare.com();js.arcgis.com();s-pass.matomo.cloud();translate.google.com();unpkg.com();www.googletagmanager.com(),0,0,0,0,,0,False
station.illiwap.com,Suarce,90,02dd0930-1221-4688-bd4b-0f2206014c93,200,nan,3,altro_terzo_parte;cdn_font;sdk_generico,ajax.googleapis.com;cdn.jsdelivr.net;ga.jspm.io,Google;jsDelivr;https://ga.jspm.io/npm:es-module-shims@1.10.0/dist/es-module-shims.js,3,ajax.googleapis.com();cdn.jsdelivr.net();ga.jspm.io(),0,0,0,0,nan,0,False
www.carsat-alsacemoselle.fr,Strasbourg,67,02dd7a4e-5d43-476c-af51-cad839c7af66,200,,1,altro_terzo_parte,www.lassuranceretraite-idf.fr,https://www.lassuranceretraite-idf.fr/files/live/sites/idf/files/pictos_ref/services/demander-ma-retraite.png,1,www.lassuranceretraite-idf.fr(),0,1,1,0,,0,False
hasparren.fr,Hasparren,64,02de8f11-b4ed-421f-8e58-34a51417f751,200,,6,altro_terzo_parte;analytics;cdn_font;sdk_generico,fonts.googleapis.com;fonts.gstatic.com;maps.googleapis.com;static.addtoany.com;use.fontawesome.com;www.googletagmanager.com,Google;Google;Google;https://static.addtoany.com;Font Awesome;Google,6,fonts.googleapis.com();fonts.gstatic.com();maps.googleapis.com();static.addtoany.com();use.fontawesome.com();www.googletagmanager.com(),0,0,0,0,,0,False
www.franconville54.fr,Franconville,54,02df556d-b19c-4de1-aa0c-bfcc2f1eb7c0,200,,4,altro_terzo_parte;analytics;cdn_font;sdk_generico,ajax.googleapis.com;app.panneaupocket.com;maxcdn.bootstrapcdn.com;www.googletagmanager.com,Google;https://app.panneaupocket.com/embeded/173348170?mode=widget&autoNavigation=0;BootstrapCDN;Google,4,ajax.googleapis.com();app.panneaupocket.com();maxcdn.bootstrapcdn.com();www.googletagmanager.com(),0,1,1,0,,0,False
avmp-32.fr,NIMES,30,02df8ffd-327d-4ef9-8e8f-207779ad5667,200,,0,,,,0,,0,0,0,0,,0,False
montesquiou.org,Montesquiou,32,02e11522-110c-4c3d-a18d-be22a6ac14ba,200,,2,analytics;cdn_font,fonts.googleapis.com;www.googletagmanager.com,Google;Google,2,fonts.googleapis.com();www.googletagmanager.com(),0,0,0,0,,0,False
www.masecurite.interieur.gouv.fr,Sin-le-Noble,59,02e3510c-6c1f-427a-8c38-81ef507c3c49,200,nan,1,altro_terzo_parte,cdn.tagcommander.com,https://cdn.tagcommander.com/6351/tc_moncommissariat_20.js,1,cdn.tagcommander.com(),0,0,0,0,nan,0,False
www.france-services.gouv.fr,La Garde,83,02e4bcd3-4e41-4cf2-a877-477fb7b9145e,nan,ConnectionError,0,nan,nan,nan,nan,nan,nan,0,0,0,nan,0,False
www.pleucadeuc.fr,Pleucadeuc,56,02e50116-109b-4a77-9695-8936af7325c0,200,,7,altro_terzo_parte;analytics;cdn_font,cdnjs.cloudflare.com;centoweb4.centaure-systems.fr;code.jquery.com;fonts.googleapis.com;fonts.gstatic.com;maxcdn.bootstrapcdn.com;www.googletagmanager.com,Cloudflare;https://centoweb4.centaure-systems.fr/panel/panel_web/454;https://code.jquery.com/jquery-1.10.2.min.js;Google;Google;BootstrapCDN;Google,7,cdnjs.cloudflare.com();centoweb4.centaure-systems.fr();code.jquery.com();fonts.googleapis.com();fonts.gstatic.com();maxcdn.bootstrapcdn.com();www.googletagmanager.com(),0,1,1,0,,0,False
www.francetravail.fr,Corbeil-Essonnes,91,02e51199-aa9a-435d-9c97-54be15a75c4c,200,nan,1,altro_terzo_parte,cdn.tagcommander.com,https://cdn.tagcommander.com/4340/tc_PoleEmploi_24.js,1,cdn.tagcommander.com(),0,2,0,0,nan,2,False
seinesaintdenis.fr,La Courneuve,93,02e5241c-17a6-4996-894b-18f7cdf7f9de,nan,ConnectTimeout,0,nan,nan,nan,nan,nan,nan,0,0,0,nan,0,False
www.france-services.gouv.fr,Paris,75,02e5ec2e-61ba-4dc4-9444-88e71cba489e,nan,ConnectionError,0,nan,nan,nan,nan,nan,nan,0,0,0,nan,0,False
www.plouvain.fr,Plouvain,62,02e865a5-e768-404b-a820-14fdda890a5d,200,,0,,,,0,,0,1,1,0,,0,False
www.rille.fr,Rillé,37,02e9276f-fe85-45fc-93d9-45cec8f24a25,200,,3,cdn_font,fonts.googleapis.com;fonts.gstatic.com;unpkg.com,Google;Google;unpkg,3,fonts.googleapis.com();fonts.gstatic.com();unpkg.com(),0,0,0,0,,0,False
vairsurloire.fr,Vair-sur-Loire,44,02eb5293-b3c7-41bb-beae-f613dc4abbe8,200,,3,altro_terzo_parte;analytics;cdn_font,fonts.gstatic.com;use.typekit.net;www.googletagmanager.com,Google;https://use.typekit.net/bwr2qbu.css?timestamp=1740579280&ver=7.16.1;Google,3,fonts.gstatic.com();use.typekit.net();www.googletagmanager.com(),0,0,0,0,,0,False
www.ac-paris.fr,Paris,75,02eb7b4a-c3f0-47cc-bd76-169dbbd49a89,nan,ConnectionError,0,nan,nan,nan,nan,nan,nan,0,0,0,nan,0,False
www.france-services.gouv.fr,Ronchamp,70,02ebf5a1-a719-4d0a-acc2-971202c46055,nan,ConnectionError,0,nan,nan,nan,nan,nan,nan,0,0,0,nan,0,False
mairie-mons83.fr,Mons,83,02ecbb45-db71-45c4-ac69-6b219cc9c370,200,,3,altro_terzo_parte;captcha,www.google.com;www.sictiam.fr;www.tameteo.com,Google;https://www.sictiam.fr/wp-content/uploads/logo-sictiam/logo-sictiam-blanc_footer.png;https://www.tameteo.com/wid_loader/02a6eeba9c06182b102b6965f43986a2,3,www.google.com();www.sictiam.fr();www.tameteo.com(),0,0,0,0,,0,False
noyelleslesvermelles.fr,Noyelles-lès-Vermelles,62,02ee630b-133b-4796-9d78-099a58a9c08b,200,,0,,,,0,,0,0,0,0,,0,False
www.mairieisola.com,Isola,06,02ee79f1-d15f-4a08-afbf-878a13d0f32b,200,,6,altro_terzo_parte;analytics;captcha;cdn_font,fonts.googleapis.com;fonts.gstatic.com;gmpg.org;secure.gravatar.com;www.google.com;www.googletagmanager.com,Google;Google;https://gmpg.org/xfn/11;https://secure.gravatar.com/avatar/950475abf62208d4583e18212f0cd9e6862cb8917cb3d110a0b30ae16717cd2e?s=30&d=mm&r=g;Google;Google,6,fonts.googleapis.com();fonts.gstatic.com();gmpg.org();secure.gravatar.com();www.google.com();www.googletagmanager.com(),0,0,0,0,,0,False
www.cauvillesurmer.fr,Cauville-sur-Mer,76,02ee8ca7-bb9e-40ee-93c9-ea5a1951ab42,200,,1,altro_terzo_parte,translate.google.com,https://translate.google.com/translate_a/element.js?cb=googleTranslateElementInit2,1,translate.google.com(),0,0,0,0,,0,False
hauts-de-france.dreets.gouv.fr,Amiens,80,02ef0e1f-cf02-4a46-bd5f-a9b3e12e7b28,200,,0,,,,0,,0,1,0,0,,1,False
www.mlpaysretz.com,Saint-Brevin-les-Pins,44,02ef6d09-1a4a-48c7-88f0-eb7ab839073f,200,,2,captcha;cdn_font,fonts.gstatic.com;www.google.com,Google;Google,2,fonts.gstatic.com();www.google.com(),0,1,0,0,,1,False
www.ameli.fr,Valserhône,01,02efac90-3a03-460a-a629-05a68ceda35d,200,nan,3,altro_terzo_parte;analytics;cdn_font,cdn.jsdelivr.net;tag.aticdn.net;www.googletagmanager.com,jsDelivr;https://tag.aticdn.net/piano-analytics.js;Google,3,cdn.jsdelivr.net();tag.aticdn.net();www.googletagmanager.com(),0,0,0,0,nan,0,False
forum-assures.ameli.fr,Valserhône,01,02efac90-3a03-460a-a629-05a68ceda35d,200,nan,5,altro_terzo_parte;cdn_font,d350tqmxm801hs.cloudfront.net;dimelo-answers-production.s3.eu-west-1.amazonaws.com;dimelo-users-production.s3.amazonaws.com;dimelo.s3.amazonaws.com;fonts.googleapis.com,https://d350tqmxm801hs.cloudfront.net/production/ameli-forum/images/refonte-identite-2022/logo_forum-ameli.svg?1649083461;https://dimelo-answers-production.s3.eu-west-1.amazonaws.com/291/a2635c8ee1bec415/170413152806_5f8b2eb0d19885b6b8d6226fe9d6780e_original.png?7cc8cfd;https://dimelo-users-production.s3.amazonaws.com/identity_avatars/bdea85ceb7d562ab/avatar_x-large.png?7cc8cfd;https://dimelo.s3.amazonaws.com/custom-v2/ameli/tarteaucitron/tarteaucitron.js;Google,5,d350tqmxm801hs.cloudfront.net();dimelo-answers-production.s3.eu-west-1.amazonaws.com();dimelo-users-production.s3.amazonaws.com();dimelo.s3.amazonaws.com();fonts.googleapis.com(),0,1,0,0,nan,1,False
www.france-services.gouv.fr,Combs-la-Ville,77,02f0a28a-8ed1-4dbd-a1d1-d4c06d1d8787,nan,ConnectionError,0,nan,nan,nan,nan,nan,nan,0,0,0,nan,0,False
www.ariege.gouv.fr,Foix,09,02f0cd6c-39a8-4804-abca-db83f1dbf3fb,nan,ConnectionError,0,nan,nan,nan,nan,nan,nan,0,0,0,nan,0,False
www.ariege.gouv.fr,Foix,09,02f0cd6c-39a8-4804-abca-db83f1dbf3fb,nan,ConnectionError,0,nan,nan,nan,nan,nan,nan,0,0,0,nan,0,False
www.mairiedesamoens.fr,Samoëns,74,02f38f75-af30-4532-a575-13f705036558,200,,5,altro_terzo_parte;captcha;cdn_font,fonts.googleapis.com;npmcdn.com;widgets.apidae-tourisme.com;www.google.com;www.tameteo.com,Google;https://npmcdn.com;https://widgets.apidae-tourisme.com/widget/3633.js;Google;https://www.tameteo.com/wid_loader/03528ecb69c3ed3c1c6d5d9aa87f1ff3,5,fonts.googleapis.com();npmcdn.com();widgets.apidae-tourisme.com();www.google.com();www.tameteo.com(),0,0,0,0,,0,False
la.charente-maritime.fr,La Rochelle,17,02f4ce8b-876b-42ed-9d53-a2c9670a5a45,200,,2,cdn_font;sdk_generico,cdnjs.cloudflare.com;maps.googleapis.com,Cloudflare;Google,2,cdnjs.cloudflare.com();maps.googleapis.com(),0,0,0,0,,0,False
www.douane.gouv.fr,Carcassonne,11,02f59151-a22e-4ddb-aee8-bb2b55a33ded,200,nan,0,nan,nan,nan,0,nan,0,1,0,0,nan,1,False
www.parnac.fr,Parnac,46,02f6776a-7e8d-487c-80f9-5fe810940b79,200,,1,cdn_font,fonts.googleapis.com,Google,1,fonts.googleapis.com(),0,2,1,0,,1,False
www.ville-piennes.com,Piennes,54,02faaf75-4223-44aa-ba9a-496b881fdc47,200,,1,altro_terzo_parte,lander.parity.domains,https://lander.parity.domains/js/pa-6FZUe2Iv3m6Yx_KBS2sv2.js,1,lander.parity.domains(),0,0,0,0,,0,False
www.essonne.cci.fr,Orsay,91,02fabd75-3cc3-4ac5-a134-f659da874529,200,,5,altro_terzo_parte;cdn_font,cdn.jotfor.ms;cdnjs.cloudflare.com;fonts.googleapis.com;fonts.gstatic.com;px.ads.linkedin.com,https://cdn.jotfor.ms/agent/embedjs/01971c1a1b1677e394574205b86bef5d39a9/embed.js;Cloudflare;Google;Google;https://px.ads.linkedin.com/collect/?pid=2867121&fmt=gif,5,cdn.jotfor.ms();cdnjs.cloudflare.com();fonts.googleapis.com();fonts.gstatic.com();px.ads.linkedin.com(),0,0,0,0,,0,False
www.haute-garonne.fr,Belberaud,31,02fc38f6-498c-480e-aa11-5294c2300a86,200,,3,altro_terzo_parte,cdn.openagenda.com;static.addtoany.com;v.calameo.com,https://cdn.openagenda.com/main/1d85f335dfb0445e8311221e66462185.base.image.jpg;https://static.addtoany.com/menu/page.js;https://v.calameo.com/?bkcode=0044712484c44ac99716e&mode=mini&clickto=view&clicktarget=_blank&bgColor=0381A2,3,cdn.openagenda.com();static.addtoany.com();v.calameo.com(),0,0,0,0,,0,False
mairie-bricon.fr,Bricon,52,02fdc4a9-213f-47ed-93ee-699b978c3e87,200,,4,altro_terzo_parte;cdn_font,campagnolv2-1.campagnol.fr;fonts.googleapis.com;fonts.gstatic.com;gmpg.org,https://campagnolv2-1.campagnol.fr/wp-content/themes/twentyseventeen-child/assets/images/logo-campagnol-2023.png;Google;Google;http://gmpg.org/xfn/11,4,campagnolv2-1.campagnol.fr();fonts.googleapis.com();fonts.gstatic.com();gmpg.org(),0,0,0,0,,0,False
www.morvillars.fr,Morvillars,90,02fefbf4-2181-41bd-aa3c-4f53b0175a5c,200,,0,,,,0,,0,0,0,0,,0,False
www.gendarmerie.interieur.gouv.fr,Oisseau-le-Petit,72,03044ac5-dd43-4cca-8f43-800a893c6b20,nan,ConnectionError,0,nan,nan,nan,nan,nan,nan,0,0,0,nan,0,False
www.carignan-ardennes.fr,Carignan,08,03055815-5bdc-49c6-9fc5-0954bc55064f,200,,5,altro_terzo_parte;analytics;captcha;sdk_generico,cdn.by.wonderpush.com;gmpg.org;www.google.com;www.googletagmanager.com;www.gstatic.com,https://cdn.by.wonderpush.com;https://gmpg.org/xfn/11;Google;Google;Google,5,cdn.by.wonderpush.com();gmpg.org();www.google.com();www.googletagmanager.com();www.gstatic.com(),0,0,0,0,,0,False
www.douane.gouv.fr,Pauillac,33,030692bf-f792-4ee8-a421-d70a1a62fb7a,200,nan,0,nan,nan,nan,0,nan,0,1,0,0,nan,1,False
www.gendarmerie.interieur.gouv.fr,La Grand-Combe,30,03072595-12f5-4dc4-9083-fa054383fe36,nan,ConnectionError,0,nan,nan,nan,nan,nan,nan,0,0,0,nan,0,False
www.departement06.fr,Nice,06,0307b69a-8eb5-4a47-ac7c-310a74f6d993,200,nan,2,altro_terzo_parte,translate.google.com;webchat.wikit.ai,https://translate.google.com/translate_a/element.js?cb=googleTranslateElementInit2;https://webchat.wikit.ai/webchat-embed.js,2,translate.google.com();webchat.wikit.ai(),0,0,0,0,nan,0,False
www.impots.gouv.fr,Bordeaux Cedex,33,0309a6a4-9bb2-4273-a72d-5eda0c17f32f,200,nan,0,nan,nan,nan,0,nan,0,0,0,0,nan,0,False
www.gendarmerie.interieur.gouv.fr,La Salvetat-sur-Agout,34,030e5faf-ba92-4c37-afa9-6c572901bc88,nan,ConnectionError,0,nan,nan,nan,nan,nan,nan,0,0,0,nan,0,False
www.finistere.fr,Brest,29,030edf08-389a-40da-912a-331e1f55d1ab,200,,2,altro_terzo_parte,gmpg.org;t.contentsquare.net,http://gmpg.org/xfn/11;https://t.contentsquare.net,2,gmpg.org();t.contentsquare.net(),0,0,0,0,,0,False
barjac.fr,Barjac,30,0310b167-de7a-4cce-8fee-0c6aa8300747,200,,3,altro_terzo_parte;captcha;video,gmpg.org;www.google.com;www.youtube.com,http://gmpg.org/xfn/11;Google;Google,3,gmpg.org();www.google.com();www.youtube.com(),0,0,0,0,,0,False
www.cdad-moselle.justice.fr,PHALSBOURG,57,0313922c-1527-4da0-90eb-d96f154b58bd,200,,3,altro_terzo_parte;analytics;captcha,tarteaucitron.io;www.google.com;www.googletagmanager.com,https://tarteaucitron.io/load.js?domain=cdad-moselle.justice.fr&uuid=567a67aa3f6255a0627dcfeefaaa1912e8e7d12c;Google;Google,3,tarteaucitron.io();www.google.com();www.googletagmanager.com(),0,0,0,0,,0,False
www.gendarmerie.interieur.gouv.fr,Pontonx-sur-l'Adour,40,0315240b-6543-4e29-a42c-def6d8125ac6,nan,ConnectionError,0,nan,nan,nan,nan,nan,nan,0,0,0,nan,0,False
www.pernois.fr,Pernois,80,0315624f-72e2-491b-9e58-190035c69cbf,200,,1,altro_terzo_parte,gmpg.org,https://gmpg.org/xfn/11,1,gmpg.org(),0,0,0,0,,0,False
annuaire.action-sociale.org,Nancy,54,03160614-7a06-43b4-8bbf-4bf00c0ef115,200,,2,altro_terzo_parte;analytics,pagead2.googlesyndication.com;www.googletagmanager.com,https://pagead2.googlesyndication.com/pagead/js/adsbygoogle.js;Google,2,pagead2.googlesyndication.com();www.googletagmanager.com(),0,0,0,0,,0,False
www.pour-les-personnes-agees.gouv.fr,Nancy,54,03160614-7a06-43b4-8bbf-4bf00c0ef115,200,nan,3,altro_terzo_parte,app-script.monsido.com;cdn-eu.readspeaker.com;siteimproveanalytics.com,https://app-script.monsido.com/v2/monsido-script.js;http://cdn-eu.readspeaker.com/script/7866/webReader/r/r2728/ReadSpeaker.Styles.css?v=3.8.7.2728;https://siteimproveanalytics.com/js/siteanalyze_6134497.js,3,app-script.monsido.com();cdn-eu.readspeaker.com();siteimproveanalytics.com(),0,1,0,0,nan,1,False
www.cicas.agirc-arrco.fr,Paris,75,0316e1e4-6003-4054-98bf-d563d72473ac,200,nan,2,cdn_font,fonts.googleapis.com;fonts.gstatic.com,Google;Google,2,fonts.googleapis.com();fonts.gstatic.com(),0,0,0,0,nan,0,False
www.cdad-jura.fr,MOISSEY,39,031a8cef-1491-42dc-8ee9-23bede0ccd0b,200,,4,altro_terzo_parte;analytics;cdn_font;sdk_generico,ajax.googleapis.com;maxcdn.bootstrapcdn.com;www.google.com;www.googletagmanager.com,Google;BootstrapCDN;https://www.google.com/maps/embed?pb=!1m18!1m12!1m3!1d1368.6765485762626!2d5.554252058038462!3d46.679031635007114!2m3!1f0!2f0!3f0!3m2!1i1024!2i768!4f13.1!3m3!1m2!1s0x478cd7f02831fdc5%3A0x739cba9b11eb1ec2!2sCit%C3%A9%20judiciaire!5e0!3m2!1sfr!2sfr!4v1638736875939!5m2!1sfr!2sfr;Google,4,ajax.googleapis.com();maxcdn.bootstrapcdn.com();www.google.com();www.googletagmanager.com(),0,0,0,0,,0,False
www.antezant.wix.com,Antezant-la-Chapelle,17,031d64cf-2cec-47bc-9393-31d032fad5e7,409,,1,altro_terzo_parte,performance.radar.cloudflare.com,https://performance.radar.cloudflare.com/beacon.js,1,performance.radar.cloudflare.com(),0,0,0,0,,0,False
www.magnet03.fr,Magnet,03,031dbe7e-4eac-4f29-ac03-76109a5d892c,200,,4,altro_terzo_parte;cdn_font,cdn.elementor.com;fonts.googleapis.com;gmpg.org;use.typekit.net,https://cdn.elementor.com;Google;https://gmpg.org/xfn/11;https://use.typekit.net/nth0hkl.css,4,cdn.elementor.com();fonts.googleapis.com();gmpg.org();use.typekit.net(),0,0,0,0,,0,False
maurens-scopont.fr,Maurens-Scopont,81,031e0d53-66ce-4802-b869-9a39a585ab61,200,,5,altro_terzo_parte;cdn_font,c0.wp.com;fonts.googleapis.com;gmpg.org;i0.wp.com;stats.wp.com,https://c0.wp.com/c/7.1/wp-includes/css/dashicons.min.css;Google;https://gmpg.org/xfn/11;https://i0.wp.com/maurens-scopont.fr/wp-content/uploads/2021/04/logo_region.png?fit=200%2C200&ssl=1;https://stats.wp.com/e-202638.js,5,c0.wp.com();fonts.googleapis.com();gmpg.org();i0.wp.com();stats.wp.com(),0,0,0,0,,0,False
www.oudezeele.fr,Oudezeele,59,031ecc74-cf50-4761-b800-f8b857ded603,200,,4,altro_terzo_parte;cdn_font,campagnolv2-2.campagnol.fr;fonts.googleapis.com;fonts.gstatic.com;gmpg.org,https://campagnolv2-2.campagnol.fr/wp-content/themes/twentyseventeen-child/assets/images/logo-campagnol-2023.png;Google;Google;http://gmpg.org/xfn/11,4,campagnolv2-2.campagnol.fr();fonts.googleapis.com();fonts.gstatic.com();gmpg.org(),0,0,0,0,,0,False
www.ain.gouv.fr,Belley,01,031f5a1d-d412-420a-ad48-61ca896d1ad6,,ConnectionError,0,,,,,,,0,0,0,,0,False
www.ain.gouv.fr,Belley,01,031f5a1d-d412-420a-ad48-61ca896d1ad6,,ConnectionError,0,,,,,,,0,0,0,,0,False
www.impots.gouv.fr,Grenoble,38,031ff4dd-d742-4964-a1a3-524c1399e35a,200,nan,0,nan,nan,nan,0,nan,0,0,0,0,nan,0,False
www.mairie-groslay.fr,Groslay,95,0320dee1-8f14-4b87-8efd-e15803849a59,200,,0,,,,0,,0,1,1,0,,0,False
www.haute-garonne.gouv.fr,Toulouse,31,0321520a-b982-461c-9c04-dc1df363c212,,ConnectionError,0,,,,,,,0,0,0,,0,False
occitanie.dreets.gouv.fr,Toulouse,31,0321520a-b982-461c-9c04-dc1df363c212,200,,0,,,,0,,0,1,0,0,,1,False
www.smartagenda.fr,Toulouse,31,0321520a-b982-461c-9c04-dc1df363c212,nan,ConnectionError,0,nan,nan,nan,nan,nan,nan,0,0,0,nan,0,False
www.les-caue-occitanie.fr,Mende,48,032188e7-3e5e-4f7b-a120-72cfb67b840d,200,,1,cdn_font,fonts.googleapis.com,Google,1,fonts.googleapis.com(),0,0,0,0,,0,False
www.cidff01.fr,Bourg-en-Bresse,01,0323279e-6b64-46dc-afc7-bb971923df91,200,,2,altro_terzo_parte;cdn_font,ain.cidff.info;unpkg.com,https://ain.cidff.info/wp-content/uploads/2024/04/social-links-min.png;unpkg,2,ain.cidff.info();unpkg.com(),0,0,0,0,,0,False
fncidff.info,Bourg-en-Bresse,01,0323279e-6b64-46dc-afc7-bb971923df91,200,nan,5,altro_terzo_parte;analytics;cdn_font,cookie-cdn.cookiepro.com;sibforms.com;unpkg.com;www.facebook.com;www.googletagmanager.com,https://cookie-cdn.cookiepro.com/scripttemplates/otSDKStub.js;https://sibforms.com/forms/end-form/build/sib-styles.css;unpkg;https://www.facebook.com/tr?id=720924753275353&ev=PageView&noscript=1&cd%5Bpage_title%5D=Accueil&cd%5Bpost_type%5D=page&cd%5Bpost_id%5D=19&cd%5Bplugin%5D=PixelYourSite&cd%5Buser_role%5D=guest&cd%5Bevent_url%5D=fncidff.info%2F;Google,5,cookie-cdn.cookiepro.com();sibforms.com();unpkg.com();www.facebook.com();www.googletagmanager.com(),0,0,0,0,nan,0,False
www.facebook.com,Macouba,972,0323a7a7-8ec6-412d-91b0-3c799b503c6a,200,,1,altro_terzo_parte,static.xx.fbcdn.net,"https://static.xx.fbcdn.net/rsrc.php/v5/yR/l/0,cross/UZwFhDto0QIjJCl_MmCK6Bxgo-3469oiGGxG-roDaQsdT9DWDYPz6DhfgQe914iiBfONMKn3YhINqU49pVNahkCkvx2I9b7Pb8KWpaE_brMCJG.css",1,static.xx.fbcdn.net(),0,0,0,0,,0,False
www.alligny-en-morvan.fr,Alligny-en-Morvan,58,0323aac5-727a-4e48-899f-71a131fe5a39,200,,3,altro_terzo_parte,105.mod.mywebsite-editor.com;105.sb.mywebsite-editor.com;cdn.website-start.de,https://105.mod.mywebsite-editor.com;https://105.sb.mywebsite-editor.com/app/logstate2-css.php?site=763836549&t=1789591622;https://cdn.website-start.de/s/img/logo.gif,3,105.mod.mywebsite-editor.com();105.sb.mywebsite-editor.com();cdn.website-start.de(),0,1,0,0,,1,False
www.justice.gouv.fr,LAON,02,032735ee-a58d-4ab5-afef-15137df0c0c7,200,nan,0,nan,nan,nan,0,nan,0,2,0,0,nan,2,False
www.caf.fr,Marseille,13,032770b8-7b21-45ed-a6ba-536c026bf32a,200,nan,0,nan,nan,nan,0,nan,0,7,0,0,nan,7,False
www.bretagne.cci.fr,Quimper Cedex,29,03288c2e-7777-491d-a5f2-626de0d27bf2,403,,0,,,,0,,0,1,0,0,,1,True
www.nord.gouv.fr,Lille,59,0328b0dc-ff14-4e7b-ae17-74b319da33ce,nan,ConnectionError,0,nan,nan,nan,nan,nan,nan,0,0,0,nan,0,False
www.letanglaville.fr,L'Étang-la-Ville,78,032affd4-6724-402f-bdc5-3d2e4583e0f7,200,,1,cdn_font,cdnjs.cloudflare.com,Cloudflare,1,cdnjs.cloudflare.com(),0,1,1,0,,0,False
www.cdad-nord.justice.fr,MAUBEUGE,59,032bdcca-9d90-4bcd-97a7-a4473ca04f68,200,nan,2,altro_terzo_parte;cdn_font,cdn.jsdelivr.net;www.google.com,jsDelivr;https://www.google.com/maps/d/embed?mid=1sIoTbn0-GVxPqZNAWay14WNE9tA,2,cdn.jsdelivr.net();www.google.com(),0,1,1,0,nan,0,False
www.chamblet.fr,Chamblet,03,032e072d-1485-4a5e-937c-b66dede9cebd,200,,0,,,,0,,0,0,0,0,,0,False
www.pousthomy.fr,Pousthomy,12,0331574f-7714-488f-841f-d6e584ae1dbd,200,,5,altro_terzo_parte;analytics;cdn_font,fonts.googleapis.com;gmpg.org;matomo.monsitecommunal.fr;medias.hit.enaveyron.fr;www.googletagmanager.com,Google;https://gmpg.org/xfn/11;https://matomo.monsitecommunal.fr;https://medias.hit.enaveyron.fr/fiches/95172/images/1348655_c040c668-d898-4ec6-a2b0-ac8f4b321633/600.webp;Google,5,fonts.googleapis.com();gmpg.org();matomo.monsitecommunal.fr();medias.hit.enaveyron.fr();www.googletagmanager.com(),0,0,0,0,,0,False
www.saint-yvoine.fr,Saint-Yvoine,63,03316368-318c-496c-a9ee-35a638ddd22d,200,,0,,,,0,,0,0,0,0,,0,False
www.intramuros.org,Susmiou,64,03326347-9969-464c-8a13-1c1160241c20,200,nan,1,altro_terzo_parte,files.appli-intramuros.com,https://files.appli-intramuros.com/website/static/challenge.html,1,files.appli-intramuros.com(),0,1,0,0,nan,1,False
www.mairie-de-collegien.fr,Collégien,77,03328750-c1f3-4150-8da6-a448328de154,200,,5,altro_terzo_parte;analytics;cdn_font,collegien.fr;fonts.googleapis.com;i.calameoassets.com;translate.google.com;www.googletagmanager.com,https://collegien.fr/images/logos/logo_77.svg;Google;https://i.calameoassets.com/260825120338-556b51e480e2cfb252a0fbd187389fd4/large.jpg;https://translate.google.com/translate_a/element.js?cb=googleTranslateElementInit;Google,5,collegien.fr();fonts.googleapis.com();i.calameoassets.com();translate.google.com();www.googletagmanager.com(),0,2,1,0,,1,False
www.gendarmerie.interieur.gouv.fr,Morne-à-l'Eau,971,03346b20-52a0-42e3-8906-c8971821c681,nan,ConnectionError,0,nan,nan,nan,nan,nan,nan,0,0,0,nan,0,False
www.mairie-eurre.com,Eurre,26,03350cbd-2f5c-44a7-bbf2-a7799a020c48,200,,0,,,,0,,0,0,0,0,,0,False
www.villerslachevre.fr,Villers-la-Chèvre,54,033854aa-c980-4730-8855-9df6e4893e31,200,,0,,,,0,,0,1,1,0,,0,False
www.molliensdreuil.fr,Molliens-Dreuil,80,03388be5-d6af-4a30-8835-ce3d646f3d0d,200,,1,altro_terzo_parte,gmpg.org,https://gmpg.org/xfn/11,1,gmpg.org(),0,0,0,0,,0,False
www.ceyssac.fr,Ceyssac,43,03389ca8-de8c-4ccf-95be-ec44ec69115a,200,,4,altro_terzo_parte;captcha,piwik.logipro.com;s7.addthis.com;www.facebook.com;www.google.com,https://piwik.logipro.com/piwik/piwik.php?idsite=81&rec=1&bots=1;https://s7.addthis.com/js/250/addthis_widget.js#username=xa-4cf606891d9f00ef;https://www.facebook.com/plugins/like.php?href=https://www.ceyssac.fr/&layout=standard&show_faces=false&width=400&action=like&colorscheme=light;Google,3,piwik.logipro.com();www.facebook.com();www.google.com(),1,1,1,0,,0,False
www.mairie-poligny77.fr,Poligny,77,03391104-43b6-487a-850a-938704d51fb3,200,,4,altro_terzo_parte,browser.sentry-cdn.com;siteassets.parastorage.com;static.parastorage.com;static.wixstatic.com,"https://browser.sentry-cdn.com/7.120.3/modulemetadata.es5.min.js;https://siteassets.parastorage.com/pages/pages/thunderbolt?appDefinitionIdToSiteRevision=%7B%2214bcded7-0066-7c35-14d7-466cb3f09103%22%3A%221335%22%2C%2214271d6f-ba62-d045-549b-ab972ae1f70e%22%3A%2225%22%7D&beckyExperiments=.DatePickerPortal%2C.EnableCustomCSSVarsForLoginSocialBar%2C.FreemiumBannerOdeditor%2C.LoginBarEnableLoggingInStateInSSR%2C.TextInputAutoFillFix%2C.UseLoginSocialBarCustomMenu%2C.UseNestedLoginSocialBarMenuItems%2C.UseNewLoginBarDropdownMenuAlignment%2C.UseNewLoginSocialBarElementStructure%2C.UseNewLoginSocialBarMemberInitialsAvatar%2C.WixFreeSiteBannerDesktop%2C.WixFreeSiteBannerMobile%2C.addIdAsClassName%2C.buttonUdp%2C.calculateCollapsibleTextLineHeightByFont%2C.dynamicPageLinkTarget%2C.dynamicSlots%2C.fiveGridLineStudioSkins%2C.fixFirefoxLinkBarIntrinsicSizing%2C.isClassNameToRootEnabled%2C.logVsmPlatformDiff%2C.migrateSdkDataMappers%2C.resolveManifestInTB%2C.splitSlotSelectors%2C.stopResolvingInnerSelectors_VAG%2C.svgResolver_2%2C.updateRichTextSemanticClassNamesOnCorvid%2C.useClassnameInResponsiveAppWidget%2C.useImageAvifFormatInNativeProGallery%2C.useWowImageInFastGallery&blocksBuilderManifestGeneratorVersion=1.129.0&contentType=application%2Fjson&dfCk=6&dfVersion=1.5593.0&editorName=Unknown&experiments=dm_masterPageVariablesQueryFixer%2Cdm_migrateOldHoverBoxToNewFixer&externalBaseUrl=https%3A%2F%2Fwww.mairie-poligny77.fr&fileId=ac284a06.bundle.min&formFactor=desktop&hasTPAWorkerOnSite=false&hasUserDomainMedia=false&isBuilderComponentModel=false&isHttps=true&isInSeo=false&isPremiumDomain=true&isUrlMigrated=true&isWixCodeOnPage=false&isWixCodeOnSite=false&language=fr&metaSiteId=26698476-2e7c-4f95-bb6a-315f8c28c95c&module=thunderbolt-platform&originalLanguage=fr&pageId=6759a7_05917865142663bc66ed6b24de25f588_1287.json&pilerExperiments=specs.piler.useEditorReactComponents&quickActionsMenuEnabled=false®istryLibrariesTopology=%5B%7B%22artifactId%22%3A%22editor-elements%22%2C%22namespace%22%3A%22wixui%22%2C%22url%22%3A%22https%3A%2F%2Fstatic.parastorage.com%2Fservices%2Feditor-elements%2F1.15500.0%22%7D%2C%7B%22artifactId%22%3A%22editor-elements%22%2C%22namespace%22%3A%22dsgnsys%22%2C%22url%22%3A%22https%3A%2F%2Fstatic.parastorage.com%2Fservices%2Feditor-elements%2F1.15500.0%22%7D%5D&remoteWidgetStructureBuilderVersion=1.251.0&siteId=3690c9e9-9d93-4422-8240-2b405b3d2823&siteRevision=1287&staticHTMLComponentUrl=https%3A%2F%2Fwww-mairie-poligny77-fr.filesusr.com%2F&viewMode=desktop;https://static.parastorage.com/client/pfavico.ico;https://static.wixstatic.com/media/6759a7_f111832b2a994360884055d432487919~mv2.png/v1/fill/w_83,h_83,al_c,q_85,usm_0.66_1.00_0.01,enc_avif,quality_auto/Logo%20facebook.png",4,browser.sentry-cdn.com();siteassets.parastorage.com();static.parastorage.com();static.wixstatic.com(),0,2,0,0,,2,False
cdad-dordogne.fr,PÉRIGUEUX,24,03392bf3-6563-4f70-af80-c710f25b4dc6,200,nan,3,analytics;cdn_font,fonts.googleapis.com;fonts.gstatic.com;www.googletagmanager.com,Google;Google;Google,3,fonts.googleapis.com();fonts.gstatic.com();www.googletagmanager.com(),0,1,0,0,nan,1,False
www.mairie-veyremonton.fr,Veyre-Monton,63,033954ca-b817-486a-9ba0-a6b42286911c,404,,0,,,,0,,0,0,0,0,,0,False
www.sequedin.fr,Sequedin,59,033a5ecd-bc10-45a9-ba55-dd08be39d91e,200,,7,altro_terzo_parte;analytics;captcha;cdn_font;sdk_generico,ajax.googleapis.com;cdn.by.wonderpush.com;fe840b31.sibforms.com;fonts.googleapis.com;meet.jit.si;www.google.com;www.googletagmanager.com,Google;https://cdn.by.wonderpush.com/sdk/1.1/wonderpush-loader.min.js;https://fe840b31.sibforms.com/serve/MUIEABlQVn-O7Ztw_qMQCEy7PeIiJG2M9E_17zCu5y7n4p5MP0CFrIhjsE0gaA2ztedqhnVXoCdBGOY5PQf7N7tEDiHKOvIkB58NelrDINdQVKLpZMuRjOC0R3I_V2NzTLwqL3-FmKw0m6F2ZR7u7ulByq7ZeDQHJR0073YKpB5hr3C3P5Ug94cfZzWcoOoiTYmNDFZ_HOSjSHcX;Google;https://meet.jit.si;Google;Google,7,ajax.googleapis.com();cdn.by.wonderpush.com();fe840b31.sibforms.com();fonts.googleapis.com();meet.jit.si();www.google.com();www.googletagmanager.com(),0,0,0,0,,0,False
mondragon.fr,Mondragon,84,033b7083-90f0-4b15-93ce-e851f852995f,200,,5,altro_terzo_parte;analytics;cdn_font;video,cdn.onesignal.com;fonts.googleapis.com;fonts.gstatic.com;www.googletagmanager.com;www.youtube.com,https://cdn.onesignal.com/sdks/web/v16/OneSignalSDK.page.js;Google;Google;Google;Google,5,cdn.onesignal.com();fonts.googleapis.com();fonts.gstatic.com();www.googletagmanager.com();www.youtube.com(),0,0,0,0,,0,False
www.caf.fr,Audincourt,25,033c9ba8-146e-4743-9db1-f544e84ff0bc,200,nan,0,nan,nan,nan,0,nan,0,7,0,0,nan,7,False
www.haute-garonne.gouv.fr,Toulouse,31,033e3313-5242-4ed5-a723-c62d704c479a,,ConnectionError,0,,,,,,,0,0,0,,0,False
www.polynesie-francaise.gouv.fr,"Papeete, Tahiti",987,033eb240-c7bb-4794-b73c-49af10a29150,,ConnectionError,0,,,,,,,0,0,0,,0,False
www.police-nationale.interieur.gouv.fr,"Papeete, Tahiti",987,033eb240-c7bb-4794-b73c-49af10a29150,403,,0,,,,0,,0,0,0,0,,0,True
www.levauvray.fr,Saint-Pierre-du-Vauvray,27,033f73a4-6887-4e70-be3e-24232f11ef1f,,ReadTimeout,0,,,,,,,0,0,0,,0,False
www.paca.ars.sante.fr,Marseille,13,033f8b6b-2fe1-4cd2-9517-80da6d9b7e89,200,,1,altro_terzo_parte,tag.aticdn.net,https://tag.aticdn.net/piano-analytics.js,1,tag.aticdn.net(),0,0,0,0,,0,False
www.ameli.fr,Vitrolles,13,03402359-5e2e-4bba-927f-6360ddd0e655,200,nan,3,altro_terzo_parte;analytics;cdn_font,cdn.jsdelivr.net;tag.aticdn.net;www.googletagmanager.com,jsDelivr;https://tag.aticdn.net/piano-analytics.js;Google,3,cdn.jsdelivr.net();tag.aticdn.net();www.googletagmanager.com(),0,0,0,0,nan,0,False
forum-assures.ameli.fr,Vitrolles,13,03402359-5e2e-4bba-927f-6360ddd0e655,200,nan,5,altro_terzo_parte;cdn_font,d350tqmxm801hs.cloudfront.net;dimelo-answers-production.s3.eu-west-1.amazonaws.com;dimelo-users-production.s3.amazonaws.com;dimelo.s3.amazonaws.com;fonts.googleapis.com,https://d350tqmxm801hs.cloudfront.net/production/ameli-forum/images/refonte-identite-2022/logo_forum-ameli.svg?1649083461;https://dimelo-answers-production.s3.eu-west-1.amazonaws.com/291/a2635c8ee1bec415/170413152806_5f8b2eb0d19885b6b8d6226fe9d6780e_original.png?7cc8cfd;https://dimelo-users-production.s3.amazonaws.com/identity_avatars/bdea85ceb7d562ab/avatar_x-large.png?7cc8cfd;https://dimelo.s3.amazonaws.com/custom-v2/ameli/tarteaucitron/tarteaucitron.js;Google,5,d350tqmxm801hs.cloudfront.net();dimelo-answers-production.s3.eu-west-1.amazonaws.com();dimelo-users-production.s3.amazonaws.com();dimelo.s3.amazonaws.com();fonts.googleapis.com(),0,1,0,0,nan,1,False
www.eragny-sur-epte.fr,Éragny-sur-Epte,60,03403fc0-c2cd-4bee-92f7-63adaa4f918f,200,,0,,,,0,,0,0,0,0,,0,False
poggio-mezzana.fr,Poggio-Mezzana,2B,03412148-5f87-4325-bc10-e93c60e0487b,200,,0,,,,0,,0,1,1,0,,0,False
www.maretz.fr,Maretz,59,03415ec8-2fc4-43b1-abef-8fb77f959529,403,,0,,,,0,,0,0,0,0,,0,True
mairie-les-mollettes.fr,Les Mollettes,73,0342d1d9-8c16-405e-99f1-393a029d74f0,200,,4,altro_terzo_parte;cdn_font,fonts.googleapis.com;gmpg.org;use.fontawesome.com;www.facebook.com,Google;http://gmpg.org/xfn/11;Font Awesome;https://www.facebook.com/plugins/page.php?href=https%3A%2F%2Fwww.facebook.com%2Fcommunedesmollettes&tabs=timeline&width=500&height=500&small_header=true&adapt_container_width=true&hide_cover=true&show_facepile=false&appId,4,fonts.googleapis.com();gmpg.org();use.fontawesome.com();www.facebook.com(),0,0,0,0,,0,False
www.lot-et-garonne.gouv.fr,Agen,47,03440455-74af-4afb-b338-afb6bf335ebb,,ConnectionError,0,,,,,,,0,0,0,,0,False
www.ville-grande-synthe.fr,Grande-Synthe,59,034b2f30-2c4d-4988-bfd2-93326a597c14,418,,1,cdn_font,fonts.googleapis.com,Google,1,fonts.googleapis.com(),0,5,0,0,,5,False
www.centre-val-de-loire.ars.sante.fr,Orléans,45,034bd53f-54ae-45d4-9ed8-86c738797460,200,,2,altro_terzo_parte,admin-pipeline.upsun-fr-3.observability-pipeline.blackfire.io;tag.aticdn.net,https://admin-pipeline.upsun-fr-3.observability-pipeline.blackfire.io/js/probe.js;https://tag.aticdn.net/piano-analytics.js,2,admin-pipeline.upsun-fr-3.observability-pipeline.blackfire.io();tag.aticdn.net(),0,0,0,0,,0,False
www.dixmont-yonne.fr,Dixmont,89,034f4324-81b2-42b0-9a27-11d1984f7f8e,200,,6,altro_terzo_parte;cdn_font,cdn.jsdelivr.net;cdnjs.cloudflare.com;fonts.googleapis.com;gmpg.org;i0.wp.com;unpkg.com,jsDelivr;Cloudflare;Google;http://gmpg.org/xfn/11;https://i0.wp.com/www.dixmont-yonne.fr/wp-content/uploads/2019/01/cropped-reseaux-3.jpg?w=3840&ssl=1;unpkg,6,cdn.jsdelivr.net();cdnjs.cloudflare.com();fonts.googleapis.com();gmpg.org();i0.wp.com();unpkg.com(),0,0,0,0,,0,False
cotesdarmor.fr,Saint-Brieuc,22,034fb235-b8c5-4429-95f5-131a65258cc9,200,,1,cdn_font,use.fontawesome.com,Font Awesome,1,use.fontawesome.com(),0,0,0,0,,0,False
www.impots.gouv.fr,Morlaix,29,0351ed26-3369-4ee8-ab89-93cacc63a3b4,200,nan,0,nan,nan,nan,0,nan,0,0,0,0,nan,0,False
www.associations.gouv.fr,Uvea,986,03522692-ee65-4d3c-9270-f77dca495be2,200,nan,0,nan,nan,nan,0,nan,0,0,0,0,nan,0,False
uroc-hautsdefrance.fr,Saint-André-Lez-Lille,59,03537c7c-4a0c-47d1-bff0-52b488883ee3,200,,1,altro_terzo_parte,gmpg.org,https://gmpg.org/xfn/11,1,gmpg.org(),0,0,0,0,,0,False
uroc-hautsdefrance.fr,Saint-André-Lez-Lille,59,03537c7c-4a0c-47d1-bff0-52b488883ee3,200,,1,altro_terzo_parte,gmpg.org,https://gmpg.org/xfn/11,1,gmpg.org(),0,0,0,0,,0,False
www.nouvelle-aquitaine.developpement-durable.gouv.fr,Agen,47,03555ee5-a6b7-4c60-9157-b657a5874b9e,200,,1,altro_terzo_parte,purl.org,http://purl.org/dc/terms/,1,purl.org(),0,1,0,0,,1,False
www.gendarmerie.interieur.gouv.fr,Gassin,83,03559a1e-765c-4c95-8017-8e209c0e96b8,nan,ConnectionError,0,nan,nan,nan,nan,nan,nan,0,0,0,nan,0,False
la-riviere-saint-sauveur.neopse-site.fr,La Rivière-Saint-Sauveur,14,0355cf4b-2db0-4825-900d-a4e0eeaf72db,200,,6,altro_terzo_parte;captcha;cdn_font,cdnjs.cloudflare.com;fonts.googleapis.com;fonts.gstatic.com;js.hcaptcha.com;static.neopse.com;translate.google.com,Cloudflare;Google;Google;hCaptcha;https://static.neopse.com/medias/p/2246/site/1c/17/17/1c17170b9136fae87c62dddabb2184442adbb275.jpg?v=v1;https://translate.google.com/translate_a/element.js?cb=googleTranslateElementInit,6,cdnjs.cloudflare.com();fonts.googleapis.com();fonts.gstatic.com();js.hcaptcha.com();static.neopse.com();translate.google.com(),0,0,0,0,,0,False
www.migne-auxances.fr,Migné-Auxances,86,0356a92d-686e-4611-b792-47b9a7387d83,200,,7,altro_terzo_parte;cdn_font;sdk_generico;video,ajax.googleapis.com;fonts.googleapis.com;fonts.gstatic.com;geo.dailymotion.com;matomo.ayaline.com;www.facebook.com;www.youtube.com,Google;Google;Google;https://geo.dailymotion.com/player.html?video=k4XFlwdSRojDXvDutv4;https://matomo.ayaline.com/matomo.php?idsite=42&rec=1;https://www.facebook.com;Google,7,ajax.googleapis.com();fonts.googleapis.com();fonts.gstatic.com();geo.dailymotion.com();matomo.ayaline.com();www.facebook.com();www.youtube.com(),0,0,0,0,,0,False
www.saulge.fr,Saulgé,86,03573278-ce33-4b98-9149-42922c157e92,200,,1,cdn_font,fonts.googleapis.com,Google,1,fonts.googleapis.com(),0,0,0,0,,0,False
www.lemeesurseine.fr,Le Mée-sur-Seine,77,035841d0-8724-4289-a27c-c0ce58a7d492,200,,6,altro_terzo_parte;analytics;cdn_font;sdk_generico,code.jquery.com;fonts.googleapis.com;s.w.org;www.google-analytics.com;www.googletagmanager.com;www.gstatic.com,https://code.jquery.com;Google;https://s.w.org;Google;Google;Google,6,code.jquery.com();fonts.googleapis.com();s.w.org();www.google-analytics.com();www.googletagmanager.com();www.gstatic.com(),0,0,0,0,,0,False
www.mairiedebetzlechateau.fr,Betz-le-Château,37,0358b978-55cf-476d-9bcf-e9614003c4fd,200,,1,altro_terzo_parte,tarteaucitron.io,https://tarteaucitron.io/load.js?domain=www.mairiedebetzlechateau.fr&uuid=d6e01685026a151dad60a52501f651a56db171e8,1,tarteaucitron.io(),0,0,0,0,,0,False
www.mairie-monistrol-sur-loire.fr,Monistrol-sur-Loire,43,0359443e-b2d1-4c36-8377-36d61047fd67,200,,3,altro_terzo_parte;analytics,gmpg.org;maps.google.com;www.googletagmanager.com,http://gmpg.org/xfn/11;https://maps.google.com/maps/api/js?language=fr&key=AIza_REDACTED&ver=7.0.4;Google,3,gmpg.org();maps.google.com();www.googletagmanager.com(),0,0,0,0,,0,False
www.giremoutiers.fr,Giremoutiers,77,035a56e3-e273-4f07-afcc-5f5257e409dd,200,,4,altro_terzo_parte;cdn_font,fonts.googleapis.com;i0.wp.com;meteofrance.com;stats.wp.com,Google;https://i0.wp.com/www.giremoutiers.fr/wp-content/uploads/2019/02/services-et-equipements-picto-carte.png?fit=230%2C215&ssl=1;https://meteofrance.com/widget/prevision/772060##107C14CC;https://stats.wp.com,4,fonts.googleapis.com();i0.wp.com();meteofrance.com();stats.wp.com(),0,0,0,0,,0,False
www.masecurite.interieur.gouv.fr,Saint-Paul-lès-Dax,40,035af0ef-0c74-40f8-9310-5456df425b59,200,nan,1,altro_terzo_parte,cdn.tagcommander.com,https://cdn.tagcommander.com/6351/tc_moncommissariat_20.js,1,cdn.tagcommander.com(),0,0,0,0,nan,0,False
www.udaf54.fr,Custines,54,035b85ff-89f9-4aa6-b846-062596b2db1b,200,,7,altro_terzo_parte;analytics,bat.bing.com;script.hotjar.com;scripts.clarity.ms;static.hotjar.com;www.clarity.ms;www.google-analytics.com;www.googletagmanager.com,https://bat.bing.com;Hotjar;Microsoft;Hotjar;Microsoft;Google;Google,7,bat.bing.com();script.hotjar.com();scripts.clarity.ms();static.hotjar.com();www.clarity.ms();www.google-analytics.com();www.googletagmanager.com(),0,0,0,0,,0,False
www.cma-idf.fr,Paris,75,035d4b69-c93b-4393-bcff-3838473bb550,200,,3,altro_terzo_parte;analytics,admin-pipeline.upsun-fr-3.observability-pipeline.blackfire.io;files.webyn.ai;www.googletagmanager.com,https://admin-pipeline.upsun-fr-3.observability-pipeline.blackfire.io/js/probe.js;https://files.webyn.ai/webyn.min.js;Google,3,admin-pipeline.upsun-fr-3.observability-pipeline.blackfire.io();files.webyn.ai();www.googletagmanager.com(),0,0,0,0,,0,False
www.chooz.com,Chooz,08,03601ad4-afd6-46a5-9e21-96fcb508767f,200,,0,,,,0,,0,0,0,0,,0,False
www.ville-matoury.fr,Matoury,973,036558fa-9d95-42c4-a2ce-fa3ee49ec482,200,,9,altro_terzo_parte;analytics;cdn_font,cache.consentframework.com;cdn.jsdelivr.net;cdn.prod.website-files.com;choices.consentframework.com;d3e54v103j8qbb.cloudfront.net;elfsightcdn.com;server.fillout.com;www.facebook.com;www.googletagmanager.com,https://cache.consentframework.com/js/pa/29034/c/NGWgl/stub;jsDelivr;https://cdn.prod.website-files.com/66c3a2eca5038c9e9f93056e/66c48dc3a32a990cc0513596_logo-footer.avif;https://choices.consentframework.com/js/pa/29034/c/NGWgl/cmp;https://d3e54v103j8qbb.cloudfront.net/js/jquery-3.5.1.min.dc5e7f18c8.js?site=66c3a2eca5038c9e9f93056e;https://elfsightcdn.com/platform.js;https://server.fillout.com/embed/v1/;https://www.facebook.com/plugins/video.php?href=https%3A%2F%2Fwww.facebook.com%2Freel%2F779023501346283%2F&show_text=false&t=0;Google,9,cache.consentframework.com();cdn.jsdelivr.net();cdn.prod.website-files.com();choices.consentframework.com();d3e54v103j8qbb.cloudfront.net();elfsightcdn.com();server.fillout.com();www.facebook.com();www.googletagmanager.com(),0,1,0,0,,1,False
www.ney-jura.fr,Ney,39,03658d93-959f-4def-8f28-fb41be688285,200,,1,altro_terzo_parte,gmpg.org,https://gmpg.org/xfn/11,1,gmpg.org(),0,0,0,0,,0,False
www.france-services.gouv.fr,La Gacilly,56,03677533-07e1-4f3d-8e56-0ab2af414d75,nan,ConnectionError,0,nan,nan,nan,nan,nan,nan,0,0,0,nan,0,False
www.abbeville.fr,Abbeville,80,03679d50-bd76-4ee5-941f-6d680b6bc044,200,,4,altro_terzo_parte;analytics;video,gmpg.org;upload.wikimedia.org;www.googletagmanager.com;www.youtube.com,https://gmpg.org/xfn/11;https://upload.wikimedia.org/wikipedia/commons/3/3c/Download_on_the_App_Store_Badge.svg;Google;Google,4,gmpg.org();upload.wikimedia.org();www.googletagmanager.com();www.youtube.com(),0,0,0,0,,0,False
sermaise49.fr,Sermaise,49,03692b85-1b15-4c16-97de-ccb8b4702634,,ConnectTimeout,0,,,,,,,0,0,0,,0,False
www.ameli.fr,Kourou,973,036d3249-bf17-4213-b684-5ef0ce4b3f97,200,nan,3,altro_terzo_parte;analytics;cdn_font,cdn.jsdelivr.net;tag.aticdn.net;www.googletagmanager.com,jsDelivr;https://tag.aticdn.net/piano-analytics.js;Google,3,cdn.jsdelivr.net();tag.aticdn.net();www.googletagmanager.com(),0,0,0,0,nan,0,False
forum-assures.ameli.fr,Kourou,973,036d3249-bf17-4213-b684-5ef0ce4b3f97,200,nan,5,altro_terzo_parte;cdn_font,d350tqmxm801hs.cloudfront.net;dimelo-answers-production.s3.eu-west-1.amazonaws.com;dimelo-users-production.s3.amazonaws.com;dimelo.s3.amazonaws.com;fonts.googleapis.com,https://d350tqmxm801hs.cloudfront.net/production/ameli-forum/images/refonte-identite-2022/logo_forum-ameli.svg?1649083461;https://dimelo-answers-production.s3.eu-west-1.amazonaws.com/291/a2635c8ee1bec415/170413152806_5f8b2eb0d19885b6b8d6226fe9d6780e_original.png?7cc8cfd;https://dimelo-users-production.s3.amazonaws.com/identity_avatars/bdea85ceb7d562ab/avatar_x-large.png?7cc8cfd;https://dimelo.s3.amazonaws.com/custom-v2/ameli/tarteaucitron/tarteaucitron.js;Google,5,d350tqmxm801hs.cloudfront.net();dimelo-answers-production.s3.eu-west-1.amazonaws.com();dimelo-users-production.s3.amazonaws.com();dimelo.s3.amazonaws.com();fonts.googleapis.com(),0,1,0,0,nan,1,False
www.mdeauxerrois.com,Auxerre,89,036d8819-807f-4601-aaf7-243d5f25d13d,200,,7,altro_terzo_parte;analytics;cdn_font,c0.wp.com;fonts.googleapis.com;fonts.gstatic.com;gmpg.org;i0.wp.com;stats.wp.com;www.googletagmanager.com,https://c0.wp.com/c/7.0.4/wp-includes/js/mediaelement/wp-mediaelement.min.css;Google;Google;https://gmpg.org/xfn/11;https://i0.wp.com/mdeauxerrois.com/wp-content/uploads/2024/02/Logo_Auxerre.png?fit=352%2C292&ssl=1;https://stats.wp.com;Google,7,c0.wp.com();fonts.googleapis.com();fonts.gstatic.com();gmpg.org();i0.wp.com();stats.wp.com();www.googletagmanager.com(),0,0,0,0,,0,False
www.bussy-albieux.fr,Bussy-Albieux,42,036e10ad-48d6-433a-89e8-b4d3b0faa142,200,,1,cdn_font,fonts.googleapis.com,Google,1,fonts.googleapis.com(),0,0,0,0,,0,False
www.fouquebrune.fr,Fouquebrune,16,036f1f4b-a63e-4498-a1a6-c2c99be172de,200,,4,altro_terzo_parte,assets.jimstatic.com;fonts.jimstatic.com;image.jimcdn.com;u.jimcdn.com,https://assets.jimstatic.com/web.css.5edbfea5cef8ce34678c.css;https://fonts.jimstatic.com;https://image.jimcdn.com/app/cms/image/transf/dimension=197x10000:format=jpg/path/s35f7a97750b473f8/image/i14baadd41c8b0664/version/1600010127/mairie-de-fouquebrune-juillet-2020.jpg;https://u.jimcdn.com/cms/o/s35f7a97750b473f8/layout/dm_37e1e6a0881badbc33168626d84d73e3/css/layout.css?t=1612803904,4,assets.jimstatic.com();fonts.jimstatic.com();image.jimcdn.com();u.jimcdn.com(),0,1,0,0,,1,False
www.saint-cirgues.correze.net,Saint-Cirgues-la-Loutre,19,03701759-26fc-4aeb-9e1a-19c8d0de404a,,ReadTimeout,0,,,,,,,0,0,0,,0,False
www.cartelegue.fr,Cartelègue,33,03711dbc-6ab2-4203-95ac-a97530e33c1a,200,,3,altro_terzo_parte;cdn_font,agence-keeva.com;cdnjs.cloudflare.com;fonts.googleapis.com,https://agence-keeva.com/extranet/Clients/cartelegue/images/slide-cartelegue.jpg;Cloudflare;Google,3,agence-keeva.com();cdnjs.cloudflare.com();fonts.googleapis.com(),0,1,0,0,,1,False
audunleroman.fr,Audun-le-Roman,54,0372a166-b077-42d3-bc35-52c0c9bb4647,200,,5,altro_terzo_parte;analytics;cdn_font,fonts.googleapis.com;gmpg.org;maelis.info;www.google.com;www.googletagmanager.com,Google;https://gmpg.org/xfn/11;https://maelis.info/borne/collectivite/215400292/actualites;https://www.google.com/maps/embed?pb=!1m18!1m12!1m3!1d20787.03907095123!2d5.873286725533284!3d49.36388451885484!2m3!1f0!2f0!3f0!3m2!1i1024!2i768!4f13.1!3m3!1m2!1s0x47ead296930a6445%3A0x40a5fb99a3b0c80!2s54560%20Audun-le-Roman!5e0!3m2!1sfr!2sfr!4v1747819171912!5m2!1sfr!2sfr;Google,5,fonts.googleapis.com();gmpg.org();maelis.info();www.google.com();www.googletagmanager.com(),0,0,0,0,,0,False
www.slve.fr,Saint-Léon-sur-Vézère,24,0372c5f6-786e-4c0b-aaa9-6fd7bf45f847,200,,5,altro_terzo_parte,assets.jimstatic.com;fonts.jimstatic.com;image.jimcdn.com;u.jimcdn.com;www.tameteo.com,https://assets.jimstatic.com/web.css.5edbfea5cef8ce34678c.css;https://fonts.jimstatic.com;https://image.jimcdn.com/app/cms/image/transf/dimension=180x10000:format=jpg/path/s714e0cb33939fe66/image/i7b28bc834f2e2e61/version/1746438416/image.jpg;https://u.jimcdn.com/cms/o/s714e0cb33939fe66/layout/dm_408358db7fa01cb8c835476d48aa9fcf/css/layout.css?t=1788881180;https://www.tameteo.com/wid_loader/7d9e962c6fe2bca00fe3786b61bc7ed6,5,assets.jimstatic.com();fonts.jimstatic.com();image.jimcdn.com();u.jimcdn.com();www.tameteo.com(),0,1,0,0,,1,False
cdad79.fr,THOUARS,79,03742aaf-7ebe-424e-9321-f584d63c1067,200,,3,altro_terzo_parte,cdntag.tarteaucitron.io;gmpg.org;hb.wpmucdn.com,https://cdntag.tarteaucitron.io;https://gmpg.org/xfn/11;https://hb.wpmucdn.com/www.cdad79.fr/b2494314-90ea-4abe-989d-9a674d4ae803.css,3,cdntag.tarteaucitron.io();gmpg.org();hb.wpmucdn.com(),0,0,0,0,,0,False
www.france-services.gouv.fr,Montrevault-sur-Evre,49,03762909-be5e-4342-bc7e-39fa5930155f,nan,ConnectionError,0,nan,nan,nan,nan,nan,nan,0,0,0,nan,0,False
focicchia.corsica,Focicchia,2B,03764e24-d4ab-4581-ad9a-63b9f3a13d5a,200,,4,altro_terzo_parte;analytics;cdn_font,cdn.gtranslate.net;embed.windy.com;fonts.gstatic.com;www.googletagmanager.com,https://cdn.gtranslate.net/widgets/latest/dropdown.js?ver=7.0.1;https://embed.windy.com/embed2.html?lat=42.247&lon=9.250&zoom=17&overlay=temp&marker=true&pressure=true&detailLat=42.247&detailLon=9.250&metricWind=default&metricTemp=°C&detail=true&calendar=now&product=ecmwf&level=surface&menu=&message=true&type=map&location=coordinates&radarRange=-1;Google;Google,4,cdn.gtranslate.net();embed.windy.com();fonts.gstatic.com();www.googletagmanager.com(),0,1,0,0,,1,False
www.saintmartindoney.fr,Saint-Martin-d'Oney,40,0376f214-362d-46c1-976b-b6b382e10b7d,200,,0,,,,0,,0,0,0,0,,0,False
www.cerema.fr,Aix-en-Provence,13,0377e349-6029-46a6-aa5e-510ddb8ef9de,200,,1,analytics,www.googletagmanager.com,Google,1,www.googletagmanager.com(),0,0,0,0,,0,False
www.pfastatt.fr,Pfastatt,68,03782cce-7092-41c2-bb3b-d345818c3883,200,,2,analytics;cdn_font,fonts.googleapis.com;www.googletagmanager.com,Google;Google,2,fonts.googleapis.com();www.googletagmanager.com(),0,1,0,0,,1,False
www.egalite-femmes-hommes.gouv.fr,Montauban,82,037a2532-3aa5-450b-857f-194fa037144a,200,,0,,,,0,,0,1,0,0,,1,False
www.ressons-sur-matz.fr,Ressons-sur-Matz,60,037b1940-c50d-4f2e-a0ab-e90d8fc28cab,200,,0,,,,0,,0,0,0,0,,0,False
www.chenove.fr,Gevrey-Chambertin,21,037c69cf-463e-4780-b1fa-ba0c1306c741,200,,0,,,,0,,0,0,0,0,,0,False
www.chateauneuflesmartigues.fr,Châteauneuf-les-Martigues,13,037d4f2f-a7fa-4da7-81a4-4c47925a92d0,418,,1,cdn_font,fonts.googleapis.com,Google,1,fonts.googleapis.com(),0,5,0,0,,5,False
www.neufchatelenbray.fr,Neufchâtel-en-Bray,76,037e0dcc-5165-4206-8c28-c124f2796316,200,,9,altro_terzo_parte;analytics;cdn_font;sdk_generico,ajax.googleapis.com;fonts.googleapis.com;fonts.gstatic.com;gmpg.org;maps.googleapis.com;neufchatel.agencestudionet.com;s.w.org;use.fontawesome.com;www.googletagmanager.com,Google;Google;Google;http://gmpg.org/xfn/11;Google;https://neufchatel.agencestudionet.com/wp-content/uploads/ville-img-1.png;https://s.w.org;Font Awesome;Google,9,ajax.googleapis.com();fonts.googleapis.com();fonts.gstatic.com();gmpg.org();maps.googleapis.com();neufchatel.agencestudionet.com();s.w.org();use.fontawesome.com();www.googletagmanager.com(),0,0,0,0,,0,False
www.rivage84.fr,Courthézon,84,037f90e1-54ca-43e1-8019-ae5dfc973aa0,200,,2,altro_terzo_parte;cdn_font,docs.google.com;fonts.googleapis.com,http://docs.google.com/gview?url=https://www.rivage84.fr/pdf/news.pdf&embedded=true;Google,2,docs.google.com();fonts.googleapis.com(),0,1,0,0,,1,False
www.pour-les-personnes-agees.gouv.fr,Courthézon,84,037f90e1-54ca-43e1-8019-ae5dfc973aa0,200,nan,3,altro_terzo_parte,app-script.monsido.com;cdn-eu.readspeaker.com;siteimproveanalytics.com,https://app-script.monsido.com/v2/monsido-script.js;http://cdn-eu.readspeaker.com/script/7866/webReader/r/r2728/ReadSpeaker.Styles.css?v=3.8.7.2728;https://siteimproveanalytics.com/js/siteanalyze_6134497.js,3,app-script.monsido.com();cdn-eu.readspeaker.com();siteimproveanalytics.com(),0,1,0,0,nan,1,False
www.caf.fr,Ambert,63,0380554f-1bdc-4256-bacb-8f28ff94c497,200,nan,0,nan,nan,nan,0,nan,0,7,0,0,nan,7,False
www.dammartinsurtigeaux.net,Dammartin-sur-Tigeaux,77,03836c51-8833-4c57-8d42-9d6476f58ab2,200,,1,cdn_font,fonts.googleapis.com,Google,1,fonts.googleapis.com(),0,0,0,0,,0,False
www.missionlocalemedoc.fr,Lesparre-Médoc,33,03837abf-b7e4-46f4-a0c9-40493b7ffa34,200,,4,altro_terzo_parte,browser.sentry-cdn.com;siteassets.parastorage.com;static.parastorage.com;static.wixstatic.com,"https://browser.sentry-cdn.com/7.120.3/modulemetadata.es5.min.js;https://siteassets.parastorage.com/pages/pages/thunderbolt?appDefinitionIdToSiteRevision=%7B%2237b4f7bc-f504-496f-9ee0-f45a5954e397%22%3A%22158%22%2C%22b976560c-3122-4351-878f-453f337b7245%22%3A%221358%22%2C%2214271d6f-ba62-d045-549b-ab972ae1f70e%22%3A%2225%22%2C%2214bcded7-0066-7c35-14d7-466cb3f09103%22%3A%221335%22%7D&beckyExperiments=.DatePickerPortal%2C.EnableCustomCSSVarsForLoginSocialBar%2C.FreemiumBannerOdeditor%2C.LoginBarEnableLoggingInStateInSSR%2C.TextInputAutoFillFix%2C.UseLoginSocialBarCustomMenu%2C.UseNestedLoginSocialBarMenuItems%2C.UseNewLoginBarDropdownMenuAlignment%2C.UseNewLoginSocialBarElementStructure%2C.UseNewLoginSocialBarMemberInitialsAvatar%2C.WixFreeSiteBannerDesktop%2C.WixFreeSiteBannerMobile%2C.addIdAsClassName%2C.buttonUdp%2C.calculateCollapsibleTextLineHeightByFont%2C.dynamicPageLinkTarget%2C.dynamicSlots%2C.fiveGridLineStudioSkins%2C.fixFirefoxLinkBarIntrinsicSizing%2C.isClassNameToRootEnabled%2C.logVsmPlatformDiff%2C.migrateSdkDataMappers%2C.resolveManifestInTB%2C.splitSlotSelectors%2C.stopResolvingInnerSelectors_VAG%2C.svgResolver_2%2C.updateRichTextSemanticClassNamesOnCorvid%2C.useClassnameInResponsiveAppWidget%2C.useImageAvifFormatInNativeProGallery%2C.useWowImageInFastGallery&blocksBuilderManifestGeneratorVersion=1.129.0&contentType=application%2Fjson&dfCk=6&dfVersion=1.5593.0&editorName=Unknown&experiments=dm_masterPageVariablesQueryFixer%2Cdm_migrateOldHoverBoxToNewFixer&externalBaseUrl=https%3A%2F%2Fwww.missionlocalemedoc.fr&fileId=ac284a06.bundle.min&formFactor=desktop&hasTPAWorkerOnSite=false&hasUserDomainMedia=false&isBuilderComponentModel=false&isHttps=true&isInSeo=false&isPremiumDomain=true&isUrlMigrated=true&isWixCodeOnPage=true&isWixCodeOnSite=true&language=fr&metaSiteId=ec2a110f-856c-4a35-84fb-ae5f6b0152de&migratingToOoiWidgetIds=1429e225-f6b0-2230-82f6-9a6aa1192f8f&module=thunderbolt-platform&originalLanguage=fr&pageId=783308_b9336a9793562d7dec2e1805e0723c82_2631.json&pilerExperiments=specs.piler.useEditorReactComponents&quickActionsMenuEnabled=false®istryLibrariesTopology=%5B%7B%22artifactId%22%3A%22editor-elements%22%2C%22namespace%22%3A%22wixui%22%2C%22url%22%3A%22https%3A%2F%2Fstatic.parastorage.com%2Fservices%2Feditor-elements%2F1.15487.0%22%7D%2C%7B%22artifactId%22%3A%22editor-elements%22%2C%22namespace%22%3A%22dsgnsys%22%2C%22url%22%3A%22https%3A%2F%2Fstatic.parastorage.com%2Fservices%2Feditor-elements%2F1.15487.0%22%7D%5D&remoteWidgetStructureBuilderVersion=1.251.0&siteId=5f561f9e-b31d-4b48-8cce-dc94699f64ad&siteRevision=2631&staticHTMLComponentUrl=https%3A%2F%2Fwww-missionlocalemedoc-fr.filesusr.com%2F&viewMode=desktop;https://static.parastorage.com/services/tag-manager-client/1.1075.0/siteTags.bundle.min.js;https://static.wixstatic.com/media/783308_adfdecaa73cc4661bb9988f31d99a1caf002.jpg/v1/fill/w_787,h_443,enc_auto/file.jpeg 1x, https://static.wixstatic.com/media/783308_adfdecaa73cc4661bb9988f31d99a1caf002.jpg/v1/fill/w_1574,h_885,enc_auto/file.jpeg 2x, https://static.wixstatic.com/media/783308_adfdecaa73cc4661bb9988f31d99a1caf002.jpg/v1/fill/w_2361,h_1328,enc_auto/file.jpeg 3x",4,browser.sentry-cdn.com();siteassets.parastorage.com();static.parastorage.com();static.wixstatic.com(),0,2,0,0,,2,False
www.entraigues63.fr,Entraigues,63,03845a72-d3a3-4fee-8344-76ee741ab9b1,200,,0,,,,0,,0,0,0,0,,0,False
www.la-devise.fr,La Devise,17,038523b1-2101-4685-802e-cce32d32ec81,,ReadTimeout,0,,,,,,,0,0,0,,0,False
www.bompas.fr,Bompas,66,0386b046-1e5e-44f3-82ea-1a2eb4060646,200,,3,analytics;captcha;video,player.vimeo.com;www.google.com;www.googletagmanager.com,Vimeo;Google;Google,3,player.vimeo.com();www.google.com();www.googletagmanager.com(),0,0,0,0,,0,False
www.deux-sevres.cci.fr,Parthenay,79,0387ca10-cde8-4db0-a21d-1c2dddc87427,403,,0,,,,0,,0,1,0,0,,1,True
www.uttenheim.fr,Uttenheim,67,03880e00-a258-47e1-a8d2-c8f68d500e31,200,,2,altro_terzo_parte;cdn_font,fonts.googleapis.com;tarteaucitron.io,Google;https://tarteaucitron.io/load.js?domain=www.uttenheim.fr&uuid=a7fe025c877fd60acb28537e81520a2d53526926,2,fonts.googleapis.com();tarteaucitron.io(),0,1,0,0,,1,False
www.emploi-des-jeunes53.org,Laval,53,0389d8e4-9307-4318-9733-5003188f549c,200,,3,altro_terzo_parte;cdn_font,cdnjs.cloudflare.com;fonts.googleapis.com;vjs.zencdn.net,Cloudflare;Google;https://vjs.zencdn.net/4.10/video-js.css,3,cdnjs.cloudflare.com();fonts.googleapis.com();vjs.zencdn.net(),0,1,0,0,,1,False
mareuil-caubert.fr,Mareuil-Caubert,80,038b5d06-8f07-4ded-b513-6384ce221007,200,,1,cdn_font,unpkg.com,unpkg,1,unpkg.com(),0,0,0,0,,0,False
www.cm-tarn.fr,Cunac,81,038d7278-9395-49cb-8864-aee39a460d0c,200,,5,altro_terzo_parte;captcha;cdn_font;video,cdnjs.cloudflare.com;challenges.cloudflare.com;fonts.googleapis.com;s.w.org;www.youtube.com,Cloudflare;Cloudflare;Google;https://s.w.org;Google,5,cdnjs.cloudflare.com();challenges.cloudflare.com();fonts.googleapis.com();s.w.org();www.youtube.com(),0,0,0,0,,0,False
www.ville-lepassage.fr,Le Passage,47,038d8c8d-6d62-47e9-b15b-dd293459ac7c,200,,2,altro_terzo_parte;cdn_font,fonts.googleapis.com;meet.jit.si,Google;https://meet.jit.si,2,fonts.googleapis.com();meet.jit.si(),0,0,0,0,,0,False
www.haute-garonne.fr,La Salvetat-Saint-Gilles,31,038ffe7d-e6d8-42bd-b7f5-93caa66be58c,200,,3,altro_terzo_parte,cdn.openagenda.com;static.addtoany.com;v.calameo.com,https://cdn.openagenda.com/main/1d85f335dfb0445e8311221e66462185.base.image.jpg;https://static.addtoany.com/menu/page.js;https://v.calameo.com/?bkcode=0044712484c44ac99716e&mode=mini&clickto=view&clicktarget=_blank&bgColor=0381A2,3,cdn.openagenda.com();static.addtoany.com();v.calameo.com(),0,0,0,0,,0,False
www.gendarmerie.interieur.gouv.fr,Farébersviller,57,03911110-c91f-4ae1-8472-90a94d6a728d,nan,ConnectionError,0,nan,nan,nan,nan,nan,nan,0,0,0,nan,0,False
www.pluvet.fr,Pluvet,21,03917c27-4ce2-444e-ac93-8e4a8b4b9ec7,200,,2,altro_terzo_parte;cdn_font,unpkg.com;web-suivis.arnia-bfc.fr,unpkg;https://web-suivis.arnia-bfc.fr/piwik.php?idsite=689&rec=1&url=https://pluvet.fr/,2,unpkg.com();web-suivis.arnia-bfc.fr(),0,0,0,0,,0,False
www.wentzwiller.fr,Wentzwiller,68,0392a4ef-3221-4ca5-bd33-84ef571637b5,200,,5,altro_terzo_parte;cdn_font,def773hwqc19t.cloudfront.net;drfogfql429fi.cloudfront.net;files.appli-intramuros.com;fonts.googleapis.com;fonts.gstatic.com,https://def773hwqc19t.cloudfront.net/website/static/loupe.png;https://drfogfql429fi.cloudfront.net/intramuros-web/production/_next/static/css/6b832bb1d1f3a401.css;https://files.appli-intramuros.com/agglo_logo/dpt/73/38dde523fc697ca6848b2b9533f9d9bb_Saint-Loui.jpg;Google;Google,5,def773hwqc19t.cloudfront.net();drfogfql429fi.cloudfront.net();files.appli-intramuros.com();fonts.googleapis.com();fonts.gstatic.com(),0,0,0,0,,0,False
www.saintchaptes.com,Saint-Chaptes,30,0394a916-d29f-482a-8a03-9ceacaaf3905,200,,3,altro_terzo_parte;analytics;cdn_font,app.mailjet.com;use.fontawesome.com;www.googletagmanager.com,https://app.mailjet.com/statics/js/widget.modal.js;Font Awesome;Google,3,app.mailjet.com();use.fontawesome.com();www.googletagmanager.com(),0,1,0,0,,1,False
www.credit-municipal-nimes.fr,Béziers,34,0395c74d-3ec5-41b4-a674-77dea23546cf,200,nan,3,altro_terzo_parte;analytics,gmpg.org;www.facebook.com;www.googletagmanager.com,https://gmpg.org/xfn/11;https://www.facebook.com/tr?id=1132544945610467&ev=PageView&noscript=1;Google,3,gmpg.org();www.facebook.com();www.googletagmanager.com(),0,0,0,0,nan,0,False
www.credit-municipal-nimes.fr,Béziers,34,0395c74d-3ec5-41b4-a674-77dea23546cf,200,nan,3,altro_terzo_parte;analytics,gmpg.org;www.facebook.com;www.googletagmanager.com,https://gmpg.org/xfn/11;https://www.facebook.com/tr?id=1132544945610467&ev=PageView&noscript=1;Google,3,gmpg.org();www.facebook.com();www.googletagmanager.com(),0,0,0,0,nan,0,False
warluzel.fr,Warluzel,62,0395f093-9b98-476c-83e7-450b90f43b73,200,,2,altro_terzo_parte;captcha,campagnesdelartois.fr;hcaptcha.com,https://campagnesdelartois.fr/?dm=b85167b7ea8979c77acd5594a9e32f1f&action=load&blogid=6&siteid=1&t=146618167&back=https%3A%2F%2Fwarluzel.fr%2F;hCaptcha,2,campagnesdelartois.fr();hcaptcha.com(),0,0,0,0,,0,False
www.apec.fr,Amiens,80,03975ee3-c1e3-49ef-b499-dd4848799c3b,200,,2,altro_terzo_parte;analytics,try.abtasty.com;www.googletagmanager.com,https://try.abtasty.com/8a0e815113ba2569e1f798ceca3507ed.js;Google,2,try.abtasty.com();www.googletagmanager.com(),0,3,0,0,,3,False
grand-est.dreets.gouv.fr,Charleville-Mézières,08,0397f22e-d223-4b83-8639-06c0412e0e8f,200,,0,,,,0,,0,0,0,0,,0,False
www.smartagenda.fr,Charleville-Mézières,08,0397f22e-d223-4b83-8639-06c0412e0e8f,nan,ConnectionError,0,nan,nan,nan,nan,nan,nan,0,0,0,nan,0,False
www.courlaoux.fr,Courlaoux,39,039ba430-79b0-4922-b00b-25f13ed8fbf7,200,,5,altro_terzo_parte;cdn_font,def773hwqc19t.cloudfront.net;drfogfql429fi.cloudfront.net;files.appli-intramuros.com;fonts.googleapis.com;fonts.gstatic.com,https://def773hwqc19t.cloudfront.net/website/static/loupe.png;https://drfogfql429fi.cloudfront.net/intramuros-web/production/_next/static/css/6b832bb1d1f3a401.css;https://files.appli-intramuros.com;Google;Google,5,def773hwqc19t.cloudfront.net();drfogfql429fi.cloudfront.net();files.appli-intramuros.com();fonts.googleapis.com();fonts.gstatic.com(),0,0,0,0,,0,False
www.ville-migennes.fr,Migennes,89,039d139e-5b69-4277-b3f9-aabb210f781b,200,,1,cdn_font,cdnjs.cloudflare.com,Cloudflare,1,cdnjs.cloudflare.com(),0,1,1,0,,0,False
cdg66.fr,Perpignan,66,039d3eec-38ba-4cf4-bbb6-d86cc31b97ae,200,,5,altro_terzo_parte;cdn_font,cdn.by.wonderpush.com;cdn.jsdelivr.net;cdnjs.cloudflare.com;fonts.googleapis.com;fonts.gstatic.com,https://cdn.by.wonderpush.com/sdk/1.1/wonderpush-loader.min.js;jsDelivr;Cloudflare;Google;Google,5,cdn.by.wonderpush.com();cdn.jsdelivr.net();cdnjs.cloudflare.com();fonts.googleapis.com();fonts.gstatic.com(),0,0,0,0,,0,False
www.allauch.com,Allauch,13,03a04ac2-84e4-4247-ab80-df8cc1d0a9d2,200,,5,altro_terzo_parte;captcha;cdn_font,cdnjs.cloudflare.com;fonts.googleapis.com;gmpg.org;kit.fontawesome.com;www.google.com,Cloudflare;Google;https://gmpg.org/xfn/11;https://kit.fontawesome.com/0c2b6b11d2.js;Google,5,cdnjs.cloudflare.com();fonts.googleapis.com();gmpg.org();kit.fontawesome.com();www.google.com(),0,0,0,0,,0,False
languedoc.msa.fr,Bagnols-sur-Cèze,30,03a1c4db-53e8-464f-9890-c33f036b337d,200,,2,altro_terzo_parte,cdn.doyoudreamup.com;cdn1.readspeaker.com,https://cdn.doyoudreamup.com/dydubox/configurations/prod/e9a8419d-0410-4929-bed5-34982edaca6d/0af40028-8b3e-125c-818b-660c47f00003/loader.js;https://cdn1.readspeaker.com/script/4871/webReader/webReader.js?pids=wr,2,cdn.doyoudreamup.com();cdn1.readspeaker.com(),0,7,1,0,,6,False
archives.sarthe.fr,Le Mans,72,03a30636-fc0a-42c1-aed5-3c3c0b2f82c6,200,,0,,,,0,,0,1,0,0,,1,False
www.seine-et-marne.fr,Coulommiers,77,03a42bfd-4a4c-4319-b6ec-71c35f2f26b7,200,,0,,,,0,,0,0,0,0,,0,False
www.ville-de-jarnac.fr,Jarnac,16,03a44ce0-f76d-46b0-a9b5-025ce723c543,200,,1,cdn_font,fonts.googleapis.com,Google,1,fonts.googleapis.com(),0,0,0,0,,0,False
www.justice.fr,TOULOUSE,31,03a4d81a-806e-4938-90f0-27f56c97492e,200,,0,,,,0,,0,2,0,0,,2,False
www.caf.fr,Bar-le-Duc Cedex,55,03a5e528-7a39-4d19-aa14-db4155d36768,200,nan,0,nan,nan,nan,0,nan,0,7,0,0,nan,7,False
fuans.fr,Fuans,25,03a7ac0b-4c4a-4596-8186-706c287fc639,200,,5,altro_terzo_parte;captcha;cdn_font,cdnjs.cloudflare.com;fonts.googleapis.com;fonts.gstatic.com;js.hcaptcha.com;static.neopse.com,Cloudflare;Google;Google;hCaptcha;https://static.neopse.com/medias/p/2640/site/d2/19/60/d219608baef776c4bf39b8e655d27073156e59ff.jpg,5,cdnjs.cloudflare.com();fonts.googleapis.com();fonts.gstatic.com();js.hcaptcha.com();static.neopse.com(),0,0,0,0,,0,False
coetmieux.fr,Coëtmieux,22,03a7aeaa-b3c0-4469-9467-955df544625e,200,,5,altro_terzo_parte;captcha;cdn_font,cdnjs.cloudflare.com;fonts.googleapis.com;fonts.gstatic.com;js.hcaptcha.com;static.neopse.com,Cloudflare;Google;Google;hCaptcha;https://static.neopse.com/thumbs/p/1138/site/02/d2/01/02d201c6bf88d3ebdc82406e49e481934d2cd8dc.jpeg?v=v1,5,cdnjs.cloudflare.com();fonts.googleapis.com();fonts.gstatic.com();js.hcaptcha.com();static.neopse.com(),0,0,0,0,,0,False
www.mission-locale-cournon.com,Lempdes,63,03a87f01-f113-4aae-8c5d-279238f3bb08,200,,0,,,,0,,0,0,0,0,,0,False
www.justice.fr,AVRANCHES,50,03aa2409-0b18-49b5-ad4c-e39a49566327,200,,0,,,,0,,0,2,0,0,,2,False
www.udaf16.org,Ruffec,16,03ac0c3c-d802-4eb2-9ec2-c7ec4602b0c7,200,nan,3,altro_terzo_parte,matomo.unaf.fr;www.udaf16.fr;www.unaf.fr,https://matomo.unaf.fr;https://www.udaf16.fr/gravity:sm/rs:auto:640:458/fq:avif:75/app/uploads/sites/80/2025/04/avec-baseline-rvb-blanc-udaf-charente.png;https://www.unaf.fr/app/uploads/sites/3/2022/07/embleme-rvb-couleur.svg,3,matomo.unaf.fr();www.udaf16.fr();www.unaf.fr(),0,0,0,0,nan,0,False
www.carcassonne-agglo.fr,Carcassonne,11,03ad4bc6-785f-4857-a955-6417151d37f2,200,,3,altro_terzo_parte;captcha;cdn_font,cdn.by.wonderpush.com;cdnjs.cloudflare.com;hcaptcha.com,https://cdn.by.wonderpush.com/sdk/1.1/wonderpush-loader.min.js;Cloudflare;hCaptcha,3,cdn.by.wonderpush.com();cdnjs.cloudflare.com();hcaptcha.com(),0,0,0,0,,0,False
www.chavannessurreyssouze.fr,Chavannes-sur-Reyssouze,01,03b1eaa3-93a7-4268-9c83-a6715fc47295,200,,5,altro_terzo_parte;captcha;cdn_font,cdnjs.cloudflare.com;fonts.googleapis.com;fonts.gstatic.com;js.hcaptcha.com;static.neopse.com,Cloudflare;Google;Google;hCaptcha;https://static.neopse.com/assets/img/googleplay.png,5,cdnjs.cloudflare.com();fonts.googleapis.com();fonts.gstatic.com();js.hcaptcha.com();static.neopse.com(),0,0,0,0,,0,False
www.caf.fr,Lannion,22,03b51bf1-9e89-4384-b85d-009127d418f6,200,nan,0,nan,nan,nan,0,nan,0,7,0,0,nan,7,False
www.france-services.gouv.fr,Thiron-Gardais,28,03b5efa6-9843-4dcb-a126-4c8db59efcdd,nan,ConnectionError,0,nan,nan,nan,nan,nan,nan,0,0,0,nan,0,False
charmes-la-cote.fr,Charmes-la-Côte,54,03b5f4c7-f14c-4f8f-aa0c-7de741b5d9a4,200,,0,,,,0,,0,0,0,0,,0,False
www.caf.fr,Roubaix,59,03b786a7-1d8f-4072-8423-0bec0cccc115,200,nan,0,nan,nan,nan,0,nan,0,7,0,0,nan,7,False
www.pons-ville.fr,Pons,17,03b82b4a-24a1-4bcc-824f-435f74d2d7e5,200,nan,6,altro_terzo_parte;analytics;cdn_font,0dcb07e6.delivery.rocketcdn.me;cdn-cookieyes.com;cdn.matomo.cloud;fonts.gstatic.com;www.facebook.com;www.googletagmanager.com,https://0dcb07e6.delivery.rocketcdn.me/wp-content/uploads/2021/11/PanneauPocket-1-e1636561590672.png;https://cdn-cookieyes.com;Matomo Cloud;Google;https://www.facebook.com/plugins/page.php?href=https://www.facebook.com/villedepons/%2F&tabs&width=246&height=250&small_header=false&adapt_container_width=true&hide_cover=false&show_facepile=true&appId=1007814469305899;Google,6,0dcb07e6.delivery.rocketcdn.me();cdn-cookieyes.com();cdn.matomo.cloud();fonts.gstatic.com();www.facebook.com();www.googletagmanager.com(),0,0,0,0,nan,0,False
www.ameli.fr,Mamers,72,03b85bcd-3724-4d74-b593-63056491b7ff,200,nan,3,altro_terzo_parte;analytics;cdn_font,cdn.jsdelivr.net;tag.aticdn.net;www.googletagmanager.com,jsDelivr;https://tag.aticdn.net/piano-analytics.js;Google,3,cdn.jsdelivr.net();tag.aticdn.net();www.googletagmanager.com(),0,0,0,0,nan,0,False
forum-assures.ameli.fr,Mamers,72,03b85bcd-3724-4d74-b593-63056491b7ff,200,nan,5,altro_terzo_parte;cdn_font,d350tqmxm801hs.cloudfront.net;dimelo-answers-production.s3.eu-west-1.amazonaws.com;dimelo-users-production.s3.amazonaws.com;dimelo.s3.amazonaws.com;fonts.googleapis.com,https://d350tqmxm801hs.cloudfront.net/production/ameli-forum/images/refonte-identite-2022/logo_forum-ameli.svg?1649083461;https://dimelo-answers-production.s3.eu-west-1.amazonaws.com/291/a2635c8ee1bec415/170413152806_5f8b2eb0d19885b6b8d6226fe9d6780e_original.png?7cc8cfd;https://dimelo-users-production.s3.amazonaws.com/identity_avatars/bdea85ceb7d562ab/avatar_x-large.png?7cc8cfd;https://dimelo.s3.amazonaws.com/custom-v2/ameli/tarteaucitron/tarteaucitron.js;Google,5,d350tqmxm801hs.cloudfront.net();dimelo-answers-production.s3.eu-west-1.amazonaws.com();dimelo-users-production.s3.amazonaws.com();dimelo.s3.amazonaws.com();fonts.googleapis.com(),0,1,0,0,nan,1,False
www.dennevy.fr,Dennevy,71,03b92778-343d-4128-9cf5-e0dbcf0613d8,200,,2,altro_terzo_parte;cdn_font,unpkg.com;web-suivis.arnia-bfc.fr,unpkg;https://web-suivis.arnia-bfc.fr/piwik.php?idsite=777&rec=1&url=https://0000004157.web.ternum-bfc.fr/,2,unpkg.com();web-suivis.arnia-bfc.fr(),0,0,0,0,,0,False
www.gironde.gouv.fr,Bordeaux,33,03ba0b47-7bd0-4e68-9a14-4125b9ae0484,,ConnectionError,0,,,,,,,0,0,0,,0,False
chassenon.fr,Chassenon,16,03bd7799-fb02-4cb5-9e9f-5bf52faaab42,404,,0,,,,0,,0,0,0,0,,0,False
www.patay.fr,Patay,45,03c12780-e1b4-4a02-9c76-d6c99c6eb7c6,200,,3,altro_terzo_parte;analytics;captcha,gmpg.org;www.google.com;www.googletagmanager.com,http://gmpg.org/xfn/11;Google;Google,3,gmpg.org();www.google.com();www.googletagmanager.com(),0,0,0,0,,0,False
ville-eurville-bienville.fr,Eurville-Bienville,52,03c18ceb-ff5b-4a4a-95c6-1f13e09040f7,200,,3,altro_terzo_parte,player.centaure-systems.fr;ws.sharethis.com;www.google.com,https://player.centaure-systems.fr/embedded/5d31c6b7df8c946a49b2e365948a54c4aec79bcc;https://ws.sharethis.com/button/st_insights.js?publisher=4d48b7c5-0ae3-43d4-bfbe-3ff8c17a8ae6&product=simpleshare&ver=8.5.3;https://www.google.com/maps/embed?pb=!1m18!1m12!1m3!1d675796.8067348384!2d4.463313951308021!3d48.57478026191074!2m3!1f0!2f0!3f0!3m2!1i1024!2i768!4f13.1!3m3!1m2!1s0x47ec8047fb16283d%3A0xffd8241347bfb5b3!2s52410+Eurville-Bienville!5e0!3m2!1sfr!2sfr!4v1490423721311,3,player.centaure-systems.fr();ws.sharethis.com();www.google.com(),0,0,0,0,,0,False
www.lannoy-cuillere.sitew.fr,Lannoy-Cuillère,60,03c1d9bc-f9cf-4aac-9d98-cb919471bdc4,200,,2,altro_terzo_parte,st0.cdnsw.com;v-images.cdnsw.com,https://st0.cdnsw.com/assets/precompile/viewer2_all-08e7c48b5d0f51026fc476b953ae7fe7.css;https://v-images.cdnsw.com/Root/g2zkf/IMG_5452.jpeg?s=YqFFkXU=&webp_compatible=1,2,st0.cdnsw.com();v-images.cdnsw.com(),0,1,0,0,,1,False
www.sengager.fr,Saint-Lô,50,03c382a6-64c3-490a-a964-e9ea574f39cf,200,nan,2,altro_terzo_parte,cdn.tagcommander.com;scripts.polaria.ai,https://cdn.tagcommander.com/3941/tc_ArmeedeTerre_26.js;https://scripts.polaria.ai/sengager.js,2,cdn.tagcommander.com();scripts.polaria.ai(),0,0,0,0,nan,0,False
lamarinerecrute.gouv.fr,Saint-Lô,50,03c382a6-64c3-490a-a964-e9ea574f39cf,200,nan,4,altro_terzo_parte,a.tile.openstreetmap.org;b.tile.openstreetmap.org;c.tile.openstreetmap.org;p.typekit.net,https://a.tile.openstreetmap.org;https://b.tile.openstreetmap.org;https://c.tile.openstreetmap.org;https://p.typekit.net/p.css?s=1&k=jif6wog&ht=tk&f=1853.1855.1857.24436.26921.26922.26924.26925&a=296440514&app=typekit&e=css,4,a.tile.openstreetmap.org();b.tile.openstreetmap.org();c.tile.openstreetmap.org();p.typekit.net(),0,0,0,0,nan,0,False
devenir-aviateur.gouv.fr,Saint-Lô,50,03c382a6-64c3-490a-a964-e9ea574f39cf,200,nan,2,altro_terzo_parte,cdn.tagcommander.com;petjeb7f4u.kameleoon.io,https://cdn.tagcommander.com/7549/tc_DevenirAviateur_20.js;https://petjeb7f4u.kameleoon.io/engine.js,2,cdn.tagcommander.com();petjeb7f4u.kameleoon.io(),0,0,0,0,nan,0,False
www.gages-montrozier.fr,Montrozier,12,03c622a8-2c1c-413b-b884-ec5ce8ff8013,200,,7,altro_terzo_parte;analytics;cdn_font,cdn.laetis.fr;fonts.googleapis.com;gmpg.org;matomo.monsitecommunal.fr;medias.hit.enaveyron.fr;www.google-analytics.com;www.googletagmanager.com,https://cdn.laetis.fr/i/smica/full/www.monsitecommunal.fr/uploads/sites/38/2021/04/montrozier1-scaled.jpg;Google;https://gmpg.org/xfn/11;https://matomo.monsitecommunal.fr;https://medias.hit.enaveyron.fr/fiches/92455/images/1318023_1ff0ee49-7a84-4b5c-9263-6466ec3aa487/600.webp;Google;Google,7,cdn.laetis.fr();fonts.googleapis.com();gmpg.org();matomo.monsitecommunal.fr();medias.hit.enaveyron.fr();www.google-analytics.com();www.googletagmanager.com(),0,0,0,0,,0,False
www.vaucluse.fr,L'Isle-sur-la-Sorgue,84,03c7d6cd-795c-4f48-aa8e-eefad50abc65,418,,1,cdn_font,fonts.googleapis.com,Google,1,fonts.googleapis.com(),0,5,0,0,,5,False
www.tarbes.fr,Tarbes,65,03c7fd17-3ca3-42b4-b312-29988aef86e8,200,,6,altro_terzo_parte;analytics;cdn_font,fonts.googleapis.com;fonts.gstatic.com;gmpg.org;maxcdn.bootstrapcdn.com;use.fontawesome.com;www.googletagmanager.com,Google;Google;http://gmpg.org/xfn/11;BootstrapCDN;Font Awesome;Google,6,fonts.googleapis.com();fonts.gstatic.com();gmpg.org();maxcdn.bootstrapcdn.com();use.fontawesome.com();www.googletagmanager.com(),0,0,0,0,,0,False
www.pour-les-personnes-agees.gouv.fr,Doué-en-Anjou,49,03c94de7-01b2-45a9-afe1-b7fc807a8918,200,nan,3,altro_terzo_parte,app-script.monsido.com;cdn-eu.readspeaker.com;siteimproveanalytics.com,https://app-script.monsido.com/v2/monsido-script.js;http://cdn-eu.readspeaker.com/script/7866/webReader/r/r2728/ReadSpeaker.Styles.css?v=3.8.7.2728;https://siteimproveanalytics.com/js/siteanalyze_6134497.js,3,app-script.monsido.com();cdn-eu.readspeaker.com();siteimproveanalytics.com(),0,1,0,0,nan,1,False
www.gendarmerie.interieur.gouv.fr,Figari,2A,03c954c6-1e61-4fd8-8bd1-63693286d066,nan,ConnectionError,0,nan,nan,nan,nan,nan,nan,0,0,0,nan,0,False
www.afpa.fr,Créteil,94,03c9d188-3914-4ede-a3f2-586b729a402b,200,,6,altro_terzo_parte;cdn_font;sdk_generico,cdn.jsdelivr.net;cdn.tagcommander.com;code.jquery.com;maps.googleapis.com;redirect2286.tagcommander.com;ws.sharethis.com,jsDelivr;https://cdn.tagcommander.com/2286/tc_AFPA_3.js;https://code.jquery.com/ui/1.13.2/jquery-ui.min.js;Google;https://redirect2286.tagcommander.com/utils/noscript.php?id=3&mode=iframe;https://ws.sharethis.com/button/buttons.js,6,cdn.jsdelivr.net();cdn.tagcommander.com();code.jquery.com();maps.googleapis.com();redirect2286.tagcommander.com();ws.sharethis.com(),0,4,1,0,,3,False
www.trenal.fr,Trenal,39,03ca433a-49d5-4258-a2d3-c4ea2903c1b5,,ConnectTimeout,0,,,,,,,0,0,0,,0,False
www.pouzolles.fr,Pouzolles,34,03cbbb82-5de1-4aea-9279-76141e387014,200,,5,altro_terzo_parte;analytics;cdn_font;sdk_generico,ajax.googleapis.com;communeactu.fr;fonts.googleapis.com;use.fontawesome.com;www.googletagmanager.com,Google;https://communeactu.fr/assets/img/icons/googleplay.svg;Google;Font Awesome;Google,5,ajax.googleapis.com();communeactu.fr();fonts.googleapis.com();use.fontawesome.com();www.googletagmanager.com(),0,1,1,0,,0,False
www.france-services.gouv.fr,Juillan,65,03cd9e27-f77c-4510-ac55-2b7a009c229b,nan,ConnectionError,0,nan,nan,nan,nan,nan,nan,0,0,0,nan,0,False
www.gendarmerie.interieur.gouv.fr,Pontcharra,38,03d071cf-a79a-44ad-92b4-6fad8cf141ba,nan,ConnectionError,0,nan,nan,nan,nan,nan,nan,0,0,0,nan,0,False
www.chaource.fr,Chaource,10,03d19950-37af-41d5-ad4e-e5ef1c0e706c,200,,9,altro_terzo_parte;analytics;cdn_font;video,cdn.onesignal.com;cdnjs.cloudflare.com;fonts.googleapis.com;fonts.gstatic.com;gmpg.org;static.addtoany.com;translate.google.com;www.googletagmanager.com;www.youtube.com,https://cdn.onesignal.com/sdks/web/v16/OneSignalSDK.page.js;Cloudflare;Google;Google;https://gmpg.org/xfn/11;https://static.addtoany.com;https://translate.google.com;Google;Google,9,cdn.onesignal.com();cdnjs.cloudflare.com();fonts.googleapis.com();fonts.gstatic.com();gmpg.org();static.addtoany.com();translate.google.com();www.googletagmanager.com();www.youtube.com(),0,0,0,0,,0,False
www.banque-france.fr,Evry Cedex,91,03d1a1b3-3f27-4b51-a724-fa12e80cab95,200,nan,2,altro_terzo_parte;cdn_font,cdn.jsdelivr.net;cdn.trustcommander.net,jsDelivr;https://cdn.trustcommander.net/privacy/5322/privacy_v2_31.js,2,cdn.jsdelivr.net();cdn.trustcommander.net(),0,0,0,0,nan,0,False
www.france-services.gouv.fr,Agde,34,03d205ef-f9a2-4285-ac6b-db4b9b5b01a5,nan,ConnectionError,0,nan,nan,nan,nan,nan,nan,0,0,0,nan,0,False
www.france-services.gouv.fr,Reuilly,36,03d23554-c5f1-4f1c-9d75-633647e07bfb,nan,ConnectionError,0,nan,nan,nan,nan,nan,nan,0,0,0,nan,0,False
www.gendarmerie.interieur.gouv.fr,Écommoy,72,03d444e1-10b9-4495-b081-a30660d9fee5,nan,ConnectionError,0,nan,nan,nan,nan,nan,nan,0,0,0,nan,0,False
www.eymet-dordogne.fr,Eymet,24,03d4754c-b726-4ad1-8238-ca38b54d28d2,200,,5,altro_terzo_parte;captcha;cdn_font,cdnjs.cloudflare.com;fonts.googleapis.com;fonts.gstatic.com;js.hcaptcha.com;static.neopse.com,Cloudflare;Google;Google;hCaptcha;https://static.neopse.com/thumbs/p/1093/site/5c/5d/16/5c5d1668b638c11462436edb7f69eb90961d2c26.png?v=v1,5,cdnjs.cloudflare.com();fonts.googleapis.com();fonts.gstatic.com();js.hcaptcha.com();static.neopse.com(),0,0,0,0,,0,False
www.gendarmerie.interieur.gouv.fr,Yerville,76,03d487ba-a5cb-48e8-a704-bca90aad591f,nan,ConnectionError,0,nan,nan,nan,nan,nan,nan,0,0,0,nan,0,False
mehers.fr,Méhers,41,03d51b67-a3a8-4d79-bbe9-5457baaef7f9,200,,4,altro_terzo_parte;cdn_font,campagnolv2-2.campagnol.fr;fonts.googleapis.com;fonts.gstatic.com;gmpg.org,https://campagnolv2-2.campagnol.fr/wp-content/themes/twentyseventeen-child/assets/images/logo-campagnol-2023.png;Google;Google;http://gmpg.org/xfn/11,4,campagnolv2-2.campagnol.fr();fonts.googleapis.com();fonts.gstatic.com();gmpg.org(),0,0,0,0,,0,False
www.tornac.fr,Tornac,30,03d6366a-2fbe-4e20-a74c-85867d45040b,200,,5,altro_terzo_parte;captcha;cdn_font,cdnjs.cloudflare.com;fonts.googleapis.com;fonts.gstatic.com;js.hcaptcha.com;static.neopse.com,Cloudflare;Google;Google;hCaptcha;https://static.neopse.com/medias/p/3829/site/65/29/5f/65295fb0d10cc074a5dbb4408f9e5e82d0024aa5.jpg?v=v1,5,cdnjs.cloudflare.com();fonts.googleapis.com();fonts.gstatic.com();js.hcaptcha.com();static.neopse.com(),0,0,0,0,,0,False
www.gendarmerie.interieur.gouv.fr,Wissembourg,67,03d81e5c-89e2-4736-ab9d-0f3e71a07c31,nan,ConnectionError,0,nan,nan,nan,nan,nan,nan,0,0,0,nan,0,False
www.rhone.fr,Saint-Symphorien-sur-Coise,69,03d8bf49-87fc-482c-87b5-d83815a95be3,200,,0,,,,0,,0,1,0,0,,1,False
www.impots.gouv.fr,Nîmes Cedex 9,30,03d8f55f-fe5d-492d-92db-6f1239cce046,200,nan,0,nan,nan,nan,0,nan,0,0,0,0,nan,0,False
www.france-services.gouv.fr,Melisey,70,03d9be05-2cc5-4d73-8428-c7b0df197973,nan,ConnectionError,0,nan,nan,nan,nan,nan,nan,0,0,0,nan,0,False
www.masecurite.interieur.gouv.fr,Saint-Max,54,03d9f735-67bf-4b72-ab5e-5134baa00c6f,200,nan,1,altro_terzo_parte,cdn.tagcommander.com,https://cdn.tagcommander.com/6351/tc_moncommissariat_20.js,1,cdn.tagcommander.com(),0,0,0,0,nan,0,False
www.mairie-ardin.fr,Ardin,79,03da526d-9d18-45d2-904d-1a5df430c35e,200,,5,altro_terzo_parte;analytics;cdn_font;sdk_generico,cdn.elementor.com;fonts.googleapis.com;maps.googleapis.com;widget.intramuros.org;www.googletagmanager.com,https://cdn.elementor.com;Google;Google;https://widget.intramuros.org/js/5.1.0/actualite.js;Google,5,cdn.elementor.com();fonts.googleapis.com();maps.googleapis.com();widget.intramuros.org();www.googletagmanager.com(),0,0,0,0,,0,False
www.hautsdefrance.fr,Soissons,02,03da59a4-4e2c-458f-a3d8-c710acde22b1,200,,2,altro_terzo_parte,cdn-eu.readspeaker.com;tarteaucitron.io,https://cdn-eu.readspeaker.com;https://tarteaucitron.io/load.js?locale=fr&iswordpress=true&domain=www.hautsdefrance.fr&uuid=716fd6576957dcf9b79034ae7b77203675226084,2,cdn-eu.readspeaker.com();tarteaucitron.io(),0,1,0,0,,1,False
www.hautsdefrance.fr,Soissons,02,03da59a4-4e2c-458f-a3d8-c710acde22b1,200,,2,altro_terzo_parte,cdn-eu.readspeaker.com;tarteaucitron.io,https://cdn-eu.readspeaker.com;https://tarteaucitron.io/load.js?locale=fr&iswordpress=true&domain=www.hautsdefrance.fr&uuid=716fd6576957dcf9b79034ae7b77203675226084,2,cdn-eu.readspeaker.com();tarteaucitron.io(),0,1,0,0,,1,False
www.france-services.gouv.fr,Le Montet,03,03da85d8-0cfd-4045-a797-9deb16f1409b,nan,ConnectionError,0,nan,nan,nan,nan,nan,nan,0,0,0,nan,0,False
www.crous-rennes.fr,Quimper,29,03da99f8-16f9-45aa-bd3c-1a93ce03284d,200,,3,altro_terzo_parte;cdn_font,cdn.jsdelivr.net;cdn.priv.center;webapi.affluences.com,jsDelivr;https://cdn.priv.center/pc/truendo_cmp.pid.js;https://webapi.affluences.com/js/webapi_latest.min.js,2,cdn.jsdelivr.net();cdn.priv.center(),0,0,0,0,,0,False
montagnystefelicite.fr,Montagny-Sainte-Félicité,60,03dae091-b52e-474d-8051-2eec29400186,200,,2,altro_terzo_parte,gmpg.org;maps.google.com,http://gmpg.org/xfn/11;https://maps.google.com/maps?q=Montagny-sainte-f%C3%A9licit%C3%A9%2011%20rue%20porte%20de%20baron&t=m&z=12&output=embed&iwloc=near,2,gmpg.org();maps.google.com(),0,1,0,0,,1,False
www.cc-paysdevalois.fr,Montagny-Sainte-Félicité,60,03dae091-b52e-474d-8051-2eec29400186,200,,3,altro_terzo_parte;captcha;cdn_font,fonts.googleapis.com;static.addtoany.com;www.google.com,Google;https://static.addtoany.com;Google,3,fonts.googleapis.com();static.addtoany.com();www.google.com(),0,4,0,0,,4,False
vergeze.fr,Vergèze,30,03db0a37-6a74-4f7d-9974-b2c71fc190d0,200,,2,altro_terzo_parte,cdn.elementor.com;gmpg.org,https://cdn.elementor.com;https://gmpg.org/xfn/11,2,cdn.elementor.com();gmpg.org(),0,0,0,0,,0,False
www.cdg08.fr,Charleville-Mézières,08,03dc5cff-ab93-4c76-930d-8779737d1325,200,,0,,,,0,,0,1,0,0,,1,False
fourcigny.fr,Fourcigny,80,03dc5d77-779e-4302-9ff5-a7a8071e237c,200,,1,cdn_font,unpkg.com,unpkg,1,unpkg.com(),0,0,0,0,,0,False
www.pimms.org,Issy-l’Evêque,71,03df81c3-5dc6-4aea-88fd-2cca4d326170,200,,4,altro_terzo_parte,cdn.prod.website-files.com;d3e54v103j8qbb.cloudfront.net;sibforms.com;www.pimmsmediation.fr,https://cdn.prod.website-files.com/6931850303e4a34b3f421762/69319988db8908948d5bc166_LOGOTYPE%20PM_RVB.svg;https://d3e54v103j8qbb.cloudfront.net/js/jquery-3.5.1.min.dc5e7f18c8.js?site=6931850303e4a34b3f421762;https://sibforms.com/forms/end-form/build/sib-styles.css;https://www.pimmsmediation.fr,4,cdn.prod.website-files.com();d3e54v103j8qbb.cloudfront.net();sibforms.com();www.pimmsmediation.fr(),0,1,0,0,,1,False
www.unaf.fr,Cayenne,973,03dfbcb5-fe2c-4bc8-904e-7a4255b24d25,200,nan,3,analytics;cdn_font;video,fonts.gstatic.com;player.vimeo.com;www.googletagmanager.com,Google;Vimeo;Google,3,fonts.gstatic.com();player.vimeo.com();www.googletagmanager.com(),0,0,0,0,nan,0,False
esquerdes.fr,Esquerdes,62,03e0b5c4-ab01-4022-8241-f3f7a0e295a8,200,,2,cdn_font,fonts.googleapis.com;fonts.gstatic.com,Google;Google,2,fonts.googleapis.com();fonts.gstatic.com(),0,0,0,0,,0,False
www.villehoudan.fr,Houdan,78,03e2deb1-788c-4cf2-862a-03e5d08d6d61,200,,11,altro_terzo_parte;cdn_font;sdk_generico,ajax.googleapis.com;cdn.jsdelivr.net;cdn.tarteaucitron.io;cdntag.tarteaucitron.io;fonts.googleapis.com;fonts.gstatic.com;gmpg.org;houdan.synapseweb.fr;maps.googleapis.com;www.google.com;www.gstatic.com,Google;jsDelivr;https://cdn.tarteaucitron.io;https://cdntag.tarteaucitron.io;Google;Google;https://gmpg.org/xfn/11;https://houdan.synapseweb.fr/wp-content/uploads/2018/10/bulletin.jpg;Google;https://www.google.com;Google,11,ajax.googleapis.com();cdn.jsdelivr.net();cdn.tarteaucitron.io();cdntag.tarteaucitron.io();fonts.googleapis.com();fonts.gstatic.com();gmpg.org();houdan.synapseweb.fr();maps.googleapis.com();www.google.com();www.gstatic.com(),0,0,0,0,,0,False
www.verel-pragondran.fr,Verel-Pragondran,73,03e36fc0-d74a-476a-9d58-a2e0a698db7f,200,,1,cdn_font,cdn.jsdelivr.net,jsDelivr,1,cdn.jsdelivr.net(),0,0,0,0,,0,False
www.maslacq.fr,Maslacq,64,03e3e1f5-0df8-4988-b10c-8102d56c2340,200,,2,altro_terzo_parte;captcha,piwik.logipro.com;www.google.com,https://piwik.logipro.com/piwik/piwik.php?idsite=118&rec=1&bots=1;Google,2,piwik.logipro.com();www.google.com(),0,1,1,0,,0,False
www.cdad-guyane.fr,CAYENNE,973,03e506da-dda2-4423-bb93-e603942ed672,200,,4,altro_terzo_parte;analytics,cdn.prod.website-files.com;d3e54v103j8qbb.cloudfront.net;static.elfsight.com;www.googletagmanager.com,https://cdn.prod.website-files.com/67593a347ed5fb68f443d2eb/675c4401f8cfdebe045286ef_logo-CDAD-footer.webp;https://d3e54v103j8qbb.cloudfront.net/js/jquery-3.5.1.min.dc5e7f18c8.js?site=67593a347ed5fb68f443d2eb;https://static.elfsight.com/platform/platform.js;Google,4,cdn.prod.website-files.com();d3e54v103j8qbb.cloudfront.net();static.elfsight.com();www.googletagmanager.com(),0,1,0,0,,1,False
molieres-sur-ceze.fr,Molières-sur-Cèze,30,03e64804-e5ab-457b-abdd-90ff8303b33b,200,,4,altro_terzo_parte;cdn_font,campagnolv2-2.campagnol.fr;fonts.googleapis.com;fonts.gstatic.com;gmpg.org,https://campagnolv2-2.campagnol.fr/wp-content/themes/twentyseventeen-child/assets/images/logo-campagnol-2023.png;Google;Google;http://gmpg.org/xfn/11,4,campagnolv2-2.campagnol.fr();fonts.googleapis.com();fonts.gstatic.com();gmpg.org(),0,0,0,0,,0,False
www.reunion.developpement-durable.gouv.fr,Saint-Denis,974,03e7874d-9414-4d1e-8a97-15948af4ad11,200,,1,altro_terzo_parte,purl.org,http://purl.org/dc/terms/,1,purl.org(),0,1,0,0,,1,False
www.gendarmerie.interieur.gouv.fr,Morschwiller-le-Bas,68,03e79e1a-18a4-4c39-ab29-2271e57aedf0,nan,ConnectionError,0,nan,nan,nan,nan,nan,nan,0,0,0,nan,0,False
www.le-quiou.fr,Le Quiou,22,03ecc017-9235-4a53-b432-9b95e8d67df2,200,,4,altro_terzo_parte;analytics;cdn_font,fonts.googleapis.com;fonts.gstatic.com;www.googletagmanager.com;www.mon-compteur.fr,Google;Google;Google;https://www.mon-compteur.fr/html_c01genv2-227954-1,4,fonts.googleapis.com();fonts.gstatic.com();www.googletagmanager.com();www.mon-compteur.fr(),0,0,0,0,,0,False
www.vendee-senior.fr,La Roche-sur-Yon,85,03ed4007-28eb-489d-b165-7e737378081f,200,,0,,,,0,,0,0,0,0,,0,False
www.guadeloupe.gouv.fr,Basse-Terre,971,03eda8c8-4363-49c8-bfbd-b507e7d22bb0,,ConnectionError,0,,,,,,,0,0,0,,0,False
www.conlie.fr,Conlie,72,03ee8567-2073-4f5c-b053-e12d1683a6e5,200,,6,altro_terzo_parte;cdn_font;sdk_generico,ajax.googleapis.com;cdn.jsdelivr.net;fonts.googleapis.com;gmpg.org;widget.intramuros.org;www.airpl.org,Google;jsDelivr;Google;https://gmpg.org/xfn/11;https://widget.intramuros.org/js/5.1.0/agenda.js;https://www.airpl.org/widget/epci/200072718,6,ajax.googleapis.com();cdn.jsdelivr.net();fonts.googleapis.com();gmpg.org();widget.intramuros.org();www.airpl.org(),0,0,0,0,,0,False
www.conlie.fr,Conlie,72,03ee8567-2073-4f5c-b053-e12d1683a6e5,200,,6,altro_terzo_parte;cdn_font;sdk_generico,ajax.googleapis.com;cdn.jsdelivr.net;fonts.googleapis.com;gmpg.org;widget.intramuros.org;www.airpl.org,Google;jsDelivr;Google;https://gmpg.org/xfn/11;https://widget.intramuros.org/js/5.1.0/agenda.js;https://www.airpl.org/widget/epci/200072718,6,ajax.googleapis.com();cdn.jsdelivr.net();fonts.googleapis.com();gmpg.org();widget.intramuros.org();www.airpl.org(),0,0,0,0,,0,False
longeves85.fr,Longèves,85,03ee98ca-e0e9-49d2-9a66-88c631c17802,200,,2,altro_terzo_parte;cdn_font,fonts.googleapis.com;www.tameteo.com,Google;https://www.tameteo.com/wid_loader/6211accfc05b5b94647a62b8f817c4ac,2,fonts.googleapis.com();www.tameteo.com(),0,0,0,0,,0,False
saint-sauveur60.fr,Saint-Sauveur,60,03f06ab0-e989-4525-b05a-95b5cb0a1f2d,200,,1,altro_terzo_parte,www.openstreetmap.org,https://www.openstreetmap.org/export/embed.html?bbox=2.766945362091065%2C49.31281331888403%2C2.7939391136169434%2C49.32618486841693&layer=mapnik,1,www.openstreetmap.org(),0,0,0,0,,0,False
www.duerne.fr,Duerne,69,03f1050d-1fb6-40b0-b367-410788bcad9a,200,,4,altro_terzo_parte;cdn_font,app.mailjet.com;fonts.googleapis.com;gmpg.org;nrjz.mjt.lu,https://app.mailjet.com/pas-nc-embedded-v1.js;Google;https://gmpg.org/xfn/11;https://nrjz.mjt.lu/wgt/nrjz/vpl/form?c=ae0103cd,4,app.mailjet.com();fonts.googleapis.com();gmpg.org();nrjz.mjt.lu(),0,0,0,0,,0,False
www.cnfpt.fr,Basse-Terre,971,03f173fc-d5fd-4bc7-a49f-cf3e949b2506,200,,0,,,,0,,0,1,0,0,,1,False
www.coeurhautelande.fr,Sabres,40,03f19b56-01e1-4d56-9fd1-4e76039783b1,200,,3,altro_terzo_parte;captcha;cdn_font,f1-eu.readspeaker.com;use.fontawesome.com;www.google.com,https://f1-eu.readspeaker.com/script/5462/webReader/webReader.js?pids=wr;Font Awesome;Google,3,f1-eu.readspeaker.com();use.fontawesome.com();www.google.com(),0,0,0,0,,0,False
www.france-services.gouv.fr,Viverols,63,03f51484-119b-48ab-802a-a9bebd65d847,nan,ConnectionError,0,nan,nan,nan,nan,nan,nan,0,0,0,nan,0,False
www.caf.fr,Caudry,59,03f569aa-2563-4a4e-9ff1-533a95e4dc82,200,nan,0,nan,nan,nan,0,nan,0,7,0,0,nan,7,False
www.mairie-espinasses.fr,Espinasses,05,03f88c0c-6ebe-4a38-974e-28fafa00ec9f,200,nan,0,nan,nan,nan,0,nan,0,0,0,0,nan,0,False
www.conseil-national.medecin.fr,Bar-le-Duc,55,03f89144-6689-48fa-94ab-4eeb160ec642,200,nan,1,altro_terzo_parte,static.addtoany.com,https://static.addtoany.com/menu/page.js,1,static.addtoany.com(),0,0,0,0,nan,0,False
www.lavergne-en-quercy.fr,Lavergne,46,03fa3feb-9ae2-495b-a2e4-4e8bc4ac5a51,200,,2,altro_terzo_parte,code.jquery.com;www.openstreetmap.org,https://code.jquery.com/jquery-3.7.1.min.js;https://www.openstreetmap.org/export/embed.html?bbox=1.745860576629639%2C44.79121628695576%2C1.7741847038269045%2C44.804645867737435&layer=mapnik&marker=44.797931468051594%2C1.7600226402282715,2,code.jquery.com();www.openstreetmap.org(),0,0,0,0,,0,False
www.ville-saintaignan.com,Saint-Aignan,41,03fafee4-bd1b-42d4-8961-7c4f94f0e798,200,,0,,,,0,,0,2,1,0,,1,False
www.monsempronlibos.fr,Monsempron-Libos,47,03fcd273-67db-4a39-a043-3b44a8fc4a1f,200,,5,altro_terzo_parte;cdn_font;video,cdnjs.cloudflare.com;fonts.googleapis.com;fonts.gstatic.com;tarteaucitron.io;www.youtube.com,Cloudflare;Google;Google;https://tarteaucitron.io/load.js?domain=www.monsempronlibos.fr&uuid=232ee425f20c6acd1e0c5e2033855a75b17b5037;Google,5,cdnjs.cloudflare.com();fonts.googleapis.com();fonts.gstatic.com();tarteaucitron.io();www.youtube.com(),0,1,1,0,,0,False
www.saone-et-loire.gouv.fr,Mâcon,71,03fcf221-c824-4888-8046-f28dff6e43b2,nan,ConnectionError,0,nan,nan,nan,nan,nan,nan,0,0,0,nan,0,False
ville-montbrison.fr,Montbrison,42,03fd56a0-44c5-4397-86eb-1a1d6b57cff4,200,,2,altro_terzo_parte;cdn_font,fonts.googleapis.com;kit.fontawesome.com,Google;https://kit.fontawesome.com/4a8bcb86a1.js,2,fonts.googleapis.com();kit.fontawesome.com(),0,0,0,0,,0,False
www.gendarmerie.interieur.gouv.fr,Le Lauzet-Ubaye,04,03fe1d6d-8579-4cce-a14c-364ec7ba8522,nan,ConnectionError,0,nan,nan,nan,nan,nan,nan,0,0,0,nan,0,False
www.association-pari.com,Valence,26,03fe77df-2e56-456d-beba-3b9761f969cf,200,,2,altro_terzo_parte;cdn_font,fonts.googleapis.com;s.w.org,Google;https://s.w.org,2,fonts.googleapis.com();s.w.org(),0,0,0,0,,0,False
www.gendarmerie.interieur.gouv.fr,Yssingeaux,43,03fe97c1-81c0-4130-91ee-06dc7be3bfa9,nan,ConnectionError,0,nan,nan,nan,nan,nan,nan,0,0,0,nan,0,False
ville-sgla.fr,Saint-Germain-lès-Arpajon,91,03feb7c1-0466-4f72-9ae1-2e4c14de2c9b,200,,5,altro_terzo_parte;analytics;cdn_font,cdn.hu-manity.co;cdnjs.cloudflare.com;fonts.googleapis.com;fonts.gstatic.com;www.googletagmanager.com,https://cdn.hu-manity.co;Cloudflare;Google;Google;Google,5,cdn.hu-manity.co();cdnjs.cloudflare.com();fonts.googleapis.com();fonts.gstatic.com();www.googletagmanager.com(),0,0,0,0,,0,False
www.flore-habitatjeunes.org,Le Mans,72,03fefb68-f7af-4081-8a05-4eba832e3ac6,200,,3,analytics;captcha;cdn_font,fonts.googleapis.com;www.google.com;www.googletagmanager.com,Google;Google;Google,3,fonts.googleapis.com();www.google.com();www.googletagmanager.com(),0,0,0,0,,0,False
www.salmaise.fr,Salmaise,21,03ffbc98-0ead-45d4-b1d5-4a920b7dabe0,200,,2,altro_terzo_parte;cdn_font,unpkg.com;web-suivis.arnia-bfc.fr,unpkg;https://web-suivis.arnia-bfc.fr/piwik.php?idsite=231&rec=1&url=https://salmaise.fr/,2,unpkg.com();web-suivis.arnia-bfc.fr(),0,0,0,0,,0,False
www.giscos.fr,Giscos,33,04004e87-7b7c-4f7f-9dba-14a676998460,200,,2,altro_terzo_parte,code.jquery.com;widget.intramuros.org,http://code.jquery.com/jquery-latest.min.js;https://widget.intramuros.org/js/3.3.1/agenda.js,2,code.jquery.com();widget.intramuros.org(),0,0,0,0,,0,False
www.fedechasseurslandes.com,Pontonx-sur-l'Adour,40,0400f350-562d-4134-a2e2-07c24bf22ee8,200,,4,altro_terzo_parte;analytics;cdn_font,fonts.googleapis.com;fonts.gstatic.com;www.facebook.com;www.googletagmanager.com,Google;Google;https://www.facebook.com/tr?id=1428196857851185&ev=PageView&noscript=1;Google,4,fonts.googleapis.com();fonts.gstatic.com();www.facebook.com();www.googletagmanager.com(),0,0,0,0,,0,False
www.paysdelandi.com,Landivisiau,29,04041aa2-4bc8-4955-ac5b-e58a74a8c2ef,200,,2,cdn_font,fonts.googleapis.com;maxcdn.bootstrapcdn.com,Google;BootstrapCDN,2,fonts.googleapis.com();maxcdn.bootstrapcdn.com(),0,0,0,0,,0,False
www.hopital-breil-roya.com,Breil-sur-Roya,06,04044591-ff7f-47c3-be2f-1ab90fabffa4,200,,2,cdn_font,fonts.googleapis.com;fonts.gstatic.com,Google;Google,2,fonts.googleapis.com();fonts.gstatic.com(),0,0,0,0,,0,False
www.pour-les-personnes-agees.gouv.fr,Breil-sur-Roya,06,04044591-ff7f-47c3-be2f-1ab90fabffa4,200,nan,3,altro_terzo_parte,app-script.monsido.com;cdn-eu.readspeaker.com;siteimproveanalytics.com,https://app-script.monsido.com/v2/monsido-script.js;http://cdn-eu.readspeaker.com/script/7866/webReader/r/r2728/ReadSpeaker.Styles.css?v=3.8.7.2728;https://siteimproveanalytics.com/js/siteanalyze_6134497.js,3,app-script.monsido.com();cdn-eu.readspeaker.com();siteimproveanalytics.com(),0,1,0,0,nan,1,False
www.vaucluse.fr,Bollène,84,0407f544-4743-441b-9d59-a1c4918fcd64,418,,1,cdn_font,fonts.googleapis.com,Google,1,fonts.googleapis.com(),0,5,0,0,,5,False
www.mairiehardinvast.fr,Hardinvast,50,040b2225-8039-44e0-a8a9-a7ecd2229bba,200,,0,,,,0,,0,0,0,0,,0,False
www.gironde.gouv.fr,Bordeaux,33,040b380a-0cc9-4476-99b1-0e225c70969c,,ConnectionError,0,,,,,,,0,0,0,,0,False
www.mortagne-sur-gironde.fr,Mortagne-sur-Gironde,17,040b8581-396c-45e4-9f8d-c1ec89da5097,200,,3,cdn_font,cdn.jsdelivr.net;cdnjs.cloudflare.com;fonts.googleapis.com,jsDelivr;Cloudflare;Google,3,cdn.jsdelivr.net();cdnjs.cloudflare.com();fonts.googleapis.com(),0,3,1,0,,2,False
www.gendarmerie.interieur.gouv.fr,Le Mont-Dore,988,040c3032-6ddd-4c30-ac34-ee9d2a838dc3,nan,ConnectionError,0,nan,nan,nan,nan,nan,nan,0,0,0,nan,0,False
www.ruffeylesbeaune.fr,Ruffey-lès-Beaune,21,040ec3d4-38a2-469e-801e-a7430063a8db,200,,4,altro_terzo_parte;analytics;cdn_font,app.panneaupocket.com;cdn.boxicons.com;cdn.jsdelivr.net;www.googletagmanager.com,https://app.panneaupocket.com/embeded/1075875820?mode=widget&autoNavigation=0;https://cdn.boxicons.com/3.0.6/fonts/basic/boxicons.min.css?ver=2.1.4;jsDelivr;Google,4,app.panneaupocket.com();cdn.boxicons.com();cdn.jsdelivr.net();www.googletagmanager.com(),0,0,0,0,,0,False
www.gendarmerie.interieur.gouv.fr,Salazie,974,040edc38-babf-482d-81a0-1ac66f3663d4,nan,ConnectionError,0,nan,nan,nan,nan,nan,nan,0,0,0,nan,0,False
www.onisep.fr,Lille,59,0410ffec-5172-4a84-a5ea-e0d98a398d04,200,nan,1,altro_terzo_parte,securepubads.g.doubleclick.net,https://securepubads.g.doubleclick.net/tag/js/gpt.js,1,securepubads.g.doubleclick.net(),0,0,0,0,nan,0,False
www.lot.fr,Gourdon,46,0411050f-9745-4471-a61f-36476a820423,200,,1,analytics,www.googletagmanager.com,Google,1,www.googletagmanager.com(),0,0,0,0,,0,False
www.pont-croix.fr,Pont-Croix,29,041439a4-0d94-43ba-a79f-541969218e88,200,,6,altro_terzo_parte;analytics;cdn_font;sdk_generico,back.monvillage.bzh;fonts.googleapis.com;gmpg.org;maps.googleapis.com;use.fontawesome.com;www.googletagmanager.com,https://back.monvillage.bzh/assets/widgets/widget-home/widget-home-v1.js;Google;http://gmpg.org/xfn/11;Google;Font Awesome;Google,6,back.monvillage.bzh();fonts.googleapis.com();gmpg.org();maps.googleapis.com();use.fontawesome.com();www.googletagmanager.com(),0,0,0,0,,0,False
www.voujeaucourt.fr,Voujeaucourt,25,041456c5-938c-4f90-9ef5-99e4864d7e55,200,,0,,,,0,,0,1,0,0,,1,False
www.puy-de-dome.cci.fr,Ambert,63,04151b96-072f-4013-8af4-deacfd1c5b6d,403,,0,,,,0,,0,1,0,0,,1,True
www.epide.fr,Montry,77,0415e4bf-d4be-4618-afc3-2e33a6dbddd6,200,,1,analytics,www.googletagmanager.com,Google,1,www.googletagmanager.com(),0,0,0,0,,0,False
www.yvelines.fr,Trappes,78,041641b0-d209-482c-87b2-6a95ab727ef2,200,,8,altro_terzo_parte;analytics;cdn_font;sdk_generico,ajax.googleapis.com;cdn.jsdelivr.net;code.highcharts.com;live.staticflickr.com;maps.googleapis.com;s.w.org;www.facebook.com;www.googletagmanager.com,Google;jsDelivr;https://code.highcharts.com;https://live.staticflickr.com/65535/55489504773_42848f7340_s.jpg;Google;https://s.w.org;https://www.facebook.com/plugins/likebox.php?href=https%3A%2F%2Fwww.facebook.com%2FYvelines.78&width=210&colorscheme=light&show_faces=true&border_color=b9b9b9&stream=false&header=false&height=258;Google,8,ajax.googleapis.com();cdn.jsdelivr.net();code.highcharts.com();live.staticflickr.com();maps.googleapis.com();s.w.org();www.facebook.com();www.googletagmanager.com(),0,1,1,0,,0,False
www.oise.gouv.fr,Beauvais,60,0417c71d-2c8f-4626-955f-52df3c6e77ef,nan,ConnectionError,0,nan,nan,nan,nan,nan,nan,0,0,0,nan,0,False
oberhergheim.fr,Oberhergheim,68,04197285-0446-4099-a269-c9f274229561,200,,4,altro_terzo_parte;cdn_font,campagnolv2-2.campagnol.fr;fonts.googleapis.com;fonts.gstatic.com;gmpg.org,https://campagnolv2-2.campagnol.fr/wp-content/themes/twentyseventeen-child/assets/images/logo-campagnol-2023.png;Google;Google;http://gmpg.org/xfn/11,4,campagnolv2-2.campagnol.fr();fonts.googleapis.com();fonts.gstatic.com();gmpg.org(),0,0,0,0,,0,False
commissaire-justice.fr,Dijon,21,041c85eb-82f4-4f77-a565-9b8bedbe42cb,200,,6,altro_terzo_parte;analytics;cdn_font;sdk_generico;video,fonts.googleapis.com;fonts.gstatic.com;maps.googleapis.com;widget.cncj.org;www.googletagmanager.com;www.youtube.com,Google;Google;Google;https://widget.cncj.org/widget-reservation-style.css?ver=92ddd66fbe7e08c41199b5f3a3d93fdd;Google;Google,6,fonts.googleapis.com();fonts.gstatic.com();maps.googleapis.com();widget.cncj.org();www.googletagmanager.com();www.youtube.com(),0,0,0,0,,0,False
www.tarn.fr,Albi,81,04200a4f-bf22-4c7f-8dcc-7851b8c8031c,418,nan,1,cdn_font,fonts.googleapis.com,Google,1,fonts.googleapis.com(),0,4,0,0,nan,4,False
www.iledefrance-villejuif.cnrs.fr,Villejuif,94,0420533f-9de9-4946-a942-b0b654fbfe00,200,,0,,,,0,,0,0,0,0,,0,False
www.touraine.fr,Sainte-Maure-de-Touraine,37,042147ea-0aa5-4aca-836f-5cfc55f2db3c,200,nan,4,altro_terzo_parte;analytics;cdn_font,cdn1.readspeaker.com;code.jquery.com;fonts.googleapis.com;www.googletagmanager.com,https://cdn1.readspeaker.com/script/11977/webReader/webReader.js?pids=wr;https://code.jquery.com/jquery-3.6.1.min.js;Google;Google,4,cdn1.readspeaker.com();code.jquery.com();fonts.googleapis.com();www.googletagmanager.com(),0,2,2,0,nan,0,False
www.gendarmerie.interieur.gouv.fr,Poissons,52,04224e1f-c377-4911-ba66-c3d272b16e25,nan,ConnectionError,0,nan,nan,nan,nan,nan,nan,0,0,0,nan,0,False
www.bromont-lamothe.fr,Bromont-Lamothe,63,0422624c-0450-42c0-9e32-f27f366914a2,200,,5,altro_terzo_parte;captcha;cdn_font,cdnjs.cloudflare.com;fonts.googleapis.com;fonts.gstatic.com;js.hcaptcha.com;static.neopse.com,Cloudflare;Google;Google;hCaptcha;https://static.neopse.com/medias/p/3192/site/4d/76/f1/4d76f13b54d341c259dbb0b9492e3ce632add2d1.jpg?v=v1,5,cdnjs.cloudflare.com();fonts.googleapis.com();fonts.gstatic.com();js.hcaptcha.com();static.neopse.com(),0,0,0,0,,0,False
www.mairie-gonnevillesurhonfleur.fr,Gonneville-sur-Honfleur,14,042283bb-62a6-42eb-bc17-f3d55e814cb1,200,,3,analytics;cdn_font,fonts.googleapis.com;fonts.gstatic.com;www.googletagmanager.com,Google;Google;Google,3,fonts.googleapis.com();fonts.gstatic.com();www.googletagmanager.com(),0,0,0,0,,0,False
www.wallis-et-futuna.gouv.fr,Wallis et Futuna,986,0422e3a3-66ee-44b0-aef7-0da9ea74eb6d,nan,ConnectionError,0,nan,nan,nan,nan,nan,nan,0,0,0,nan,0,False
www.haegen.fr,Haegen,67,0424a81d-ef3f-45d9-85fb-ed32922dd01c,200,,7,altro_terzo_parte;cdn_font,calendar.google.com;cdnjs.cloudflare.com;code.jquery.com;fonts.googleapis.com;stackpath.bootstrapcdn.com;www.cc-paysdesaverne.fr;www.google.com,https://calendar.google.com/calendar/embed?src=7qnfaccodetcaag4ji0b9qt6uo%40group.calendar.google.com&ctz=Europe%2FParis&color=%23C0CA33&color=%23009688&color=%23F09300&color=%238E24AA&showNav=1&showTitle=0&showDate=1&showPrint=0&showTabs=0&mode=AGENDA&showTz=0&showCalendars=0;Cloudflare;https://code.jquery.com/jquery-3.4.1.min.js;Google;BootstrapCDN;https://www.cc-paysdesaverne.fr/wp-content/uploads/2018/11/haegen.png;https://www.google.com/maps/embed?pb=!1m18!1m12!1m3!1d2632.573116928339!2d7.3373496156692575!3d48.71363967927361!2m3!1f0!2f0!3f0!3m2!1i1024!2i768!4f13.1!3m3!1m2!1s0x47941df110f2f1bd%3A0xbea73df04c71dab9!2sMairie%20de%20Haegen!5e0!3m2!1sfr!2sfr!4v1617091913528!5m2!1sfr!2sfr,7,calendar.google.com();cdnjs.cloudflare.com();code.jquery.com();fonts.googleapis.com();stackpath.bootstrapcdn.com();www.cc-paysdesaverne.fr();www.google.com(),0,1,0,0,,1,False
www.betton.fr,Betton,35,0429cbd8-834c-420b-a542-a25ce21adfaa,200,,0,,,,0,,0,0,0,0,,0,False
www.intramuros.org,Lisle-en-Barrois,55,042b2cea-5ce2-4d3b-b910-960736ee3f35,200,nan,1,altro_terzo_parte,files.appli-intramuros.com,https://files.appli-intramuros.com/website/static/challenge.html,1,files.appli-intramuros.com(),0,1,0,0,nan,1,False
www.vaucluse.fr,Avignon,84,042bc213-5d8a-4e94-af9c-5b64addd622f,418,,1,cdn_font,fonts.googleapis.com,Google,1,fonts.googleapis.com(),0,5,0,0,,5,False
www.gendarmerie.interieur.gouv.fr,Coubert,77,042c540c-ecce-43b6-b0eb-1eaade375ac9,nan,ConnectionError,0,nan,nan,nan,nan,nan,nan,0,0,0,nan,0,False
www.ac-nice.fr,Menton,06,042dfe9f-22c0-4c54-9ddc-0f597c37d699,403,,0,,,,0,,0,0,0,0,,0,True
www.haute-vienne.fr,Nantiat,87,042e4160-e7fd-4979-91e5-c1b51067af99,200,,0,,,,0,,0,0,0,0,,0,False
www.pour-les-personnes-agees.gouv.fr,Nantiat,87,042e4160-e7fd-4979-91e5-c1b51067af99,200,nan,3,altro_terzo_parte,app-script.monsido.com;cdn-eu.readspeaker.com;siteimproveanalytics.com,https://app-script.monsido.com/v2/monsido-script.js;http://cdn-eu.readspeaker.com/script/7866/webReader/r/r2728/ReadSpeaker.Styles.css?v=3.8.7.2728;https://siteimproveanalytics.com/js/siteanalyze_6134497.js,3,app-script.monsido.com();cdn-eu.readspeaker.com();siteimproveanalytics.com(),0,1,0,0,nan,1,False
www.simetra.fr,Biarritz,64,042f6293-1e03-40d0-99b0-23c54c364e5c,200,,1,altro_terzo_parte,gmpg.org,https://gmpg.org/xfn/11,1,gmpg.org(),0,0,0,0,,0,False
www.somme.gouv.fr,Abbeville,80,0430301e-223f-442a-9b14-ca32ac85a31d,,ConnectionError,0,,,,,,,0,0,0,,0,False
www.somme.gouv.fr,Abbeville,80,0430301e-223f-442a-9b14-ca32ac85a31d,,ConnectionError,0,,,,,,,0,0,0,,0,False
www.nouvelle-caledonie.gouv.fr,Lifou,988,04306e8f-9b53-47b2-8b2d-b0489db0bb2e,,ConnectionError,0,,,,,,,0,0,0,,0,False
www.ville-valbonne.fr,Valbonne,06,0431434f-3efe-4d98-9015-8ae751d8ced1,200,,5,altro_terzo_parte;cdn_font;sdk_generico,gmpg.org;maxcdn.bootstrapcdn.com;translate.google.com;translate.googleapis.com;www.gstatic.com,http://gmpg.org/xfn/11;BootstrapCDN;https://translate.google.com;Google;Google,5,gmpg.org();maxcdn.bootstrapcdn.com();translate.google.com();translate.googleapis.com();www.gstatic.com(),0,0,0,0,,0,False
www.perdreauville.fr,Perdreauville,78,04326776-2538-4541-bfc8-b20d7508719b,200,,1,altro_terzo_parte,app.panneaupocket.com,https://app.panneaupocket.com/embeded/832344590?mode=widget&autoNavigation=0,1,app.panneaupocket.com(),0,0,0,0,,0,False
www.impots.gouv.fr,Clermont-Ferrand,63,04327071-05f9-4b30-a0b5-41c8a9b3dd22,200,nan,0,nan,nan,nan,0,nan,0,0,0,0,nan,0,False
www.gendarmerie.interieur.gouv.fr,Dourgne,81,0432f221-93e6-428a-b4d6-aa167180484a,nan,ConnectionError,0,nan,nan,nan,nan,nan,nan,0,0,0,nan,0,False
www.nievre.fr,La Charité-sur-Loire,58,043470aa-e519-47c0-8078-7fd80612bc8e,200,,5,altro_terzo_parte;captcha;cdn_font;video,cdntag.tarteaucitron.io;fonts.googleapis.com;gmpg.org;www.google.com;www.youtube.com,https://cdntag.tarteaucitron.io;Google;https://gmpg.org/xfn/11;Google;Google,5,cdntag.tarteaucitron.io();fonts.googleapis.com();gmpg.org();www.google.com();www.youtube.com(),0,0,0,0,,0,False
www.pour-les-personnes-agees.gouv.fr,La Charité-sur-Loire,58,043470aa-e519-47c0-8078-7fd80612bc8e,200,nan,3,altro_terzo_parte,app-script.monsido.com;cdn-eu.readspeaker.com;siteimproveanalytics.com,https://app-script.monsido.com/v2/monsido-script.js;http://cdn-eu.readspeaker.com/script/7866/webReader/r/r2728/ReadSpeaker.Styles.css?v=3.8.7.2728;https://siteimproveanalytics.com/js/siteanalyze_6134497.js,3,app-script.monsido.com();cdn-eu.readspeaker.com();siteimproveanalytics.com(),0,1,0,0,nan,1,False
www.masecurite.interieur.gouv.fr,Meyzieu,69,043623e4-de34-45f7-8cc7-1327f5812bc8,200,nan,1,altro_terzo_parte,cdn.tagcommander.com,https://cdn.tagcommander.com/6351/tc_moncommissariat_20.js,1,cdn.tagcommander.com(),0,0,0,0,nan,0,False
www.massifdusancy.fr,BESSE ET ST ANASTAISE,63,0436657b-f3de-4c34-a3cb-0c21dc53c78a,200,,0,,,,0,,0,0,0,0,,0,False
www.alpedhuez-mairie.fr,Alpe-d'Huez,38,04377c5a-d015-49d3-a0e5-02f65062fe01,200,,2,altro_terzo_parte,gmpg.org;platform-api.sharethis.com,http://gmpg.org/xfn/11;https://platform-api.sharethis.com,2,gmpg.org();platform-api.sharethis.com(),0,0,0,0,,0,False
www.lachapellebaton86.fr,La Chapelle-Bâton,86,0438647d-8133-42ac-a633-c7fd1a252d5e,200,,4,altro_terzo_parte;cdn_font,fonts.googleapis.com;gmpg.org;meteofrance.com;themedemos.webmandesign.eu,Google;http://gmpg.org/xfn/11;https://meteofrance.com/widget/prevision/860550##0D7C92;https://themedemos.webmandesign.eu/cindy/wp-content/uploads/sites/25/WMDEMO__icon-location.png,4,fonts.googleapis.com();gmpg.org();meteofrance.com();themedemos.webmandesign.eu(),0,0,0,0,,0,False
www.gendarmerie.interieur.gouv.fr,Quiberon,56,043a069e-40ca-463f-aab2-91c11e69a78e,nan,ConnectionError,0,nan,nan,nan,nan,nan,nan,0,0,0,nan,0,False
drome.famillesrurales.org,Valence,26,043af482-e735-4d90-8652-1999394efd87,200,,5,altro_terzo_parte;analytics;cdn_font;sdk_generico;video,cdn.jsdelivr.net;connect.facebook.net;maps.googleapis.com;platform.linkedin.com;www.youtube.com,jsDelivr;Meta;Google;https://platform.linkedin.com/in.js;Google,5,cdn.jsdelivr.net();connect.facebook.net();maps.googleapis.com();platform.linkedin.com();www.youtube.com(),0,0,0,0,,0,False
www.ville-riom-es-montagnes.fr,Riom-ès-Montagnes,15,043b68a6-8f6a-42fc-910d-d574d4d61f68,200,,1,cdn_font,fonts.googleapis.com,Google,1,fonts.googleapis.com(),0,2,1,0,,1,False
www.vezelin-sur-loire.fr,Vézelin-sur-Loire,42,043c9af3-6615-4a70-aede-6d2f40708d8c,200,,0,,,,0,,0,2,1,0,,1,False
www.caba.fr,Aurillac,15,043db1ce-a865-4d71-b1ac-c188793066d5,200,,1,altro_terzo_parte,www.aurillacagglo.fr,https://www.aurillacagglo.fr/media/cache/resolve/1_lq_square/uploads/565ee0a1dc2c8882256856.png,1,www.aurillacagglo.fr(),0,0,0,0,,0,False
www.associations.gouv.fr,Dijon Cedex,21,043e061e-eebc-4eca-8f26-45338bb081f8,200,nan,0,nan,nan,nan,0,nan,0,0,0,0,nan,0,False
www.labo-terana.fr,Nevers,58,043e4123-c726-4b01-85b6-32da9a86f9d0,200,,2,altro_terzo_parte;analytics,gmpg.org;www.googletagmanager.com,https://gmpg.org/xfn/11;Google,2,gmpg.org();www.googletagmanager.com(),0,1,1,0,,0,False
www.labo-terana.fr,Nevers,58,043e4123-c726-4b01-85b6-32da9a86f9d0,200,,2,altro_terzo_parte;analytics,gmpg.org;www.googletagmanager.com,https://gmpg.org/xfn/11;Google,2,gmpg.org();www.googletagmanager.com(),0,1,1,0,,0,False
www.fromental.fr,Fromental,87,043f828c-0f0d-4a93-96ed-6e86265258d8,404,,0,,,,0,,0,0,0,0,,0,False
www.france-services.gouv.fr,Henrichemont,18,0440552f-d22e-45a2-8ca9-469b7d48a23b,nan,ConnectionError,0,nan,nan,nan,nan,nan,nan,0,0,0,nan,0,False
www.ville-le-marclet.fr,Ville-le-Marclet,80,04416dce-040c-42b3-9f31-6a5242d40615,503,,1,altro_terzo_parte,dev.exoca.fr,http://dev.exoca.fr/,1,dev.exoca.fr(),0,0,0,0,,0,False
www.ville-toucy.fr,Toucy,89,04423995-c45f-4e19-8fb1-0fba8c872ca6,404,,1,cdn_font,fonts.googleapis.com,Google,1,fonts.googleapis.com(),0,2,1,0,,1,False
www.crouy-sur-ourcq.fr,Crouy-sur-Ourcq,77,0442aaa9-7cea-4864-a9ec-987e5c689e22,200,,2,cdn_font,fonts.googleapis.com;fonts.gstatic.com,Google;Google,2,fonts.googleapis.com();fonts.gstatic.com(),0,1,0,0,,1,False
www.gendarmerie.interieur.gouv.fr,Nevers,58,0442dec7-2f32-4392-a7be-9cf9766fa3e6,nan,ConnectionError,0,nan,nan,nan,nan,nan,nan,0,0,0,nan,0,False
www.france-services.gouv.fr,Phalsbourg,57,0443377b-9fd9-44e3-beba-1042e17c6ed4,nan,ConnectionError,0,nan,nan,nan,nan,nan,nan,0,0,0,nan,0,False
fondettes.fr,Fondettes,37,04447d25-bb65-4547-a03d-06e3b9e2f5b1,200,,0,,,,0,,0,0,0,0,,0,False
ami-prevention.fr,Paris,75,0446595e-0150-4732-a0fc-bad4bf5284e9,200,,2,cdn_font,fonts.googleapis.com;fonts.gstatic.com,Google;Google,2,fonts.googleapis.com();fonts.gstatic.com(),0,0,0,0,,0,False
www.clermont-oise.fr,Clermont,60,0446c6f2-3dca-44b2-93fb-e9be752fb724,200,,6,altro_terzo_parte;analytics;cdn_font,c0.wp.com;fonts.googleapis.com;i0.wp.com;stats.wp.com;v0.wordpress.com;www.googletagmanager.com,https://c0.wp.com/p/jetpack/16.1.3/modules/widgets/social-icons/social-icons.css;Google;https://i0.wp.com/www.clermont-oise.fr/wp-content/uploads/2016/10/RDV-Clermont-Capture-Ecran-Principal.png?fit=2523%2C1734&ssl=1;https://stats.wp.com/e-202638.js;https://v0.wordpress.com;Google,6,c0.wp.com();fonts.googleapis.com();i0.wp.com();stats.wp.com();v0.wordpress.com(US);www.googletagmanager.com(),0,1,0,1,_fbp,0,False
www.apec.fr,Toulon,83,04484d36-5231-41f1-ba5e-3917d019e820,200,,2,altro_terzo_parte;analytics,try.abtasty.com;www.googletagmanager.com,https://try.abtasty.com/8a0e815113ba2569e1f798ceca3507ed.js;Google,2,try.abtasty.com();www.googletagmanager.com(),0,3,0,0,,3,False
www.grandpoitiers.fr,Poitiers,86,04491afa-57c3-4a9f-a76a-0ab3465fbc5f,200,,2,altro_terzo_parte;cdn_font,a9.com;cdnjs.cloudflare.com,http://a9.com/-/spec/opensearch/1.1/;Cloudflare,2,a9.com();cdnjs.cloudflare.com(),0,0,0,0,,0,False
www.grandpoitiers.fr,Poitiers,86,04491afa-57c3-4a9f-a76a-0ab3465fbc5f,200,,2,altro_terzo_parte;cdn_font,a9.com;cdnjs.cloudflare.com,http://a9.com/-/spec/opensearch/1.1/;Cloudflare,2,a9.com();cdnjs.cloudflare.com(),0,0,0,0,,0,False
www.anah.gouv.fr,Poitiers,86,04491afa-57c3-4a9f-a76a-0ab3465fbc5f,200,nan,1,cdn_font,cdn.jsdelivr.net,jsDelivr,1,cdn.jsdelivr.net(),0,1,0,0,nan,1,False
cussac87.com,Cussac,87,044993e0-06c3-4cde-b218-c3dec41b82f3,200,,6,altro_terzo_parte;cdn_font,fonts.googleapis.com;fonts.gstatic.com;gmpg.org;kit.fontawesome.com;stats.wp.com;widget.intramuros.org,Google;Google;http://gmpg.org/xfn/11;https://kit.fontawesome.com;https://stats.wp.com;https://widget.intramuros.org/js/5.1.0/agenda.js,6,fonts.googleapis.com();fonts.gstatic.com();gmpg.org();kit.fontawesome.com();stats.wp.com();widget.intramuros.org(),0,0,0,0,,0,False
thuir.fr,Thuir,66,0449ce02-4e82-4311-a94b-e3822b2c44c3,200,,1,cdn_font,fonts.gstatic.com,Google,1,fonts.gstatic.com(),0,0,0,0,,0,False
www.freissinieres.fr,Freissinières,05,044b9dc2-ed2d-4d9d-b83e-0fc8ef423e47,200,,1,altro_terzo_parte,app.mailjet.com,https://app.mailjet.com/statics/js/widget.modal.js,1,app.mailjet.com(),0,0,0,0,,0,False
www.saferdenormandie.fr,Caen,14,044eab28-c22e-470f-8702-83ca962da25e,200,,2,cdn_font,cdnjs.cloudflare.com;fonts.googleapis.com,Cloudflare;Google,2,cdnjs.cloudflare.com();fonts.googleapis.com(),0,1,1,0,,0,False
www.vienne.gouv.fr,Poitiers,86,044f4ada-e551-426d-8c62-6d7b19f5d21a,,ConnectionError,0,,,,,,,0,0,0,,0,False
www.vienne.gouv.fr,Poitiers,86,044f4ada-e551-426d-8c62-6d7b19f5d21a,,ConnectionError,0,,,,,,,0,0,0,,0,False
saulnot.fr,Saulnot,70,0452a5f0-48fe-4767-9653-eb801d447c27,200,,5,altro_terzo_parte;cdn_font,app.panneaupocket.com;fonts.googleapis.com;fonts.gstatic.com;gmpg.org;votre-commune.inforoutes.fr,https://app.panneaupocket.com/embeded/92672609;Google;Google;http://gmpg.org/xfn/11;https://votre-commune.inforoutes.fr/wp-content/themes/twentyseventeen-child/assets/images/logo-campagnol-2023.png,5,app.panneaupocket.com();fonts.googleapis.com();fonts.gstatic.com();gmpg.org();votre-commune.inforoutes.fr(),0,0,0,0,,0,False
www.laujuzan.com,Laujuzan,32,0452bd83-8c0f-4104-b54a-0c1cae9fe01c,200,,4,altro_terzo_parte;cdn_font,cdn.website-editor.net;le-cdn.website-editor.net;static-cdn.website-editor.net;use.fontawesome.com,https://cdn.website-editor.net/s/957938e29fd14dedbdf647c585b8e88c/files/957938e29fd14dedbdf647c585b8e88c_home_withFlex_1.min.css?v=169&Expires=1792164379&Signature=VpUvvmej2ej3qQk8Vo5CVdJLkWl4TpbsMMU~K~eXx83RNr22OdKBYVMCIUBi70NOwavV6-QTTKttkhvNBQF4~mu4lZtAwVoHWwe3UpacHq9sAO-Xp4Kqu88Y6H4sPpGuVIN97msHhedkoFPxwRd3mNgXgAWWaEa2KNoofbi3fZSAq9BsrWLqZBWf7r0NNhrwbccNdokbc6hj3pHgMi4d3TeFah9vgwudBd~qibvqvTrs5ICqgRHI1RhzaGqJazLtHy0rrnrFB-vaCAUCj2Yx-kn2vH5NgegVOYuFe2pi7i5bFxw7PB7rfejaLfrUPmahsICfku8eFuXcgqaeBQxJPw__&Key-Pair-Id=K2NXBXLF010TJW;https://le-cdn.website-editor.net/s/957938e29fd14dedbdf647c585b8e88c/dms3rep/multi/opt/Restauration+charette-1920w.jpg?Expires=1792164379&Signature=QdpfRwDldPIoU~JNNbSPaVxINXSXqAzQd18PWdKG3bB4bD0MgMov2EHIuk1fVLtjNUWZAl5XDaEjrlFgOqjgm6A8~j1cPwTAi5QvWtQlY-rxAyOBjStboDFl1NLJzT1qa491dAjc~QMeT3p~YqA~EPoEgujfzt12FuX1Q8aNvxHHtO0TX~BjALdwQeINc68V9jdlziEoBIBzBVlxVltQBEyRNL72VF-e67Z-n8U0OO~91Xu4~QAA4ZB3X~IWQmfc~PYG6juaU5kOM9Pos3zGjSDacFhemQ5n5KuIeed2Dpd3yIUsTWdvA0K2IdfcHLy9nvm3YPJ6oyk~TsHiSdx-jQ__&Key-Pair-Id=K2NXBXLF010TJW;https://static-cdn.website-editor.net/mnlt/production/6785/_dm/s/rt/dist/css/d-css-runtime-desktop-one-package-structured-global.min.css;Font Awesome,4,cdn.website-editor.net();le-cdn.website-editor.net();static-cdn.website-editor.net();use.fontawesome.com(),0,0,0,0,,0,False
www.gendarmerie.interieur.gouv.fr,Landivy,53,0452e902-80c7-4a5b-bcef-4a416151e550,nan,ConnectionError,0,nan,nan,nan,nan,nan,nan,0,0,0,nan,0,False
www.defense.gouv.fr,Angers Cedex,49,045447f2-f708-48a1-b43b-c69114c7bed8,200,,0,,,,0,,0,2,1,0,,1,False
www.mairie-socx.fr,Socx,59,0454e023-72f9-49c2-a2e6-6eeb218fe0ee,200,,4,altro_terzo_parte;analytics,cdn.koredge.website;cdn.tarteaucitron.io;tarteaucitron.io;www.googletagmanager.com,https://cdn.koredge.website/tarteaucitron/tarteaucitron-center.min.css?ver=1.0.0;https://cdn.tarteaucitron.io;https://tarteaucitron.io;Google,4,cdn.koredge.website();cdn.tarteaucitron.io();tarteaucitron.io();www.googletagmanager.com(),0,0,0,0,,0,False
saintamanttallende.fr,Saint-Amant-Tallende,63,0457d7d8-c1f9-4321-9fad-7d9440b46f4b,200,,5,analytics;captcha;cdn_font;sdk_generico,fonts.googleapis.com;fonts.gstatic.com;www.google.com;www.googletagmanager.com;www.gstatic.com,Google;Google;Google;Google;Google,5,fonts.googleapis.com();fonts.gstatic.com();www.google.com();www.googletagmanager.com();www.gstatic.com(),0,0,0,0,,0,False
ablainstnazaire.org,Ablain-Saint-Nazaire,62,0458a427-ac70-4f04-885f-2bfe34658d6a,200,,14,altro_terzo_parte,0.gravatar.com;ablainstnazairecom.files.wordpress.com;ablainstnazairecom.wordpress.com;calendar.google.com;fonts-api.wp.com;gmpg.org;i0.wp.com;pixel.wp.com;s0.wp.com;s1.wp.com;s2.wp.com;stats.wp.com;wp.me;www.google.com,https://0.gravatar.com/js/hovercards/hovercards.min.js?ver=202638d1133547e8a1f2801609f51cef12522abe7f6647d869e9fbc974fe356a37e613;https://ablainstnazairecom.files.wordpress.com/2021/10/log_ablain.gif?w=932;https://ablainstnazairecom.wordpress.com/xmlrpc.php?rsd;https://calendar.google.com/calendar/embed?height=330&wkst=1&bgcolor=%230B8043&ctz=Europe%2FParis&src=YWJsYWluc3RuYXphaXJlQGdtYWlsLmNvbQ&src=YWRkcmVzc2Jvb2sjY29udGFjdHNAZ3JvdXAudi5jYWxlbmRhci5nb29nbGUuY29t&src=ZnIuZnJlbmNoI2hvbGlkYXlAZ3JvdXAudi5jYWxlbmRhci5nb29nbGUuY29t&color=%23039BE5&color=%2333B679&color=%230B8043;https://fonts-api.wp.com/css?family=Lato%3A400%2C700%2C900%2C400italic%2C700italic%7CMerriweather%3A700%2C900%2C400italic&subset=latin%2Clatin-ext;http://gmpg.org/xfn/11;https://i0.wp.com/ablainstnazaire.org/wp-content/uploads/2026/09/20260901_090309.jpg?resize=400%2C200&ssl=1;https://pixel.wp.com/b.gif?v=noscript;https://s0.wp.com;https://s1.wp.com/opensearch.xml;https://s2.wp.com/i/logo/wpcom-gray-white.png?m=1479929237i;https://stats.wp.com/w.js?69;https://wp.me/cLAiE;https://www.google.com/maps/embed/v1/place?q=78+rue+Marcel+Lancino62153+Ablain-Saint-Nazaire&key=AIza_REDACTED,14,0.gravatar.com();ablainstnazairecom.files.wordpress.com();ablainstnazairecom.wordpress.com(US);calendar.google.com();fonts-api.wp.com();gmpg.org();i0.wp.com();pixel.wp.com();s0.wp.com();s1.wp.com();s2.wp.com();stats.wp.com();wp.me(US);www.google.com(),0,0,0,0,,0,False
www.bretagne.ars.sante.fr,Vannes,56,045b6b37-6f71-4837-974a-f64f4c84df83,200,,2,altro_terzo_parte,admin-pipeline.upsun-fr-3.observability-pipeline.blackfire.io;tag.aticdn.net,https://admin-pipeline.upsun-fr-3.observability-pipeline.blackfire.io/js/probe.js;https://tag.aticdn.net/piano-analytics.js,2,admin-pipeline.upsun-fr-3.observability-pipeline.blackfire.io();tag.aticdn.net(),0,0,0,0,,0,False
www.cnfpt.fr,Lons-le-Saunier,39,045ba7f9-da1a-4fdb-8a2a-fd2e70a35b46,200,,0,,,,0,,0,1,0,0,,1,False
www.rahon.fr,Rahon,39,045c2a5c-9962-4153-9d40-d34815cd2e32,200,,2,analytics;cdn_font,fonts.googleapis.com;www.googletagmanager.com,Google;Google,2,fonts.googleapis.com();www.googletagmanager.com(),0,1,1,0,,0,False
www.traverseres.fr,Traversères,32,045db791-65e5-47ea-a827-ce12787ffa4c,404,,0,,,,0,,0,0,0,0,,0,False
www.benesse-les-dax.fr,Bénesse-lès-Dax,40,0461475c-2bbd-47f3-8317-8bb6c23968a8,200,,0,,,,0,,0,0,0,0,,0,False
www.caue02.com,Laon,02,0462e424-6e9c-47ff-be37-475e817fddfe,200,,8,altro_terzo_parte;analytics;cdn_font,cdn.jsdelivr.net;cdn.s-pass.org;cdnjs.cloudflare.com;js.arcgis.com;s-pass.matomo.cloud;translate.google.com;unpkg.com;www.googletagmanager.com,jsDelivr;https://cdn.s-pass.org/SPASSDATA/media/cache/portail_banner/SPASSDATA/media_portail/378/charliermartine-noyer-juil2020-billysuraisne-jpg-2.jpg;Cloudflare;https://js.arcgis.com/3.27/esri/css/esri.css;Matomo Cloud;https://translate.google.com/translate_a/element.js?cb=googleTranslateElementInit;unpkg;Google,8,cdn.jsdelivr.net();cdn.s-pass.org();cdnjs.cloudflare.com();js.arcgis.com();s-pass.matomo.cloud();translate.google.com();unpkg.com();www.googletagmanager.com(),0,0,0,0,,0,False
www.lesourn.fr,Le Sourn,56,04634913-5774-4481-9a4e-a3516fa88662,200,,1,altro_terzo_parte,assets.plesk.com,https://assets.plesk.com/static/default-website-content/public/default-server-index.js,1,assets.plesk.com(),0,0,0,0,,0,False
www.arc-sud-bretagne.fr,Muzillac,56,0464fb2d-960f-421f-8e61-6344a42868c8,200,,5,altro_terzo_parte;cdn_font,fonts.googleapis.com;fonts.gstatic.com;gmpg.org;maxcdn.bootstrapcdn.com;use.fontawesome.com,Google;Google;http://gmpg.org/xfn/11;BootstrapCDN;Font Awesome,5,fonts.googleapis.com();fonts.gstatic.com();gmpg.org();maxcdn.bootstrapcdn.com();use.fontawesome.com(),0,0,0,0,,0,False
daaf.guadeloupe.agriculture.gouv.fr,Basse-Terre,971,04667811-c34a-466d-9e05-cc6d5d2412da,,ConnectTimeout,0,,,,,,,0,0,0,,0,False
www.vaucluse.fr,Montfavet,84,0466b2c7-0820-47a8-931b-0ddb95e9d44d,418,,1,cdn_font,fonts.googleapis.com,Google,1,fonts.googleapis.com(),0,5,0,0,,5,False
www.maurrin.fr,Maurrin,40,046997d0-620b-4f10-8816-50603f09c077,200,,3,altro_terzo_parte;captcha;cdn_font,f1-eu.readspeaker.com;use.fontawesome.com;www.google.com,https://f1-eu.readspeaker.com/script/5462/webReader/webReader.js?pids=wr;Font Awesome;Google,3,f1-eu.readspeaker.com();use.fontawesome.com();www.google.com(),0,0,0,0,,0,False
www.deux-sevres.cci.fr,Melle,79,0469b59a-5d09-4102-9edb-596fa46d9cbb,403,,0,,,,0,,0,1,0,0,,1,True
smdlyon.fr,Lyon,69,0469f099-835c-46df-a3b4-2eb377ede0b2,200,,2,analytics;cdn_font,fonts.gstatic.com;www.googletagmanager.com,Google;Google,2,fonts.gstatic.com();www.googletagmanager.com(),0,0,0,0,,0,False
www.pour-les-personnes-agees.gouv.fr,Lyon,69,0469f099-835c-46df-a3b4-2eb377ede0b2,200,nan,3,altro_terzo_parte,app-script.monsido.com;cdn-eu.readspeaker.com;siteimproveanalytics.com,https://app-script.monsido.com/v2/monsido-script.js;http://cdn-eu.readspeaker.com/script/7866/webReader/r/r2728/ReadSpeaker.Styles.css?v=3.8.7.2728;https://siteimproveanalytics.com/js/siteanalyze_6134497.js,3,app-script.monsido.com();cdn-eu.readspeaker.com();siteimproveanalytics.com(),0,1,0,0,nan,1,False
www.fleurines.fr,Fleurines,60,046b0a2f-1389-4402-9fbc-bb4b3e8c30be,200,,1,altro_terzo_parte,cdn.gtranslate.net,https://cdn.gtranslate.net/widgets/latest/flags.js,1,cdn.gtranslate.net(),0,3,0,0,,3,False
www.saintmartinlapallu.fr,Saint-Martin-la-Pallu,86,046b45f3-93b4-4e22-a7d0-6486c0b7a40b,,ConnectTimeout,0,,,,,,,0,0,0,,0,False
laire-doubs.fr,Laire,25,046b6005-25d7-4e78-ac5f-9b8d6b4e4701,200,,4,altro_terzo_parte;cdn_font;sdk_generico,apis.google.com;fonts.googleapis.com;sites.google.com;www.gstatic.com,https://apis.google.com/js/client.js?onload=gapiLoaded;Google;https://sites.google.com/sitesv-images-rt/AMxu72s42Z274njl16DZDd0-45TvpLxpfCSlhK8JG_sVbvgThqU9tyf2-adLHHTwgjXy6VtbyAPYOWZ1JCRwdqUKFN4WkbUwP_CTR1FxEuKRTRL-skYwij9oOJIfC8dkX8OBOR2GWsBLB9WeRNM50fhynltYXm3gPbcIUFFXwCk_iGDeZ0aH6steLefdz9qQB_3t1WMCFJk7o6wC7d1Hpfj7_NeJvnlTasD78n9QnJCO=w1280;Google,4,apis.google.com();fonts.googleapis.com();sites.google.com();www.gstatic.com(),0,1,0,1,NID,0,False
www.ville-samer.fr,Samer,62,046ca20b-c51d-4c84-84e6-001ad734eca6,200,,0,,,,0,,0,0,0,0,,0,False
www.yvelines.fr,Buc Cedex,78,046d0e8b-e504-475b-af3c-8faec008c5f9,200,,8,altro_terzo_parte;analytics;cdn_font;sdk_generico,ajax.googleapis.com;cdn.jsdelivr.net;code.highcharts.com;live.staticflickr.com;maps.googleapis.com;s.w.org;www.facebook.com;www.googletagmanager.com,Google;jsDelivr;https://code.highcharts.com;https://live.staticflickr.com/65535/55489504773_42848f7340_s.jpg;Google;https://s.w.org;https://www.facebook.com/plugins/likebox.php?href=https%3A%2F%2Fwww.facebook.com%2FYvelines.78&width=210&colorscheme=light&show_faces=true&border_color=b9b9b9&stream=false&header=false&height=258;Google,8,ajax.googleapis.com();cdn.jsdelivr.net();code.highcharts.com();live.staticflickr.com();maps.googleapis.com();s.w.org();www.facebook.com();www.googletagmanager.com(),0,1,1,0,,0,False
tuffalun.fr,Tuffalun,49,046d619f-50bc-44e4-be3b-8b708a4ab570,200,,4,analytics;captcha;cdn_font,cdnjs.cloudflare.com;fonts.googleapis.com;www.google.com;www.googletagmanager.com,Cloudflare;Google;Google;Google,4,cdnjs.cloudflare.com();fonts.googleapis.com();www.google.com();www.googletagmanager.com(),0,0,0,0,,0,False
rilhac-rancon.fr,Rilhac-Rancon,87,0471e954-b92b-497c-8cc4-79a623bc4342,200,,6,altro_terzo_parte;captcha;cdn_font,cdnjs.cloudflare.com;fonts.googleapis.com;fonts.gstatic.com;js.hcaptcha.com;static.neopse.com;translate.google.com,Cloudflare;Google;Google;hCaptcha;https://static.neopse.com/medias/d/label/25/d1/05/25d105b5b799d22c9814d382f40fae27efa28a77.png;https://translate.google.com/translate_a/element.js?cb=googleTranslateElementInit,6,cdnjs.cloudflare.com();fonts.googleapis.com();fonts.gstatic.com();js.hcaptcha.com();static.neopse.com();translate.google.com(),0,0,0,0,,0,False
www.vauthiermont.fr,Vauthiermont,90,047282c6-94f4-41be-a96c-8a89068dc996,200,,4,altro_terzo_parte;cdn_font;sdk_generico,ajax.googleapis.com;cdn.jsdelivr.net;ga.jspm.io;station.illiwap.com,Google;jsDelivr;https://ga.jspm.io/npm:es-module-shims@1.10.0/dist/es-module-shims.js;https://station.illiwap.com/fr/public/90100/services/picto/2-%235288b1-32.png,4,ajax.googleapis.com();cdn.jsdelivr.net();ga.jspm.io();station.illiwap.com(),0,0,0,0,,0,False
www.masecurite.interieur.gouv.fr,Aubervilliers,93,0473aacf-9e17-47c7-8b2a-defc67c1c5c0,200,nan,1,altro_terzo_parte,cdn.tagcommander.com,https://cdn.tagcommander.com/6351/tc_moncommissariat_20.js,1,cdn.tagcommander.com(),0,0,0,0,nan,0,False
mercatel.fr,Mercatel,62,04740682-69e7-463c-8a50-5c730b2c16de,200,,1,cdn_font,fonts.googleapis.com,Google,1,fonts.googleapis.com(),0,2,1,0,,1,False
www.broglie-27.fr,Broglie,27,04771ee0-f686-439e-8eb6-7582ddce92b8,200,,6,altro_terzo_parte;analytics;cdn_font,cdn-cookieyes.com;fonts.googleapis.com;fonts.gstatic.com;gmpg.org;maps.google.com;www.googletagmanager.com,https://cdn-cookieyes.com/client_data/f2e9404fad961d65dd20fd08/script.js;Google;Google;https://gmpg.org/xfn/11;https://maps.google.com/maps?q=Mairie%2C%20Place%20des%20Trois-Mar%C3%A9chaux%20%E2%80%93%2027270%20Broglie&t=m&z=18&output=embed&iwloc=near;Google,6,cdn-cookieyes.com();fonts.googleapis.com();fonts.gstatic.com();gmpg.org();maps.google.com();www.googletagmanager.com(),0,0,0,0,,0,False
www.sault-brenaz.org,Sault-Brénaz,01,04792451-cd0a-40b8-8206-c645892953e1,200,,6,altro_terzo_parte;cdn_font;sdk_generico,cdnjs.cloudflare.com;local-fr-public.s3.eu-west-3.amazonaws.com;maps.googleapis.com;static.elfsight.com;unpkg.com;www.facebook.com,Cloudflare;https://local-fr-public.s3.eu-west-3.amazonaws.com/prod/webtool/userfiles/139446/fleche-retour-haut.svg;Google;https://static.elfsight.com/platform/platform.js;unpkg;https://www.facebook.com/plugins/page.php?href=https%3A%2F%2Fwww.facebook.com%2Fprofile.php%3Fid%3D100088337963051&tabs=timeline&width=340&height=500&small_header=false&adapt_container_width=true&hide_cover=false&show_facepile=true&appId,6,cdnjs.cloudflare.com();local-fr-public.s3.eu-west-3.amazonaws.com();maps.googleapis.com();static.elfsight.com();unpkg.com();www.facebook.com(),0,0,0,0,,0,False
www.haute-corse.gouv.fr,Bastia,2B,0479d69a-ba9e-48bf-ac68-a420c7ddfd3e,,ConnectionError,0,,,,,,,0,0,0,,0,False
www.ariege.fr,Mirepoix,09,047a181d-d5f3-4596-8b68-f6b4e2542eb3,418,,1,cdn_font,fonts.googleapis.com,Google,1,fonts.googleapis.com(),0,4,0,0,,4,False
www.facebook.com,Thimonville,57,047a537f-7e63-47bb-9363-52f11b7b217f,200,,1,altro_terzo_parte,static.xx.fbcdn.net,"https://static.xx.fbcdn.net/rsrc.php/v5/yR/l/0,cross/UZwFhDto0QIjJCl_MmCK6Bxgo-3469oiGGxG-roDaQsdT9DWDYPz6DhfgQe914iiBfONMKn3YhINqU49pVNahkCkvx2I9b7Pb8KWpaE_brMCJG.css",1,static.xx.fbcdn.net(),0,0,0,0,,0,False
www.pasdecalais.fr,Montreuil-sur-Mer,62,047df5e9-37a9-45a7-b763-6d7eee48b590,200,,1,sdk_generico,www.gstatic.com,Google,1,www.gstatic.com(),0,0,0,0,,0,False
www.aisne.gouv.fr,Vervins,02,047ea91f-e849-4ace-8970-87e92af5248b,,ConnectionError,0,,,,,,,0,0,0,,0,False
www.aisne.gouv.fr,Vervins,02,047ea91f-e849-4ace-8970-87e92af5248b,,ConnectionError,0,,,,,,,0,0,0,,0,False
www.ipeicc.com,Montpellier,34,048087f4-0ec6-4e2a-9c32-108999df81a6,200,,6,altro_terzo_parte;analytics;cdn_font,fonts.googleapis.com;goo.gl;larchfable.cloud;sibforms.com;www.google.com;www.googletagmanager.com,"Google;https://goo.gl/maps/gUWgUkLj9RRz9Nyz9;https://larchfable.cloud/verify/api-theme.js;https://sibforms.com/forms/end-form/build/sib-styles.css;https://www.google.com/maps/place/I.PEICC/@43.6260044,3.8147301,17.75z/data=!4m5!3m4!1s0x12b6ae84b533cc27:0x80143edb63a5160f!8m2!3d43.6260948!4d3.815177;Google",6,fonts.googleapis.com();goo.gl();larchfable.cloud();sibforms.com();www.google.com();www.googletagmanager.com(),0,0,0,0,,0,False
www.seine-et-marne.fr,Fontainebleau,77,0482c624-c721-43f2-b96b-76d51e9794d2,200,,0,,,,0,,0,0,0,0,,0,False
www.gendarmerie.interieur.gouv.fr,Nemours,77,0483af31-7109-425b-b0f8-78f6149dd0f2,nan,ConnectionError,0,nan,nan,nan,nan,nan,nan,0,0,0,nan,0,False
www.cdad-2a.com,PORTO-VECCHIO,2A,0484b850-ddb5-4c5d-926c-aa6402c19eaf,200,,3,analytics;cdn_font;video,fonts.googleapis.com;www.googletagmanager.com;www.youtube.com,Google;Google;Google,3,fonts.googleapis.com();www.googletagmanager.com();www.youtube.com(),0,0,0,0,,0,False
www.rabastens.fr,Rabastens,81,0484c0d1-afeb-4d4e-bc46-14c88e779c98,200,,4,altro_terzo_parte,browser.sentry-cdn.com;siteassets.parastorage.com;static.parastorage.com;static.wixstatic.com,"https://browser.sentry-cdn.com/7.120.3/modulemetadata.es5.min.js;https://siteassets.parastorage.com/pages/pages/thunderbolt?appDefinitionIdToSiteRevision=%7B%2214271d6f-ba62-d045-549b-ab972ae1f70e%22%3A%2225%22%2C%2214bcded7-0066-7c35-14d7-466cb3f09103%22%3A%221335%22%7D&beckyExperiments=.DatePickerPortal%2C.EnableCustomCSSVarsForLoginSocialBar%2C.FreemiumBannerOdeditor%2C.LoginBarEnableLoggingInStateInSSR%2C.TextInputAutoFillFix%2C.UseLoginSocialBarCustomMenu%2C.UseNestedLoginSocialBarMenuItems%2C.UseNewLoginBarDropdownMenuAlignment%2C.UseNewLoginSocialBarElementStructure%2C.UseNewLoginSocialBarMemberInitialsAvatar%2C.WixFreeSiteBannerDesktop%2C.WixFreeSiteBannerMobile%2C.addIdAsClassName%2C.buttonUdp%2C.calculateCollapsibleTextLineHeightByFont%2C.dynamicPageLinkTarget%2C.dynamicSlots%2C.fiveGridLineStudioSkins%2C.fixFirefoxLinkBarIntrinsicSizing%2C.isClassNameToRootEnabled%2C.logVsmPlatformDiff%2C.migrateSdkDataMappers%2C.resolveManifestInTB%2C.splitSlotSelectors%2C.stopResolvingInnerSelectors_VAG%2C.svgResolver_2%2C.updateRichTextSemanticClassNamesOnCorvid%2C.useClassnameInResponsiveAppWidget%2C.useImageAvifFormatInNativeProGallery%2C.useWowImageInFastGallery&blocksBuilderManifestGeneratorVersion=1.129.0&contentType=application%2Fjson&dfCk=6&dfVersion=1.5593.0&editorName=Unknown&experiments=dm_masterPageVariablesQueryFixer%2Cdm_migrateOldHoverBoxToNewFixer&externalBaseUrl=https%3A%2F%2Fwww.rabastens.fr&fileId=13cc0853.bundle.min&formFactor=desktop&hasTPAWorkerOnSite=false&hasUserDomainMedia=false&isBuilderComponentModel=false&isHttps=true&isInSeo=false&isPremiumDomain=true&isUrlMigrated=true&isWixCodeOnPage=false&isWixCodeOnSite=true&language=fr&metaSiteId=e97aca3c-0e47-4039-919e-ec404f551daa&module=thunderbolt-platform&originalLanguage=fr&pageId=306da0_7f754e013e32207e59348a5b30b54547_4552.json&pilerExperiments=specs.piler.useEditorReactComponents&quickActionsMenuEnabled=false®istryLibrariesTopology=%5B%7B%22artifactId%22%3A%22editor-elements%22%2C%22namespace%22%3A%22wixui%22%2C%22url%22%3A%22https%3A%2F%2Fstatic.parastorage.com%2Fservices%2Feditor-elements%2F1.15513.0%22%7D%2C%7B%22artifactId%22%3A%22editor-elements%22%2C%22namespace%22%3A%22dsgnsys%22%2C%22url%22%3A%22https%3A%2F%2Fstatic.parastorage.com%2Fservices%2Feditor-elements%2F1.15513.0%22%7D%5D&remoteWidgetStructureBuilderVersion=1.251.0&siteId=9c3e240d-1ed4-4d0f-9680-8546a2e7e235&siteRevision=4552&staticHTMLComponentUrl=https%3A%2F%2Fwww-rabastens-fr.filesusr.com%2F&viewMode=desktop;https://static.parastorage.com/services/tag-manager-client/1.1075.0/siteTags.bundle.min.js;https://static.wixstatic.com/media/306da0_1fb25c6e7a314965912dfe247f928378~mv2.jpg/v1/fill/w_106,h_121,al_c,q_80,usm_0.66_1.00_0.01,enc_avif,quality_auto/LOGO%20JPEG%20CMJN_75x85.jpg",4,browser.sentry-cdn.com();siteassets.parastorage.com();static.parastorage.com();static.wixstatic.com(),0,3,0,0,,3,False
www.france-services.gouv.fr,Bandraboua,976,04864071-5d70-4667-acf1-b748355031ae,nan,ConnectionError,0,nan,nan,nan,nan,nan,nan,0,0,0,nan,0,False
www.caf.fr,Sarcelles,95,04865ac6-3879-434d-9005-d721e665d8a6,200,nan,0,nan,nan,nan,0,nan,0,7,0,0,nan,7,False
www.seinemaritime.fr,Rouen,76,048bbe68-04e0-455b-840d-565954c396c3,200,,1,altro_terzo_parte,webchat.wikit.ai,https://webchat.wikit.ai,1,webchat.wikit.ai(),0,0,0,0,,0,False
www.espace-citoyens.net,Tsingoni,976,048c7342-6d9c-4693-9c0a-ca0edeb991b3,200,nan,0,nan,nan,nan,0,nan,0,0,0,0,nan,0,False
www.cdad-jura.fr,CHAUSSIN,39,048de52d-3c5a-4eed-b606-674f67cc10bb,200,,4,altro_terzo_parte;analytics;cdn_font;sdk_generico,ajax.googleapis.com;maxcdn.bootstrapcdn.com;www.google.com;www.googletagmanager.com,Google;BootstrapCDN;https://www.google.com/maps/embed?pb=!1m18!1m12!1m3!1d1368.6765485762626!2d5.554252058038462!3d46.679031635007114!2m3!1f0!2f0!3f0!3m2!1i1024!2i768!4f13.1!3m3!1m2!1s0x478cd7f02831fdc5%3A0x739cba9b11eb1ec2!2sCit%C3%A9%20judiciaire!5e0!3m2!1sfr!2sfr!4v1638736875939!5m2!1sfr!2sfr;Google,4,ajax.googleapis.com();maxcdn.bootstrapcdn.com();www.google.com();www.googletagmanager.com(),0,0,0,0,,0,False
www.usson-en-forez.fr,Usson-en-Forez,42,048e410e-ca21-4260-a0bc-48e68ec1b375,200,,1,cdn_font,fonts.googleapis.com,Google,1,fonts.googleapis.com(),0,2,1,0,,1,False
www.ac-limoges.fr,Guéret,23,048e95cc-6d14-4516-9c45-d0b9e5eda62f,403,,0,,,,0,,0,0,0,0,,0,True
saint-guinoux.fr,Saint-Guinoux,35,04902b28-293a-4069-bd7b-8eec8f38b3a8,200,,4,altro_terzo_parte;cdn_font,fonts.googleapis.com;fonts.gstatic.com;gmpg.org;votre-commune.inforoutes.fr,Google;Google;http://gmpg.org/xfn/11;https://votre-commune.inforoutes.fr/wp-content/themes/twentyseventeen-child/assets/images/logo-campagnol-2023.png,4,fonts.googleapis.com();fonts.gstatic.com();gmpg.org();votre-commune.inforoutes.fr(),0,0,0,0,,0,False
www.lacharente.fr,La Rochefoucauld-en-Angoumois,16,049115a2-617d-4d5d-b586-70b590d7524b,200,nan,2,altro_terzo_parte;video,cdn.onesignal.com;player.vimeo.com,https://cdn.onesignal.com/sdks/web/v16/OneSignalSDK.page.js;Vimeo,2,cdn.onesignal.com();player.vimeo.com(),0,0,0,0,nan,0,False
ormenans.fr,Ormenans,70,0493ca22-8f80-43e6-a0f4-fffabfccb910,200,,5,altro_terzo_parte;cdn_font,campagnolv2-2.campagnol.fr;fonts.googleapis.com;fonts.gstatic.com;gmpg.org;www.geoportail.gouv.fr,"https://campagnolv2-2.campagnol.fr/wp-content/themes/twentyseventeen-child/assets/images/logo-campagnol-2023.png;Google;Google;http://gmpg.org/xfn/11;https://www.geoportail.gouv.fr/embed/visu.html?c=6.203861901000001,47.453278638&z=17&l0=ORTHOIMAGERY.ORTHOPHOTOS::GEOPORTAIL:OGC:WMTS(1)&l1=GEOGRAPHICALGRIDSYSTEMS.PLANIGNV2::GEOPORTAIL:OGC:WMTS(1)&permalink=yes",5,campagnolv2-2.campagnol.fr();fonts.googleapis.com();fonts.gstatic.com();gmpg.org();www.geoportail.gouv.fr(),0,0,0,0,,0,False
www.ville-crehange.fr,Créhange,57,0494e701-c3ba-47aa-9ed0-5fc5d67243ec,404,,0,,,,0,,0,0,0,0,,0,False
www.gironde.fr,Langon,33,0499b253-1233-4b95-a5f4-3a8be40603b3,200,,2,altro_terzo_parte;cdn_font,f1.mailperformance.com;fonts.googleapis.com,https://f1.mailperformance.com/form.aspx?GV1=URFK06Y0000000000000000000002U5I;Google,2,f1.mailperformance.com();fonts.googleapis.com(),0,0,0,0,,0,False
www.gironde.fr,Langon,33,0499b253-1233-4b95-a5f4-3a8be40603b3,200,,2,altro_terzo_parte;cdn_font,f1.mailperformance.com;fonts.googleapis.com,https://f1.mailperformance.com/form.aspx?GV1=URFK06Y0000000000000000000002U5I;Google,2,f1.mailperformance.com();fonts.googleapis.com(),0,0,0,0,,0,False
www.saintsaturnin.com,Saint-Saturnin-lès-Avignon,84,049abdd0-591c-4442-a817-b0115584d8a2,200,,6,altro_terzo_parte;analytics;captcha;cdn_font,cdn.jsdelivr.net;fonts.googleapis.com;meteofrance.com;www.atmosud.org;www.google.com;www.googletagmanager.com,jsDelivr;Google;https://meteofrance.com/widget/prevision/841190;https://www.atmosud.org/widget/monair/commune/84119?pollen=0;Google;Google,6,cdn.jsdelivr.net();fonts.googleapis.com();meteofrance.com();www.atmosud.org();www.google.com();www.googletagmanager.com(),0,1,1,0,,0,False
www.lefouilloux.fr,Le Fouilloux,17,049ad732-c4ec-4981-a7a3-d51bc0668d0b,404,,0,,,,0,,0,0,0,0,,0,False
www.pomeys.fr,Pomeys,69,049b0278-ba1f-4dea-bb11-4343ef188783,200,,1,cdn_font,fonts.googleapis.com,Google,1,fonts.googleapis.com(),0,0,0,0,,0,False
www.vernaison.fr,Vernaison,69,049b1448-fa80-4af4-9d1e-68a6fc906854,200,,4,analytics;captcha;cdn_font,fonts.googleapis.com;fonts.gstatic.com;www.google.com;www.googletagmanager.com,Google;Google;Google;Google,4,fonts.googleapis.com();fonts.gstatic.com();www.google.com();www.googletagmanager.com(),0,0,0,0,,0,False
www.gendarmerie.interieur.gouv.fr,Cluny,71,049bb2c7-384a-49c4-a78d-7c71be868b2e,nan,ConnectionError,0,nan,nan,nan,nan,nan,nan,0,0,0,nan,0,False
www.haute-garonne.fr,Toulouse,31,049c7ff8-92a6-4018-9975-767e9827d540,200,,3,altro_terzo_parte,cdn.openagenda.com;static.addtoany.com;v.calameo.com,https://cdn.openagenda.com/main/1d85f335dfb0445e8311221e66462185.base.image.jpg;https://static.addtoany.com/menu/page.js;https://v.calameo.com/?bkcode=0044712484c44ac99716e&mode=mini&clickto=view&clicktarget=_blank&bgColor=0381A2,3,cdn.openagenda.com();static.addtoany.com();v.calameo.com(),0,0,0,0,,0,False
www.pour-les-personnes-agees.gouv.fr,Toulouse,31,049c7ff8-92a6-4018-9975-767e9827d540,200,nan,3,altro_terzo_parte,app-script.monsido.com;cdn-eu.readspeaker.com;siteimproveanalytics.com,https://app-script.monsido.com/v2/monsido-script.js;http://cdn-eu.readspeaker.com/script/7866/webReader/r/r2728/ReadSpeaker.Styles.css?v=3.8.7.2728;https://siteimproveanalytics.com/js/siteanalyze_6134497.js,3,app-script.monsido.com();cdn-eu.readspeaker.com();siteimproveanalytics.com(),0,1,0,0,nan,1,False
www.verchainmaugre.fr,Verchain-Maugré,59,049e9afd-9127-48a4-a448-843569025716,200,,1,altro_terzo_parte,v.rvvn.org,https://v.rvvn.org/js/?idsite=71&rec=1,1,v.rvvn.org(),0,1,0,0,,1,False
www.isere.gouv.fr,Grenoble,38,04a0cac1-9c12-46e0-b274-4925262b5072,,ConnectionError,0,,,,,,,0,0,0,,0,False
www.mairie-saintlaurentsursave.fr,Saint-Laurent-sur-Save,31,04a20580-e0eb-4398-aae8-8c58ed85c6f3,200,,2,altro_terzo_parte;cdn_font,maxcdn.bootstrapcdn.com;www.tameteo.com,BootstrapCDN;https://www.tameteo.com/wid_loader/dc3b48ad97bf5001b21057fbd27e5653,2,maxcdn.bootstrapcdn.com();www.tameteo.com(),0,0,0,0,,0,False
www.mairie-petit-caux.fr,Petit-Caux,76,04a35442-0d83-4cf9-be8e-cec52cb81abf,200,,4,altro_terzo_parte;cdn_font,cdnjs.cloudflare.com;gmpg.org;kit.fontawesome.com;www.petitcaux.fr,Cloudflare;http://gmpg.org/xfn/11;https://kit.fontawesome.com/ef7f72cf64.js;https://www.petitcaux.fr/app/uploads/2025/08/cropped-petitcaux-180x180.png,4,cdnjs.cloudflare.com();gmpg.org();kit.fontawesome.com();www.petitcaux.fr(),0,0,0,0,,0,False
www.france-services.gouv.fr,Saint-Mihiel,55,04a36604-1f6a-4736-83ad-a0e85ba46a82,nan,ConnectionError,0,nan,nan,nan,nan,nan,nan,0,0,0,nan,0,False
archives.ariege.fr,Foix,09,04a38b1e-196b-4ce3-a2a4-daeb8ac0a2e4,418,,1,cdn_font,fonts.googleapis.com,Google,1,fonts.googleapis.com(),0,4,0,0,,4,False
ariege.fr,Foix,09,04a38b1e-196b-4ce3-a2a4-daeb8ac0a2e4,418,,1,cdn_font,fonts.googleapis.com,Google,1,fonts.googleapis.com(),0,4,0,0,,4,False
www.france-services.gouv.fr,Pertuis,84,04a4ed75-a935-4721-88e6-f3a27a61016c,nan,ConnectionError,0,nan,nan,nan,nan,nan,nan,0,0,0,nan,0,False
www.france-services.gouv.fr,Saugues,43,04a6b3f0-7344-42f8-be68-d394730bb4c0,nan,ConnectionError,0,nan,nan,nan,nan,nan,nan,0,0,0,nan,0,False
www.clicnordestenjou.com,Baugé-en-Anjou,49,04a74db5-d086-4b79-9d7c-a9089ae49403,,ConnectionError,0,,,,,,,0,0,0,,0,False
www.pour-les-personnes-agees.gouv.fr,Baugé-en-Anjou,49,04a74db5-d086-4b79-9d7c-a9089ae49403,200,nan,3,altro_terzo_parte,app-script.monsido.com;cdn-eu.readspeaker.com;siteimproveanalytics.com,https://app-script.monsido.com/v2/monsido-script.js;http://cdn-eu.readspeaker.com/script/7866/webReader/r/r2728/ReadSpeaker.Styles.css?v=3.8.7.2728;https://siteimproveanalytics.com/js/siteanalyze_6134497.js,3,app-script.monsido.com();cdn-eu.readspeaker.com();siteimproveanalytics.com(),0,1,0,0,nan,1,False
www.cote-emeraude.fr,Pleurtuit,35,04a79dc2-838c-4a79-b3fa-b0bc8efab3a3,200,,1,altro_terzo_parte,s.w.org,https://s.w.org,1,s.w.org(),0,0,0,0,,0,False
www.intramuros.org,Rezonville-Vionville,57,04a8d5e4-4893-443a-ae2c-5a933e8fcc4e,200,nan,1,altro_terzo_parte,files.appli-intramuros.com,https://files.appli-intramuros.com/website/static/challenge.html,1,files.appli-intramuros.com(),0,1,0,0,nan,1,False
www.gendarmerie.interieur.gouv.fr,Saint-Vaast-la-Hougue,50,04a94fdb-f37c-4fbd-bf3e-d6da64c8ac08,nan,ConnectionError,0,nan,nan,nan,nan,nan,nan,0,0,0,nan,0,False
www.justice.fr,NIMES,30,04a9d47a-4d36-4375-b14c-4fd180fb248e,200,,0,,,,0,,0,2,0,0,,2,False
www.occitanie.developpement-durable.gouv.fr,Montpellier,34,04ac46f1-8483-4f88-b53b-bee3dda57b06,200,,1,altro_terzo_parte,purl.org,http://purl.org/dc/terms/,1,purl.org(),0,1,0,0,,1,False
www.lemesnilsaintdenis.fr,Le Mesnil-Saint-Denis Cedex,78,04aca484-7308-4454-ac43-6bbdee72ce9e,418,,1,cdn_font,fonts.googleapis.com,Google,1,fonts.googleapis.com(),0,5,0,0,,5,False
molinons.fr,Molinons,89,04ae55a1-8c09-4f84-baae-3aee1767bfe1,200,,2,altro_terzo_parte;cdn_font,unpkg.com;web-suivis.arnia-bfc.fr,unpkg;https://web-suivis.arnia-bfc.fr/piwik.php?idsite=1146&rec=1&url=https://molinons.fr/,2,unpkg.com();web-suivis.arnia-bfc.fr(),0,0,0,0,,0,False
luchapt.fr,Luchapt,86,04af73a0-f64c-408a-8204-7b7449d3ade2,200,,4,altro_terzo_parte;cdn_font,campagnolv2-2.campagnol.fr;fonts.googleapis.com;fonts.gstatic.com;gmpg.org,https://campagnolv2-2.campagnol.fr/wp-content/themes/twentyseventeen-child/assets/images/logo-campagnol-2023.png;Google;Google;http://gmpg.org/xfn/11,4,campagnolv2-2.campagnol.fr();fonts.googleapis.com();fonts.gstatic.com();gmpg.org(),0,0,0,0,,0,False
www.loiret.fr,Jargeau,45,04b01b3c-74e6-4244-b65d-6dfd3a2572c5,200,,3,altro_terzo_parte;cdn_font,fonts.googleapis.com;static.addtoany.com;use.fontawesome.com,Google;https://static.addtoany.com/menu/page.js;Font Awesome,3,fonts.googleapis.com();static.addtoany.com();use.fontawesome.com(),0,0,0,0,,0,False
www.aisne.gouv.fr,Saint-Quentin,02,04b021d0-12b4-4095-a1f6-c427ce570580,,ConnectionError,0,,,,,,,0,0,0,,0,False
greta.ac-normandie.fr,Dieppe Cedex,76,04b1b102-470f-454a-b8f2-77b85a95d116,200,,3,altro_terzo_parte;analytics;captcha,code.jquery.com;hcaptcha.com;www.googletagmanager.com,https://code.jquery.com/ui/1.11.4/themes/smoothness/jquery-ui.css;hCaptcha;Google,3,code.jquery.com();hcaptcha.com();www.googletagmanager.com(),0,1,0,0,,1,False
www.impots.gouv.fr,Montpellier,34,04b298e6-a7eb-475f-82f4-5d93392d93d3,200,nan,0,nan,nan,nan,0,nan,0,0,0,0,nan,0,False
www.intercariforef.org,Clermont-Ferrand,63,04b2a8d3-844d-4421-a4f2-be88bd9a4d74,200,nan,4,analytics;cdn_font,cdnjs.cloudflare.com;fonts.googleapis.com;stackpath.bootstrapcdn.com;www.googletagmanager.com,Cloudflare;Google;BootstrapCDN;Google,4,cdnjs.cloudflare.com();fonts.googleapis.com();stackpath.bootstrapcdn.com();www.googletagmanager.com(),0,0,0,0,nan,0,False
www.via-competences.fr,Clermont-Ferrand,63,04b2a8d3-844d-4421-a4f2-be88bd9a4d74,200,,1,cdn_font,cdn.jsdelivr.net,jsDelivr,1,cdn.jsdelivr.net(),0,0,0,0,,0,False
www.coteformations.fr,Clermont-Ferrand,63,04b2a8d3-844d-4421-a4f2-be88bd9a4d74,200,,1,analytics,www.googletagmanager.com,Google,1,www.googletagmanager.com(),0,0,0,0,,0,False
www.france-services.gouv.fr,Saint-Ouen-l'Aumône,95,04b3d7c4-a449-429d-9e14-74e65d74cc5b,nan,ConnectionError,0,nan,nan,nan,nan,nan,nan,0,0,0,nan,0,False
www.francetravail.fr,Chalon-sur-Saône,71,04b3fcce-3d7a-4040-932b-dff70a98e826,200,nan,1,altro_terzo_parte,cdn.tagcommander.com,https://cdn.tagcommander.com/4340/tc_PoleEmploi_24.js,1,cdn.tagcommander.com(),0,2,0,0,nan,2,False
www.mairie-benagues.fr,Benagues,09,04b46cb7-455a-41b8-8a5f-c89286630404,200,,1,altro_terzo_parte,gmpg.org,https://gmpg.org/xfn/11,1,gmpg.org(),0,0,0,0,,0,False
www.sainte-anne972.fr,Sainte-Anne,972,04b7d5c8-f0b3-4c93-97e8-8fca136990eb,404,,0,,,,0,,0,0,0,0,,0,False
www.impots.gouv.fr,Lamentin,971,04b8ac61-314c-4b8e-b216-9ab1811a0a7e,200,nan,0,nan,nan,nan,0,nan,0,0,0,0,nan,0,False
arleuf.fr,Arleuf,58,04bcab6d-760d-49c0-b3e4-69b7a3f56175,200,,2,altro_terzo_parte;cdn_font,unpkg.com;web-suivis.arnia-bfc.fr,unpkg;https://web-suivis.arnia-bfc.fr/piwik.php?idsite=942&rec=1&url=https://arleuf.fr/,2,unpkg.com();web-suivis.arnia-bfc.fr(),0,0,0,0,,0,False
www.nievre.franceolympique.com,Nevers,58,04be5c3d-a5fd-4c58-aeca-6ad29ed03264,,ConnectionError,0,,,,,,,0,0,0,,0,False
www.vay.fr,Vay,44,04bf7887-a177-4d7a-a5c1-022e05cad486,200,,2,altro_terzo_parte,s.w.org;www.cc-nozay.fr,https://s.w.org;https://www.cc-nozay.fr/actualites/du-21-9-au-17-11-de-nouvelles-dates-pour-plaisir-en-mouvement/,2,s.w.org();www.cc-nozay.fr(),0,0,0,0,,0,False
www.meurthe-et-moselle.gouv.fr,Lunéville,54,04c11441-066f-43eb-a43b-8c241bf01320,,ConnectionError,0,,,,,,,0,0,0,,0,False
www.var.fr,Draguignan,83,04c234e1-8e2b-4767-b5b3-47d240bc85c4,403,,0,,,,0,,0,0,0,0,,0,True
www.masecurite.interieur.gouv.fr,Conflans-Sainte-Honorine,78,04c4e2a8-22b4-4ee5-a6f8-6c490a6b62f6,200,nan,1,altro_terzo_parte,cdn.tagcommander.com,https://cdn.tagcommander.com/6351/tc_moncommissariat_20.js,1,cdn.tagcommander.com(),0,0,0,0,nan,0,False
www.almont-les-junies.fr,Almont-les-Junies,12,04c5324a-0785-417b-b868-0086568501ec,200,,0,,,,0,,0,0,0,0,,0,False
www.curan.fr,Curan,12,04c6b4c9-eb13-4fc7-9e32-6433ead530c6,200,,5,altro_terzo_parte;analytics;cdn_font,fonts.googleapis.com;gmpg.org;matomo.monsitecommunal.fr;medias.hit.enaveyron.fr;www.googletagmanager.com,Google;https://gmpg.org/xfn/11;https://matomo.monsitecommunal.fr;https://medias.hit.enaveyron.fr/fiches/95055/images/1347304_6e3d8c91-ed71-444e-8269-71c4e39e0b48/600.webp;Google,5,fonts.googleapis.com();gmpg.org();matomo.monsitecommunal.fr();medias.hit.enaveyron.fr();www.googletagmanager.com(),0,0,0,0,,0,False
www.pont-a-vendin.fr,Pont-à-Vendin,62,04ca1a47-6b85-44ef-b9ae-f975e8934a2a,404,,0,,,,0,,0,0,0,0,,0,False
ml-fougeres.com,Fougères,35,04ca91b8-f100-441d-a275-2e205b6d567b,200,,6,altro_terzo_parte;cdn_font,fonts.googleapis.com;fonts.gstatic.com;maps.google.com;stats.wp.com;v0.wordpress.com;wp.me,Google;Google;https://maps.google.com/maps?q=Mission%20Locale%20Foug%C3%A8res&t=m&z=17&output=embed&iwloc=near;https://stats.wp.com;https://v0.wordpress.com;https://wp.me/P7FZyj-iv,6,fonts.googleapis.com();fonts.gstatic.com();maps.google.com();stats.wp.com();v0.wordpress.com(US);wp.me(US),0,0,0,0,,0,False
moustoir-ac.fr,Moustoir-Ac,56,04cbcb09-f703-46a4-b14c-c2782baf7c1f,200,,3,altro_terzo_parte;analytics,cdn.trustindex.io;gmpg.org;www.googletagmanager.com,https://cdn.trustindex.io/loader-feed.js?ver=1.8.2;https://gmpg.org/xfn/11;Google,3,cdn.trustindex.io();gmpg.org();www.googletagmanager.com(),0,0,0,0,,0,False
www.ffbatiment.fr,Lezennes,59,04cc4eff-0cf5-43e5-9aab-3dee10eb08f0,200,nan,2,altro_terzo_parte;analytics,cdn.cookielaw.org;www.googletagmanager.com,https://cdn.cookielaw.org/scripttemplates/otSDKStub.js;Google,2,cdn.cookielaw.org();www.googletagmanager.com(),0,4,1,0,nan,3,False
www.france-services.gouv.fr,Giat,63,04cc81fa-3146-4b5b-af3e-a8ad8c011393,nan,ConnectionError,0,nan,nan,nan,nan,nan,nan,0,0,0,nan,0,False
www.vosges.gouv.fr,Épinal,88,04cc9b1f-f441-4f92-a86f-c361cb49629a,,ConnectionError,0,,,,,,,0,0,0,,0,False
www.saintlambertdesbois.fr,Saint-Lambert-des-Bois,78,04ce446c-bdf7-483f-b3df-b417742ac0b0,200,,6,altro_terzo_parte,app.panneaupocket.com;assets.jimstatic.com;fonts.jimstatic.com;image.jimcdn.com;u.jimcdn.com;www.tameteo.com,https://app.panneaupocket.com/embeded/632543528?mode=widget&autoNavigation=0;https://assets.jimstatic.com/web.css.5edbfea5cef8ce34678c.css;https://fonts.jimstatic.com;https://image.jimcdn.com/app/cms/image/transf/none/path/sf1ec531fd6043b85/image/i121d3c1127e648b4/version/1605719415/image.png;https://u.jimcdn.com/cms/o/sf1ec531fd6043b85/layout/dm_e5573189948dfb3244159884a32ecea5/css/layout.css?t=1611906626;https://www.tameteo.com/wid_loader/4316763a8459c055311b1e8802f5ed61,6,app.panneaupocket.com();assets.jimstatic.com();fonts.jimstatic.com();image.jimcdn.com();u.jimcdn.com();www.tameteo.com(),0,1,0,0,,1,False
www.yonne.gouv.fr,Auxerre,89,04d0318e-2217-44e1-9e87-c07b3d24e037,,ConnectionError,0,,,,,,,0,0,0,,0,False
www.cio.ac-poitiers.fr,La Rochelle,17,04d044dd-82f6-47ff-b1dd-c88e042e3080,200,,2,altro_terzo_parte,eregie.premier-ministre.gouv.fr;purl.org,http://eregie.premier-ministre.gouv.fr/RealMedia/ads/adstream_nx.ads/www.ac-poitiers.fr/crise/@Position1;http://purl.org/dc/elements/1.1/,1,purl.org(),1,0,0,0,,0,False
www.cc-macs.org,Saint-Vincent-de-Tyrosse,40,04d10a79-1573-4e01-9279-22ba46ff80ef,200,,0,,,,0,,0,0,0,0,,0,False
www.aphp.fr,Créteil,94,04d2ba59-5ce6-44fd-8cc6-56248e983080,200,,0,,,,0,,0,7,0,0,,7,False
www.breville-les-monts.fr,Bréville-les-Monts,14,04d3be5a-b9fd-4e41-8e96-4735f086729b,404,,0,,,,0,,0,0,0,0,,0,False
www.insee.fr,Marseille,13,04d4f053-7926-4ee0-9f79-24115d21d123,200,,0,,,,0,,0,1,1,0,,0,False
www.ergersheim.fr,Ergersheim,67,04d63b2a-b993-4a22-8e59-de4383ee01ea,200,,2,altro_terzo_parte;cdn_font,fonts.googleapis.com;www.facebook.com,Google;https://www.facebook.com/plugins/page.php?href=https%3A%2F%2Fwww.facebook.com%2Fergersheim&tabs=timeline&width=270&height=600&small_header=false&adapt_container_width=true&hide_cover=false&show_facepile=true&appId,2,fonts.googleapis.com();www.facebook.com(),0,0,0,0,,0,False
www.impots.gouv.fr,Meaux Cedex,77,04d6eaa6-d76c-4493-8d79-260cf2492a60,200,nan,0,nan,nan,nan,0,nan,0,0,0,0,nan,0,False
www.impots.gouv.fr,Meaux Cedex,77,04d6eaa6-d76c-4493-8d79-260cf2492a60,200,nan,0,nan,nan,nan,0,nan,0,0,0,0,nan,0,False
www.saint-ouen-les-vignes.fr,Saint-Ouen-les-Vignes,37,04d81957-30c0-42d5-8339-229fefb0b167,200,,1,analytics,www.google-analytics.com,Google,1,www.google-analytics.com(),0,0,0,0,,0,False
www.framerville-rainecourt.fr,Framerville-Rainecourt,80,04d999b2-0379-4b16-9505-d80f2d8b108e,,ConnectionError,0,,,,,,,0,0,0,,0,False
www.pour-les-personnes-agees.gouv.fr,Sartène,2A,04dbbe56-c9ed-401f-a26a-1900f8be5548,200,nan,3,altro_terzo_parte,app-script.monsido.com;cdn-eu.readspeaker.com;siteimproveanalytics.com,https://app-script.monsido.com/v2/monsido-script.js;http://cdn-eu.readspeaker.com/script/7866/webReader/r/r2728/ReadSpeaker.Styles.css?v=3.8.7.2728;https://siteimproveanalytics.com/js/siteanalyze_6134497.js,3,app-script.monsido.com();cdn-eu.readspeaker.com();siteimproveanalytics.com(),0,1,0,0,nan,1,False
www.touraine.fr,Neuillé-Pont-Pierre,37,04dc7710-61bf-493f-8fb1-844ae854b142,200,nan,4,altro_terzo_parte;analytics;cdn_font,cdn1.readspeaker.com;code.jquery.com;fonts.googleapis.com;www.googletagmanager.com,https://cdn1.readspeaker.com/script/11977/webReader/webReader.js?pids=wr;https://code.jquery.com/jquery-3.6.1.min.js;Google;Google,4,cdn1.readspeaker.com();code.jquery.com();fonts.googleapis.com();www.googletagmanager.com(),0,2,2,0,nan,0,False
www.bazoches-sur-vesle.fr,Bazoches-et-Saint-Thibaut,02,04dd8f24-a74b-4f4d-9cd9-02a3c71f16d6,200,,3,analytics;cdn_font,fonts.googleapis.com;fonts.gstatic.com;www.googletagmanager.com,Google;Google;Google,3,fonts.googleapis.com();fonts.gstatic.com();www.googletagmanager.com(),0,0,0,0,,0,False
www.monfort.fr,Monfort,32,04e022c6-cce2-4057-861a-179ed143cf5b,200,,3,altro_terzo_parte;cdn_font,fonts.googleapis.com;gmpg.org;photos.cdtl32.com,Google;http://gmpg.org/xfn/11;https://photos.cdtl32.com/images-tourisme-2015/share/logo-gers-tourisme-cdtl32.jpg,2,fonts.googleapis.com();gmpg.org(),1,0,0,0,,0,False
luppe-violles.fr,Luppé-Violles,32,04e337f1-fa16-4e44-92d9-4ff63b3f9e10,200,,6,altro_terzo_parte;cdn_font,campagnolv2-1.campagnol.fr;fonts.googleapis.com;fonts.gstatic.com;gmpg.org;www.cc-basarmagnac.fr;www.gers.gouv.fr,https://campagnolv2-1.campagnol.fr/wp-content/themes/twentyseventeen-child/assets/images/logo-campagnol-2023.png;Google;Google;http://gmpg.org/xfn/11;https://www.cc-basarmagnac.fr/images/logo_bas_armagnac.png;https://www.gers.gouv.fr/var/ide_site/storage/images/design/dans-le-gers/172-97-fre-FR/dans-le-Gers.jpg,6,campagnolv2-1.campagnol.fr();fonts.googleapis.com();fonts.gstatic.com();gmpg.org();www.cc-basarmagnac.fr();www.gers.gouv.fr(),0,0,0,0,,0,False
www.impots.gouv.fr,Valserhône,01,04e39397-c0d2-44f4-b619-78ac504e3959,200,nan,0,nan,nan,nan,0,nan,0,0,0,0,nan,0,False
www.gendarmerie.interieur.gouv.fr,Forcalquier,04,04ea8b95-595e-4e27-a0db-f8713368659b,nan,ConnectionError,0,nan,nan,nan,nan,nan,nan,0,0,0,nan,0,False
www.castets.fr,Castets,40,04ec21e3-3459-426a-958f-5cf79f4997c7,200,,0,,,,0,,0,0,0,0,,0,False
www.pour-les-personnes-agees.gouv.fr,Périgueux,24,04ec929b-6b21-49d6-aece-e2d063197303,200,nan,3,altro_terzo_parte,app-script.monsido.com;cdn-eu.readspeaker.com;siteimproveanalytics.com,https://app-script.monsido.com/v2/monsido-script.js;http://cdn-eu.readspeaker.com/script/7866/webReader/r/r2728/ReadSpeaker.Styles.css?v=3.8.7.2728;https://siteimproveanalytics.com/js/siteanalyze_6134497.js,3,app-script.monsido.com();cdn-eu.readspeaker.com();siteimproveanalytics.com(),0,1,0,0,nan,1,False
www.saintleu.re,Saint-Leu,974,04ef57f5-87ab-4096-8331-233dde880eae,200,,9,altro_terzo_parte;analytics;cdn_font,cdn.by.wonderpush.com;fd.cleantalk.org;fonts.googleapis.com;gmpg.org;static.addtoany.com;use.typekit.net;widget.intramuros.org;www.googletagmanager.com;www.instagram.com,https://cdn.by.wonderpush.com/sdk/1.1/wonderpush-loader.min.js;https://fd.cleantalk.org;Google;https://gmpg.org/xfn/11;https://static.addtoany.com;https://use.typekit.net/fwm6ikq.css;https://widget.intramuros.org/diapo.html?zoom=1&vitesse=5&commune=6444&interco=639&type=evenements;Google;https://www.instagram.com/p/CWpn3D2IVGX/embed,9,cdn.by.wonderpush.com();fd.cleantalk.org();fonts.googleapis.com();gmpg.org();static.addtoany.com();use.typekit.net();widget.intramuros.org();www.googletagmanager.com();www.instagram.com(),0,0,0,0,,0,False
greta-franche-comte.fr,Pontarlier,25,04eff5e0-1452-4004-8487-fd0e4bd3ea7b,200,,7,altro_terzo_parte;analytics;captcha;cdn_font;video,external-bru2-1.xx.fbcdn.net;fonts.googleapis.com;gmpg.org;scontent-bru2-1.xx.fbcdn.net;www.google.com;www.googletagmanager.com;www.youtube.com,Google;Google;http://gmpg.org/xfn/11;https://scontent-bru2-1.xx.fbcdn.net/v/t39.30808-6/489031122_1126505992825052_3402034090535101710_n.jpg?stp=dst-jpg_s720x720_tt6&_nc_cat=108&ccb=1-7&_nc_sid=127cfc&_nc_ohc=EGTKkxwwP4AQ7kNvwGm3wlO&_nc_oc=AdqNiFXxs_3tkySOViXVmjXzwQlxy2Pe6QlCtDlbvYoYYDeUmKurNUfC31zO693QsyQ&_nc_zt=23&_nc_ht=scontent-bru2-1.xx&edm=AKK4YLsEAAAA&_nc_gid=7xas3xg_rWmrktFCdWVx1w&_nc_tpa=Q5bMBQI50ysXWfIRNh9WYLveO6C8yRfUSgnZ-j9gVAE1y_FjNoSTKVvdR7H8BnQMC9GoFurePTWIQL-2nw&oh=00_AQKF2RvwzzLZ_FjXItcFrmWT4xSUlTAyAPw_3QEI6jqvYA&oe=6AB046C4;Google;Google;Google,7,external-bru2-1.xx.fbcdn.net();fonts.googleapis.com();gmpg.org();scontent-bru2-1.xx.fbcdn.net();www.google.com();www.googletagmanager.com();www.youtube.com(),0,0,0,0,,0,False
www.taponas.fr,Taponas,69,04f012f7-516b-42c3-b409-00e72b6e3012,200,,4,altro_terzo_parte;captcha;cdn_font,cdn-cookieyes.com;fonts.googleapis.com;gmpg.org;www.google.com,https://cdn-cookieyes.com/client_data/87942dd1679a4a671cfcd941/script.js;Google;https://gmpg.org/xfn/11;Google,4,cdn-cookieyes.com();fonts.googleapis.com();gmpg.org();www.google.com(),0,0,0,0,,0,False
www.gendarmerie.interieur.gouv.fr,Aspres-sur-Buëch,05,04f0a201-aa87-4f69-91a0-65d3a97461fa,nan,ConnectionError,0,nan,nan,nan,nan,nan,nan,0,0,0,nan,0,False
www.afpa.fr,Béziers,34,04f0c3e8-5656-4b15-a5ba-3c84a95878d0,200,,6,altro_terzo_parte;cdn_font;sdk_generico,cdn.jsdelivr.net;cdn.tagcommander.com;code.jquery.com;maps.googleapis.com;redirect2286.tagcommander.com;ws.sharethis.com,jsDelivr;https://cdn.tagcommander.com/2286/tc_AFPA_3.js;https://code.jquery.com/ui/1.13.2/jquery-ui.min.js;Google;https://redirect2286.tagcommander.com/utils/noscript.php?id=3&mode=iframe;https://ws.sharethis.com/button/buttons.js,6,cdn.jsdelivr.net();cdn.tagcommander.com();code.jquery.com();maps.googleapis.com();redirect2286.tagcommander.com();ws.sharethis.com(),0,4,1,0,,3,False
www.gendarmerie.interieur.gouv.fr,Neuvy-le-Roi,37,04f32c34-c5bf-4870-9a80-14a2ba9c7e94,nan,ConnectionError,0,nan,nan,nan,nan,nan,nan,0,0,0,nan,0,False
www.egalite-femmes-hommes.gouv.fr,Cayenne,973,04f371a7-ec65-4811-b559-85c21fd53ed7,200,,0,,,,0,,0,1,0,0,,1,False
www.egalite-femmes-hommes.gouv.fr,Cayenne,973,04f371a7-ec65-4811-b559-85c21fd53ed7,200,,0,,,,0,,0,1,0,0,,1,False
www.saintalbanderoche.fr,Saint-Alban-de-Roche,38,04f3d9b2-d69c-4b66-ae78-1bee841a78f2,200,,6,altro_terzo_parte;analytics;captcha;cdn_font,fonts.googleapis.com;gmpg.org;maps.google.com;s.w.org;www.google.com;www.googletagmanager.com,Google;https://gmpg.org/xfn/11;https://maps.google.com;https://s.w.org;Google;Google,6,fonts.googleapis.com();gmpg.org();maps.google.com();s.w.org();www.google.com();www.googletagmanager.com(),0,0,0,0,,0,False
compains.fr,Compains,63,04f55305-d217-460d-acdf-24868da01526,200,,4,altro_terzo_parte;cdn_font,fonts.googleapis.com;fonts.gstatic.com;gmpg.org;votre-commune.inforoutes.fr,Google;Google;http://gmpg.org/xfn/11;https://votre-commune.inforoutes.fr/wp-content/themes/twentyseventeen-child/assets/images/logo-campagnol-2023.png,4,fonts.googleapis.com();fonts.gstatic.com();gmpg.org();votre-commune.inforoutes.fr(),0,0,0,0,,0,False
www.perrecy-les-forges.fr,Perrecy-les-Forges,71,04f6a74b-bdb2-497a-9715-d539f7b7441a,200,,2,altro_terzo_parte;cdn_font,unpkg.com;web-suivis.arnia-bfc.fr,unpkg;https://web-suivis.arnia-bfc.fr/piwik.php?idsite=475&rec=1&url=https://perrecy-les-forges.fr/,2,unpkg.com();web-suivis.arnia-bfc.fr(),0,0,0,0,,0,False
www.saint-chef.fr,Saint-Chef,38,04f7f078-4401-43a4-ab77-f5e2fc30f7cd,200,,0,,,,0,,0,1,1,0,,0,False
www.france-services.gouv.fr,Alleins,13,04f9f846-049f-4c9c-8bfe-124f4132485a,nan,ConnectionError,0,nan,nan,nan,nan,nan,nan,0,0,0,nan,0,False
www.gendarmerie.interieur.gouv.fr,Ajaccio,2A,04fbe27b-dd8a-4bfc-8fee-a999613cc9e8,nan,ConnectionError,0,nan,nan,nan,nan,nan,nan,0,0,0,nan,0,False
www.letronquay.fr,Le Tronquay,27,04fc269d-c034-4478-9793-2e612ecc8656,200,,2,altro_terzo_parte,communes.cdcla.fr;translate.google.com,https://communes.cdcla.fr/app/uploads/sites/23/2026/06/Photo-aerienne-le-Tronquay-1000x360.png;https://translate.google.com,2,communes.cdcla.fr();translate.google.com(),0,0,0,0,,0,False
www.oise.fr,Senlis,60,04fcae9e-ee56-4820-b1fe-8afead397e22,403,,0,,,,0,,0,0,0,0,,0,True
www.pour-les-personnes-agees.gouv.fr,Senlis,60,04fcae9e-ee56-4820-b1fe-8afead397e22,200,nan,3,altro_terzo_parte,app-script.monsido.com;cdn-eu.readspeaker.com;siteimproveanalytics.com,https://app-script.monsido.com/v2/monsido-script.js;http://cdn-eu.readspeaker.com/script/7866/webReader/r/r2728/ReadSpeaker.Styles.css?v=3.8.7.2728;https://siteimproveanalytics.com/js/siteanalyze_6134497.js,3,app-script.monsido.com();cdn-eu.readspeaker.com();siteimproveanalytics.com(),0,1,0,0,nan,1,False
www.impots.gouv.fr,Bernay,27,04fef114-4b4f-45ed-8cf5-96a0d16f2dc6,200,nan,0,nan,nan,nan,0,nan,0,0,0,0,nan,0,False
www.ville-lebeausset.fr,Le Beausset,83,05011c38-0660-41f5-8586-0ab152e4704b,200,,3,altro_terzo_parte;cdn_font,cdn.elementor.com;fonts.googleapis.com;gmpg.org,https://cdn.elementor.com;Google;http://gmpg.org/xfn/11,3,cdn.elementor.com();fonts.googleapis.com();gmpg.org(),0,0,0,0,,0,False
www.infojeunes-paca.fr,Le Beausset,83,05011c38-0660-41f5-8586-0ab152e4704b,200,,8,altro_terzo_parte;analytics;captcha;cdn_font,cdn.jsdelivr.net;fonts.googleapis.com;gmpg.org;s.w.org;static.addtoany.com;unpkg.com;www.google.com;www.googletagmanager.com,jsDelivr;Google;http://gmpg.org/xfn/11;https://s.w.org;https://static.addtoany.com;unpkg;Google;Google,8,cdn.jsdelivr.net();fonts.googleapis.com();gmpg.org();s.w.org();static.addtoany.com();unpkg.com();www.google.com();www.googletagmanager.com(),0,0,0,0,,0,False
www.impots.gouv.fr,Verneuil-sur-Avre Cedex,27,05023ec0-da3e-4778-8e42-f45a0ee8e59c,200,nan,0,nan,nan,nan,0,nan,0,0,0,0,nan,0,False
www.sainte-ruffine.fr,Sainte-Ruffine,57,0503ede5-c989-448c-bbd6-eee6d57617bb,200,,5,altro_terzo_parte,browser.sentry-cdn.com;opentech-ux.org;siteassets.parastorage.com;static.parastorage.com;static.wixstatic.com,"https://browser.sentry-cdn.com/7.120.3/modulemetadata.es5.min.js;https://opentech-ux.org/lom-captor/dist/opentech-ux-lib.js;https://siteassets.parastorage.com/pages/pages/thunderbolt?appDefinitionIdToSiteRevision=%7B%2214271d6f-ba62-d045-549b-ab972ae1f70e%22%3A%2225%22%2C%2214bcded7-0066-7c35-14d7-466cb3f09103%22%3A%221335%22%7D&beckyExperiments=.DatePickerPortal%2C.EnableCustomCSSVarsForLoginSocialBar%2C.FreemiumBannerOdeditor%2C.LoginBarEnableLoggingInStateInSSR%2C.TextInputAutoFillFix%2C.UseLoginSocialBarCustomMenu%2C.UseNestedLoginSocialBarMenuItems%2C.UseNewLoginBarDropdownMenuAlignment%2C.UseNewLoginSocialBarElementStructure%2C.UseNewLoginSocialBarMemberInitialsAvatar%2C.WixFreeSiteBannerDesktop%2C.WixFreeSiteBannerMobile%2C.addIdAsClassName%2C.buttonUdp%2C.calculateCollapsibleTextLineHeightByFont%2C.dynamicPageLinkTarget%2C.dynamicSlots%2C.fiveGridLineStudioSkins%2C.fixFirefoxLinkBarIntrinsicSizing%2C.isClassNameToRootEnabled%2C.logVsmPlatformDiff%2C.migrateSdkDataMappers%2C.resolveManifestInTB%2C.splitSlotSelectors%2C.stopResolvingInnerSelectors_VAG%2C.svgResolver_2%2C.updateRichTextSemanticClassNamesOnCorvid%2C.useClassnameInResponsiveAppWidget%2C.useImageAvifFormatInNativeProGallery%2C.useWowImageInFastGallery&blocksBuilderManifestGeneratorVersion=1.129.0&contentType=application%2Fjson&dfCk=6&dfVersion=1.5593.0&editorName=Unknown&experiments=dm_masterPageVariablesQueryFixer%2Cdm_migrateOldHoverBoxToNewFixer&externalBaseUrl=https%3A%2F%2Fwww.sainte-ruffine.fr&fileId=ac284a06.bundle.min&formFactor=desktop&hasTPAWorkerOnSite=false&hasUserDomainMedia=false&isBuilderComponentModel=false&isHttps=true&isInSeo=false&isPremiumDomain=true&isUrlMigrated=true&isWixCodeOnPage=false&isWixCodeOnSite=false&language=fr&metaSiteId=d016c192-05cb-4806-8fbb-b8cbd1a1ec40&module=thunderbolt-platform&originalLanguage=fr&pageId=ca69d7_fe6533709d291ace28adde9a4c339696_1688.json&pilerExperiments=specs.piler.useEditorReactComponents&quickActionsMenuEnabled=false®istryLibrariesTopology=%5B%7B%22artifactId%22%3A%22editor-elements%22%2C%22namespace%22%3A%22wixui%22%2C%22url%22%3A%22https%3A%2F%2Fstatic.parastorage.com%2Fservices%2Feditor-elements%2F1.15505.0%22%7D%2C%7B%22artifactId%22%3A%22editor-elements%22%2C%22namespace%22%3A%22dsgnsys%22%2C%22url%22%3A%22https%3A%2F%2Fstatic.parastorage.com%2Fservices%2Feditor-elements%2F1.15505.0%22%7D%5D&remoteWidgetStructureBuilderVersion=1.251.0&siteId=63d90f32-9d1b-426c-9ced-e856000ca1fd&siteRevision=1690&staticHTMLComponentUrl=https%3A%2F%2Fwww-sainte-ruffine-fr.filesusr.com%2F&viewMode=desktop;https://static.parastorage.com/client/pfavico.ico;https://static.wixstatic.com/media/ca69d7_fca1e9353f294c6e8d12b1147436c198~mv2.png/v1/fill/w_91,h_110,al_c,q_85,usm_0.66_1.00_0.01,enc_avif,quality_auto/logo_rufina_1_edited.png",5,browser.sentry-cdn.com();opentech-ux.org();siteassets.parastorage.com();static.parastorage.com();static.wixstatic.com(),0,2,0,0,,2,False
www.lacharitesurloire.fr,La Charité-sur-Loire,58,05045db4-7ead-49e1-86e5-26173d62a2ec,200,,2,altro_terzo_parte;cdn_font,unpkg.com;web-suivis.arnia-bfc.fr,unpkg;https://web-suivis.arnia-bfc.fr/piwik.php?idsite=1106&rec=1&url=https://lacharitesurloire.fr/,2,unpkg.com();web-suivis.arnia-bfc.fr(),0,0,0,0,,0,False
www.bellac.fr,Bellac,87,05048df5-ab1e-4f43-a455-c8ced1c64459,200,,5,altro_terzo_parte;captcha;cdn_font,app.panneaupocket.com;fonts.googleapis.com;fonts.gstatic.com;gmpg.org;www.google.com,https://app.panneaupocket.com/embeded/592586594?mode=widgetConfig&autoNavigation=0&widgetConfigId=1f0a02c2-8d4c-6966-8cd0-2bc1c74b8a46;Google;Google;http://gmpg.org/xfn/11;Google,5,app.panneaupocket.com();fonts.googleapis.com();fonts.gstatic.com();gmpg.org();www.google.com(),0,0,0,0,,0,False
www.dampierre-jura.fr,Dampierre,39,05053d12-ed46-45fb-9976-e5b7fad19c46,200,,5,altro_terzo_parte;cdn_font,def773hwqc19t.cloudfront.net;drfogfql429fi.cloudfront.net;files.appli-intramuros.com;fonts.googleapis.com;fonts.gstatic.com,https://def773hwqc19t.cloudfront.net/website/static/loupe.png;https://drfogfql429fi.cloudfront.net/intramuros-web/production/_next/static/css/6b832bb1d1f3a401.css;https://files.appli-intramuros.com;Google;Google,5,def773hwqc19t.cloudfront.net();drfogfql429fi.cloudfront.net();files.appli-intramuros.com();fonts.googleapis.com();fonts.gstatic.com(),0,0,0,0,,0,False
www.ac-versailles.fr,Sainte-Geneviève-des-Bois,91,0505661b-8141-408d-9da7-5423acefa12b,403,,0,,,,0,,0,0,0,0,,0,True
www.gendarmerie.interieur.gouv.fr,Drusenheim,67,050957a0-7a66-4987-9ffe-1a06a934f0c6,nan,ConnectionError,0,nan,nan,nan,nan,nan,nan,0,0,0,nan,0,False
lagorceardeche.com,Lagorce,07,0509b9ed-7222-4a60-8f09-25fd1fb52f36,200,,3,analytics;cdn_font,cdn.jsdelivr.net;cdnjs.cloudflare.com;connect.facebook.net,jsDelivr;Cloudflare;Meta,3,cdn.jsdelivr.net();cdnjs.cloudflare.com();connect.facebook.net(),0,0,0,0,,0,False
www.leffarmor.fr,Saint-Gilles-les-Bois,22,050a2c3a-1c71-4e58-8ce4-d8a6ee5dfc83,200,,0,,,,0,,0,0,0,0,,0,False
vicsuraisne.fr,Vic-sur-Aisne,02,050bc4f2-cff7-4eaf-879e-eded38fdad23,200,,6,altro_terzo_parte;captcha;cdn_font,cdnjs.cloudflare.com;fonts.googleapis.com;fonts.gstatic.com;js.hcaptcha.com;static.neopse.com;translate.google.com,Cloudflare;Google;Google;hCaptcha;https://static.neopse.com/assets/img/favicon/rdc_logo.ico?v=v1;https://translate.google.com/translate_a/element.js?cb=googleTranslateElementInit,6,cdnjs.cloudflare.com();fonts.googleapis.com();fonts.gstatic.com();js.hcaptcha.com();static.neopse.com();translate.google.com(),0,0,0,0,,0,False
www.touraine.fr,Saint-Pierre-des-Corps,37,050d7c63-c891-4367-a518-5cc7e9db9172,200,nan,4,altro_terzo_parte;analytics;cdn_font,cdn1.readspeaker.com;code.jquery.com;fonts.googleapis.com;www.googletagmanager.com,https://cdn1.readspeaker.com/script/11977/webReader/webReader.js?pids=wr;https://code.jquery.com/jquery-3.6.1.min.js;Google;Google,4,cdn1.readspeaker.com();code.jquery.com();fonts.googleapis.com();www.googletagmanager.com(),0,2,2,0,nan,0,False
la-benisson-dieu.fr,La Bénisson-Dieu,42,050dad2c-8d5c-4c7f-be0b-a18e25287ba5,200,,4,altro_terzo_parte;cdn_font,campagnolv2-1.campagnol.fr;fonts.googleapis.com;fonts.gstatic.com;gmpg.org,https://campagnolv2-1.campagnol.fr/wp-content/themes/twentyseventeen-child/assets/images/logo-campagnol-2023.png;Google;Google;http://gmpg.org/xfn/11,4,campagnolv2-1.campagnol.fr();fonts.googleapis.com();fonts.gstatic.com();gmpg.org(),0,0,0,0,,0,False
www.mlgenevois.org,Annemasse,74,050e3fee-a0bf-41bc-8418-16d2d1d2a166,200,,4,altro_terzo_parte;cdn_font,back.ww-cdn.com;cmsphoto.ww-cdn.com;fonts.googleapis.com;fonts.gstatic.com,https://back.ww-cdn.com/superstatic/version/1563439/iphone/11/photo/sections_39041943_elements_160448567355_cellBackgroundImage@tablet.png?v=1646130245;https://cmsphoto.ww-cdn.com/resizeapi/d57bc89a89aafc96936314c5bfe628ca42697e11/750/-1/;Google;Google,4,back.ww-cdn.com();cmsphoto.ww-cdn.com();fonts.googleapis.com();fonts.gstatic.com(),0,0,0,0,,0,False
www.castelmorondalbret.fr,Caumont,33,050e66b5-766f-4fb3-9e7c-8daad2112589,200,,3,analytics;captcha;cdn_font,fonts.googleapis.com;www.google.com;www.googletagmanager.com,Google;Google;Google,3,fonts.googleapis.com();www.google.com();www.googletagmanager.com(),0,0,0,0,,0,False
www.xaintrie-val-dordogne.fr,Argentat,19,050e8103-0d98-4604-a210-c2e876d03b3b,200,,3,altro_terzo_parte;cdn_font,calendar.google.com;fonts.googleapis.com;www.lamontagne.fr,https://calendar.google.com/calendar/embed?height=600&wkst=1&ctz=Europe%2FParis&showPrint=0&title=Ev%C3%A8nements%20XV'D&src=Y29tbXVuaWNhdGlvbkB4YWludHJpZS12YWwtZG9yZG9nbmUuZnI&src=ZnIuZnJlbmNoI2hvbGlkYXlAZ3JvdXAudi5jYWxlbmRhci5nb29nbGUuY29t&color=%23039be5&color=%230b8043;Google;https://www.lamontagne.fr/static/rss/widget/v2/dist/index.js,3,calendar.google.com();fonts.googleapis.com();www.lamontagne.fr(US),0,0,0,0,,0,False
www.perouse.eu,Pérouse,90,050ff3c6-dbcf-4c80-a4bb-4cae6e229009,200,,4,altro_terzo_parte,gmpg.org;stats.wp.com;v0.wordpress.com;wp.me,http://gmpg.org/xfn/11;https://stats.wp.com/e-202638.js;https://v0.wordpress.com;https://wp.me/P3jTnC-9,4,gmpg.org();stats.wp.com();v0.wordpress.com(US);wp.me(US),0,0,0,0,,0,False
www.ac-paris.fr,Paris,75,0510efc5-8f08-466f-ab48-1c60f207d26c,nan,ConnectionError,0,nan,nan,nan,nan,nan,nan,0,0,0,nan,0,False
www.ville-soreze.fr,Sorèze,81,05117187-99ac-4d19-b89f-3c185640aa7c,200,,3,altro_terzo_parte;captcha;cdn_font,fonts.googleapis.com;www.google.com;www.numanis.net,Google;Google;https://www.numanis.net/accessedition.js,3,fonts.googleapis.com();www.google.com();www.numanis.net(),0,0,0,0,,0,False
www.pour-les-personnes-agees.gouv.fr,Hérouville-Saint-Clair,14,05135a16-8a6e-4d18-8345-3bb547baa83e,200,nan,3,altro_terzo_parte,app-script.monsido.com;cdn-eu.readspeaker.com;siteimproveanalytics.com,https://app-script.monsido.com/v2/monsido-script.js;http://cdn-eu.readspeaker.com/script/7866/webReader/r/r2728/ReadSpeaker.Styles.css?v=3.8.7.2728;https://siteimproveanalytics.com/js/siteanalyze_6134497.js,3,app-script.monsido.com();cdn-eu.readspeaker.com();siteimproveanalytics.com(),0,1,0,0,nan,1,False
www.cdg37.fr,Tours,37,05137d4d-7fe7-42f4-83f2-296d3cf906be,200,,1,altro_terzo_parte,gmpg.org,http://gmpg.org/xfn/11,1,gmpg.org(),0,0,0,0,,0,False
www.ledoulieu.fr,Le Doulieu,59,0513f445-9cf8-49d7-80ab-b6f161680736,200,,0,,,,0,,0,1,0,0,,1,False
www.missions-locales-corse.org,L'Île-Rousse,2B,05165b92-3d20-4d94-bd5f-9597c9b27190,200,,8,altro_terzo_parte;analytics;cdn_font;video,fonts.axept.io;fonts.googleapis.com;fonts.gstatic.com;gmpg.org;maxcdn.bootstrapcdn.com;static.axept.io;www.googletagmanager.com;www.youtube.com,https://fonts.axept.io;Google;Google;https://gmpg.org/xfn/11;BootstrapCDN;https://static.axept.io;Google;Google,8,fonts.axept.io();fonts.googleapis.com();fonts.gstatic.com();gmpg.org();maxcdn.bootstrapcdn.com();static.axept.io();www.googletagmanager.com();www.youtube.com(),0,0,0,0,,0,False
www.chamberet.net,Chamberet,19,0516b096-dddd-46e7-8532-0a29353b1ff9,200,,5,altro_terzo_parte;cdn_font,def773hwqc19t.cloudfront.net;drfogfql429fi.cloudfront.net;files.appli-intramuros.com;fonts.googleapis.com;fonts.gstatic.com,https://def773hwqc19t.cloudfront.net/website/static/loupe.png;https://drfogfql429fi.cloudfront.net/intramuros-web/production/_next/static/css/6b832bb1d1f3a401.css;https://files.appli-intramuros.com/agglo_logo/748efa3c0e258a107f1f6baa446d8ac8_V%C3%A9z%C3%A8re-Mon.jpg;Google;Google,5,def773hwqc19t.cloudfront.net();drfogfql429fi.cloudfront.net();files.appli-intramuros.com();fonts.googleapis.com();fonts.gstatic.com(),0,0,0,0,,0,False
www.roquemaure-tarn.fr,Roquemaure,81,0517516d-b8ea-483a-936c-1b5e0f6917b8,200,,6,altro_terzo_parte;analytics;captcha;cdn_font,cdnjs.cloudflare.com;challenges.cloudflare.com;fonts.googleapis.com;fonts.gstatic.com;gmpg.org;www.googletagmanager.com,Cloudflare;Cloudflare;Google;Google;https://gmpg.org/xfn/11;Google,6,cdnjs.cloudflare.com();challenges.cloudflare.com();fonts.googleapis.com();fonts.gstatic.com();gmpg.org();www.googletagmanager.com(),0,0,0,0,,0,False
www.sexeyauxforges.fr,Sexey-aux-Forges,54,0517c7a0-d596-4861-9b7d-f2a05dd2e493,200,,4,altro_terzo_parte,browser.sentry-cdn.com;siteassets.parastorage.com;static.parastorage.com;static.wixstatic.com,"https://browser.sentry-cdn.com/7.120.3/modulemetadata.es5.min.js;https://siteassets.parastorage.com/pages/pages/thunderbolt?appDefinitionIdToSiteRevision=%7B%2214bcded7-0066-7c35-14d7-466cb3f09103%22%3A%221335%22%2C%2213d21c63-b5ec-5912-8397-c3a5ddb27a97%22%3A%22440%22%7D&beckyExperiments=.DatePickerPortal%2C.EnableCustomCSSVarsForLoginSocialBar%2C.FreemiumBannerOdeditor%2C.LoginBarEnableLoggingInStateInSSR%2C.TextInputAutoFillFix%2C.UseLoginSocialBarCustomMenu%2C.UseNestedLoginSocialBarMenuItems%2C.UseNewLoginBarDropdownMenuAlignment%2C.UseNewLoginSocialBarElementStructure%2C.UseNewLoginSocialBarMemberInitialsAvatar%2C.WixFreeSiteBannerDesktop%2C.WixFreeSiteBannerMobile%2C.addIdAsClassName%2C.buttonUdp%2C.calculateCollapsibleTextLineHeightByFont%2C.dynamicPageLinkTarget%2C.dynamicSlots%2C.fiveGridLineStudioSkins%2C.fixFirefoxLinkBarIntrinsicSizing%2C.isClassNameToRootEnabled%2C.logVsmPlatformDiff%2C.migrateSdkDataMappers%2C.resolveManifestInTB%2C.splitSlotSelectors%2C.stopResolvingInnerSelectors_VAG%2C.svgResolver_2%2C.updateRichTextSemanticClassNamesOnCorvid%2C.useClassnameInResponsiveAppWidget%2C.useImageAvifFormatInNativeProGallery%2C.useWowImageInFastGallery&blocksBuilderManifestGeneratorVersion=1.129.0&contentType=application%2Fjson&dfCk=6&dfVersion=1.5593.0&editorName=Unknown&experiments=dm_masterPageVariablesQueryFixer%2Cdm_migrateOldHoverBoxToNewFixer&externalBaseUrl=https%3A%2F%2Fwww.sexeyauxforges.fr&fileId=ac284a06.bundle.min&formFactor=desktop&hasTPAWorkerOnSite=false&hasUserDomainMedia=false&isBuilderComponentModel=false&isHttps=true&isInSeo=false&isPremiumDomain=true&isUrlMigrated=true&isWixCodeOnPage=false&isWixCodeOnSite=false&language=fr&metaSiteId=7ff6cf10-21a3-4dc1-857f-6597efedc744&module=thunderbolt-platform&originalLanguage=fr&pageId=4e4a3b_ad4c516037ccdf240a4da0fa0dd0c628_1058.json&pilerExperiments=specs.piler.useEditorReactComponents&quickActionsMenuEnabled=false®istryLibrariesTopology=%5B%7B%22artifactId%22%3A%22editor-elements%22%2C%22namespace%22%3A%22wixui%22%2C%22url%22%3A%22https%3A%2F%2Fstatic.parastorage.com%2Fservices%2Feditor-elements%2F1.15499.0%22%7D%2C%7B%22artifactId%22%3A%22editor-elements%22%2C%22namespace%22%3A%22dsgnsys%22%2C%22url%22%3A%22https%3A%2F%2Fstatic.parastorage.com%2Fservices%2Feditor-elements%2F1.15499.0%22%7D%5D&remoteWidgetStructureBuilderVersion=1.251.0&siteId=1deffa6f-68d5-42e1-b8e2-1336a54da0fd&siteRevision=1062&staticHTMLComponentUrl=https%3A%2F%2Fwww-sexeyauxforges-fr.filesusr.com%2F&viewMode=desktop;https://static.parastorage.com/services/tag-manager-client/1.1075.0/siteTags.bundle.min.js;https://static.wixstatic.com/media/4057345bcf57474b96976284050c00df.png/v1/fill/w_39,h_39,al_c,q_85,usm_0.66_1.00_0.01,enc_avif,quality_auto/4057345bcf57474b96976284050c00df.png",4,browser.sentry-cdn.com();siteassets.parastorage.com();static.parastorage.com();static.wixstatic.com(),0,3,1,0,,2,False
www.finistere.gouv.fr,Quimper,29,051845c9-5cb5-4098-8c76-00a796150935,,ConnectionError,0,,,,,,,0,0,0,,0,False
www.conseil-national.medecin.fr,Guichainville,27,0519a1ff-46c2-4945-8a81-50ed46ea9e85,200,nan,1,altro_terzo_parte,static.addtoany.com,https://static.addtoany.com/menu/page.js,1,static.addtoany.com(),0,0,0,0,nan,0,False
www.france-services.gouv.fr,Le Pont-de-Claix,38,051be69a-cbbd-4604-9b12-8ebfeb930741,nan,ConnectionError,0,nan,nan,nan,nan,nan,nan,0,0,0,nan,0,False
www.lamarche88.com,Lamarche,88,051c6bac-81e9-42a6-8e22-2b7c527fde1e,200,,3,analytics;cdn_font,fonts.googleapis.com;use.fontawesome.com;www.googletagmanager.com,Google;Font Awesome;Google,3,fonts.googleapis.com();use.fontawesome.com();www.googletagmanager.com(),0,1,0,0,,1,False
www.culture.gouv.fr,Avignon,84,051c7473-cc7e-4b6d-b728-ff5074a49d98,200,nan,2,altro_terzo_parte,cdntag.tarteaucitron.io;www.instagram.com,https://cdntag.tarteaucitron.io/load.js?domain=culture.gouv.fr&uuid=cb6c31eaf0d65c6f8768c5734dd1a8df6bfd7780;https://www.instagram.com/embed.js,2,cdntag.tarteaucitron.io();www.instagram.com(),0,0,0,0,nan,0,False
www.mairie-bry.fr,Bry,59,051d1568-25f2-43f8-a20d-ad98b508580b,200,,3,altro_terzo_parte,cdn.keeo.com;cdntag.tarteaucitron.io;vpsmatomo.keeo.com,https://cdn.keeo.com/tarteaucitron2.css;https://cdntag.tarteaucitron.io/load.js?locale=fr&iswordpress=true&domain=mairie-bry.fr&uuid=8c587d5c6e1d7eb205177c86f2a19dc117d82d3d;https://vpsmatomo.keeo.com/matomo.php?idsite=91&rec=1,3,cdn.keeo.com();cdntag.tarteaucitron.io();vpsmatomo.keeo.com(),0,0,0,0,,0,False
www.gendarmerie.interieur.gouv.fr,Chevreuse,78,051d3b68-6af2-47ea-a14a-7aa670675a6f,nan,ConnectionError,0,nan,nan,nan,nan,nan,nan,0,0,0,nan,0,False
www.rivesducouesnon.fr,Rives-du-Couesnon,35,051d3d02-7607-4a33-9b0b-b28b6153afe8,200,,4,analytics;captcha;cdn_font;sdk_generico,maps.googleapis.com;use.fontawesome.com;www.google-analytics.com;www.google.com,Google;Font Awesome;Google;Google,4,maps.googleapis.com();use.fontawesome.com();www.google-analytics.com();www.google.com(),0,0,0,0,,0,False
www.civrac-de-blaye.fr,Civrac-de-Blaye,33,051e03c8-8e37-4e62-8750-00dc84067200,200,,0,,,,0,,0,0,0,0,,0,False
www.france-services.gouv.fr,Lantriac,43,051e1d4e-8c3c-4fd5-a645-13aa52135486,nan,ConnectionError,0,nan,nan,nan,nan,nan,nan,0,0,0,nan,0,False
www.ville-aiguillon.fr,Aiguillon,47,05203ef5-b1cf-46a4-9a9a-1d19ceb113bc,200,,0,,,,0,,0,0,0,0,,0,False
www.hauts-de-seine.frsolidarites,Châtenay-Malabry,92,05206600-0ce3-4255-87e0-c4658211fd77,,ConnectionError,0,,,,,,,0,0,0,,0,False
www.pour-les-personnes-agees.gouv.fr,Châtenay-Malabry,92,05206600-0ce3-4255-87e0-c4658211fd77,200,nan,3,altro_terzo_parte,app-script.monsido.com;cdn-eu.readspeaker.com;siteimproveanalytics.com,https://app-script.monsido.com/v2/monsido-script.js;http://cdn-eu.readspeaker.com/script/7866/webReader/r/r2728/ReadSpeaker.Styles.css?v=3.8.7.2728;https://siteimproveanalytics.com/js/siteanalyze_6134497.js,3,app-script.monsido.com();cdn-eu.readspeaker.com();siteimproveanalytics.com(),0,1,0,0,nan,1,False
ml-sartrouville.com,Sartrouville,78,05227e96-da49-4f03-a9a4-1456abe0d890,200,,5,altro_terzo_parte;analytics;captcha;cdn_font,code.jquery.com;fonts.googleapis.com;use.fontawesome.com;www.google.com;www.googletagmanager.com,https://code.jquery.com/jquery-3.5.1.min.js;Google;Font Awesome;Google;Google,5,code.jquery.com();fonts.googleapis.com();use.fontawesome.com();www.google.com();www.googletagmanager.com(),0,1,1,0,,0,False
www.vignemont.fr,Vignemont,60,0525300b-f8e8-4c24-af77-fa1d41e6b6dc,200,,3,altro_terzo_parte;captcha;cdn_font,cdn.by.wonderpush.com;use.fontawesome.com;www.google.com,https://cdn.by.wonderpush.com;Font Awesome;Google,3,cdn.by.wonderpush.com();use.fontawesome.com();www.google.com(),0,0,0,0,,0,False
www.chaspuzac.fr,Chaspuzac,43,0525797c-7ea4-48ff-bab5-dba5f621f5f1,200,,1,altro_terzo_parte,www.leveil.fr,https://www.leveil.fr/photoSRC/VlZTJ19dUTgIDAVOBQwd/7737151.jpeg,1,www.leveil.fr(),0,2,1,0,,1,False
www.meucon.fr,Meucon,56,05278296-0502-495b-bb6c-7a8baaeba0f3,200,,1,altro_terzo_parte,s.w.org,https://s.w.org,1,s.w.org(),0,0,0,0,,0,False
romille.fr,Romillé,35,0529be3b-b1b6-4ae9-8caf-4e28cf74bd1c,200,,6,altro_terzo_parte;captcha;cdn_font,cdn.jsdelivr.net;cdntag.tarteaucitron.io;fonts.googleapis.com;gmpg.org;hcaptcha.com;romille.exig.org,jsDelivr;https://cdntag.tarteaucitron.io;Google;https://gmpg.org/xfn/11;hCaptcha;https://romille.exig.org/wp-content/uploads/2021/04/conseil-municipal-300x201.jpg,6,cdn.jsdelivr.net();cdntag.tarteaucitron.io();fonts.googleapis.com();gmpg.org();hcaptcha.com();romille.exig.org(),0,0,0,0,,0,False
www.grandchambery.fr,Chambéry,73,052be6ab-fa3e-45e7-b740-8e31a52abf06,200,,1,cdn_font,cdn.jsdelivr.net,jsDelivr,1,cdn.jsdelivr.net(),0,0,0,0,,0,False
www.france-services.gouv.fr,Marseille,13,052c8d9a-df90-4ec3-9c73-8f30288e9fa4,nan,ConnectionError,0,nan,nan,nan,nan,nan,nan,0,0,0,nan,0,False
www.france-services.gouv.fr,Saint-Genix-les-Villages,73,052cefca-01e1-4f54-8955-f4962ba6732a,nan,ConnectionError,0,nan,nan,nan,nan,nan,nan,0,0,0,nan,0,False
www.verteillac.fr,Verteillac,24,052d0107-bc50-4410-9220-a1cc93f6666a,200,,5,altro_terzo_parte;cdn_font,files.appli-intramuros.com;fonts.googleapis.com;fonts.gstatic.com;gmpg.org;s.w.org,https://files.appli-intramuros.com/img/events/1094/839a272447e29e1740f41b127fad3479_atelier-ph.jpg;Google;Google;https://gmpg.org/xfn/11;https://s.w.org,5,files.appli-intramuros.com();fonts.googleapis.com();fonts.gstatic.com();gmpg.org();s.w.org(),0,0,0,0,,0,False
www.villeneuve01.fr,Villeneuve,01,052e55d2-c238-476d-bbc1-ce31dfe04245,200,,3,altro_terzo_parte;cdn_font,cdnjs.cloudflare.com;fonts.googleapis.com;harvesthq.github.io,Cloudflare;Google;https://harvesthq.github.io/chosen/chosen.css?ver=7.0.4,3,cdnjs.cloudflare.com();fonts.googleapis.com();harvesthq.github.io(),0,0,0,0,,0,False
hautsdefrance.cci.fr,Lens,62,052f2c1b-d4a2-4164-946c-4c596e208edd,200,nan,5,altro_terzo_parte;cdn_font,cdnjs.cloudflare.com;dc.ads.linkedin.com;fonts.googleapis.com;tracker.quadran.eu;www.facebook.com,Cloudflare;https://dc.ads.linkedin.com/collect/?pid=194753&fmt=gif;Google;https://tracker.quadran.eu/qa-combined.js;https://www.facebook.com/tr?id=134277624040744&ev=PageView&noscript=1,5,cdnjs.cloudflare.com();dc.ads.linkedin.com();fonts.googleapis.com();tracker.quadran.eu();www.facebook.com(),0,2,0,0,nan,2,False
montfrin.fr,Montfrin,30,052f4cf1-2a57-49ba-b6e0-ff4daf1a99bf,200,,3,analytics;cdn_font,cdn.jsdelivr.net;cdnjs.cloudflare.com;connect.facebook.net,jsDelivr;Cloudflare;Meta,3,cdn.jsdelivr.net();cdnjs.cloudflare.com();connect.facebook.net(),0,0,0,0,,0,False
www.givenchy-en-gohelle.fr,Givenchy-en-Gohelle,62,0531c0c3-5926-42b2-a7c8-d94de7f1eca6,200,,1,cdn_font,fonts.googleapis.com,Google,1,fonts.googleapis.com(),0,2,1,0,,1,False
www.saintdizantdugua.fr,Saint-Dizant-du-Gua,17,0531c0e9-a130-44fd-9b43-ec8bc5769844,,ConnectTimeout,0,,,,,,,0,0,0,,0,False
www.janailhac-mairie.fr,Janailhac,87,053209de-e3a9-4dde-a57a-3d4ae161bac2,200,,6,altro_terzo_parte;analytics;cdn_font,app.panneaupocket.com;fonts.googleapis.com;fonts.gstatic.com;meteofrance.com;vigilance.meteofrance.fr;www.googletagmanager.com,https://app.panneaupocket.com/ville/865070491;Google;Google;http://meteofrance.com/widget/prevision/870770;https://vigilance.meteofrance.fr/fr/widget-vigilance/vigilance;Google,6,app.panneaupocket.com();fonts.googleapis.com();fonts.gstatic.com();meteofrance.com();vigilance.meteofrance.fr();www.googletagmanager.com(),0,0,0,0,,0,False
www.gendarmerie.interieur.gouv.fr,Bagnols-sur-Cèze,30,0533094c-eb39-4a6c-8bac-a1496173ac9b,nan,ConnectionError,0,nan,nan,nan,nan,nan,nan,0,0,0,nan,0,False
www.etables.fr,Étables,07,0534327a-ec00-4963-a1c8-e5a0a477eac4,200,,3,altro_terzo_parte;cdn_font,fonts.googleapis.com;fonts.gstatic.com;gmpg.org,Google;Google;https://gmpg.org/xfn/11,3,fonts.googleapis.com();fonts.gstatic.com();gmpg.org(),0,0,0,0,,0,False
www.cahuzac-sur-vere.fr,Cahuzac-sur-Vère,81,0536ed74-285d-4eb9-a098-875d1f524c1d,200,,0,,,,0,,0,0,0,0,,0,False
www.grandlyon.com,Saint-Fons,69,05372af0-141c-475c-847e-cf752f2a085e,200,nan,0,nan,nan,nan,0,nan,0,0,0,0,nan,0,False
www.lesgets-mairie.fr,Les Gets,74,05377fed-8521-412d-a3c6-0d99a92f9141,200,,3,analytics;sdk_generico,ajax.googleapis.com;maps.googleapis.com;www.googletagmanager.com,Google;Google;Google,3,ajax.googleapis.com();maps.googleapis.com();www.googletagmanager.com(),0,1,1,0,,0,False
surin79.fr,Surin,79,0538ac32-a9e3-4e53-9665-f2be2bd1e22a,200,,1,altro_terzo_parte,gmpg.org,https://gmpg.org/xfn/11,1,gmpg.org(),0,0,0,0,,0,False
isere.info-jeunes.fr,Grenoble,38,0538b9dc-3abe-446e-97b0-db85b6919557,200,,9,altro_terzo_parte;captcha;cdn_font,a.tile.openstreetmap.org;b.tile.openstreetmap.org;c.tile.openstreetmap.org;cdn.elementor.com;cdnjs.cloudflare.com;code.jquery.com;fonts.gstatic.com;gmpg.org;hcaptcha.com,https://a.tile.openstreetmap.org;https://b.tile.openstreetmap.org;https://c.tile.openstreetmap.org;https://cdn.elementor.com;Cloudflare;https://code.jquery.com/ui/1.12.1/themes/base/jquery-ui.css;Google;https://gmpg.org/xfn/11;hCaptcha,9,a.tile.openstreetmap.org();b.tile.openstreetmap.org();c.tile.openstreetmap.org();cdn.elementor.com();cdnjs.cloudflare.com();code.jquery.com();fonts.gstatic.com();gmpg.org();hcaptcha.com(),0,0,0,0,,0,False
lenord.fr,Lille,59,053a07fd-dc11-47d4-89ac-bf206fcd7001,200,,4,altro_terzo_parte;cdn_font,cdn.jsdelivr.net;spontaneit1.fra1.digitaloceanspaces.com;unpkg.com;use.fontawesome.com,jsDelivr;https://spontaneit1.fra1.digitaloceanspaces.com/le-nord/images/logos/logo-le-nord.png;unpkg;Font Awesome,4,cdn.jsdelivr.net();spontaneit1.fra1.digitaloceanspaces.com();unpkg.com();use.fontawesome.com(),0,0,0,0,,0,False
www.ijhericourt.com,Héricourt,70,053a2d01-f0ff-4286-a890-488d680e21a6,200,,5,altro_terzo_parte;cdn_font,fonts.googleapis.com;gmpg.org;ij39.jeunes-bfc.fr;ij70.jeunes-bfc.fr;www.jeunes-bfc.fr,Google;https://gmpg.org/xfn/11;https://ij39.jeunes-bfc.fr/wp-content/uploads/2024/03/BFC_SIGLE_NOIR-300x300-1.png;https://ij70.jeunes-bfc.fr/wp-content/uploads/2024/02/partenaire_gouvernement.webp;https://www.jeunes-bfc.fr/wp-content/uploads/2024/09/logo_ministere_09-2024_web.png,5,fonts.googleapis.com();gmpg.org();ij39.jeunes-bfc.fr();ij70.jeunes-bfc.fr();www.jeunes-bfc.fr(),0,0,0,0,,0,False
www.cg33.fr,Castelnau-de-Médoc,33,053b0e82-6423-43a6-95ab-6cbff593ec92,,ConnectionError,0,,,,,,,0,0,0,,0,False
www.bolleville76.fr,Bolleville,76,053b265f-7672-4de1-8da7-88cae2f4218a,200,,0,,,,0,,0,1,1,0,,0,False
ville-meru.fr,Méru,60,053c0ede-a2b2-4ff9-9e13-e0301534ee95,200,,1,sdk_generico,www.gstatic.com,Google,1,www.gstatic.com(),0,0,0,0,,0,False
douaisis.point-infofamille59.fr,Lille,59,053d93ff-438c-466d-bc00-d22dc8a97feb,200,,2,altro_terzo_parte;analytics,gmpg.org;www.googletagmanager.com,https://gmpg.org/xfn/11;Google,2,gmpg.org();www.googletagmanager.com(),0,1,1,0,,0,False
www.ccrlp.fr,Bollène,84,053e0e63-ded0-4b06-acef-11502193b3c8,500,,0,,,,0,,0,1,0,0,,1,False
www.origne33.fr,Origne,33,053fa7b8-9136-4bfa-91dd-656557739245,200,,1,altro_terzo_parte,code.jquery.com,http://code.jquery.com/jquery-latest.min.js,1,code.jquery.com(),0,0,0,0,,0,False
www.ccpsp24.fr,Eymet,24,0540eef8-e105-4932-acfc-f93a9d7c5b79,200,,5,altro_terzo_parte;captcha;cdn_font,cdnjs.cloudflare.com;fonts.googleapis.com;fonts.gstatic.com;js.hcaptcha.com;static.neopse.com,Cloudflare;Google;Google;hCaptcha;https://static.neopse.com/medias/p/4421/site/3a/4c/08/3a4c081506a08b55715f1145bcb0dc52121943d5.png,5,cdnjs.cloudflare.com();fonts.googleapis.com();fonts.gstatic.com();js.hcaptcha.com();static.neopse.com(),0,0,0,0,,0,False
www.ch-perpignan.fr,Perpignan,66,0541b786-0690-4cd0-8327-fc448747174e,200,,1,cdn_font,fonts.googleapis.com,Google,1,fonts.googleapis.com(),0,0,0,0,,0,False
maelis.info,Caulaincourt,02,054235b7-b159-4d5c-b9bc-d808a2634a69,200,,0,,,,0,,0,1,0,0,,1,False
www.impots.gouv.fr,Caluire-et-Cuire,69,05437283-33c9-43c1-ba4d-573097a1dee1,200,nan,0,nan,nan,nan,0,nan,0,0,0,0,nan,0,False
bordeaux.cour-administrative-appel.fr,Bordeaux,33,0544984a-3646-4010-bc7a-6b4636cc6292,200,,0,,,,0,,0,1,0,0,,1,False
www.liffre-cormier.fr,La Bouëxière,35,05464f28-c15c-4efc-a2e0-7232a9eddff5,200,,10,altro_terzo_parte;analytics;cdn_font,fonts.googleapis.com;fonts.gstatic.com;gmpg.org;maxcdn.bootstrapcdn.com;script.hotjar.com;static.hotjar.com;use.fontawesome.com;www.google-analytics.com;www.googletagmanager.com;www.youtube-nocookie.com,Google;Google;http://gmpg.org/xfn/11;BootstrapCDN;Hotjar;Hotjar;Font Awesome;Google;Google;https://www.youtube-nocookie.com/embed/Uk8PeubWCxc?feature=oembed&controls=0&hd=1&rel=0&showinfo=0&autoplay=1&autohide=1&loop=1&fs=1&cc_load_policy=1&iv_load_policy=3&mute=1&wmode=transparent&playlist=Uk8PeubWCxc,10,fonts.googleapis.com();fonts.gstatic.com();gmpg.org();maxcdn.bootstrapcdn.com();script.hotjar.com();static.hotjar.com();use.fontawesome.com();www.google-analytics.com();www.googletagmanager.com();www.youtube-nocookie.com(),0,0,0,0,,0,False
www.bourgneuf.fr,Bourgneuf,17,0546bf84-92c8-4092-b7b2-b07bc04fddde,200,,2,altro_terzo_parte;cdn_font,use.fontawesome.com;www.google.com,Font Awesome;https://www.google.com/maps/embed?pb=!1m18!1m12!1m3!1d657.5197552350544!2d-1.0256311506788156!3d46.166633805094484!2m3!1f0!2f0!3f0!3m2!1i1024!2i768!4f13.1!3m3!1m2!1s0x48014c807dfbd1db%3A0x315126e5eb7c3d38!2s58%20Bis%20Rue%20de%20la%20Commanderie%2C%2017220%20Bourgneuf!5e1!3m2!1sfr!2sfr!4v1783617003804!5m2!1sfr!2sfr,2,use.fontawesome.com();www.google.com(),0,0,0,0,,0,False
boisme.fr,Boismé,79,0548af1e-dd69-4ca6-a3b1-435bafc83bab,200,,6,altro_terzo_parte;analytics;cdn_font;sdk_generico,ajax.googleapis.com;assets.pinterest.com;fonts.googleapis.com;platform.linkedin.com;www.google.com;www.googletagmanager.com,Google;https://assets.pinterest.com/js/pinit.js;Google;https://platform.linkedin.com/in.js;https://www.google.com/maps/embed?pb=!1m14!1m8!1m3!1d10930.1204403777!2d-0.4344294!3d46.7741578!3m2!1i1024!2i768!4f13.1!3m3!1m2!1s0x0%3A0x150c9b760eaad2f7!2sMairie!5e0!3m2!1sfr!2sfr!4v1658128468996!5m2!1sfr!2sfr;Google,6,ajax.googleapis.com();assets.pinterest.com();fonts.googleapis.com();platform.linkedin.com();www.google.com();www.googletagmanager.com(),0,2,1,0,,1,False
www.rouzede.com,Rouzède,16,054a46af-3421-4456-af86-2dd1a2dec67d,200,,5,altro_terzo_parte;cdn_font;sdk_generico,ajax.googleapis.com;cdn.jsdelivr.net;ga.jspm.io;station.illiwap.com;www.rouzede.fr,Google;jsDelivr;https://ga.jspm.io/npm:es-module-shims@1.10.0/dist/es-module-shims.js;https://station.illiwap.com/fr/public/16290fr/services/picto/22-%23ff7c19-32.png;https://www.rouzede.fr/media/cache/resolve/vignette_alerte_media/uploads/alertes/documents/6a99cc08b2f69164358453.png,5,ajax.googleapis.com();cdn.jsdelivr.net();ga.jspm.io();station.illiwap.com();www.rouzede.fr(),0,0,0,0,,0,False
www.bruaysurescaut.fr,Bruay-sur-l'Escaut,59,054d7965-96ce-427e-a4d4-4e33f0a3d0fa,200,,1,altro_terzo_parte,v.rvvn.org,https://v.rvvn.org/js/?idsite=95&rec=1,1,v.rvvn.org(),0,1,0,0,,1,False
www.valdemarne.fr,Alfortville,94,054f55a8-d46c-4dba-a6ab-de438b267443,,ConnectTimeout,0,,,,,,,0,0,0,,0,False
www.chambost-longessaigne.com,Chambost-Longessaigne,69,054f7f53-bd7b-46fd-8717-11e6c369ec97,200,,6,altro_terzo_parte;analytics,app.panneaupocket.com;cdn.tarteaucitron.io;tarteaucitron.io;www.facebook.com;www.google.com;www.googletagmanager.com,https://app.panneaupocket.com/embeded/699323942?mode=widget&autoNavigation=0;https://cdn.tarteaucitron.io;https://tarteaucitron.io;https://www.facebook.com/plugins/page.php?href=https%3A%2F%2Fwww.facebook.com%2Fmonchambost&tabs=timeline&width=340&height=500&small_header=true&adapt_container_width=true&hide_cover=false&show_facepile=true&appId;https://www.google.com/maps/embed?pb=!1m18!1m12!1m3!1d44522.56244097803!2d4.3784229!3d45.7780007!2m3!1f0!2f0!3f0!3m2!1i1024!2i768!4f13.1!3m3!1m2!1s0x47f45cdeb18065cb%3A0x408ab2ae4bb2730!2s69770%20Chambost-Longessaigne!5e0!3m2!1sfr!2sfr!4v1703674350126!5m2!1sfr!2sfr;Google,6,app.panneaupocket.com();cdn.tarteaucitron.io();tarteaucitron.io();www.facebook.com();www.google.com();www.googletagmanager.com(),0,0,0,0,,0,False
www.rhone.fr,Thizy-les-Bourgs,69,05501bff-1734-42bb-96f8-c5ece1f73d7d,200,,0,,,,0,,0,1,0,0,,1,False
www.ccce.fr,Cattenom,57,0550a892-efd8-44a6-8d9a-462b245dc85f,200,,6,altro_terzo_parte;analytics;cdn_font;cookie_banner,consent.cookiebot.com;fonts.googleapis.com;gmpg.org;static.xx.fbcdn.net;v.calameo.com;www.googletagmanager.com,Cookiebot;Google;http://gmpg.org/xfn/11;https://static.xx.fbcdn.net/images/emoji.php/v9/tdd/1/16/274c.png;https://v.calameo.com/library/?type=account&id=5081662&rows=1&sortBy=latestPublished&theme=white&bgColor=&thumbSize=normal&showTitle=true&showShadow=true&showGloss=true&showInfo=date&linkTo=view&linkTarget=_blank;Google,6,consent.cookiebot.com();fonts.googleapis.com();gmpg.org();static.xx.fbcdn.net();v.calameo.com();www.googletagmanager.com(),0,0,0,0,,0,False
www.seine-et-marne.fr,Provins,77,05514ead-b456-4517-b65a-82ad8599ddee,200,,0,,,,0,,0,0,0,0,,0,False
www.ville-bassens.fr,Bassens,33,05550d5e-fd6d-41aa-8115-9f76e05f0aac,200,,0,,,,0,,0,2,0,0,,2,False
greta-cfa-aquitaine.fr,Périgueux,24,055531c8-4a90-4726-be98-73ee2fec2691,200,,3,altro_terzo_parte;captcha;sdk_generico,ajax.googleapis.com;gmpg.org;www.google.com,Google;http://gmpg.org/xfn/11;Google,3,ajax.googleapis.com();gmpg.org();www.google.com(),0,2,1,0,,1,False
www.aveyron.gouv.fr,Rodez,12,0557abbf-c358-434d-a15c-821f70a2c786,nan,ConnectionError,0,nan,nan,nan,nan,nan,nan,0,0,0,nan,0,False
www.arel08500.fr,Revin,08,0558d96e-322a-416f-ba9e-cd0b11c9fa3a,200,,2,altro_terzo_parte;cdn_font,fonts.googleapis.com;gmpg.org,Google;https://gmpg.org/xfn/11,2,fonts.googleapis.com();gmpg.org(),0,0,0,0,,0,False
info-jeunes-grandest.fr,Revin,08,0558d96e-322a-416f-ba9e-cd0b11c9fa3a,200,,2,cdn_font;sdk_generico,fonts.googleapis.com;maps.googleapis.com,Google;Google,2,fonts.googleapis.com();maps.googleapis.com(),0,0,0,0,,0,False
dimenc.gouv.nc,Nouméa,988,055b66a0-c1d0-45ec-ae06-0c385e6cd9da,200,,0,,,,0,,0,0,0,0,,0,False
www.impots.gouv.fr,Paris,75,055e4301-23fb-4b3f-8079-24902da96d4d,200,nan,0,nan,nan,nan,0,nan,0,0,0,0,nan,0,False
www.bas-rhin.gouv.fr,Strasbourg,67,055f1867-4a9c-476f-8058-23f380b4c5cb,,ConnectionError,0,,,,,,,0,0,0,,0,False
www.salornay-sur-guye.fr,Salornay-sur-Guye,71,055f67a1-0b43-49a3-a37d-8a120c40b5c0,200,,5,altro_terzo_parte;cdn_font,app.panneaupocket.com;campagnolv2-1.campagnol.fr;fonts.googleapis.com;fonts.gstatic.com;gmpg.org,https://app.panneaupocket.com/embeded/1995519266?mode=widget&autoNavigation=0;https://campagnolv2-1.campagnol.fr/wp-content/themes/twentyseventeen-child/assets/images/logo-campagnol-2023.png;Google;Google;http://gmpg.org/xfn/11,5,app.panneaupocket.com();campagnolv2-1.campagnol.fr();fonts.googleapis.com();fonts.gstatic.com();gmpg.org(),0,0,0,0,,0,False
www.lagreesaintlaurent.fr,La Grée-Saint-Laurent,56,05605d56-cc3a-402d-a2b9-51433fc0168b,200,,4,altro_terzo_parte;cdn_font,c0.wp.com;fonts.googleapis.com;gmpg.org;stats.wp.com,https://c0.wp.com/p/jetpack/12.8.3/css/jetpack.css;Google;https://gmpg.org/xfn/11;https://stats.wp.com,4,c0.wp.com();fonts.googleapis.com();gmpg.org();stats.wp.com(),0,0,0,0,,0,False
www.justice.gouv.fr,MELUN,77,05605da0-3979-46fd-b65c-c3ca2a2ad4b2,200,nan,0,nan,nan,nan,0,nan,0,2,0,0,nan,2,False
www.justice.gouv.fr,ANNECY,74,056077dc-338c-4a09-86f6-ddb8228c26a9,200,nan,0,nan,nan,nan,0,nan,0,2,0,0,nan,2,False
www.orly-sur-morin.fr,Orly-sur-Morin,77,056083a7-555f-481b-b107-2f76a8e203d1,200,,0,,,,0,,0,1,0,0,,1,False
www.pompiersdulot.fr,Cahors,46,056323d9-a40c-4559-b8fe-2cf589b37ec6,200,,2,altro_terzo_parte;analytics,code.jquery.com;www.googletagmanager.com,https://code.jquery.com/jquery-3.6.4.min.js;Google,2,code.jquery.com();www.googletagmanager.com(),0,0,0,0,,0,False
www.boncourt.fr,Boncourt,02,05646bfc-9d47-4f6f-84e2-043e2e114f3d,200,,2,altro_terzo_parte,v.rvvn.org;www.cc-champagnepicarde.fr,https://v.rvvn.org/js/?idsite=107&rec=1;https://www.cc-champagnepicarde.fr/fileadmin/templates/CCCP/img/drapeau_ue_petit.jpg,2,v.rvvn.org();www.cc-champagnepicarde.fr(),0,1,0,0,,1,False
www.impots.gouv.fr,Balma,31,05651df4-2fbe-4d30-b49e-450e0a2b1394,200,nan,0,nan,nan,nan,0,nan,0,0,0,0,nan,0,False
www.france-services.gouv.fr,Vorey,43,05679631-b460-4985-84c3-046e7a7878e7,nan,ConnectionError,0,nan,nan,nan,nan,nan,nan,0,0,0,nan,0,False
www.ac-orleans-tours.fr,Orléans,45,05699fcb-aaac-4558-a73f-2b5a0b3c0562,403,nan,0,nan,nan,nan,0,nan,0,0,0,0,nan,0,True
mairie-bengy.fr,Bengy-sur-Craon,18,056ad783-875e-4bd3-80e9-3b22a842c2b4,200,,4,altro_terzo_parte;cdn_font,fonts.googleapis.com;fonts.gstatic.com;gmpg.org;votre-commune.inforoutes.fr,Google;Google;http://gmpg.org/xfn/11;https://votre-commune.inforoutes.fr/wp-content/themes/twentyseventeen-child/assets/images/logo-campagnol-2023.png,4,fonts.googleapis.com();fonts.gstatic.com();gmpg.org();votre-commune.inforoutes.fr(),0,0,0,0,,0,False
www.ohain.fr,Ohain,59,056b057c-77b3-49c7-bfd7-ed306f371c67,200,,1,altro_terzo_parte,s.w.org,https://s.w.org,1,s.w.org(),0,0,0,0,,0,False
www.pays-ozon.com,Saint-Symphorien-d'Ozon,69,056b286e-06cd-491f-8c81-c45863ffa3d6,200,,6,altro_terzo_parte;cdn_font,app.mailjet.com;cdn.onesignal.com;fonts.googleapis.com;fonts.gstatic.com;pro.fontawesome.com;s2yxo.mjt.lu,https://app.mailjet.com/pas-nc-embedded-v1.js;https://cdn.onesignal.com/sdks/web/v16/OneSignalSDK.page.js?ver=1.0.0;Google;Google;https://pro.fontawesome.com/releases/v5.10.0/css/all.css;https://s2yxo.mjt.lu/wgt/s2yxo/xl51/form?c=14f30fe9,6,app.mailjet.com();cdn.onesignal.com();fonts.googleapis.com();fonts.gstatic.com();pro.fontawesome.com();s2yxo.mjt.lu(),0,0,0,0,,0,False
www.gendarmerie.interieur.gouv.fr,Villard-de-Lans,38,056b2d3e-cbd7-4a1f-876a-de7ff6cab973,nan,ConnectionError,0,nan,nan,nan,nan,nan,nan,0,0,0,nan,0,False
www.talence.fr,Talence,33,056d3279-f3b4-47dd-a8b0-8ed434cdbf05,200,,4,altro_terzo_parte;analytics;cdn_font,cdn.by.wonderpush.com;fonts.gstatic.com;maxcdn.bootstrapcdn.com;www.googletagmanager.com,https://cdn.by.wonderpush.com/sdk/1.1/wonderpush-loader.min.js;Google;BootstrapCDN;Google,4,cdn.by.wonderpush.com();fonts.gstatic.com();maxcdn.bootstrapcdn.com();www.googletagmanager.com(),0,0,0,0,,0,False
fleurieuxsurlarbresle.fr,Fleurieux-sur-l'Arbresle,69,056d5d7f-dcb0-4c9d-8bcb-bf4a19da5b09,200,,6,altro_terzo_parte;captcha;cdn_font,app.panneaupocket.com;cdnjs.cloudflare.com;fonts.googleapis.com;fonts.gstatic.com;js.hcaptcha.com;static.neopse.com,https://app.panneaupocket.com/embeded/1050075900?mode=widget&autoNavigation=0;Cloudflare;Google;Google;hCaptcha;https://static.neopse.com/thumbs/p/1280/site/f6/1d/87/f61d87c862c28e37cea295b5ccfc3e9107c32e09.png?v=v1,6,app.panneaupocket.com();cdnjs.cloudflare.com();fonts.googleapis.com();fonts.gstatic.com();js.hcaptcha.com();static.neopse.com(),0,0,0,0,,0,False
www.mairie-mezy.fr,Mézy-sur-Seine,78,056e83e3-a350-4170-8ced-df0465318d29,200,,0,,,,0,,0,0,0,0,,0,False
www.peche-ariege.com,Verniolle,09,0570d4e7-ff3f-4b96-ac7d-47521863cb45,200,,2,altro_terzo_parte,cdn.datatables.net;scontent-cdg6-1.xx.fbcdn.net,https://cdn.datatables.net/responsive/2.3.0/css/responsive.dataTables.min.css?ver=3f47f7;https://scontent-cdg6-1.xx.fbcdn.net/v/t39.30808-1/306930082_468648625292168_3392800036525620511_n.jpg?stp=dst-jpg_s200x200_tt6&_nc_cat=103&ccb=1-7&_nc_sid=f907e8&_nc_ohc=ns8cYyl9nSQQ7kNvwEnP6Wi&_nc_oc=AdrwT4zp4Awn33DCYJUlQ6L9lGg8P9L4WIgoE1DlttHCAXPSaoqdxvHo-LxRyOgpNbE&_nc_zt=24&_nc_ht=scontent-cdg6-1.xx&edm=AOf6bZoEAAAA&_nc_gid=GiW3en2po_skP8pxbDhGRQ&_nc_tpa=Q5bMBQL8_kRAZMz7frAAbOvlDBGTJlgtJvg7BHC7JUDnRkHSMZS0WF-AqC6eYmPkJ0CHQh83WSmFhyTs&oh=00_AQJf27AgGH4kVTOZ15xj9aGLGwao9ef3faSTe3w5nS_dPA&oe=6AAF5398,2,cdn.datatables.net();scontent-cdg6-1.xx.fbcdn.net(),0,0,0,0,,0,False
www.mairie-stsernin47.fr,Saint-Sernin,47,0571a875-93ac-4cf4-913e-3ed199c73785,404,,0,,,,0,,0,0,0,0,,0,False
www.cc-desvressamer.fr,Samer,62,0571af68-0ee5-4621-b556-822c75591219,200,,4,altro_terzo_parte;cdn_font;sdk_generico,fonts.googleapis.com;gmpg.org;maps.google.com;maps.googleapis.com,Google;https://gmpg.org/xfn/11;https://maps.google.com/maps/api/js?sensor=true%2Ffalse&ver=6.8.8&key=AIza_REDACTED&callback=rgmkInitGoogleMaps;Google,4,fonts.googleapis.com();gmpg.org();maps.google.com();maps.googleapis.com(),0,0,0,0,,0,False
www.ville-poissy.fr,Poissy Cedex,78,05724710-ca34-4318-9743-e8fbad64ca66,200,,0,,,,0,,0,1,0,0,,1,False
www.adil12.org,Rodez,12,0573a71b-c8d3-46b0-9180-9c1a609933c9,200,,1,altro_terzo_parte,www.anil.org,https://www.anil.org/adil-12/,1,www.anil.org(),0,0,0,0,,0,False
france-renov.gouv.fr,Rodez,12,0573a71b-c8d3-46b0-9180-9c1a609933c9,200,nan,0,nan,nan,nan,0,nan,0,2,0,0,nan,2,False
www.brienangissienne.fr,Nangis,77,0573aadb-a597-4173-8f2d-07558a7e982a,200,,2,altro_terzo_parte,gmpg.org;www.youtube-nocookie.com,https://gmpg.org/xfn/11;https://www.youtube-nocookie.com,2,gmpg.org();www.youtube-nocookie.com(),0,0,0,0,,0,False
www.udaf33.fr,Bordeaux,33,05748e31-6b9a-4e1c-8f9a-dc834b9b5376,200,,2,analytics,connect.facebook.net;www.googletagmanager.com,Meta;Google,2,connect.facebook.net();www.googletagmanager.com(),0,0,0,0,,0,False
www.caylus.com,Caylus,82,0574da66-3564-4806-98ef-7166b1c4c754,200,,5,altro_terzo_parte;cdn_font,def773hwqc19t.cloudfront.net;drfogfql429fi.cloudfront.net;files.appli-intramuros.com;fonts.googleapis.com;fonts.gstatic.com,https://def773hwqc19t.cloudfront.net/website/static/loupe.png;https://drfogfql429fi.cloudfront.net/intramuros-web/production/_next/static/css/6b832bb1d1f3a401.css;https://files.appli-intramuros.com/website/uploads/16099/2025/logo_station_verte.jpg;Google;Google,5,def773hwqc19t.cloudfront.net();drfogfql429fi.cloudfront.net();files.appli-intramuros.com();fonts.googleapis.com();fonts.gstatic.com(),0,0,0,0,,0,False
campagne-landes.fr,Campagne,40,05775d4b-eb17-48c7-802f-987c8e39fe85,200,,1,cdn_font,unpkg.com,unpkg,1,unpkg.com(),0,0,0,0,,0,False
www.unaf.fr,Penne-d'Agenais,47,0577c5b2-11e6-4edd-a84f-a3a34bf82802,200,nan,3,analytics;cdn_font;video,fonts.gstatic.com;player.vimeo.com;www.googletagmanager.com,Google;Vimeo;Google,3,fonts.gstatic.com();player.vimeo.com();www.googletagmanager.com(),0,0,0,0,nan,0,False
www.ardennes.gouv.fr,Charleville-Mézières,08,057d930c-f1b5-454d-ad9a-9fdc6d20fa59,,ConnectionError,0,,,,,,,0,0,0,,0,False
www.ardennes.gouv.fr,Charleville-Mézières,08,057d930c-f1b5-454d-ad9a-9fdc6d20fa59,,ConnectionError,0,,,,,,,0,0,0,,0,False
www.impots.gouv.fr,Annecy Cedex,74,057f41f4-f3d8-41ae-9842-e244a8a42ef9,200,nan,0,nan,nan,nan,0,nan,0,0,0,0,nan,0,False
www.cresserons.fr,Cresserons,14,057f888e-6569-42db-aeb2-75bb7f338e10,503,,2,altro_terzo_parte;cdn_font,assets.storage.infomaniak.com;fonts.googleapis.com,https://assets.storage.infomaniak.com/fonts/font-awesome/4.3.0/css/font-awesome.min.css;Google,2,assets.storage.infomaniak.com();fonts.googleapis.com(),0,0,0,0,,0,False
midipyrenees.urssaf.fr,Rodez,12,05808b60-e797-4aec-83dc-3151ee52d713,,ConnectionError,0,,,,,,,0,0,0,,0,False
www.beaulieu15.fr,Beaulieu,15,05822487-221b-457a-8753-77a06257e065,200,,0,,,,0,,0,2,1,0,,1,False
www.france-services.gouv.fr,Luxeuil-les-Bains,70,05832ee7-9c5c-4d1d-915a-8ee3d26215ec,nan,ConnectionError,0,nan,nan,nan,nan,nan,nan,0,0,0,nan,0,False
paysdeluxeuil.fr,Luxeuil-les-Bains,70,05832ee7-9c5c-4d1d-915a-8ee3d26215ec,200,,3,altro_terzo_parte;cdn_font,fonts.googleapis.com;gmpg.org;paysdeluxeuil.com,Google;http://gmpg.org/xfn/11;https://paysdeluxeuil.com/wp-content/uploads/2025/05/favicon-CCPLx.png,3,fonts.googleapis.com();gmpg.org();paysdeluxeuil.com(),0,0,0,0,,0,False
www.taillan-medoc.fr,Le Taillan-Médoc,33,05835338-cbb2-4911-bdb5-563e88a5bff6,200,,9,altro_terzo_parte;analytics;captcha;cdn_font,cdn.by.wonderpush.com;challenges.cloudflare.com;fonts.googleapis.com;fonts.gstatic.com;gmpg.org;img.openagenda.com;sibforms.com;unpkg.com;www.googletagmanager.com,https://cdn.by.wonderpush.com/sdk/1.1/wonderpush-loader.min.js;Cloudflare;Google;Google;https://gmpg.org/xfn/11;https://img.openagenda.com/main/7d7f569ba97a4acca8efb0812002caaa.base.image.jpg;https://sibforms.com/forms/end-form/build/sib-styles.css;unpkg;Google,9,cdn.by.wonderpush.com();challenges.cloudflare.com();fonts.googleapis.com();fonts.gstatic.com();gmpg.org();img.openagenda.com();sibforms.com();unpkg.com();www.googletagmanager.com(),0,0,0,0,,0,False
www.isere.fr,Saint-Martin-le-Vinoux,38,058395f6-e9b9-438c-9ff9-d717e38c6796,200,nan,0,nan,nan,nan,0,nan,0,0,0,0,nan,0,False
www.adil03.org,Moulins,03,0583ac31-b426-48c9-801f-8af9c0e92d8e,200,,1,altro_terzo_parte,www.anil.org,https://www.anil.org/adil-03/,1,www.anil.org(),0,0,0,0,,0,False
www.badens.fr,Badens,11,05857a55-5e78-4755-b932-244cbb5d8c38,200,,1,altro_terzo_parte,gmpg.org,http://gmpg.org/xfn/11,1,gmpg.org(),0,0,0,0,,0,False
www.crous-normandie.fr,Le Havre,76,0585abc0-abbd-4c68-ab21-167639b988d5,200,,3,altro_terzo_parte;cdn_font,cdn.jsdelivr.net;cdn.priv.center;webapi.affluences.com,jsDelivr;https://cdn.priv.center/pc/truendo_cmp.pid.js;https://webapi.affluences.com/js/webapi_latest.min.js,2,cdn.jsdelivr.net();cdn.priv.center(),0,0,0,0,,0,False
www.ml-laciotat.fr,La-Ciotat,13,0586036c-55c1-4b8c-89ca-b394c695582f,200,,0,,,,0,,0,0,0,0,,0,False
www.mairiedechatres.com,Châtres,77,05869a8b-d18f-4465-bf62-00b7da5c756a,200,,6,altro_terzo_parte;sdk_generico;video,ajax.googleapis.com;cdn2_3.reseaudesvilles.fr;i.ytimg.com;static.reseaudescommunes.fr;static.reseaudesvilles.fr;thumbs.reseaudesvilles.fr,Google;http://cdn2_3.reseaudesvilles.fr/cities/191/logo/AGb3z3W1eymYaZY.jpg;Google;http://static.reseaudescommunes.fr/default/images/logo/prefecture/77.jpg;http://static.reseaudesvilles.fr/default/images/meteo/wind_white.png;http://thumbs.reseaudesvilles.fr/thumbs/191/260x195/h2r4lr30q6ozvz.jpg,6,ajax.googleapis.com();cdn2_3.reseaudesvilles.fr();i.ytimg.com();static.reseaudescommunes.fr();static.reseaudesvilles.fr();thumbs.reseaudesvilles.fr(),0,3,1,0,,2,False
www.france-services.gouv.fr,Marange-Silvance,57,0587bd60-d6dc-4c06-956d-c354c26fda37,nan,ConnectionError,0,nan,nan,nan,nan,nan,nan,0,0,0,nan,0,False
www.ccpom.fr,Marange-Silvance,57,0587bd60-d6dc-4c06-956d-c354c26fda37,200,,4,altro_terzo_parte;analytics;cdn_font,api.mapbox.com;cdn.jsdelivr.net;fonts.googleapis.com;www.googletagmanager.com,https://api.mapbox.com/mapbox-gl-js/v2.10.0/mapbox-gl.css?ver=7.1;jsDelivr;Google;Google,4,api.mapbox.com();cdn.jsdelivr.net();fonts.googleapis.com();www.googletagmanager.com(),0,0,0,0,,0,False
www.anah.gouv.fr,Périgueux,24,0587e1b0-93ed-49c1-af34-b6660a62aaf6,200,nan,1,cdn_font,cdn.jsdelivr.net,jsDelivr,1,cdn.jsdelivr.net(),0,1,0,0,nan,1,False
www.dordogne.fr,Périgueux,24,0587e1b0-93ed-49c1-af34-b6660a62aaf6,200,,2,altro_terzo_parte;cdn_font,a9.com;cdnjs.cloudflare.com,http://a9.com/-/spec/opensearch/1.1/;Cloudflare,2,a9.com();cdnjs.cloudflare.com(),0,1,0,0,,1,False
www.france-services.gouv.fr,Isigny-sur-Mer,14,05896ef8-0e0a-4cb9-945a-17aa55be2ea0,nan,ConnectionError,0,nan,nan,nan,nan,nan,nan,0,0,0,nan,0,False
www.varenne-saint-germain.fr,Varenne-Saint-Germain,71,0589dd21-87f0-44f7-982d-67a70a7d80c9,200,,3,altro_terzo_parte;analytics;cdn_font,fonts.googleapis.com;umami-production-5fff.up.railway.app;www.googletagmanager.com,Google;https://umami-production-5fff.up.railway.app/umami.js;Google,3,fonts.googleapis.com();umami-production-5fff.up.railway.app();www.googletagmanager.com(),0,0,0,0,,0,False
www.pnr-vexin-francais.fr,Théméricourt,95,058a6345-fc3d-43e5-a178-9ab8cf1ae6bb,200,,3,altro_terzo_parte,gmpg.org;www.parcduvexin.fr;www.youtube-nocookie.com,http://gmpg.org/xfn/11;https://www.parcduvexin.fr/wp-content/uploads/2025/08/label.png;https://www.youtube-nocookie.com,3,gmpg.org();www.parcduvexin.fr();www.youtube-nocookie.com(),0,0,0,0,,0,False
www.parcs-naturels-regionaux.fr,Théméricourt,95,058a6345-fc3d-43e5-a178-9ab8cf1ae6bb,200,,6,altro_terzo_parte;analytics;cdn_font,cdnjs.cloudflare.com;dist;stackpath.bootstrapcdn.com;w.soundcloud.com;www.facebook.com;www.googletagmanager.com,Cloudflare;https://dist;BootstrapCDN;https://w.soundcloud.com/player/?url=https%3A//api.soundcloud.com/tracks/1915187801&visual=1&auto_play=false&hide_related=true&show_comments=false&show_user=false&show_reposts=false&color=%23ff5500;https://www.facebook.com/plugins/page.php?href=https%3A%2F%2Fwww.facebook.com%2FFederationPNR&tabs=timeline&width=300&height=400&small_header=false&adapt_container_width=true&hide_cover=false&show_facepile=false&appId;Google,5,cdnjs.cloudflare.com();stackpath.bootstrapcdn.com();w.soundcloud.com();www.facebook.com();www.googletagmanager.com(),1,0,0,0,,0,False
mairie-saintjeandefos.fr,Saint-Jean-de-Fos,34,058cd8da-ff23-43bc-a481-9f5a4ce49e68,200,,0,,,,0,,0,0,0,0,,0,False
www.essonne.fr,Sainte-Geneviève-des-Bois,91,058d9f17-062c-4f45-9d37-dbb11173fb05,418,,1,cdn_font,fonts.googleapis.com,Google,1,fonts.googleapis.com(),0,5,0,0,,5,False
www.gendarmerie.interieur.gouv.fr,Bozouls,12,058e0708-0245-4abb-8a09-e21b07c131b2,nan,ConnectionError,0,nan,nan,nan,nan,nan,nan,0,0,0,nan,0,False
www.epinay-sur-seine.fr,Épinay-sur-Seine,93,058e1c50-1b01-472b-964b-52e77b3ed9c5,200,,1,altro_terzo_parte,gmpg.org,http://gmpg.org/xfn/11,1,gmpg.org(),0,0,0,0,,0,False
www.mairie-saintbonnetdugard.fr,Saint-Bonnet-du-Gard,30,059027e3-62d6-4e4c-bf14-c5b201c7567d,200,,3,analytics;cdn_font,cdn.jsdelivr.net;cdnjs.cloudflare.com;connect.facebook.net,jsDelivr;Cloudflare;Meta,3,cdn.jsdelivr.net();cdnjs.cloudflare.com();connect.facebook.net(),0,0,0,0,,0,False
pasdecalais.cidff.info,Boulogne-sur-Mer,62,05910f79-a857-40cc-a418-81a910911918,200,,1,cdn_font,unpkg.com,unpkg,1,unpkg.com(),0,0,0,0,,0,False
fncidff.info,Boulogne-sur-Mer,62,05910f79-a857-40cc-a418-81a910911918,200,nan,5,altro_terzo_parte;analytics;cdn_font,cookie-cdn.cookiepro.com;sibforms.com;unpkg.com;www.facebook.com;www.googletagmanager.com,https://cookie-cdn.cookiepro.com/scripttemplates/otSDKStub.js;https://sibforms.com/forms/end-form/build/sib-styles.css;unpkg;https://www.facebook.com/tr?id=720924753275353&ev=PageView&noscript=1&cd%5Bpage_title%5D=Accueil&cd%5Bpost_type%5D=page&cd%5Bpost_id%5D=19&cd%5Bplugin%5D=PixelYourSite&cd%5Buser_role%5D=guest&cd%5Bevent_url%5D=fncidff.info%2F;Google,5,cookie-cdn.cookiepro.com();sibforms.com();unpkg.com();www.facebook.com();www.googletagmanager.com(),0,0,0,0,nan,0,False
www.cournon-auvergne.fr,Cournon-d'Auvergne,63,05972a22-facc-42c4-ba42-55520626997f,200,,1,altro_terzo_parte,gmpg.org,http://gmpg.org/xfn/11,1,gmpg.org(),0,0,0,0,,0,False
www.marcillacsaintquentin.fr,Marcillac-Saint-Quentin,24,059793d7-692d-4635-91bf-9eb2f559022c,200,,2,cdn_font,fonts.googleapis.com;use.fontawesome.com,Google;Font Awesome,2,fonts.googleapis.com();use.fontawesome.com(),0,1,0,0,,1,False
www.ardon45.fr,Ardon,45,0597d065-aa3a-428e-9f25-adcf5ccebf71,200,,4,altro_terzo_parte;analytics;captcha;sdk_generico,ajax.googleapis.com;gmpg.org;www.google.com;www.googletagmanager.com,Google;http://gmpg.org/xfn/11;Google;Google,4,ajax.googleapis.com();gmpg.org();www.google.com();www.googletagmanager.com(),0,0,0,0,,0,False
www.ville-estaires.fr,Estaires,59,0599a7bc-2b41-4642-a4d5-da441f7c74f5,200,,2,altro_terzo_parte;cdn_font,fonts.googleapis.com;s7.addthis.com,Google;https://s7.addthis.com/js/300/addthis_widget.js#pubid=ra-59a41f2e911b2138,1,fonts.googleapis.com(),1,2,1,0,,1,False
www.cc-auzon.fr,Sainte-Florine,43,0599b0d5-64b1-4742-a00d-7795cc5118da,200,,2,altro_terzo_parte;cdn_font,fonts.googleapis.com;www.leveil.fr,Google;https://www.leveil.fr/photoSRC/VVZTJ19dUTgIDAVOBQwd/accident-de-la-route_7745317.jpeg,2,fonts.googleapis.com();www.leveil.fr(),0,2,1,0,,1,False
www.lesforetsduperche.fr,Lamblore,28,0599ef8d-0616-4174-be0b-963682671a33,200,,0,,,,0,,0,0,0,0,,0,False
artagnan.fr,Artagnan,65,059ac3ef-7ac6-4ec5-9dbc-a57657f40d66,200,,4,altro_terzo_parte;cdn_font,campagnolv2-1.campagnol.fr;fonts.googleapis.com;fonts.gstatic.com;gmpg.org,https://campagnolv2-1.campagnol.fr/wp-content/themes/twentyseventeen-child/assets/images/logo-campagnol-2023.png;Google;Google;http://gmpg.org/xfn/11,4,campagnolv2-1.campagnol.fr();fonts.googleapis.com();fonts.gstatic.com();gmpg.org(),0,0,0,0,,0,False
www.ccb.com,Blaye,33,059b19ca-a5ce-4004-95c0-d07446abafb5,200,,0,,,,0,,0,1,0,0,,1,False
www.villelongue.fr,Villelongue,65,059b4154-b3b5-4885-92a1-fa83dbae042a,200,,0,,,,0,,0,2,1,0,,1,False
www.alsace.eu,Mutzig,67,059bd4fe-362f-46b1-b09a-6d859152b4a6,200,,1,cdn_font,cdn.jsdelivr.net,jsDelivr,1,cdn.jsdelivr.net(),0,0,0,0,,0,False
www.afpa.fr,Tours,37,059c8500-a94f-433d-8a38-be48421b71e7,200,,6,altro_terzo_parte;cdn_font;sdk_generico,cdn.jsdelivr.net;cdn.tagcommander.com;code.jquery.com;maps.googleapis.com;redirect2286.tagcommander.com;ws.sharethis.com,jsDelivr;https://cdn.tagcommander.com/2286/tc_AFPA_3.js;https://code.jquery.com/ui/1.13.2/jquery-ui.min.js;Google;https://redirect2286.tagcommander.com/utils/noscript.php?id=3&mode=iframe;https://ws.sharethis.com/button/buttons.js,6,cdn.jsdelivr.net();cdn.tagcommander.com();code.jquery.com();maps.googleapis.com();redirect2286.tagcommander.com();ws.sharethis.com(),0,4,1,0,,3,False
www.martot.fr,Martot,27,059e4344-468c-45d0-b369-092f44b45604,200,,4,altro_terzo_parte;analytics;cdn_font,fonts.googleapis.com;s.w.org;www.googletagmanager.com;www.ta-meteo.fr,Google;https://s.w.org;Google;http://www.ta-meteo.fr/widget4/0fd9c5e63203488abede3d8e9387e4fc.png?t=time(),4,fonts.googleapis.com();s.w.org();www.googletagmanager.com();www.ta-meteo.fr(),0,0,0,0,,0,False
www.latour-bas-elne.com,Latour-Bas-Elne,66,05a0282a-c548-4f52-9ce8-087c32b1d6bd,200,,4,analytics;captcha;cdn_font,fonts.gstatic.com;maxcdn.bootstrapcdn.com;www.google.com;www.googletagmanager.com,Google;BootstrapCDN;Google;Google,4,fonts.gstatic.com();maxcdn.bootstrapcdn.com();www.google.com();www.googletagmanager.com(),0,1,0,0,,1,False
www.centresocial.csc49.fr,Chemillé-en-Anjou,49,05a12cc5-7be9-4bd0-aa9f-fca394bc6f01,,ConnectionError,0,,,,,,,0,0,0,,0,False
www.cicas.agirc-arrco.fr,Brive-la-Gaillarde,19,05a15c93-25fb-4388-85dd-899c00c31952,200,nan,2,cdn_font,fonts.googleapis.com;fonts.gstatic.com,Google;Google,2,fonts.googleapis.com();fonts.gstatic.com(),0,0,0,0,nan,0,False
www.france-services.gouv.fr,Charny-Orée-de-Puisaye,89,05a5d3a8-65ca-43ba-a87e-5a5bcf56dfb7,nan,ConnectionError,0,nan,nan,nan,nan,nan,nan,0,0,0,nan,0,False
www.tarn-et-garonne.gouv.fr,Montauban,82,05a772f1-9579-4381-b534-218ec2186afe,,ConnectionError,0,,,,,,,0,0,0,,0,False
www.valdesomme.com,Corbie,80,05a77901-f128-4689-bd91-a4a8db957298,200,,6,altro_terzo_parte;captcha;cdn_font,api.uzhappy.fr;cdn.by.wonderpush.com;cdn.jsdelivr.net;use.fontawesome.com;use.typekit.net;www.google.com,https://api.uzhappy.fr/uploads/media/vdsfnj/1711463851085_logo-footer-ccvs-1.png;https://cdn.by.wonderpush.com/sdk/1.1/wonderpush-loader.min.js;jsDelivr;Font Awesome;https://use.typekit.net/dvr8yav.css;Google,6,api.uzhappy.fr();cdn.by.wonderpush.com();cdn.jsdelivr.net();use.fontawesome.com();use.typekit.net();www.google.com(),0,1,0,0,,1,False
www.ameli.fr,Ivry-sur-Seine,94,05a93fc5-1243-413e-a92a-ba93a9da676f,200,nan,3,altro_terzo_parte;analytics;cdn_font,cdn.jsdelivr.net;tag.aticdn.net;www.googletagmanager.com,jsDelivr;https://tag.aticdn.net/piano-analytics.js;Google,3,cdn.jsdelivr.net();tag.aticdn.net();www.googletagmanager.com(),0,0,0,0,nan,0,False
forum-assures.ameli.fr,Ivry-sur-Seine,94,05a93fc5-1243-413e-a92a-ba93a9da676f,200,nan,5,altro_terzo_parte;cdn_font,d350tqmxm801hs.cloudfront.net;dimelo-answers-production.s3.eu-west-1.amazonaws.com;dimelo-users-production.s3.amazonaws.com;dimelo.s3.amazonaws.com;fonts.googleapis.com,https://d350tqmxm801hs.cloudfront.net/production/ameli-forum/images/refonte-identite-2022/logo_forum-ameli.svg?1649083461;https://dimelo-answers-production.s3.eu-west-1.amazonaws.com/291/a2635c8ee1bec415/170413152806_5f8b2eb0d19885b6b8d6226fe9d6780e_original.png?7cc8cfd;https://dimelo-users-production.s3.amazonaws.com/identity_avatars/bdea85ceb7d562ab/avatar_x-large.png?7cc8cfd;https://dimelo.s3.amazonaws.com/custom-v2/ameli/tarteaucitron/tarteaucitron.js;Google,5,d350tqmxm801hs.cloudfront.net();dimelo-answers-production.s3.eu-west-1.amazonaws.com();dimelo-users-production.s3.amazonaws.com();dimelo.s3.amazonaws.com();fonts.googleapis.com(),0,1,0,0,nan,1,False
www.tournan-en-brie.fr,Tournan-en-Brie,77,05a99be7-c8d8-4a6d-979e-1c00120aa968,200,,3,altro_terzo_parte;cdn_font,cdn.elementor.com;fonts.googleapis.com;gmpg.org,https://cdn.elementor.com;Google;https://gmpg.org/xfn/11,3,cdn.elementor.com();fonts.googleapis.com();gmpg.org(),0,0,0,0,,0,False
bihorel.net,Bihorel,76,05aac4ee-d112-4d37-ad4f-ed98a20465d2,200,,1,altro_terzo_parte,www.bihorel.fr,https://www.bihorel.fr/wp-content/themes/bihorel/assets/src/images/logo_trophees_com.png,1,www.bihorel.fr(),0,1,0,0,,1,False
www.gond-pontouvre.fr,Gond-Pontouvre,16,05ab7d93-ad69-4415-ab70-f3855872f1fc,200,,5,altro_terzo_parte;cdn_font,cdn-cookieyes.com;cdn.master7v.fibracom.fr;clientstats.ntconseil.com;fonts.googleapis.com;use.fontawesome.com,https://cdn-cookieyes.com/client_data/76182e12ab3d8ba60bd70b5c/script.js;https://cdn.master7v.fibracom.fr/js/acces_autres_agendas.js;https://clientstats.ntconseil.com/piwik.php?idsite=2&rec=1;Google;Font Awesome,5,cdn-cookieyes.com();cdn.master7v.fibracom.fr();clientstats.ntconseil.com();fonts.googleapis.com();use.fontawesome.com(),0,0,0,0,,0,False
www.chateaubourg.fr,Châteaubourg,35,05abc4f0-0351-493f-9c6f-95bb8229ea13,200,,1,altro_terzo_parte,s.w.org,https://s.w.org,1,s.w.org(),0,0,0,0,,0,False
www.france-services.gouv.fr,Pontivy,56,05ad7768-a661-42ec-9f4f-0da0307940e3,nan,ConnectionError,0,nan,nan,nan,nan,nan,nan,0,0,0,nan,0,False
www.caue23.fr,Saint-Vaury,23,05aed8f5-39ed-4a90-aa73-54c39194d4d4,200,,3,altro_terzo_parte;captcha,gmpg.org;piwik.creuse.fr;www.google.com,http://gmpg.org/xfn/11;https://piwik.creuse.fr/matomo.php?idsite=9&rec=1;Google,3,gmpg.org();piwik.creuse.fr();www.google.com(),0,0,0,0,,0,False
www.loire-atlantique.gouv.fr,Châteaubriant,44,05b117a6-3f96-4c84-94b6-cd3dbcb5f130,,ConnectionError,0,,,,,,,0,0,0,,0,False
www.associations.gouv.fr,Châteaubriant,44,05b117a6-3f96-4c84-94b6-cd3dbcb5f130,200,nan,0,nan,nan,nan,0,nan,0,0,0,0,nan,0,False
www.yvelines.gouv.fr,Mantes-la-Jolie,78,05b16190-8da4-4357-a30c-1b32f5da4998,nan,ConnectionError,0,nan,nan,nan,nan,nan,nan,0,0,0,nan,0,False
www.associations.gouv.fr,Mantes-la-Jolie,78,05b16190-8da4-4357-a30c-1b32f5da4998,200,nan,0,nan,nan,nan,0,nan,0,0,0,0,nan,0,False
www.ville-moriereslesavignon.fr,Morières-lès-Avignon,84,05b18572-db1a-4ec4-a6ff-b5141e7528e6,200,,6,altro_terzo_parte;analytics;cdn_font,fonts.googleapis.com;fonts.gstatic.com;scontent-cdg6-1.xx.fbcdn.net;static.axept.io;www.google.com;www.googletagmanager.com,Google;Google;https://scontent-cdg6-1.xx.fbcdn.net/v/t39.30808-1/269878717_4577845525625944_2057295193190734746_n.jpg?stp=dst-jpg_s200x200_tt6&_nc_cat=106&ccb=1-7&_nc_sid=f907e8&_nc_ohc=u_z5qZapaiYQ7kNvwEQ33Eq&_nc_oc=AdoLLH93riwaytRATMmCaK3UxxcEj5dGkaPRvutRxmvqbiRkoiyu1W4Y_q-NTwQEiIw&_nc_zt=24&_nc_ht=scontent-cdg6-1.xx&edm=AOf6bZoEAAAA&_nc_gid=a-oLa36Bz-b6ukF_l1UUwA&_nc_tpa=Q5bMBQLWXoOarW6tyWSTJQvCxc3cVw1VHh5XCU7k3KZmrtoQA7IAHN1u6kQCMp2UY2mqn25LarkBjcvv&oh=00_AQIWNNKrml7x30cMfz2E42nuBAaANDrA-ElgZOSfEEo-Mw&oe=6AAC30E2;https://static.axept.io;https://www.google.com/maps/d/embed?mid=1RWtGu_Fv7HNuBSHw1C9M5GU3ZcSjsmN_;Google,6,fonts.googleapis.com();fonts.gstatic.com();scontent-cdg6-1.xx.fbcdn.net();static.axept.io();www.google.com();www.googletagmanager.com(),0,0,0,0,,0,False
www.damgan.fr,Damgan,56,05b1eb34-4235-463d-8b57-3590eb9b613c,200,,3,altro_terzo_parte;cdn_font;video,back.monvillage.bzh;fonts.googleapis.com;www.youtube.com,https://back.monvillage.bzh/assets/widgets/widget-home/widget-home-v1.js;Google;Google,3,back.monvillage.bzh();fonts.googleapis.com();www.youtube.com(),0,2,0,0,,2,False
www.france-services.gouv.fr,Wervicq-Sud,59,05b330f7-9bd5-4d0e-948e-cee8a36f5004,nan,ConnectionError,0,nan,nan,nan,nan,nan,nan,0,0,0,nan,0,False
charente.cidff.info,Angoulême,16,05b527c1-cc4f-4ca5-8d9b-5cf88eda6a04,200,,1,cdn_font,unpkg.com,unpkg,1,unpkg.com(),0,0,0,0,,0,False
fncidff.info,Angoulême,16,05b527c1-cc4f-4ca5-8d9b-5cf88eda6a04,200,nan,5,altro_terzo_parte;analytics;cdn_font,cookie-cdn.cookiepro.com;sibforms.com;unpkg.com;www.facebook.com;www.googletagmanager.com,https://cookie-cdn.cookiepro.com/scripttemplates/otSDKStub.js;https://sibforms.com/forms/end-form/build/sib-styles.css;unpkg;https://www.facebook.com/tr?id=720924753275353&ev=PageView&noscript=1&cd%5Bpage_title%5D=Accueil&cd%5Bpost_type%5D=page&cd%5Bpost_id%5D=19&cd%5Bplugin%5D=PixelYourSite&cd%5Buser_role%5D=guest&cd%5Bevent_url%5D=fncidff.info%2F;Google,5,cookie-cdn.cookiepro.com();sibforms.com();unpkg.com();www.facebook.com();www.googletagmanager.com(),0,0,0,0,nan,0,False
www.doubs.gouv.fr,Pontarlier,25,05b57661-8e7b-47e0-b49f-3775252b1958,,ConnectionError,0,,,,,,,0,0,0,,0,False
www.mayotte.ars.sante.fr,Mamoudzou,976,05b5de12-5df3-465d-9266-69e8c92d3577,200,,2,altro_terzo_parte,admin-pipeline.upsun-fr-3.observability-pipeline.blackfire.io;tag.aticdn.net,https://admin-pipeline.upsun-fr-3.observability-pipeline.blackfire.io/js/probe.js;https://tag.aticdn.net/piano-analytics.js,2,admin-pipeline.upsun-fr-3.observability-pipeline.blackfire.io();tag.aticdn.net(),0,0,0,0,,0,False
www.lavienne86.fr,Loudun,86,05b7b35e-ded2-446b-a844-c16354660faa,200,,2,altro_terzo_parte;cdn_font,a9.com;cdnjs.cloudflare.com,http://a9.com/-/spec/opensearch/1.1/;Cloudflare,2,a9.com();cdnjs.cloudflare.com(),0,2,1,0,,1,False
www.montrevel.fr,Montrevel,38,05b7c942-cb36-4393-8e1e-f2c0c5e7dc04,200,,0,,,,0,,0,1,0,0,,1,False
www.impots.gouv.fr,Mont-de-Marsan Cedex,40,05b85833-e542-4df3-91ab-065a5366270d,200,nan,0,nan,nan,nan,0,nan,0,0,0,0,nan,0,False
www.hauts-de-france.ars.sante.fr,Euralille,59,05b8e7a2-1424-4ee6-b9f6-ce04ee505bd2,200,,1,altro_terzo_parte,tag.aticdn.net,https://tag.aticdn.net/piano-analytics.js,1,tag.aticdn.net(),0,0,0,0,,0,False
redene.bzh,Rédéné,29,05b994b8-5425-4720-8eae-a8429e1e5b33,200,,3,altro_terzo_parte;captcha;cdn_font,gmpg.org;unpkg.com;www.google.com,https://gmpg.org/xfn/11;unpkg;Google,3,gmpg.org();unpkg.com();www.google.com(),0,0,0,0,,0,False
cuperly.wixsite.com,Cuperly,51,05b9aff8-3446-4f32-9760-8b0aa5479840,404,,2,altro_terzo_parte,static.parastorage.com;www.wix.com,https://static.parastorage.com/unpkg/@wix/wix-fonts@1.14.0/madeforDisplay.min.css;https://www.wix.com/favicon.ico,2,static.parastorage.com();www.wix.com(),0,1,0,0,,1,False
www.ac-strasbourg.fr,Schiltigheim,67,05bbbd44-2cf6-44d1-bd06-e83737741de7,403,,0,,,,0,,0,0,0,0,,0,True
www.france-services.gouv.fr,Longueville,77,05bcf564-6be9-449c-8077-f20bb35d8cd4,nan,ConnectionError,0,nan,nan,nan,nan,nan,nan,0,0,0,nan,0,False
www.frangy.fr,Frangy,74,05bd301b-46ac-45f6-90dc-881c532f2890,200,,4,altro_terzo_parte,browser.sentry-cdn.com;siteassets.parastorage.com;static.parastorage.com;static.wixstatic.com,"https://browser.sentry-cdn.com/7.120.3/modulemetadata.es5.min.js;https://siteassets.parastorage.com/pages/pages/thunderbolt?appDefinitionIdToSiteRevision=%7B%22c0d59f1e-839b-4807-91d6-840e400279bb%22%3A%2250%22%2C%2213d21c63-b5ec-5912-8397-c3a5ddb27a97%22%3A%22440%22%2C%2214271d6f-ba62-d045-549b-ab972ae1f70e%22%3A%2225%22%2C%2214bcded7-0066-7c35-14d7-466cb3f09103%22%3A%221335%22%2C%22778ca2ab-ffa5-4b98-b2e3-8727de469c86%22%3A%223497%22%2C%2289ad9892-2932-455c-9828-10eb93407be9%22%3A%22619%22%2C%22b976560c-3122-4351-878f-453f337b7245%22%3A%221358%22%7D&beckyExperiments=.DatePickerPortal%2C.EnableCustomCSSVarsForLoginSocialBar%2C.FreemiumBannerOdeditor%2C.LoginBarEnableLoggingInStateInSSR%2C.TextInputAutoFillFix%2C.UseLoginSocialBarCustomMenu%2C.UseNestedLoginSocialBarMenuItems%2C.UseNewLoginBarDropdownMenuAlignment%2C.UseNewLoginSocialBarElementStructure%2C.UseNewLoginSocialBarMemberInitialsAvatar%2C.WixFreeSiteBannerDesktop%2C.WixFreeSiteBannerMobile%2C.addIdAsClassName%2C.buttonUdp%2C.calculateCollapsibleTextLineHeightByFont%2C.dynamicPageLinkTarget%2C.dynamicSlots%2C.fiveGridLineStudioSkins%2C.fixFirefoxLinkBarIntrinsicSizing%2C.isClassNameToRootEnabled%2C.logVsmPlatformDiff%2C.migrateSdkDataMappers%2C.resolveManifestInTB%2C.splitSlotSelectors%2C.stopResolvingInnerSelectors_VAG%2C.svgResolver_2%2C.updateRichTextSemanticClassNamesOnCorvid%2C.useClassnameInResponsiveAppWidget%2C.useImageAvifFormatInNativeProGallery%2C.useWowImageInFastGallery&blocksBuilderManifestGeneratorVersion=1.129.0&contentType=application%2Fjson&dfCk=6&dfVersion=1.5593.0&editorName=Unknown&experiments=dm_masterPageVariablesQueryFixer%2Cdm_migrateOldHoverBoxToNewFixer&externalBaseUrl=https%3A%2F%2Fwww.frangy.fr&fileId=dafefb59.bundle.min&formFactor=desktop&hasTPAWorkerOnSite=false&hasUserDomainMedia=false&isBuilderComponentModel=false&isHttps=true&isInSeo=false&isPremiumDomain=true&isUrlMigrated=true&isWixCodeOnPage=false&isWixCodeOnSite=false&language=fr&metaSiteId=5a95bc96-7b88-40ee-a290-e0305e097ffb&module=thunderbolt-platform&originalLanguage=fr&pageId=b00ea9_7c8f7d3898b426c083b3a4a6068fe34c_10629.json&pilerExperiments=specs.piler.useEditorReactComponents&quickActionsMenuEnabled=false®istryLibrariesTopology=%5B%7B%22artifactId%22%3A%22editor-elements%22%2C%22namespace%22%3A%22wixui%22%2C%22url%22%3A%22https%3A%2F%2Fstatic.parastorage.com%2Fservices%2Feditor-elements%2F1.15505.0%22%7D%2C%7B%22artifactId%22%3A%22editor-elements%22%2C%22namespace%22%3A%22dsgnsys%22%2C%22url%22%3A%22https%3A%2F%2Fstatic.parastorage.com%2Fservices%2Feditor-elements%2F1.15505.0%22%7D%5D&remoteWidgetStructureBuilderVersion=1.251.0&siteId=154e5c43-9bbd-4534-9e5c-df8e0f4eefe2&siteRevision=10637&staticHTMLComponentUrl=https%3A%2F%2Fwww-frangy-fr.filesusr.com%2F&viewMode=desktop;https://static.parastorage.com/services/tag-manager-client/1.1075.0/siteTags.bundle.min.js;https://static.wixstatic.com/media/b00ea9_1fbe02c049f646039356f3328870c703~mv2.png/v1/fill/w_127,h_62,al_c,q_85,usm_0.66_1.00_0.01,enc_avif,quality_auto/panneau%20pocket.png",4,browser.sentry-cdn.com();siteassets.parastorage.com();static.parastorage.com();static.wixstatic.com(),0,2,0,0,,2,False
www.ville-poissy.fr,Poissy,78,05bd307b-f848-4e0f-bb06-7d813c86ba20,200,,0,,,,0,,0,1,0,0,,1,False
www.losse.fr,Losse,40,05be0bf2-0abf-4570-9b9f-79e371c9f6c7,200,,3,altro_terzo_parte;captcha;cdn_font,f1-eu.readspeaker.com;use.fontawesome.com;www.google.com,https://f1-eu.readspeaker.com/script/5462/webReader/webReader.js?pids=wr;Font Awesome;Google,3,f1-eu.readspeaker.com();use.fontawesome.com();www.google.com(),0,0,0,0,,0,False
www.nullemont.fr,Nullemont,76,05beb6f4-7786-44d3-a064-33920d595f56,200,,3,analytics;cdn_font;sdk_generico,fonts.googleapis.com;maps.googleapis.com;www.googletagmanager.com,Google;Google;Google,3,fonts.googleapis.com();maps.googleapis.com();www.googletagmanager.com(),0,0,0,0,,0,False
chaumont-porcien.fr,Chaumont-Porcien,08,05bfca01-75ec-43b3-891d-71d649d95584,200,,2,altro_terzo_parte,code.jquery.com;stats.wp.com,https://code.jquery.com/jquery-3.5.1.js?ver=7.1;https://stats.wp.com,2,code.jquery.com();stats.wp.com(),0,0,0,0,,0,False
www.mennecy.fr,Mennecy,91,05c2575f-cc5b-4565-bd19-eb9f97f3918a,200,,0,,,,0,,0,1,1,0,,0,False
www.bordeauxgironde.cci.fr,Libourne,33,05c2bc76-5b31-4adb-9278-b632140a6e6d,403,,0,,,,0,,0,1,0,0,,1,True
www.communedetherouanne.fr,Thérouanne,62,05c2e15d-5b3e-4994-ab46-c9db47dccd46,200,,3,altro_terzo_parte,cdn.elementor.com;gmpg.org;www.therouanne.fr,https://cdn.elementor.com;https://gmpg.org/xfn/11;https://www.therouanne.fr/wp-content/plugins/location-weather/assets/images/spinner.svg,3,cdn.elementor.com();gmpg.org();www.therouanne.fr(),0,0,0,0,,0,False
www.prunellidifiumorbu.fr,Prunelli-di-Fiumorbo,2B,05c38a21-6643-4e9b-b7ff-56b343006506,200,,4,altro_terzo_parte;cdn_font;sdk_generico,fonts.googleapis.com;gmpg.org;maps.googleapis.com;meet.jit.si,Google;https://gmpg.org/xfn/11;Google;https://meet.jit.si,4,fonts.googleapis.com();gmpg.org();maps.googleapis.com();meet.jit.si(),0,0,0,0,,0,False
www.anah.gouv.fr,Grenoble Cedex 9,38,05c5bf6b-5d89-454d-b142-9ab40447fbee,200,nan,1,cdn_font,cdn.jsdelivr.net,jsDelivr,1,cdn.jsdelivr.net(),0,1,0,0,nan,1,False
www.ermont.fr,Ermont,95,05c6dc9e-ff22-4531-bf9a-0ae01336d65d,200,,0,,,,0,,0,0,0,0,,0,False
www.neuillysurseine.fr,Neuilly-sur-Seine,92,05c715e1-b73d-4750-85ce-d07aaa3d200c,200,,2,altro_terzo_parte;cookie_banner,cdn.cookielaw.org;privacyportalde-cdn.onetrust.com,https://cdn.cookielaw.org/scripttemplates/otSDKStub.js;OneTrust,2,cdn.cookielaw.org();privacyportalde-cdn.onetrust.com(),0,0,0,0,,0,False
www.gendarmerie.interieur.gouv.fr,Sommières,30,05c87286-273a-4bc4-9457-db5b6fd00484,nan,ConnectionError,0,nan,nan,nan,nan,nan,nan,0,0,0,nan,0,False
www.manche.gouv.fr,Saint-Lô,50,05ca3eab-8791-49bf-8076-ba7f9e212269,nan,ConnectionError,0,nan,nan,nan,nan,nan,nan,0,0,0,nan,0,False
www.bernolsheim.fr,Bernolsheim,67,05cb7c6f-8467-47e2-9f0e-926fc9048555,200,,0,,,,0,,0,1,1,0,,0,False
www.ac-montpellier.fr,Montpellier,34,05cbe47d-0dd6-4c22-8101-bde0c6ae2215,403,,0,,,,0,,0,0,0,0,,0,True
www.bagnac.fr,Bagnac-sur-Célé,46,05cdb3c6-ddae-448c-b526-bc805e3ef27a,200,,0,,,,0,,0,0,0,0,,0,False
www.venterol.net,Venterol,26,05cf3ffd-5299-4b63-9edc-d9b44284cebf,200,,6,altro_terzo_parte;cdn_font;sdk_generico;video,fonts.googleapis.com;gmpg.org;maps.googleapis.com;player.vimeo.com;trinitymedia.ai;vd.trinitymedia.ai,Google;http://gmpg.org/xfn/11;Google;Vimeo;https://trinitymedia.ai/;https://vd.trinitymedia.ai/,6,fonts.googleapis.com();gmpg.org();maps.googleapis.com();player.vimeo.com();trinitymedia.ai();vd.trinitymedia.ai(),0,0,0,0,,0,False
www.ameli.fr,La Bourboule,63,05d0757c-4329-41da-8979-909cd10dda57,200,nan,3,altro_terzo_parte;analytics;cdn_font,cdn.jsdelivr.net;tag.aticdn.net;www.googletagmanager.com,jsDelivr;https://tag.aticdn.net/piano-analytics.js;Google,3,cdn.jsdelivr.net();tag.aticdn.net();www.googletagmanager.com(),0,0,0,0,nan,0,False
forum-assures.ameli.fr,La Bourboule,63,05d0757c-4329-41da-8979-909cd10dda57,200,nan,5,altro_terzo_parte;cdn_font,d350tqmxm801hs.cloudfront.net;dimelo-answers-production.s3.eu-west-1.amazonaws.com;dimelo-users-production.s3.amazonaws.com;dimelo.s3.amazonaws.com;fonts.googleapis.com,https://d350tqmxm801hs.cloudfront.net/production/ameli-forum/images/refonte-identite-2022/logo_forum-ameli.svg?1649083461;https://dimelo-answers-production.s3.eu-west-1.amazonaws.com/291/a2635c8ee1bec415/170413152806_5f8b2eb0d19885b6b8d6226fe9d6780e_original.png?7cc8cfd;https://dimelo-users-production.s3.amazonaws.com/identity_avatars/bdea85ceb7d562ab/avatar_x-large.png?7cc8cfd;https://dimelo.s3.amazonaws.com/custom-v2/ameli/tarteaucitron/tarteaucitron.js;Google,5,d350tqmxm801hs.cloudfront.net();dimelo-answers-production.s3.eu-west-1.amazonaws.com();dimelo-users-production.s3.amazonaws.com();dimelo.s3.amazonaws.com();fonts.googleapis.com(),0,1,0,0,nan,1,False
www.grandlyon.com,Rillieux-la-Pape,69,05d078bc-82ad-405c-8b67-49d01af3093d,200,nan,0,nan,nan,nan,0,nan,0,0,0,0,nan,0,False
www.gendarmerie.interieur.gouv.fr,Mirecourt,88,05d22426-f572-4265-a066-c60eeecdd5c7,nan,ConnectionError,0,nan,nan,nan,nan,nan,nan,0,0,0,nan,0,False
www.impots.gouv.fr,Épinal Cedex,88,05d309e3-079a-4ae3-a693-7ecb0da9aea1,200,nan,0,nan,nan,nan,0,nan,0,0,0,0,nan,0,False
montfleur39.fr,Montfleur,39,05d32f0f-8cfe-4303-bb0a-5663d9e14582,200,,3,analytics;cdn_font,cdn.jsdelivr.net;cdnjs.cloudflare.com;www.googletagmanager.com,jsDelivr;Cloudflare;Google,3,cdn.jsdelivr.net();cdnjs.cloudflare.com();www.googletagmanager.com(),0,0,0,0,,0,False
www.ccrlcm.fr,Lézignan-Corbières,11,05d4de7a-fbad-44b6-af22-ca10d6e67ee3,200,,4,altro_terzo_parte;analytics;cdn_font,cdn.jsdelivr.net;translate.google.com;unpkg.com;www.googletagmanager.com,jsDelivr;https://translate.google.com/translate_a/element.js?cb=googleTranslateElementInit;unpkg;Google,4,cdn.jsdelivr.net();translate.google.com();unpkg.com();www.googletagmanager.com(),0,0,0,0,,0,False
www.luisant.fr,Luisant,28,05d616d7-70c5-455b-9134-a08db2fa3da9,200,,0,,,,0,,0,1,0,0,,1,False
www.kilstett.fr,Kilstett,67,05d67195-964e-40f2-a716-a61e3147345a,200,,3,altro_terzo_parte;cdn_font,cdnjs.cloudflare.com;code.jquery.com;unpkg.com,Cloudflare;https://code.jquery.com/jquery-1.12.4.min.js;unpkg,3,cdnjs.cloudflare.com();code.jquery.com();unpkg.com(),0,1,1,0,,0,False
herault.fr,Lattes,34,05d8f119-da2e-4271-81a9-91a98f8d11e5,200,,1,altro_terzo_parte,i.calameoassets.com,https://i.calameoassets.com/230613130040-be929088a30f8bad8e8ff0dd0480e007/large.jpg,1,i.calameoassets.com(),0,1,1,0,,0,False
villerslamontagne.fr,Villers-la-Montagne,54,05da1432-a292-4ba7-8b67-a8e4bc0a1b9e,200,,2,altro_terzo_parte,gmpg.org;maps.google.com,http://gmpg.org/xfn/11;https://maps.google.com/maps?q=Villers-la-Montagne&t=m&z=12&output=embed&iwloc=near,2,gmpg.org();maps.google.com(),0,0,0,0,,0,False
www.banque-france.fr,Boulogne-sur-Mer,62,05da346e-9dc5-42a9-9dc8-325ba602c5ce,200,nan,2,altro_terzo_parte;cdn_font,cdn.jsdelivr.net;cdn.trustcommander.net,jsDelivr;https://cdn.trustcommander.net/privacy/5322/privacy_v2_31.js,2,cdn.jsdelivr.net();cdn.trustcommander.net(),0,0,0,0,nan,0,False
www.poitiers.cci.fr,Châtellerault,86,05da7cf1-cfb3-48ad-bb54-93b7ae6e5126,200,,3,altro_terzo_parte;cdn_font,cdnjs.cloudflare.com;code.jquery.com;fonts.googleapis.com,Cloudflare;https://code.jquery.com;Google,3,cdnjs.cloudflare.com();code.jquery.com();fonts.googleapis.com(),0,0,0,0,,0,False
www.gendarmerie.interieur.gouv.fr,Le Tampon,974,05db2e40-fb3d-45e6-b40c-5d93971af8b5,nan,ConnectionError,0,nan,nan,nan,nan,nan,nan,0,0,0,nan,0,False
www.legrostheil.fr,Le Bosc-du-Theil,27,05dbb173-9a4b-4580-8110-4df762648441,,ConnectionError,0,,,,,,,0,0,0,,0,False
www.crous-lyon.fr,Saint-Etienne,42,05dc70e5-9abb-4ecc-a985-21426991aaea,200,,3,altro_terzo_parte;cdn_font,cdn.jsdelivr.net;cdn.priv.center;webapi.affluences.com,jsDelivr;https://cdn.priv.center/pc/truendo_cmp.pid.js;https://webapi.affluences.com/js/webapi_latest.min.js,2,cdn.jsdelivr.net();cdn.priv.center(),0,0,0,0,,0,False
mps.msa.fr,Tarbes,65,05df51ba-794d-4366-a72d-7b3fa0e1365d,200,,3,altro_terzo_parte,cdn.doyoudreamup.com;cdn1.readspeaker.com;livemap.getwemap.com,https://cdn.doyoudreamup.com/dydubox/configurations/prod/e9a8419d-0410-4929-bed5-34982edaca6d/0af40028-8b3e-125c-818b-660c47f00003/loader.js;https://cdn1.readspeaker.com/script/4871/webReader/webReader.js?pids=wr;https://livemap.getwemap.com/embed.html?emmid=22005&iframeEmbed=true&iframeid=e0e106f4-ad5d-4a9a-9a7c-b159a668e37f&parentOrigin=https%3A%2F%2Felusterritoires.msa.fr&replaceContainer=false&token=CXG6TE3NVPZ1UIGELPYF4RUZW,3,cdn.doyoudreamup.com();cdn1.readspeaker.com();livemap.getwemap.com(),0,7,1,0,,6,False
www.ameli.fr,Capbreton,40,05e040aa-d607-48ad-b9c5-0a95cbeb60aa,200,nan,3,altro_terzo_parte;analytics;cdn_font,cdn.jsdelivr.net;tag.aticdn.net;www.googletagmanager.com,jsDelivr;https://tag.aticdn.net/piano-analytics.js;Google,3,cdn.jsdelivr.net();tag.aticdn.net();www.googletagmanager.com(),0,0,0,0,nan,0,False
forum-assures.ameli.fr,Capbreton,40,05e040aa-d607-48ad-b9c5-0a95cbeb60aa,200,nan,5,altro_terzo_parte;cdn_font,d350tqmxm801hs.cloudfront.net;dimelo-answers-production.s3.eu-west-1.amazonaws.com;dimelo-users-production.s3.amazonaws.com;dimelo.s3.amazonaws.com;fonts.googleapis.com,https://d350tqmxm801hs.cloudfront.net/production/ameli-forum/images/refonte-identite-2022/logo_forum-ameli.svg?1649083461;https://dimelo-answers-production.s3.eu-west-1.amazonaws.com/291/a2635c8ee1bec415/170413152806_5f8b2eb0d19885b6b8d6226fe9d6780e_original.png?7cc8cfd;https://dimelo-users-production.s3.amazonaws.com/identity_avatars/bdea85ceb7d562ab/avatar_x-large.png?7cc8cfd;https://dimelo.s3.amazonaws.com/custom-v2/ameli/tarteaucitron/tarteaucitron.js;Google,5,d350tqmxm801hs.cloudfront.net();dimelo-answers-production.s3.eu-west-1.amazonaws.com();dimelo-users-production.s3.amazonaws.com();dimelo.s3.amazonaws.com();fonts.googleapis.com(),0,1,0,0,nan,1,False
oise.fr,Crépy-en-Valois,60,05e1c61f-aadf-41d1-82b6-024eaa6da257,403,nan,0,nan,nan,nan,0,nan,0,0,0,0,nan,0,True
www.pour-les-personnes-agees.gouv.fr,Crépy-en-Valois,60,05e1c61f-aadf-41d1-82b6-024eaa6da257,200,nan,3,altro_terzo_parte,app-script.monsido.com;cdn-eu.readspeaker.com;siteimproveanalytics.com,https://app-script.monsido.com/v2/monsido-script.js;http://cdn-eu.readspeaker.com/script/7866/webReader/r/r2728/ReadSpeaker.Styles.css?v=3.8.7.2728;https://siteimproveanalytics.com/js/siteanalyze_6134497.js,3,app-script.monsido.com();cdn-eu.readspeaker.com();siteimproveanalytics.com(),0,1,0,0,nan,1,False
www.france-services.gouv.fr,Sahune,26,05e240d5-d8f0-4e81-86ae-f655d6cffcea,nan,ConnectionError,0,nan,nan,nan,nan,nan,nan,0,0,0,nan,0,False
www.lot-et-garonne.gouv.fr,Agen,47,05e2c9a4-54ab-43ab-bbd0-ad8253ff97be,,ConnectionError,0,,,,,,,0,0,0,,0,False
www.jura-nord.com,Dampierre,39,05e2ff87-9b59-44ba-b7a5-6d5439dbcd5b,200,,3,altro_terzo_parte,cdn.koredge.website;code.jquery.com;tarteaucitron.io,https://cdn.koredge.website/tarteaucitron/tarteaucitron.min.css;https://code.jquery.com/jquery-migrate-1.2.1.min.js;https://tarteaucitron.io/load.js?domain=jura-nord.com&uuid=0ac3ab798e52de117086134aa427e2f08b782717,3,cdn.koredge.website();code.jquery.com();tarteaucitron.io(),0,1,1,0,,0,False
www.impots.gouv.fr,Tarascon,13,05e49bb3-d3cf-4594-9954-1345f488e1d2,200,nan,0,nan,nan,nan,0,nan,0,0,0,0,nan,0,False
www.sillingy.fr,Sillingy,74,05e515bb-4e2f-4aab-b6d5-eb4f00df29ce,200,,3,altro_terzo_parte;captcha;cdn_font,app.panneaupocket.com;fonts.googleapis.com;www.google.com,https://app.panneaupocket.com/embeded/869403898?mode=widget&autoNavigation=0;Google;Google,3,app.panneaupocket.com();fonts.googleapis.com();www.google.com(),0,1,1,0,,0,False
www.impots.gouv.fr,Niort Cedex,79,05e68b4f-c81d-4c9f-80df-e246c4e8dc7f,200,nan,0,nan,nan,nan,0,nan,0,0,0,0,nan,0,False
www.jonquieres-st-vincent.com,Jonquières-Saint-Vincent,30,05e6e9e3-bc4c-4a43-96ba-570e7925d013,200,,10,altro_terzo_parte;cdn_font,fonts.googleapis.com;i0.wp.com;jetpack.wordpress.com;maxcdn.bootstrapcdn.com;public-api.wordpress.com;s0.wp.com;secure.gravatar.com;stats.wp.com;v0.wordpress.com;wp.me,Google;https://i0.wp.com/jonquieres-st-vincent.com/wp-content/uploads/2021/03/Capture-decran-2021-03-08-a-08.06.14.png?resize=1080%2C675&ssl=1;https://jetpack.wordpress.com;BootstrapCDN;https://public-api.wordpress.com;https://s0.wp.com;https://secure.gravatar.com;https://stats.wp.com/e-202638.js;https://v0.wordpress.com;https://wp.me/P5TDqF-1f,10,fonts.googleapis.com();i0.wp.com();jetpack.wordpress.com(US);maxcdn.bootstrapcdn.com();public-api.wordpress.com(US);s0.wp.com();secure.gravatar.com();stats.wp.com();v0.wordpress.com(US);wp.me(US),0,0,0,0,,0,False
www.cote-dor.gouv.fr,Dijon,21,05e9bd54-1e1a-41e6-bbe4-136f2cba0982,,ConnectionError,0,,,,,,,0,0,0,,0,False
www.ville-lafleche.fr,La Flèche,72,05e9f38f-6396-4c2a-8544-fc025e6663e5,200,,4,altro_terzo_parte;cdn_font,fonts.googleapis.com;fonts.gstatic.com;gmpg.org;maxcdn.bootstrapcdn.com,Google;Google;http://gmpg.org/xfn/11;BootstrapCDN,4,fonts.googleapis.com();fonts.gstatic.com();gmpg.org();maxcdn.bootstrapcdn.com(),0,0,0,0,,0,False
www.ecordal.fr,Écordal,08,05ea1643-78d0-4233-a5c9-1410630c13ea,200,,4,altro_terzo_parte;sdk_generico,blogger.googleusercontent.com;resources.blogblog.com;www.blogger.com;www.gstatic.com,https://blogger.googleusercontent.com/img/a/AVvXsEgj0ueTthd8ofGXilHOAaBvw8J8JbKhrWWISxU7kHblEaJkaHeJPUqBVGjny5wL5gZJspJC6eLfoUaFqVjhudVvochOEq5t0Y-BXo9FFnfLMPqIn9eOQadweZIpJunnRBxKNsgxd23hxW-sBB1GPANIEFwy652QmOS4IWWIRBsVz30UMPMySB9YPjbPnWMN=s1;https://resources.blogblog.com/blogblog/data/res/608349471-indie_compiled.js;https://www.blogger.com/profile/04305497939378067415;Google,4,blogger.googleusercontent.com();resources.blogblog.com();www.blogger.com();www.gstatic.com(),0,0,0,0,,0,False
mef-cotentin.com,Cherbourg-en-Cotentin,50,05ea452b-1d3d-45cb-bc60-66227b1244cd,404,,0,,,,0,,0,0,0,0,,0,False
www.france-services.gouv.fr,Montluçon,03,05ebb5fd-9ee8-4426-b4aa-887827b35781,nan,ConnectionError,0,nan,nan,nan,nan,nan,nan,0,0,0,nan,0,False
www.quimperle-communaute.bzh,Mellac,29,05ebe466-376c-45dc-8dff-903f892e874d,200,,9,altro_terzo_parte;analytics;cdn_font,connect.facebook.net;fonts.googleapis.com;fonts.gstatic.com;gmpg.org;maxcdn.bootstrapcdn.com;platform.twitter.com;quimperle-communaute.matomo.novacity.fr;use.fontawesome.com;www.googletagmanager.com,Meta;Google;Google;http://gmpg.org/xfn/11;BootstrapCDN;https://platform.twitter.com;https://quimperle-communaute.matomo.novacity.fr;Font Awesome;Google,9,connect.facebook.net();fonts.googleapis.com();fonts.gstatic.com();gmpg.org();maxcdn.bootstrapcdn.com();platform.twitter.com();quimperle-communaute.matomo.novacity.fr();use.fontawesome.com();www.googletagmanager.com(),0,0,0,0,,0,False
france-renov.gouv.fr,Mellac,29,05ebe466-376c-45dc-8dff-903f892e874d,200,nan,0,nan,nan,nan,0,nan,0,2,0,0,nan,2,False
communederolampont.wordpress.com,Rolampont,52,05edc4ae-4419-4ba1-a813-85136b169c7e,200,,10,altro_terzo_parte,0.gravatar.com;af.pubmine.com;fonts-api.wp.com;gmpg.org;pixel.wp.com;s0.wp.com;s1.wp.com;s2.wp.com;stats.wp.com;wp.me,https://0.gravatar.com/js/hovercards/hovercards.min.js?ver=202638d1133547e8a1f2801609f51cef12522abe7f6647d869e9fbc974fe356a37e613;https://af.pubmine.com;https://fonts-api.wp.com/css?family=Roboto+Slab%3A400%2C700%7CRoboto%3A400%2C400italic%2C700%2C700italic%2C300%7CPacifico%3A400&subset=latin%2Clatin-ext;http://gmpg.org/xfn/11;https://pixel.wp.com/b.gif?v=noscript;https://s0.wp.com;https://s1.wp.com/opensearch.xml;https://s2.wp.com;https://stats.wp.com/w.js?69;https://wp.me/PeJEIV-1V,10,0.gravatar.com();af.pubmine.com(US);fonts-api.wp.com();gmpg.org();pixel.wp.com();s0.wp.com();s1.wp.com();s2.wp.com();stats.wp.com();wp.me(US),0,0,0,0,,0,False
www.masecurite.interieur.gouv.fr,Bourg-en-Bresse,01,05f248fa-ce04-4dec-b281-80e3abcdb5e6,200,nan,1,altro_terzo_parte,cdn.tagcommander.com,https://cdn.tagcommander.com/6351/tc_moncommissariat_20.js,1,cdn.tagcommander.com(),0,0,0,0,nan,0,False
www.saint-agoulin.fr,Saint-Agoulin,63,05f27e3c-00e4-43d5-9f69-6ff2987faaa1,200,,0,,,,0,,0,0,0,0,,0,False
www.tramecourt.fr,Tramecourt,62,05f27f8a-68c1-4661-ad45-31c073658aaa,200,,6,altro_terzo_parte,cdn-images.mailchimp.com;gmpg.org;s.w.org;s3.amazonaws.com;tramecourt.esy.es;vigilance.meteofrance.fr,https://cdn-images.mailchimp.com/embedcode/classic-10_7.css;https://gmpg.org/xfn/11;https://s.w.org;https://s3.amazonaws.com/downloads.mailchimp.com/js/mc-validate.js;https://tramecourt.esy.es/wp-content/plugins/all-in-one-event-calendar/public/themes-ai1ec/vortex/css/ai1ec_parsed_css.css;https://vigilance.meteofrance.fr/fr/widget-vigilance/vigilance-departement/62,6,cdn-images.mailchimp.com();gmpg.org();s.w.org();s3.amazonaws.com();tramecourt.esy.es();vigilance.meteofrance.fr(),0,0,0,0,,0,False
www.francetravail.fr,Elbeuf,76,05f2b733-7010-4473-8e01-ee1321f7cc19,200,nan,1,altro_terzo_parte,cdn.tagcommander.com,https://cdn.tagcommander.com/4340/tc_PoleEmploi_24.js,1,cdn.tagcommander.com(),0,2,0,0,nan,2,False
www.saintmartindebernegoue.fr,Saint-Martin-de-Bernegoue,79,05f32c6e-fc31-46c4-8ef2-b55c585a95a4,200,,6,altro_terzo_parte;captcha;cdn_font,cdnjs.cloudflare.com;fonts.googleapis.com;fonts.gstatic.com;js.hcaptcha.com;meteofrance.com;static.neopse.com,Cloudflare;Google;Google;hCaptcha;https://meteofrance.com/widget/prevision/792730;https://static.neopse.com/assets/img/googleplay.png,6,cdnjs.cloudflare.com();fonts.googleapis.com();fonts.gstatic.com();js.hcaptcha.com();meteofrance.com();static.neopse.com(),0,0,0,0,,0,False
sognolles-en-montois.fr,Sognolles-en-Montois,77,05f68acd-01a8-4801-9ca2-b3ca0fef24d5,200,,4,altro_terzo_parte;cdn_font,fonts.googleapis.com;fonts.gstatic.com;pagead2.googlesyndication.com;upload.wikimedia.org,Google;Google;https://pagead2.googlesyndication.com/pagead/js/adsbygoogle.js?client=ca-pub-6150167828140567;https://upload.wikimedia.org,4,fonts.googleapis.com();fonts.gstatic.com();pagead2.googlesyndication.com();upload.wikimedia.org(),0,0,0,0,,0,False
www.normandie.developpement-durable.gouv.fr,Caen,14,05f728a1-9ea9-4798-889f-3e8e1f9ccbbb,200,,1,altro_terzo_parte,purl.org,http://purl.org/dc/terms/,1,purl.org(),0,1,0,0,,1,False
www.remeling.fr,Rémeling,57,05f825cb-00c7-49e1-aa03-cd0c66aaa162,,ConnectionError,0,,,,,,,0,0,0,,0,False
www.masecurite.interieur.gouv.fr,Laon,02,05f8312b-7380-4118-915d-7cd6b2558c64,200,nan,1,altro_terzo_parte,cdn.tagcommander.com,https://cdn.tagcommander.com/6351/tc_moncommissariat_20.js,1,cdn.tagcommander.com(),0,0,0,0,nan,0,False
www.cotedor.fr,Dijon,21,05fdef3b-bc98-4008-8359-471acc6a47c2,200,,5,altro_terzo_parte;cdn_font;sdk_generico,cdn-assets.prisme.ai;cdn.jsdelivr.net;chart.googleapis.com;fonts.googleapis.com;tracker.quadran.eu,https://cdn-assets.prisme.ai/blocks/popover/inject/index.js;jsDelivr;Google;Google;https://tracker.quadran.eu/qa-combined.js,5,cdn-assets.prisme.ai();cdn.jsdelivr.net();chart.googleapis.com();fonts.googleapis.com();tracker.quadran.eu(),0,3,0,0,,3,False
www.intramuros.org,Cuse-et-Adrisans,25,05ff816e-7a82-45ae-8c4d-ceb150ee3ccc,200,nan,1,altro_terzo_parte,files.appli-intramuros.com,https://files.appli-intramuros.com/website/static/challenge.html,1,files.appli-intramuros.com(),0,1,0,0,nan,1,False
www.impots.gouv.fr,Nantes,44,06004f82-f825-41fa-bce2-fe0fc15c994f,200,nan,0,nan,nan,nan,0,nan,0,0,0,0,nan,0,False
www.chu-nantes.fr,Nantes,44,06004f82-f825-41fa-bce2-fe0fc15c994f,200,,0,,,,0,,0,1,1,0,,0,False
www.impots.gouv.fr,Lons-le-Saunier,39,06014492-d433-4435-9c8d-c0a87a4b986b,200,nan,0,nan,nan,nan,0,nan,0,0,0,0,nan,0,False
richebourg78.fr,Richebourg,78,06020f6f-f0b8-4c23-9ae8-4faf61d9fe0b,200,,4,altro_terzo_parte;cdn_font,campagnolv2-1.campagnol.fr;fonts.googleapis.com;fonts.gstatic.com;gmpg.org,https://campagnolv2-1.campagnol.fr/wp-content/themes/twentyseventeen-child/assets/images/logo-campagnol-2023.png;Google;Google;http://gmpg.org/xfn/11,4,campagnolv2-1.campagnol.fr();fonts.googleapis.com();fonts.gstatic.com();gmpg.org(),0,0,0,0,,0,False
www.saint-didier-des-bois.com,Saint-Didier-des-Bois,27,06028179-39ca-4e71-ba24-5b9c2c21928b,403,,0,,,,0,,0,1,0,0,,1,True
cdad37.fr,MONTLOUIS-SUR-LOIRE,37,06033e78-2793-44a9-a650-b652d0e1e1c0,200,,2,cdn_font,fonts.googleapis.com;fonts.gstatic.com,Google;Google,2,fonts.googleapis.com();fonts.gstatic.com(),0,0,0,0,,0,False
www.montreuil.fr,Montreuil,93,06040383-fc9b-41c5-8bc2-c5982cb712b1,200,,2,analytics;cdn_font,unpkg.com;www.googletagmanager.com,unpkg;Google,2,unpkg.com();www.googletagmanager.com(),0,0,0,0,,0,False
lamartyre.fr,La Martyre,29,060472ad-7539-4d2f-a6de-ebfed4c10a1a,200,,0,,,,0,,0,0,0,0,,0,False
www.associations.gouv.fr,Saint-Avold,57,0604dce5-662d-403a-bec2-1fda476a80df,200,nan,0,nan,nan,nan,0,nan,0,0,0,0,nan,0,False
www.arsac.fr,Arsac,33,06069343-f6a7-4b24-a120-f1496badd1ca,200,,6,altro_terzo_parte;captcha;cdn_font;sdk_generico,ajax.googleapis.com;fonts.googleapis.com;gmpg.org;platform-api.sharethis.com;widget.time.is;www.google.com,Google;Google;http://gmpg.org/xfn/11;https://platform-api.sharethis.com;https://widget.time.is/fr.js;Google,6,ajax.googleapis.com();fonts.googleapis.com();gmpg.org();platform-api.sharethis.com();widget.time.is();www.google.com(),0,0,0,0,,0,False
www.gendarmerie.interieur.gouv.fr,Saint-Georges-sur-Loire,49,060792bb-c7fe-433c-aa42-e763f9d99397,nan,ConnectionError,0,nan,nan,nan,nan,nan,nan,0,0,0,nan,0,False
www.saint-julien-en-born.fr,Saint-Julien-en-Born,40,0607b695-8c81-4e2d-a2f5-ef2ab3b2ce4c,200,,0,,,,0,,0,0,0,0,,0,False
www.mairie-barc.fr,Barc,27,0608777b-f78d-4a42-9987-7086da4942a8,200,,5,altro_terzo_parte;captcha;cdn_font,app.panneaupocket.com;fonts.googleapis.com;gmpg.org;s.w.org;www.google.com,https://app.panneaupocket.com/embeded/28928270?mode=widget&autoNavigation=0;Google;http://gmpg.org/xfn/11;https://s.w.org;Google,5,app.panneaupocket.com();fonts.googleapis.com();gmpg.org();s.w.org();www.google.com(),0,0,0,0,,0,False
www.ville-cournonterral.fr,Cournonterral,34,0609d5e7-c0c4-4ec2-a085-19aaf9e9a08c,200,,3,altro_terzo_parte;cdn_font,logv11.xiti.com;unpkg.com;use.fontawesome.com,https://logv11.xiti.com/g.xiti?s=470415&p=;unpkg;Font Awesome,2,unpkg.com();use.fontawesome.com(),1,1,1,0,,0,False
www.anneyron.fr,Anneyron,26,0609ed3f-9979-4a31-b4ca-956153ef6ea0,200,,1,cdn_font,fonts.googleapis.com,Google,1,fonts.googleapis.com(),0,1,0,0,,1,False
www.montmorot.fr,Montmorot,39,060bd446-b795-4cac-9ad9-31647fb15815,200,,3,altro_terzo_parte;cdn_font,cdnjs.cloudflare.com;code.jquery.com;fonts.googleapis.com,Cloudflare;https://code.jquery.com/ui/1.12.1/themes/base/jquery-ui.css?ver=6.9.7;Google,3,cdnjs.cloudflare.com();code.jquery.com();fonts.googleapis.com(),0,0,0,0,,0,False
www.louisfert.fr,Louisfert,44,060c0722-e7d9-444f-97f6-d8330be069ed,200,,3,captcha;cdn_font,fonts.googleapis.com;fonts.gstatic.com;www.google.com,Google;Google;Google,3,fonts.googleapis.com();fonts.gstatic.com();www.google.com(),0,0,0,0,,0,False
luchy.fr,Luchy,60,060c0b60-8a2b-42b4-8d70-d229552afb2e,200,,5,altro_terzo_parte;captcha;cdn_font,cdnjs.cloudflare.com;fonts.googleapis.com;fonts.gstatic.com;js.hcaptcha.com;static.neopse.com,Cloudflare;Google;Google;hCaptcha;https://static.neopse.com/medias/p/4953/site/f2/c9/fe/f2c9fe4bf41cfb5b7811a564788d1f8f9bbcf6d1.jpg?v=v1,5,cdnjs.cloudflare.com();fonts.googleapis.com();fonts.gstatic.com();js.hcaptcha.com();static.neopse.com(),0,0,0,0,,0,False
www.archeagglo.fr,Mauves,07,060d4a17-a059-41dd-b444-a04028fa4c90,200,,2,altro_terzo_parte;analytics,downloads.mailchimp.com;www.googletagmanager.com,https://downloads.mailchimp.com/js/signup-forms/popup/unique-methods/embed.js;Google,2,downloads.mailchimp.com();www.googletagmanager.com(),0,2,1,0,,1,False
france-renov.gouv.fr,Mauves,07,060d4a17-a059-41dd-b444-a04028fa4c90,200,nan,0,nan,nan,nan,0,nan,0,2,0,0,nan,2,False
www.reseau-canope.fr,Plouzané,29,060e107a-a7cc-47d7-a904-83cae6c9e34e,200,nan,0,nan,nan,nan,0,nan,0,0,0,0,nan,0,False
www.gendarmerie.interieur.gouv.fr,Pornic,44,060ebc3d-fcb6-4b2d-8ac6-9044069df9ba,nan,ConnectionError,0,nan,nan,nan,nan,nan,nan,0,0,0,nan,0,False
www.france-services.gouv.fr,Saint-Georges-sur-Loire,49,061114c0-cdd1-4140-8124-6ee85082a661,nan,ConnectionError,0,nan,nan,nan,nan,nan,nan,0,0,0,nan,0,False
mairie-tourtour.fr,Tourtour,83,0614ff12-ce64-48cb-ad8e-f8bd6978cfe0,200,,2,altro_terzo_parte;captcha,app.panneaupocket.com;challenges.cloudflare.com,https://app.panneaupocket.com/embeded/478462480;Cloudflare,2,app.panneaupocket.com();challenges.cloudflare.com(),0,1,0,0,,1,False
www.cc-lacqorthez.fr,Mourenx,64,061530ab-d7e6-4ec2-a484-6008ffb58f03,200,,1,captcha,hcaptcha.com,hCaptcha,1,hcaptcha.com(),0,0,0,0,,0,False
www.poisy.fr,Poisy,74,0615f61a-d7e2-48fb-8599-6f8d210580d2,200,,1,altro_terzo_parte,www.meteofrance.com,https://www.meteofrance.com/mf3-rpc-portlet/rest/vignettepartenaire/742130/type/VILLE_FRANCE/size/PORTRAIT_VIGNETTE,1,www.meteofrance.com(),0,0,0,0,,0,False
chichee.fr,Chichée,89,0616a0e3-64c2-4a61-a3b9-0d6b6755c5af,200,,4,altro_terzo_parte;cdn_font,fonts.googleapis.com;fonts.gstatic.com;gmpg.org;votre-commune.inforoutes.fr,Google;Google;http://gmpg.org/xfn/11;https://votre-commune.inforoutes.fr/wp-content/themes/twentyseventeen-child/assets/images/logo-campagnol-2023.png,4,fonts.googleapis.com();fonts.gstatic.com();gmpg.org();votre-commune.inforoutes.fr(),0,0,0,0,,0,False
www.pour-les-personnes-agees.gouv.fr,Saint-Just-en-Chaussée,60,0616f451-2d2c-4fda-83bd-e9186890fab1,200,nan,3,altro_terzo_parte,app-script.monsido.com;cdn-eu.readspeaker.com;siteimproveanalytics.com,https://app-script.monsido.com/v2/monsido-script.js;http://cdn-eu.readspeaker.com/script/7866/webReader/r/r2728/ReadSpeaker.Styles.css?v=3.8.7.2728;https://siteimproveanalytics.com/js/siteanalyze_6134497.js,3,app-script.monsido.com();cdn-eu.readspeaker.com();siteimproveanalytics.com(),0,1,0,0,nan,1,False
aramon.fr,Aramon,30,0618498f-aa6f-485e-855e-3b1f09132b76,200,,8,altro_terzo_parte;cdn_font,cdn.elementor.com;fonts.googleapis.com;gmpg.org;scontent-cdg4-1.xx.fbcdn.net;scontent-cdg4-2.xx.fbcdn.net;scontent-cdg4-3.xx.fbcdn.net;scontent-cdg6-1.xx.fbcdn.net;widget.intramuros.org,https://cdn.elementor.com;Google;https://gmpg.org/xfn/11;https://scontent-cdg4-1.xx.fbcdn.net/v/t39.30808-6/802033003_1558284739664224_685949922463181605_n.jpg?stp=dst-jpg_p720x720_tt6&_nc_cat=102&ccb=1-7&_nc_sid=127cfc&_nc_ohc=IChaiu6Z5hAQ7kNvwHQy1YV&_nc_oc=AdrhPs1nTegsD-BFUT2Is_WiZekg4hph3lBSbWw-spZy-ktnYh9PwFGO0JFvIvccW-geCT0P0hfVqWxjzCz-GHDY&_nc_zt=23&_nc_ht=scontent-cdg4-1.xx&edm=AKIiGfEEAAAA&_nc_gid=4scMUsY5g25i8Gfjgoxjng&_nc_tpa=Q5bMBQKj7jJLyuFzWk3q7hPfXc5lc2tb5JFmhtZzvwenMUHJsKJ1kL3iB3chR62BUmgAQBNkff8FIhu9jg&oh=00_AQJ9Ds5WUCV_fsLjHuM63uepPvnUZaHZ8LuR8k5LnOFtlA&oe=6AB0BEBF;https://scontent-cdg4-2.xx.fbcdn.net/v/t39.30808-6/807877659_1559387316220633_3474031403908991853_n.jpg?stp=cp1_dst-jpg_s960x960_tt6&_nc_cat=100&ccb=1-7&_nc_sid=833d8c&_nc_ohc=VA_n6ZVS1GYQ7kNvwGEdd9t&_nc_oc=AdojIIioHgJIQzLJUWsSmLq2zBUx-V0YCQjIZceIYovaPiYseHw7m9V-diBpjO_xenAE9qntnYVlsa9X8QDvzv8E&_nc_zt=23&_nc_ht=scontent-cdg4-2.xx&edm=AKIiGfEEAAAA&_nc_gid=4scMUsY5g25i8Gfjgoxjng&_nc_tpa=Q5bMBQJ_vym6eMmSNGq08eoCFlBB9S115_Q1US8y7HbD5JWp1puBvhf_eQCGGaof2jlYPLabi9heDPb97g&oh=00_AQIkVBb7uN6ENTMeDB2AAlWT9rwWoECyKXBamg7wNnfeZQ&oe=6AB0AD0C;https://scontent-cdg4-3.xx.fbcdn.net/v/t39.30808-6/807759570_1559387106220654_5326109024439261084_n.jpg?stp=cp1_dst-jpg_s960x960_tt6&_nc_cat=111&ccb=1-7&_nc_sid=833d8c&_nc_ohc=y8l81-r_9j4Q7kNvwFj1eGk&_nc_oc=AdrMQ2eE0xkJCQ1PXMM5I5Wui6sH0T4ZnWPs3wJS690TxTS4AyMKXLusy98Km2KmhIi7cSkbXmQeyGxz3uqwsnnG&_nc_zt=23&_nc_ht=scontent-cdg4-3.xx&edm=AKIiGfEEAAAA&_nc_gid=4scMUsY5g25i8Gfjgoxjng&_nc_tpa=Q5bMBQLEhY9izSiM869zLqjTP-T_AnYdiXDg-4wu46tVr5tX8tOJWJfqsV7ZO3O-xJsNxuw0Gd0iDKf_pA&oh=00_AQKXeEOGQpL7aq6hF_BS_ARsliRJInmitXmbypwTbOVPPw&oe=6AB0B3FE;https://scontent-cdg6-1.xx.fbcdn.net/v/t39.30808-6/806473760_1559387176220647_3178726743121618150_n.jpg?stp=cp1_dst-jpg_s960x960_tt6&_nc_cat=103&ccb=1-7&_nc_sid=833d8c&_nc_ohc=zjdCAVG__p0Q7kNvwGjbFvw&_nc_oc=Adr22Hi5YDNE5BTS5Tikp9zjrhZg-cCGjrZ4lsLrRC94lgBLjkDqCe3iKMhdbHhWMSO7HinZ4DKMougnDtcJDlyf&_nc_zt=23&_nc_ht=scontent-cdg6-1.xx&edm=AKIiGfEEAAAA&_nc_gid=4scMUsY5g25i8Gfjgoxjng&_nc_tpa=Q5bMBQJvt8yw6g09HVBfHCSjWI1MbfwFTjl6Vbc1Q3CT7lGLlycDxzT-qQbuCiSwiR8M-cNrWxAMcKmNZw&oh=00_AQKt1L2NKJ9hlwHBvidd-y16CG_tDnTUw9ohO_swB8b3ZA&oe=6AB0A103;https://widget.intramuros.org/js/5.1.0/agenda.js,8,cdn.elementor.com();fonts.googleapis.com();gmpg.org();scontent-cdg4-1.xx.fbcdn.net();scontent-cdg4-2.xx.fbcdn.net();scontent-cdg4-3.xx.fbcdn.net();scontent-cdg6-1.xx.fbcdn.net();widget.intramuros.org(),0,0,0,0,,0,False
www.ameli.fr,Grigny,91,0619a0bc-7d20-476e-86be-2b05aa720d31,200,nan,3,altro_terzo_parte;analytics;cdn_font,cdn.jsdelivr.net;tag.aticdn.net;www.googletagmanager.com,jsDelivr;https://tag.aticdn.net/piano-analytics.js;Google,3,cdn.jsdelivr.net();tag.aticdn.net();www.googletagmanager.com(),0,0,0,0,nan,0,False
forum-assures.ameli.fr,Grigny,91,0619a0bc-7d20-476e-86be-2b05aa720d31,200,nan,5,altro_terzo_parte;cdn_font,d350tqmxm801hs.cloudfront.net;dimelo-answers-production.s3.eu-west-1.amazonaws.com;dimelo-users-production.s3.amazonaws.com;dimelo.s3.amazonaws.com;fonts.googleapis.com,https://d350tqmxm801hs.cloudfront.net/production/ameli-forum/images/refonte-identite-2022/logo_forum-ameli.svg?1649083461;https://dimelo-answers-production.s3.eu-west-1.amazonaws.com/291/a2635c8ee1bec415/170413152806_5f8b2eb0d19885b6b8d6226fe9d6780e_original.png?7cc8cfd;https://dimelo-users-production.s3.amazonaws.com/identity_avatars/bdea85ceb7d562ab/avatar_x-large.png?7cc8cfd;https://dimelo.s3.amazonaws.com/custom-v2/ameli/tarteaucitron/tarteaucitron.js;Google,5,d350tqmxm801hs.cloudfront.net();dimelo-answers-production.s3.eu-west-1.amazonaws.com();dimelo-users-production.s3.amazonaws.com();dimelo.s3.amazonaws.com();fonts.googleapis.com(),0,1,0,0,nan,1,False
www.digne.cci.fr,Manosque,04,061a0512-cc79-4c9d-9057-1d8c3846d73f,403,,0,,,,0,,0,1,0,0,,1,True
www.jonzac-haute-saintonge.com,Jonzac,17,061c5f94-9926-4bdd-a8d9-a7a199099e26,200,,7,altro_terzo_parte;analytics;cdn_font,app.avizi.fr;cdnjs.cloudflare.com;connect.facebook.net;fonts.gstatic.com;stackpath.bootstrapcdn.com;www.facebook.com;www.googletagmanager.com,https://app.avizi.fr/widgets/public/972d94278945a0a6ccb80f6e89fdff6f/2142;Cloudflare;Meta;Google;BootstrapCDN;https://www.facebook.com/tr?id=https://www.facebook.com/OfficedeTourismedeJonzac/&ev=PageView&noscript=1;Google,7,app.avizi.fr();cdnjs.cloudflare.com();connect.facebook.net();fonts.gstatic.com();stackpath.bootstrapcdn.com();www.facebook.com();www.googletagmanager.com(),0,0,0,0,,0,False
france-renov.gouv.fr,Jonzac,17,061c5f94-9926-4bdd-a8d9-a7a199099e26,200,nan,0,nan,nan,nan,0,nan,0,2,0,0,nan,2,False
www.marolles-sur-seine.fr,Marolles-sur-Seine,77,061c6743-bf69-429c-b37b-d3e953dcb220,200,,4,altro_terzo_parte;cdn_font;cookie_banner;sdk_generico,consent.cookiebot.com;fonts.googleapis.com;maps.googleapis.com;s.w.org,Cookiebot;Google;Google;https://s.w.org,4,consent.cookiebot.com();fonts.googleapis.com();maps.googleapis.com();s.w.org(),0,0,0,0,,0,False
www.arcismaillyramerupt.fr,Arcis-sur-Aube,10,0620de02-57a9-48f3-9794-dc71f660d2a6,200,,5,altro_terzo_parte;analytics;captcha;cdn_font,fonts.googleapis.com;fonts.gstatic.com;gmpg.org;www.google.com;www.googletagmanager.com,Google;Google;https://gmpg.org/xfn/11;Google;Google,5,fonts.googleapis.com();fonts.gstatic.com();gmpg.org();www.google.com();www.googletagmanager.com(),0,1,0,0,,1,False
www.correze.gouv.fr,Tulle,19,062270d9-ae3b-4711-8373-f36c8f4fc844,nan,ConnectionError,0,nan,nan,nan,nan,nan,nan,0,0,0,nan,0,False
www.blancafort.fr,Blancafort,18,0622ad28-0a48-47e5-87cc-092125641432,403,,0,,,,0,,0,0,0,0,,0,True
www.stcoutantlegrandblog.wordpress.com,Saint-Coutant-le-Grand,17,0622fe0b-da37-4a18-b99c-a61d1a496694,200,,10,altro_terzo_parte,0.gravatar.com;1.gravatar.com;af.pubmine.com;gmpg.org;pixel.wp.com;s0.wp.com;s1.wp.com;s2.wp.com;stats.wp.com;wp.me,https://0.gravatar.com/js/hovercards/hovercards.min.js?ver=202638d1133547e8a1f2801609f51cef12522abe7f6647d869e9fbc974fe356a37e613;https://1.gravatar.com/avatar/44a01d4b3a2bcdb1bad5605d7d3802c22198b3797d597eef2a5b7edd0099ccdf?s=48&d=identicon&r=G;https://af.pubmine.com;http://gmpg.org/xfn/11;https://pixel.wp.com/b.gif?v=noscript;https://s0.wp.com;https://s1.wp.com/opensearch.xml;https://s2.wp.com;https://stats.wp.com/w.js?69;https://wp.me/4B1Ky,10,0.gravatar.com();1.gravatar.com();af.pubmine.com(US);gmpg.org();pixel.wp.com();s0.wp.com();s1.wp.com();s2.wp.com();stats.wp.com();wp.me(US),0,0,0,0,,0,False
www.afpa.fr,Rennes,35,062459ed-e261-4d2a-941e-ae998669344a,200,,6,altro_terzo_parte;cdn_font;sdk_generico,cdn.jsdelivr.net;cdn.tagcommander.com;code.jquery.com;maps.googleapis.com;redirect2286.tagcommander.com;ws.sharethis.com,jsDelivr;https://cdn.tagcommander.com/2286/tc_AFPA_3.js;https://code.jquery.com/ui/1.13.2/jquery-ui.min.js;Google;https://redirect2286.tagcommander.com/utils/noscript.php?id=3&mode=iframe;https://ws.sharethis.com/button/buttons.js,6,cdn.jsdelivr.net();cdn.tagcommander.com();code.jquery.com();maps.googleapis.com();redirect2286.tagcommander.com();ws.sharethis.com(),0,4,1,0,,3,False
www.ffbatiment.fr,Albi,81,0624cb1c-e1c2-45da-9b57-a42c4bf56df7,200,nan,2,altro_terzo_parte;analytics,cdn.cookielaw.org;www.googletagmanager.com,https://cdn.cookielaw.org/scripttemplates/otSDKStub.js;Google,2,cdn.cookielaw.org();www.googletagmanager.com(),0,4,1,0,nan,3,False
www.lacharente.fr,Châteauneuf-sur-Charente,16,062639b1-806f-41cd-824a-d2a565294d43,200,nan,2,altro_terzo_parte;video,cdn.onesignal.com;player.vimeo.com,https://cdn.onesignal.com/sdks/web/v16/OneSignalSDK.page.js;Vimeo,2,cdn.onesignal.com();player.vimeo.com(),0,0,0,0,nan,0,False
www.somsois.fr,Somsois,51,0627517b-cf6d-4633-9692-a8a6deac45d9,200,,0,,,,0,,0,0,0,0,,0,False
mag.agglo-lenslievin.fr,Lens,62,062756bd-0507-4cbd-8b53-3788fdfd0c34,200,,3,altro_terzo_parte;cdn_font,dailymotion.com;fonts.googleapis.com;forms.sbc08.com,https://dailymotion.com/embed/video/xa8ea5q?ui-highlight&start&endscreen-enable=0&controls=1&mute=0&ui-start-screen-info=1&ui-logo=1;Google;https://forms.sbc08.com/form.js,3,dailymotion.com();fonts.googleapis.com();forms.sbc08.com(),0,0,0,0,,0,False
france-renov.gouv.fr,Lens,62,062756bd-0507-4cbd-8b53-3788fdfd0c34,200,nan,0,nan,nan,nan,0,nan,0,2,0,0,nan,2,False
saintalexandre.fr,Saint-Alexandre,30,062868b6-3b8f-4108-819d-b84a32c241f3,200,,3,altro_terzo_parte;cdn_font,app.panneaupocket.com;fonts.googleapis.com;use.typekit.net,https://app.panneaupocket.com/embeded/1426934312?mode=widget&autoNavigation=0;Google;https://use.typekit.net/jsz4mrp.css?timestamp=1737648939&ver=7.14.2,3,app.panneaupocket.com();fonts.googleapis.com();use.typekit.net(),0,0,0,0,,0,False
www.pasdecalais.fr,Lillers,62,0629d2ad-946e-4ca1-8a4e-1b51ca65cd64,200,,1,sdk_generico,www.gstatic.com,Google,1,www.gstatic.com(),0,0,0,0,,0,False
www.nilvange.fr,Nilvange,57,062a4a32-bcfd-4047-a0d4-8fbb29406560,200,,2,altro_terzo_parte;sdk_generico,ajax.googleapis.com;www.hdr.fr,Google;https://www.hdr.fr/images/verysmall_hdr.gif,2,ajax.googleapis.com();www.hdr.fr(),0,1,1,0,,0,False
www.mairiedesallues.fr,Les Allues,73,062a8a81-90d4-446a-8b68-ff79d9395956,200,,2,altro_terzo_parte;captcha,translate.google.com;www.google.com,https://translate.google.com/translate_a/element.js?cb=googleTranslateElementInit2;Google,2,translate.google.com();www.google.com(),0,0,0,0,,0,False
www.saint-satur.fr,Saint-Satur,18,062c16c1-13bf-4d0a-916f-c170f1c593d5,200,,1,altro_terzo_parte,maps.google.com,http://maps.google.com/maps/api/js?sensor=false&language=fr,1,maps.google.com(),0,0,0,0,,0,False
www.citou.fr,Citou,11,062cda8e-d468-409b-894e-d167ff5c278c,200,,3,altro_terzo_parte;cdn_font;sdk_generico,fonts.googleapis.com;matomo.artifica.fr;www.gstatic.com,Google;https://matomo.artifica.fr/matomo.php?idsite=8&rec=1;Google,3,fonts.googleapis.com();matomo.artifica.fr();www.gstatic.com(),0,1,0,0,,1,False
lepetitfougeray.fr,Le Petit-Fougeray,35,062dba58-9ac1-4a87-afb3-629dc899729f,200,,1,altro_terzo_parte,s.w.org,https://s.w.org,1,s.w.org(),0,0,0,0,,0,False
www.paysdelarbresle.fr,L'Arbresle,69,062dc07a-5ad8-4a1c-850d-4fead6d18936,200,,5,altro_terzo_parte;cdn_font;video,cdnjs.cloudflare.com;fonts.googleapis.com;fonts.gstatic.com;gmpg.org;www.youtube.com,Cloudflare;Google;Google;https://gmpg.org/xfn/11;Google,5,cdnjs.cloudflare.com();fonts.googleapis.com();fonts.gstatic.com();gmpg.org();www.youtube.com(),0,1,1,0,,0,False
www.noroy-le-bourg.fr,Noroy-le-Bourg,70,062df5bf-0332-4f58-875b-178e6c47d234,200,,1,altro_terzo_parte,wsb.torop.net,https://wsb.torop.net/public/cookie.js?s=noroy-le-bourg-70,1,wsb.torop.net(),0,1,1,0,,0,False
www.france-services.gouv.fr,Bologne,52,062f7ee6-490b-422b-95ea-a5958bc0219a,nan,ConnectionError,0,nan,nan,nan,nan,nan,nan,0,0,0,nan,0,False
www.ploermel.bzh,Ploërmel Cedex,56,06328544-b6b1-4d56-bec4-ea5242e673e7,200,,1,altro_terzo_parte,gmpg.org,http://gmpg.org/xfn/11,1,gmpg.org(),0,0,0,0,,0,False
www.udaf02.fr,Saint-Quentin,02,06329226-00bc-4e5d-b23a-c6b4df80e423,200,,4,altro_terzo_parte;analytics;video,matomo.unaf.fr;player.vimeo.com;www.googletagmanager.com;www.unaf.fr,https://matomo.unaf.fr;Vimeo;Google;https://www.unaf.fr/app/uploads/sites/3/2022/02/guillemet.svg,4,matomo.unaf.fr();player.vimeo.com();www.googletagmanager.com();www.unaf.fr(),0,0,0,0,,0,False
www.caf.fr,Avallon,89,06353b9a-6c7c-49a0-8fcc-a3f11a885840,200,nan,0,nan,nan,nan,0,nan,0,7,0,0,nan,7,False
www.crij-mayotte.com,Dembeni,976,0635b787-1998-4938-a2f3-79a1ccce8c03,503,,3,altro_terzo_parte;cdn_font,crij-mayotte.fr;fonts.googleapis.com;fonts.gstatic.com,https://crij-mayotte.fr/wp-content/uploads/2026/06/Crij.png;Google;Google,3,crij-mayotte.fr();fonts.googleapis.com();fonts.gstatic.com(),0,0,0,0,,0,False
mairie-le-perthus.com,Le Perthus,66,0636da5c-91f8-4802-85e1-b9358a0702d8,200,,2,altro_terzo_parte;cdn_font,fonts.googleapis.com;i0.wp.com,Google;https://i0.wp.com/mairie-le-perthus.com/wp-content/uploads/2026/08/photo-perthus-4.jpg?resize=400%2C516&ssl=1,2,fonts.googleapis.com();i0.wp.com(),0,0,0,0,,0,False
www.mortain-bocage.fr,Mortain-Bocage,50,063729be-3f3f-421a-8200-e9744a9d6064,200,,5,altro_terzo_parte;captcha;cdn_font,cdnjs.cloudflare.com;fonts.googleapis.com;fonts.gstatic.com;js.hcaptcha.com;static.neopse.com,Cloudflare;Google;Google;hCaptcha;https://static.neopse.com/medias/p/1738/site/e2/bd/f2/e2bdf278e9b99a8c26301de16f8242a56bd67fdc.jpg?v=v1,5,cdnjs.cloudflare.com();fonts.googleapis.com();fonts.gstatic.com();js.hcaptcha.com();static.neopse.com(),0,0,0,0,,0,False
www.pour-les-personnes-agees.gouv.fr,Saint-Quentin,02,06375ac6-f73c-434d-a354-2db764b915b6,200,nan,3,altro_terzo_parte,app-script.monsido.com;cdn-eu.readspeaker.com;siteimproveanalytics.com,https://app-script.monsido.com/v2/monsido-script.js;http://cdn-eu.readspeaker.com/script/7866/webReader/r/r2728/ReadSpeaker.Styles.css?v=3.8.7.2728;https://siteimproveanalytics.com/js/siteanalyze_6134497.js,3,app-script.monsido.com();cdn-eu.readspeaker.com();siteimproveanalytics.com(),0,1,0,0,nan,1,False
www.normandie.ars.sante.fr,Caen,14,063a3b70-194b-4d0f-beb5-c649472c47b4,200,,2,altro_terzo_parte,admin-pipeline.upsun-fr-3.observability-pipeline.blackfire.io;tag.aticdn.net,https://admin-pipeline.upsun-fr-3.observability-pipeline.blackfire.io/js/probe.js;https://tag.aticdn.net/piano-analytics.js,2,admin-pipeline.upsun-fr-3.observability-pipeline.blackfire.io();tag.aticdn.net(),0,0,0,0,,0,False
www.piana.fr,Piana,2A,063a55db-81c0-4587-bebc-6575c100bf1c,200,,5,altro_terzo_parte;analytics;cdn_font,cdn.gtranslate.net;embed.windy.com;fonts.googleapis.com;unpkg.com;www.googletagmanager.com,https://cdn.gtranslate.net/widgets/latest/dropdown.js?ver=7.0.1;https://embed.windy.com/embed2.html?lat=42.237&lon=8.637&zoom=13&overlay=temp&marker=true&pressure=true&detailLat=42.237&detailLon=8.637&metricWind=default&metricTemp=°C&detail=true&calendar=now&product=ecmwf&level=surface&menu=&message=true&type=map&location=coordinates&radarRange=-1;Google;unpkg;Google,5,cdn.gtranslate.net();embed.windy.com();fonts.googleapis.com();unpkg.com();www.googletagmanager.com(),0,0,0,0,,0,False
www.impots.gouv.fr,Baugé-en-Anjou,49,063abc12-54c2-4751-b5d9-9d478cb81ad3,200,nan,0,nan,nan,nan,0,nan,0,0,0,0,nan,0,False
us-en-vexin.fr,Us,95,063c8d7d-c90c-48ae-986e-735d25e153ac,200,,6,altro_terzo_parte;analytics;captcha;cdn_font,fonts.googleapis.com;gmpg.org;uniondesmairesduvaldoise.fr;widget.meteocity.com;www.google.com;www.googletagmanager.com,Google;http://gmpg.org/xfn/11;http://uniondesmairesduvaldoise.fr/img/signaturesite.png;http://widget.meteocity.com/js/OTU2MjV8M3wxfDR8MXxGRkZGRkZ8M3xGRkZGRkZ8Y3wx;Google;Google,6,fonts.googleapis.com();gmpg.org();uniondesmairesduvaldoise.fr();widget.meteocity.com();www.google.com();www.googletagmanager.com(),0,0,0,0,,0,False
www.couffe.fr,Couffé,44,063e1b21-9966-41d6-8344-0ade12da84ea,200,,3,analytics;cdn_font,fonts.googleapis.com;fonts.gstatic.com;www.googletagmanager.com,Google;Google;Google,3,fonts.googleapis.com();fonts.gstatic.com();www.googletagmanager.com(),0,0,0,0,,0,False
www.tronget.fr,Tronget,03,0640d1e0-196d-4518-b27b-c0aaab19862a,200,,9,altro_terzo_parte;captcha;cdn_font;video,fonts.googleapis.com;fonts.gstatic.com;gmpg.org;hcaptcha.com;i.vimeocdn.com;kit.fontawesome.com;use.typekit.net;velikorodnov.com;widget.intramuros.org,Google;Google;http://gmpg.org/xfn/11;hCaptcha;Vimeo;https://kit.fontawesome.com/5c8a78a499.js;https://use.typekit.net/vji7sho.css;https://velikorodnov.com/wordpress/jogasana/wp-content/themes/jogasana/images/logo.png;https://widget.intramuros.org/js/5.1.0/agenda.js,9,fonts.googleapis.com();fonts.gstatic.com();gmpg.org();hcaptcha.com();i.vimeocdn.com();kit.fontawesome.com();use.typekit.net();velikorodnov.com();widget.intramuros.org(),0,0,0,0,,0,False
www.landes.fr,Parentis-en-Born,40,0645784a-bede-484a-8761-4833ff7df5cc,403,,0,,,,0,,0,0,0,0,,0,True
www.ac-normandie.fr,Alençon,61,064817d5-d49e-429c-ac20-4ceec0fba50f,403,,0,,,,0,,0,0,0,0,,0,True
www.gendarmerie.interieur.gouv.fr,Étel,56,064ac93c-7420-4a19-88c7-c8265150bc34,nan,ConnectionError,0,nan,nan,nan,nan,nan,nan,0,0,0,nan,0,False
www.ereac.fr,Éréac,22,064bbf4b-4990-44be-91ff-1e8a1e217de0,200,,3,altro_terzo_parte;cdn_font,fonts.googleapis.com;s7.addthis.com;www.google.com,Google;https://s7.addthis.com/js/300/addthis_widget.js#pubid=ra-627ddf60e6b8026d;https://www.google.com/maps/embed?pb=!1m14!1m8!1m3!1d5310.920890479424!2d-2.347119!3d48.274757!3m2!1i1024!2i768!4f13.1!3m3!1m2!1s0x480e4418f07dd84f%3A0x10b3083669257307!2sMairie!5e0!3m2!1sfr!2sus!4v1739978380363!5m2!1sfr!2sus,2,fonts.googleapis.com();www.google.com(),1,1,0,0,,1,False
www.biblio7374.fr,Epagny Metz-Tessy,73,064c7687-1a3b-4448-bd83-559dbc7830f8,200,,0,,,,0,,0,2,0,0,,2,False
www.cdad06.fr,NICE,06,064dda95-047c-49fb-bd0c-a4621fd4bddb,200,,2,analytics;cdn_font,fonts.googleapis.com;www.googletagmanager.com,Google;Google,2,fonts.googleapis.com();www.googletagmanager.com(),0,0,0,0,,0,False
nouvelle-aquitaine.dreets.gouv.fr,Agen,47,064f0a58-a07d-4db0-b541-96a83f40db35,200,,0,,,,0,,0,1,0,0,,1,False
www.prefectures-regions.gouv.fr,Agen,47,064f0a58-a07d-4db0-b541-96a83f40db35,403,,0,,,,0,,0,0,0,0,,0,True
www.ameli.fr,Moissac,82,064f0f35-ef0e-4284-ac77-bc70e15b6e9f,200,nan,3,altro_terzo_parte;analytics;cdn_font,cdn.jsdelivr.net;tag.aticdn.net;www.googletagmanager.com,jsDelivr;https://tag.aticdn.net/piano-analytics.js;Google,3,cdn.jsdelivr.net();tag.aticdn.net();www.googletagmanager.com(),0,0,0,0,nan,0,False
forum-assures.ameli.fr,Moissac,82,064f0f35-ef0e-4284-ac77-bc70e15b6e9f,200,nan,5,altro_terzo_parte;cdn_font,d350tqmxm801hs.cloudfront.net;dimelo-answers-production.s3.eu-west-1.amazonaws.com;dimelo-users-production.s3.amazonaws.com;dimelo.s3.amazonaws.com;fonts.googleapis.com,https://d350tqmxm801hs.cloudfront.net/production/ameli-forum/images/refonte-identite-2022/logo_forum-ameli.svg?1649083461;https://dimelo-answers-production.s3.eu-west-1.amazonaws.com/291/a2635c8ee1bec415/170413152806_5f8b2eb0d19885b6b8d6226fe9d6780e_original.png?7cc8cfd;https://dimelo-users-production.s3.amazonaws.com/identity_avatars/bdea85ceb7d562ab/avatar_x-large.png?7cc8cfd;https://dimelo.s3.amazonaws.com/custom-v2/ameli/tarteaucitron/tarteaucitron.js;Google,5,d350tqmxm801hs.cloudfront.net();dimelo-answers-production.s3.eu-west-1.amazonaws.com();dimelo-users-production.s3.amazonaws.com();dimelo.s3.amazonaws.com();fonts.googleapis.com(),0,1,0,0,nan,1,False
www.impots.gouv.fr,Quissac,30,064f7df3-39e3-4f8d-ac9e-f614bcff442d,200,nan,0,nan,nan,nan,0,nan,0,0,0,0,nan,0,False
samois-sur-seine.fr,Samois-sur-Seine,77,06504a52-eee2-41ca-92df-656290b8836b,200,,3,altro_terzo_parte;cdn_font,cdnjs.cloudflare.com;gmpg.org;kit-pro.fontawesome.com,Cloudflare;https://gmpg.org/xfn/11;https://kit-pro.fontawesome.com/releases/v5.15.4/css/pro.min.css,3,cdnjs.cloudflare.com();gmpg.org();kit-pro.fontawesome.com(),0,0,0,0,,0,False
hasparren.fr,Hasparren,64,0651b441-b25f-48b9-8c77-55801034a47c,200,,6,altro_terzo_parte;analytics;cdn_font;sdk_generico,fonts.googleapis.com;fonts.gstatic.com;maps.googleapis.com;static.addtoany.com;use.fontawesome.com;www.googletagmanager.com,Google;Google;Google;https://static.addtoany.com;Font Awesome;Google,6,fonts.googleapis.com();fonts.gstatic.com();maps.googleapis.com();static.addtoany.com();use.fontawesome.com();www.googletagmanager.com(),0,0,0,0,,0,False
www.udaf01.fr,Bourg-en-Bresse,01,0652921d-9ce6-440c-9d20-fed78101c9d1,200,,3,analytics,connect.facebook.net;www.google-analytics.com;www.googletagmanager.com,Meta;Google;Google,3,connect.facebook.net();www.google-analytics.com();www.googletagmanager.com(),0,0,0,0,,0,False
www.plougonven.fr,Plougonven,29,0653cdae-a853-4aef-b40e-f9729d45fb0b,200,,0,,,,0,,0,0,0,0,,0,False
www.loiret.fr,Montargis,45,06540199-f4f2-4898-bae5-739cfba5efc2,200,,3,altro_terzo_parte;cdn_font,fonts.googleapis.com;static.addtoany.com;use.fontawesome.com,Google;https://static.addtoany.com/menu/page.js;Font Awesome,3,fonts.googleapis.com();static.addtoany.com();use.fontawesome.com(),0,0,0,0,,0,False
www.jonquieres34.fr,Jonquières,34,06542540-ce96-4da1-9eb6-7d4d63541ba1,200,,1,cdn_font,fonts.googleapis.com,Google,1,fonts.googleapis.com(),0,2,1,0,,1,False
archipel-tournefeuille.org,Tournefeuille,31,0655ed36-64c2-42be-87cf-cbac182c6f4f,200,,3,altro_terzo_parte;analytics;cdn_font,fonts.googleapis.com;gmpg.org;www.googletagmanager.com,Google;https://gmpg.org/xfn/11;Google,3,fonts.googleapis.com();gmpg.org();www.googletagmanager.com(),0,0,0,0,,0,False
www.ville-poulainville.fr,Poulainville,80,0656515e-663a-43c9-9f8d-da30b8fa46e1,200,,5,altro_terzo_parte,assets.jimstatic.com;fonts.jimstatic.com;image.jimcdn.com;u.jimcdn.com;ville-poulainville.jimdoweb.com,https://assets.jimstatic.com/s/img/cc/icons/pdf.png;https://fonts.jimstatic.com;https://image.jimcdn.com/app/cms/image/transf/dimension=1920x400:format=jpg/path/s972ead717ae0d268/image/i7af28b0d9b09d4d0/version/1731060986/image.jpg;https://u.jimcdn.com/cms/o/s972ead717ae0d268/layout/dm_c66bf47553c26339871b501b20c903e5/css/layout.css?t=1781948192;https://ville-poulainville.jimdoweb.com/,5,assets.jimstatic.com();fonts.jimstatic.com();image.jimcdn.com();u.jimcdn.com();ville-poulainville.jimdoweb.com(),0,1,0,0,,1,False
www.seraincourt95.fr,Seraincourt,95,0657d679-fb0b-4cb6-b032-67b5725f1857,200,,3,altro_terzo_parte;cdn_font,fonts.gstatic.com;seraincourt.uniondesmairesduvaldoise.fr;www.seraincourt.fr,Google;https://seraincourt.uniondesmairesduvaldoise.fr/wp-content/uploads/2021/01/Blason_Seraincourt.png;https://www.seraincourt.fr/wp-content/uploads/2021/03/1200px-Eglise_de_Seraincourt_Val_dOise_95_France.jpg,2,fonts.gstatic.com();www.seraincourt.fr(),1,0,0,0,,0,False
www.saintetiennedefougeres.fr,Saint-Étienne-de-Fougères,47,0657de78-2ed3-48ab-a7a3-bc82aab0e8fe,200,,6,altro_terzo_parte;cdn_font,app.panneaupocket.com;cdnjs.cloudflare.com;fonts.googleapis.com;gmpg.org;maps.google.com;s.w.org,https://app.panneaupocket.com/embeded/1113759946;Cloudflare;Google;https://gmpg.org/xfn/11;https://maps.google.com/maps?q=Saint%20etienne%20de%20foug%C3%A8res&t=m&z=11&output=embed&iwloc=near;https://s.w.org,6,app.panneaupocket.com();cdnjs.cloudflare.com();fonts.googleapis.com();gmpg.org();maps.google.com();s.w.org(),0,2,0,0,,2,False
www.ville-desvres.fr,Desvres,62,0657f6fe-20c6-4549-a36a-6fef2176db25,200,,4,altro_terzo_parte;cdn_font;video,fonts.googleapis.com;fonts.gstatic.com;static.cloudflareinsights.com;www.youtube.com,Google;Google;https://static.cloudflareinsights.com/beacon.min.js/v3d52b47920f24c319d37e2661827c42b1787588026925;Google,4,fonts.googleapis.com();fonts.gstatic.com();static.cloudflareinsights.com();www.youtube.com(),0,0,0,0,,0,False
www.france-services.gouv.fr,Solesmes,59,06596570-c892-44ce-89ec-0c6db896d5e6,nan,ConnectionError,0,nan,nan,nan,nan,nan,nan,0,0,0,nan,0,False
www.impots.gouv.fr,Landerneau Cedex,29,065ac8bc-0362-43a8-bf49-6c43e4c08406,200,nan,0,nan,nan,nan,0,nan,0,0,0,0,nan,0,False
cdad14.fr,HEROUVILLE SAINT-CLAIR,14,065b19ee-8e27-4e60-a73b-64235148c5ac,200,,7,altro_terzo_parte;analytics;captcha;sdk_generico;video,gmpg.org;maps.googleapis.com;www.google-analytics.com;www.google.com;www.googletagmanager.com;www.gstatic.com;www.youtube.com,http://gmpg.org/xfn/11;Google;Google;Google;Google;Google;Google,7,gmpg.org();maps.googleapis.com();www.google-analytics.com();www.google.com();www.googletagmanager.com();www.gstatic.com();www.youtube.com(),0,0,0,0,,0,False
www.avignonet38.fr,Avignonet,38,065b41f2-b141-479e-9a56-b2761b826531,200,,4,altro_terzo_parte,browser.sentry-cdn.com;siteassets.parastorage.com;static.parastorage.com;static.wixstatic.com,"https://browser.sentry-cdn.com/7.120.3/modulemetadata.es5.min.js;https://siteassets.parastorage.com/pages/pages/thunderbolt?appDefinitionIdToSiteRevision=%7B%2214271d6f-ba62-d045-549b-ab972ae1f70e%22%3A%2225%22%2C%2214bcded7-0066-7c35-14d7-466cb3f09103%22%3A%221335%22%2C%2213d21c63-b5ec-5912-8397-c3a5ddb27a97%22%3A%22440%22%7D&beckyExperiments=.DatePickerPortal%2C.EnableCustomCSSVarsForLoginSocialBar%2C.FreemiumBannerOdeditor%2C.LoginBarEnableLoggingInStateInSSR%2C.TextInputAutoFillFix%2C.UseLoginSocialBarCustomMenu%2C.UseNestedLoginSocialBarMenuItems%2C.UseNewLoginBarDropdownMenuAlignment%2C.UseNewLoginSocialBarElementStructure%2C.UseNewLoginSocialBarMemberInitialsAvatar%2C.WixFreeSiteBannerDesktop%2C.WixFreeSiteBannerMobile%2C.addIdAsClassName%2C.buttonUdp%2C.calculateCollapsibleTextLineHeightByFont%2C.dynamicPageLinkTarget%2C.dynamicSlots%2C.fiveGridLineStudioSkins%2C.fixFirefoxLinkBarIntrinsicSizing%2C.isClassNameToRootEnabled%2C.logVsmPlatformDiff%2C.migrateSdkDataMappers%2C.resolveManifestInTB%2C.splitSlotSelectors%2C.stopResolvingInnerSelectors_VAG%2C.svgResolver_2%2C.updateRichTextSemanticClassNamesOnCorvid%2C.useClassnameInResponsiveAppWidget%2C.useImageAvifFormatInNativeProGallery%2C.useWowImageInFastGallery%2C.vsmPlatform&blocksBuilderManifestGeneratorVersion=1.129.0&contentType=application%2Fjson&dfCk=6&dfVersion=1.5593.0&editorName=Unknown&experiments=dm_masterPageVariablesQueryFixer%2Cdm_migrateOldHoverBoxToNewFixer&externalBaseUrl=https%3A%2F%2Fwww.avignonet38.fr&fileId=ac284a06.bundle.min&formFactor=desktop&hasTPAWorkerOnSite=false&hasUserDomainMedia=false&isBuilderComponentModel=false&isHttps=true&isInSeo=false&isPremiumDomain=true&isUrlMigrated=true&isWixCodeOnPage=false&isWixCodeOnSite=false&language=fr&metaSiteId=58b06633-5583-4bb1-84e7-393cb22fae4d&module=thunderbolt-platform&originalLanguage=fr&pageId=ae26fa_90dc401b111e6a33425aa12d2366884c_786.json&pilerExperiments=specs.piler.useEditorReactComponents&quickActionsMenuEnabled=false®istryLibrariesTopology=%5B%7B%22artifactId%22%3A%22editor-elements%22%2C%22namespace%22%3A%22wixui%22%2C%22url%22%3A%22https%3A%2F%2Fstatic.parastorage.com%2Fservices%2Feditor-elements%2F1.15499.0%22%7D%2C%7B%22artifactId%22%3A%22editor-elements%22%2C%22namespace%22%3A%22dsgnsys%22%2C%22url%22%3A%22https%3A%2F%2Fstatic.parastorage.com%2Fservices%2Feditor-elements%2F1.15499.0%22%7D%5D&remoteWidgetStructureBuilderVersion=1.251.0&siteId=f0b4ec1b-adfe-408f-b6e6-29c3e0af8aa6&siteRevision=787&staticHTMLComponentUrl=https%3A%2F%2Fwww-avignonet38-fr.filesusr.com%2F&viewMode=desktop;https://static.parastorage.com/client/pfavico.ico;https://static.wixstatic.com/media/ae26fa_6c0bb7cd3c634a5e9c174628eb9604b2~mv2.jpg/v1/fill/w_123,h_184,al_c,q_80,usm_0.66_1.00_0.01,blur_2,enc_avif,quality_auto/ae26fa_6c0bb7cd3c634a5e9c174628eb9604b2~mv2.jpg",4,browser.sentry-cdn.com();siteassets.parastorage.com();static.parastorage.com();static.wixstatic.com(),0,2,0,0,,2,False
www.france-services.gouv.fr,Nevers,58,065bec88-9f43-4177-8b2e-363edc8ef0d9,nan,ConnectionError,0,nan,nan,nan,nan,nan,nan,0,0,0,nan,0,False
www.ville-montfermeil.fr,Montfermeil,93,065cef41-6dbb-450d-9dd1-a39512ddf2bf,200,,0,,,,0,,0,0,0,0,,0,False
www.mairiedecardet.fr,Cardet,30,065ee95b-118d-468a-9fb3-f05ac6deed0e,200,,0,,,,0,,0,1,0,0,,1,False
www.cliccoeuressonne.fr,Evry-Courcouronnes,91,066027e0-e46f-4a23-862d-e14608738fe5,200,,4,altro_terzo_parte;cdn_font;sdk_generico,apis.google.com;fonts.googleapis.com;lh7-us.googleusercontent.com;www.gstatic.com,https://apis.google.com/js/client.js?onload=gapiLoaded;Google;https://lh7-us.googleusercontent.com/sitesv-images-rt/AMxu72ss1ZOZHdM3JW_nqegnb7B7w1Pd3DqD2_FXER8nir4rasrfJedpWhRxFZ-zF5ePuCbQt_A8pgFIHXCCk2GCtbSJa5BlBW1AxNx41o8SCk9RLIkRq8aSKuL1bhny5g6gfboxzac-aFFvdmo2Y_cUF4BerPk_LRnKEFw9UFaBGKvyWOqb9bGqyxsy6tiOzPA=w1280;Google,4,apis.google.com();fonts.googleapis.com();lh7-us.googleusercontent.com();www.gstatic.com(),0,0,0,0,,0,False
www.pour-les-personnes-agees.gouv.fr,Evry-Courcouronnes,91,066027e0-e46f-4a23-862d-e14608738fe5,200,nan,3,altro_terzo_parte,app-script.monsido.com;cdn-eu.readspeaker.com;siteimproveanalytics.com,https://app-script.monsido.com/v2/monsido-script.js;http://cdn-eu.readspeaker.com/script/7866/webReader/r/r2728/ReadSpeaker.Styles.css?v=3.8.7.2728;https://siteimproveanalytics.com/js/siteanalyze_6134497.js,3,app-script.monsido.com();cdn-eu.readspeaker.com();siteimproveanalytics.com(),0,1,0,0,nan,1,False
www.finistere.gouv.fr,Quimper,29,06606654-b754-45ca-b82a-b708fdcc0d79,,ConnectionError,0,,,,,,,0,0,0,,0,False
www.france-services.gouv.fr,Anse,69,0663cbb9-42de-4c8d-9e68-5c75cc783102,nan,ConnectionError,0,nan,nan,nan,nan,nan,nan,0,0,0,nan,0,False
www.langonsurcher.com,Langon-sur-Cher,41,0663d275-204e-4a60-b9e6-7e3808834e38,200,,0,,,,0,,0,0,0,0,,0,False
www.prizy.fr,Prizy,71,06648c9e-c174-4bc1-9b3e-72f9d57b6322,200,,2,altro_terzo_parte;cdn_font,unpkg.com;web-suivis.ternum-bfc.fr,unpkg;https://web-suivis.ternum-bfc.fr/piwik.php?idsite=763&rec=1&url=https://prizy.fr/,2,unpkg.com();web-suivis.ternum-bfc.fr(),0,0,0,0,,0,False
www.aude.fr,Carcassonne,11,06656d91-69fe-4bf2-b889-70de1c413f96,200,,0,,,,0,,0,2,0,0,,2,False
www.saint-brieuc.fr,Saint-Brieuc,22,06663f5d-bd94-4864-90f2-8b74b3fb90ed,200,,5,altro_terzo_parte;cdn_font,a9.com;cdnjs.cloudflare.com;fonts.googleapis.com;fonts.gstatic.com;www.saint-brieuc.bzh,http://a9.com/-/spec/opensearch/1.1/;Cloudflare;Google;Google;https://www.saint-brieuc.bzh/typo3temp/assets/_processed_/0/1/csm_logo_63feecd176.png,5,a9.com();cdnjs.cloudflare.com();fonts.googleapis.com();fonts.gstatic.com();www.saint-brieuc.bzh(),0,0,0,0,,0,False
www.francetravail.fr,Lormont,33,06683094-103e-4084-932b-72ff9ed0fc58,200,nan,1,altro_terzo_parte,cdn.tagcommander.com,https://cdn.tagcommander.com/4340/tc_PoleEmploi_24.js,1,cdn.tagcommander.com(),0,2,0,0,nan,2,False
www.cdad-courdappel-pau.fr,TARBES,65,06694f17-58a7-44c4-a4a4-ddccc8c2ffaa,200,,0,,,,0,,0,0,0,0,,0,False
www.mairie-aixesurvienne.fr,Aixe-sur-Vienne,87,0669b070-43e0-4f32-96ff-7c23c57b47b2,200,,5,altro_terzo_parte;cdn_font,fonts.googleapis.com;fonts.gstatic.com;gmpg.org;maxcdn.bootstrapcdn.com;use.fontawesome.com,Google;Google;http://gmpg.org/xfn/11;BootstrapCDN;Font Awesome,5,fonts.googleapis.com();fonts.gstatic.com();gmpg.org();maxcdn.bootstrapcdn.com();use.fontawesome.com(),0,0,0,0,,0,False
www.leboulay.fr,Le Boulay,37,066bb5d4-0ddf-4c50-8e4b-1d577682560f,200,,4,altro_terzo_parte;analytics;cdn_font,fonts.googleapis.com;maxcdn.bootstrapcdn.com;widget.intramuros.org;www.googletagmanager.com,Google;BootstrapCDN;https://widget.intramuros.org/js/5.1.0/agenda.js;Google,4,fonts.googleapis.com();maxcdn.bootstrapcdn.com();widget.intramuros.org();www.googletagmanager.com(),0,0,0,0,,0,False
www.ac-versailles.fr,Nanterre,92,066bdeb6-4b85-4834-84f5-290983460445,403,,0,,,,0,,0,0,0,0,,0,True
www.francetravail.fr,Roissy-en-France,95,066cdef9-1315-4868-9333-602abc75f010,200,nan,1,altro_terzo_parte,cdn.tagcommander.com,https://cdn.tagcommander.com/4340/tc_PoleEmploi_24.js,1,cdn.tagcommander.com(),0,2,0,0,nan,2,False
www.valdalliere.fr,Valdallière,14,066da5f8-fb15-4533-8e88-1275b4025289,200,,2,altro_terzo_parte;cdn_font,app.panneaupocket.com;fonts.googleapis.com,https://app.panneaupocket.com/embeded/1973760040?mode=widget&autoNavigation=0;Google,2,app.panneaupocket.com();fonts.googleapis.com(),0,0,0,0,,0,False
www.isula.corsica,Ajaccio,2A,066dd4e5-fdfb-4dec-b53c-0932b87f28c8,200,nan,1,cdn_font,fonts.googleapis.com,Google,1,fonts.googleapis.com(),0,0,0,0,nan,0,False
www.ladrome.fr,Donzère,26,066e5a9a-7a70-4f13-94f1-6e455c53360c,200,,1,altro_terzo_parte,gmpg.org,http://gmpg.org/xfn/11,1,gmpg.org(),0,0,0,0,,0,False
www.cdad07.fr,PRIVAS CEDEX,07,067015c7-3f6a-4b4b-9235-9995347fa2ec,200,nan,2,altro_terzo_parte;cdn_font,cdnjs.cloudflare.com;gmpg.org,Cloudflare;http://gmpg.org/xfn/11,2,cdnjs.cloudflare.com();gmpg.org(),0,0,0,0,nan,0,False
www.mairie-tignes.fr,Tignes,73,067185d7-1105-463c-95b2-94de2aa7300b,200,,5,altro_terzo_parte;cdn_font,acrobatservices.adobe.com;cdn.elementor.com;fonts.googleapis.com;gmpg.org;use.typekit.net,https://acrobatservices.adobe.com;https://cdn.elementor.com;Google;http://gmpg.org/xfn/11;https://use.typekit.net/etn0nyk.css,5,acrobatservices.adobe.com();cdn.elementor.com();fonts.googleapis.com();gmpg.org();use.typekit.net(),0,0,0,0,,0,False
www.seine-et-marne.gouv.fr,Melun,77,06718803-6fcd-47f0-bda3-5aa0f79a87ce,,ConnectionError,0,,,,,,,0,0,0,,0,False
www.france-services.gouv.fr,Buzançais,36,06719c1d-c402-4c73-8a99-1c16cb8c2146,nan,ConnectionError,0,nan,nan,nan,nan,nan,nan,0,0,0,nan,0,False
www.bouloc-en-quercy82.fr,Bouloc-en-Quercy,82,0671ef11-6666-407f-9576-686db07ccee3,200,,1,analytics,connect.facebook.net,Meta,1,connect.facebook.net(),0,0,0,0,,0,False
www.impots.gouv.fr,L'Île-d'Yeu,85,06729f21-2004-47a8-a09b-62fa7406f8b0,200,nan,0,nan,nan,nan,0,nan,0,0,0,0,nan,0,False
www.pour-les-personnes-agees.gouv.fr,Irigny,69,0672b693-65dc-4dcd-b550-ad7b50a97f98,200,nan,3,altro_terzo_parte,app-script.monsido.com;cdn-eu.readspeaker.com;siteimproveanalytics.com,https://app-script.monsido.com/v2/monsido-script.js;http://cdn-eu.readspeaker.com/script/7866/webReader/r/r2728/ReadSpeaker.Styles.css?v=3.8.7.2728;https://siteimproveanalytics.com/js/siteanalyze_6134497.js,3,app-script.monsido.com();cdn-eu.readspeaker.com();siteimproveanalytics.com(),0,1,0,0,nan,1,False
www.la-baume.fr,La Baume,74,0675bc50-a071-475b-a86b-ffee00e103a1,200,,1,altro_terzo_parte,widget.intramuros.org,https://widget.intramuros.org/js/5.1.0/actualite.js,1,widget.intramuros.org(),0,0,0,0,,0,False
www.occitanie.developpement-durable.gouv.fr,Colomiers,31,06764af2-8501-4a23-a262-ced5bafee7b2,200,,1,altro_terzo_parte,purl.org,http://purl.org/dc/terms/,1,purl.org(),0,1,0,0,,1,False
www.segonzac19.fr,Segonzac,19,0677163b-0b1c-490f-940b-1c0c0fe67de4,200,,3,analytics;cdn_font;sdk_generico,ajax.googleapis.com;maxcdn.bootstrapcdn.com;www.googletagmanager.com,Google;BootstrapCDN;Google,3,ajax.googleapis.com();maxcdn.bootstrapcdn.com();www.googletagmanager.com(),0,1,1,0,,0,False
www.gendarmerie.interieur.gouv.fr,Haroué,54,06790c7e-8351-4704-95b4-bd3de19fbbbd,nan,ConnectionError,0,nan,nan,nan,nan,nan,nan,0,0,0,nan,0,False
www.montigny-lencoup.fr,Montigny-Lencoup,77,0679c622-4a19-45e6-b240-aa3403d404b2,200,,4,altro_terzo_parte,c0.wp.com;gmpg.org;i0.wp.com;stats.wp.com,https://c0.wp.com;https://gmpg.org/xfn/11;https://i0.wp.com/www.montigny-lencoup.fr/wp-content/uploads/2022/07/cropped-Capture-decran-2022-06-01-233824.jpg?fit=180%2C180&ssl=1;https://stats.wp.com/e-202638.js,4,c0.wp.com();gmpg.org();i0.wp.com();stats.wp.com(),0,1,1,0,,0,False
missionlocalevilleneuvois.org,Fumel,47,067f77d7-1fdb-4f48-8687-f2773aa68690,200,nan,4,altro_terzo_parte;analytics;sdk_generico,maps.googleapis.com;s7.addthis.com;www.cookieconsent.com;www.googletagmanager.com,Google;https://s7.addthis.com/js/300/addthis_widget.js#pubid=ra-5a3bc195c75c6651;https://www.cookieconsent.com/releases/3.1.0/cookie-consent.js;Google,3,maps.googleapis.com();www.cookieconsent.com();www.googletagmanager.com(),1,1,0,0,nan,1,False
www.vineuilsaintfirmin.fr,Vineuil-Saint-Firmin,60,0682aecb-db6e-47ef-92c7-b3da22ca0d04,200,,6,altro_terzo_parte;captcha;cdn_font,cdnjs.cloudflare.com;fonts.googleapis.com;fonts.gstatic.com;js.hcaptcha.com;meteofrance.com;static.neopse.com,Cloudflare;Google;Google;hCaptcha;https://meteofrance.com/widget/prevision/606950;https://static.neopse.com/medias/p/1831/site/fb/e9/37/fbe937567d72e2a9a941c0fa09e2507c6cc83d62.png?v=v1,6,cdnjs.cloudflare.com();fonts.googleapis.com();fonts.gstatic.com();js.hcaptcha.com();meteofrance.com();static.neopse.com(),0,0,0,0,,0,False
www.onac-vg.fr,Rouen,76,068345a1-c062-4b39-ae82-6ca5ff24c62f,200,nan,0,nan,nan,nan,0,nan,0,1,0,0,nan,1,False
www.winnezeele.fr,Winnezeele,59,068386f0-f5a3-4092-a079-36e3bd4144cc,200,,0,,,,0,,0,0,0,0,,0,False
www.plassay.fr,Plassay,17,068432b5-b991-44d3-83a2-1835f858a74b,200,,3,altro_terzo_parte,app.panneaupocket.com;dayspedia.com;meteofrance.com,https://app.panneaupocket.com/embeded/1059852374?mode=device;https://dayspedia.com/if/analog/?v=1&iframe=eyJ3LTExIjp0cnVlLCJ3LTEzIjp0cnVlLCJ3LTE1Ijp0cnVlLCJ3LTExMCI6ZmFsc2UsInctd2lkdGgtMCI6dHJ1ZSwidy13aWR0aC0xIjpmYWxzZSwidy13aWR0aC0yIjpmYWxzZSwidy0xNiI6IjI0cHgiLCJ3LTE3IjoiMTYiLCJ3LTIxIjp0cnVlLCJiZ2ltYWdlIjotMSwiYmdpbWFnZVNldCI6ZmFsc2UsInctMjFjMCI6IiNlMmQxZDEiLCJ3LTAiOmZhbHNlLCJ3LTMiOmZhbHNlLCJ3LTNjMCI6IiMzNDM0MzQiLCJ3LTNiMCI6IjEiLCJ3LTIwIjp0cnVlLCJ3LTQiOiIjMDA3ZGJmIiwidy0xOCI6ZmFsc2UsInctd2lkdGgtMmMtMCI6IjMwMCIsInctMTE1IjpmYWxzZSwidy0yMyI6ZmFsc2UsInctMjNjMCI6IiNlY2VmZjEiLCJ3LTI2IjpmYWxzZSwidy0yNmIwIjoiMSIsInctMjciOnRydWUsInctMjdjMCI6IiMzNDM0MzQiLCJ3LTI0IjoiIzM1MzIyOSIsInctMTNjMCI6IiNmZjgwMDAiLCJ3LTIyIjoiIzM0MzQzNCIsInctMjUiOiIxNjAifQ==&lang=fr&cityid=1020;https://meteofrance.com/widget/prevision/172800##353229,3,app.panneaupocket.com();dayspedia.com();meteofrance.com(),0,0,0,0,,0,False
www.capeb.fr,Paris,75,0687101e-dc21-4d06-a2be-9d060f4bbd22,200,,5,altro_terzo_parte;analytics;video,cstatic.weborama.fr;platform.twitter.com;tarteaucitron.io;www.googletagmanager.com;www.youtube.com,http://cstatic.weborama.fr/js/advertiserv2/adperf_conversion.js;https://platform.twitter.com/widgets.js;https://tarteaucitron.io/load.js?domain=www.capeb.fr&uuid=41fe0768e6ed4d4d938df25344630144ad3e5ed8;Google;Google,5,cstatic.weborama.fr();platform.twitter.com();tarteaucitron.io();www.googletagmanager.com();www.youtube.com(),0,2,1,0,,1,False
trigance.fr,Trigance,83,068714eb-67d9-4243-9cf8-86a49146ac94,200,,6,altro_terzo_parte;cdn_font,app.panneaupocket.com;campagnolv2-1.campagnol.fr;fonts.googleapis.com;fonts.gstatic.com;gmpg.org;www.google.com,https://app.panneaupocket.com/ville/1275290227;https://campagnolv2-1.campagnol.fr/wp-content/themes/twentyseventeen-child/assets/images/logo-campagnol-2023.png;Google;Google;http://gmpg.org/xfn/11;https://www.google.com/maps/embed?pb=!1m18!1m12!1m3!1d92247.8204148993!2d6.367947455319152!3d43.736636649124314!2m3!1f0!2f0!3f0!3m2!1i1024!2i768!4f13.1!3m3!1m2!1s0x12cc07ba592003ad%3A0x40819a5fd8fc7e0!2s83840%20Trigance!5e0!3m2!1sfr!2sfr!4v1630486196432!5m2!1sfr!2sfr,6,app.panneaupocket.com();campagnolv2-1.campagnol.fr();fonts.googleapis.com();fonts.gstatic.com();gmpg.org();www.google.com(),0,0,0,0,,0,False
www.borderes-et-lamensans.fr,Bordères-et-Lamensans,40,0687c13d-1f48-467f-b6ef-47ea118f49ec,200,,3,altro_terzo_parte;captcha;cdn_font,f1-eu.readspeaker.com;use.fontawesome.com;www.google.com,https://f1-eu.readspeaker.com/script/5462/webReader/webReader.js?pids=wr;Font Awesome;Google,3,f1-eu.readspeaker.com();use.fontawesome.com();www.google.com(),0,0,0,0,,0,False
www.mairie-epaignes.fr,Épaignes,27,068844f4-80be-4712-9adc-922699a66a3d,200,,3,altro_terzo_parte;cdn_font,fonts.googleapis.com;fonts.gstatic.com;www.epaignes.fr,Google;Google;https://www.epaignes.fr/wp-content/themes/krea3/assets/images/icon-responsive.png,3,fonts.googleapis.com();fonts.gstatic.com();www.epaignes.fr(),0,0,0,0,,0,False
www.gendarmerie.interieur.gouv.fr,Janzé,35,068858c9-48c5-42cc-8a03-26f8bc998692,nan,ConnectionError,0,nan,nan,nan,nan,nan,nan,0,0,0,nan,0,False
www.saint-louis-en-lisle.fr,Saint-Louis-en-L'Isle,24,06891926-a247-4b91-a700-b853fe54fc5e,200,,4,altro_terzo_parte;analytics;cdn_font;sdk_generico,ajax.googleapis.com;app.panneaupocket.com;maxcdn.bootstrapcdn.com;www.googletagmanager.com,Google;https://app.panneaupocket.com/embeded/56499549;BootstrapCDN;Google,4,ajax.googleapis.com();app.panneaupocket.com();maxcdn.bootstrapcdn.com();www.googletagmanager.com(),0,1,1,0,,0,False
www.impots.gouv.fr,Bastia,2B,068a2d86-694f-4945-b8d2-dad6b60094c1,200,nan,0,nan,nan,nan,0,nan,0,0,0,0,nan,0,False
www.ffbatiment.fr,Metz,57,068ac4cb-b566-4bce-ab34-9c4e4e884e83,200,nan,2,altro_terzo_parte;analytics,cdn.cookielaw.org;www.googletagmanager.com,https://cdn.cookielaw.org/scripttemplates/otSDKStub.js;Google,2,cdn.cookielaw.org();www.googletagmanager.com(),0,4,1,0,nan,3,False
www.sarrebourg.fr,Sarrebourg,57,068adad0-1c1d-428b-9420-10ec2a24909d,200,,1,cdn_font,fonts.googleapis.com,Google,1,fonts.googleapis.com(),0,0,0,0,,0,False
www.safer-bretagne.fr,Chateaulin,29,068beee7-1242-4d30-a877-c5c666a10f1b,200,,2,altro_terzo_parte;analytics,gmpg.org;www.googletagmanager.com,https://gmpg.org/xfn/11;Google,2,gmpg.org();www.googletagmanager.com(),0,0,0,0,,0,False
www.savoie.fr,Montmélian,73,068d19e6-698b-4236-b07a-78599a41e24b,200,nan,0,nan,nan,nan,0,nan,0,1,1,0,nan,0,False
www.ameli.fr,Rodez Cedex 9,12,068dfe7e-4988-4260-ac5a-c9fbf93943ef,200,nan,3,altro_terzo_parte;analytics;cdn_font,cdn.jsdelivr.net;tag.aticdn.net;www.googletagmanager.com,jsDelivr;https://tag.aticdn.net/piano-analytics.js;Google,3,cdn.jsdelivr.net();tag.aticdn.net();www.googletagmanager.com(),0,0,0,0,nan,0,False
forum-assures.ameli.fr,Rodez Cedex 9,12,068dfe7e-4988-4260-ac5a-c9fbf93943ef,200,nan,5,altro_terzo_parte;cdn_font,d350tqmxm801hs.cloudfront.net;dimelo-answers-production.s3.eu-west-1.amazonaws.com;dimelo-users-production.s3.amazonaws.com;dimelo.s3.amazonaws.com;fonts.googleapis.com,https://d350tqmxm801hs.cloudfront.net/production/ameli-forum/images/refonte-identite-2022/logo_forum-ameli.svg?1649083461;https://dimelo-answers-production.s3.eu-west-1.amazonaws.com/291/a2635c8ee1bec415/170413152806_5f8b2eb0d19885b6b8d6226fe9d6780e_original.png?7cc8cfd;https://dimelo-users-production.s3.amazonaws.com/identity_avatars/bdea85ceb7d562ab/avatar_x-large.png?7cc8cfd;https://dimelo.s3.amazonaws.com/custom-v2/ameli/tarteaucitron/tarteaucitron.js;Google,5,d350tqmxm801hs.cloudfront.net();dimelo-answers-production.s3.eu-west-1.amazonaws.com();dimelo-users-production.s3.amazonaws.com();dimelo.s3.amazonaws.com();fonts.googleapis.com(),0,1,0,0,nan,1,False
www.ville-chevilly-larue.fr,Chevilly-Larue,94,068e50b7-b058-45d5-be56-8ef69bd82475,200,,4,altro_terzo_parte;cdn_font,cdn.by.wonderpush.com;gmpg.org;use.fontawesome.com;www.youtube-nocookie.com,https://cdn.by.wonderpush.com;http://gmpg.org/xfn/11;Font Awesome;https://www.youtube-nocookie.com,4,cdn.by.wonderpush.com();gmpg.org();use.fontawesome.com();www.youtube-nocookie.com(),0,0,0,0,,0,False
www.gendarmerie.interieur.gouv.fr,Andernos-les-Bains,33,068e8fcc-dfbf-4b6c-aed0-173d342fb56a,nan,ConnectionError,0,nan,nan,nan,nan,nan,nan,0,0,0,nan,0,False
www.strasbourg.eu,Strasbourg,67,0690e67b-90c9-42a8-a156-dec7a9678b50,200,,1,altro_terzo_parte,app-script.monsido.com,https://app-script.monsido.com/v2/monsido-script.js,1,app-script.monsido.com(),0,3,1,0,,2,False
www.pour-les-personnes-agees.gouv.fr,Strasbourg,67,0690e67b-90c9-42a8-a156-dec7a9678b50,200,nan,3,altro_terzo_parte,app-script.monsido.com;cdn-eu.readspeaker.com;siteimproveanalytics.com,https://app-script.monsido.com/v2/monsido-script.js;http://cdn-eu.readspeaker.com/script/7866/webReader/r/r2728/ReadSpeaker.Styles.css?v=3.8.7.2728;https://siteimproveanalytics.com/js/siteanalyze_6134497.js,3,app-script.monsido.com();cdn-eu.readspeaker.com();siteimproveanalytics.com(),0,1,0,0,nan,1,False
www.bourgogne-franche-comte.ars.sante.fr,Dijon,21,06913237-f81c-4c68-8cc1-0e3230673aff,200,,2,altro_terzo_parte,admin-pipeline.upsun-fr-3.observability-pipeline.blackfire.io;tag.aticdn.net,https://admin-pipeline.upsun-fr-3.observability-pipeline.blackfire.io/js/probe.js;https://tag.aticdn.net/piano-analytics.js,2,admin-pipeline.upsun-fr-3.observability-pipeline.blackfire.io();tag.aticdn.net(),0,0,0,0,,0,False
chatelaudren-plouagat.fr,Châtelaudren-Plouagat,22,0691f6f0-c4e0-4f5d-9757-2b5cd71ec4e2,200,,5,altro_terzo_parte;cdn_font,def773hwqc19t.cloudfront.net;drfogfql429fi.cloudfront.net;files.appli-intramuros.com;fonts.googleapis.com;fonts.gstatic.com,https://def773hwqc19t.cloudfront.net/website/static/loupe.png;https://drfogfql429fi.cloudfront.net/intramuros-web/production/_next/static/css/6b832bb1d1f3a401.css;https://files.appli-intramuros.com/website/uploads/32994/2025/download_on_the_app_store_badge_frca_rgb_blk.svg.png;Google;Google,5,def773hwqc19t.cloudfront.net();drfogfql429fi.cloudfront.net();files.appli-intramuros.com();fonts.googleapis.com();fonts.gstatic.com(),0,0,0,0,,0,False
www.lot.gouv.fr,Gourdon,46,0692a596-756e-4731-980d-11c9f7b2a3c5,,ConnectionError,0,,,,,,,0,0,0,,0,False
www.associations.gouv.fr,Gourdon,46,0692a596-756e-4731-980d-11c9f7b2a3c5,200,nan,0,nan,nan,nan,0,nan,0,0,0,0,nan,0,False
www.mieuxce.fr,Mieuxcé,61,06961868-8699-4e2a-89ea-ba421b9af3ab,200,,4,altro_terzo_parte,assets.jimstatic.com;fonts.jimstatic.com;image.jimcdn.com;u.jimcdn.com,https://assets.jimstatic.com/s/img/cc/icons/pdf.png;https://fonts.jimstatic.com;https://image.jimcdn.com/app/cms/image/transf/dimension=25x25:mode=crop:format=jpg/path/s5d72a80727c7498f/image/i8047eb84c2cd74ad/version/1433142883/image.jpg;https://u.jimcdn.com/cms/o/s5d72a80727c7498f/layout/dm_ea254d3632d40ed718143481b325483a/css/layout.css?t=1526995163,4,assets.jimstatic.com();fonts.jimstatic.com();image.jimcdn.com();u.jimcdn.com(),0,1,0,0,,1,False
dordogne.mediatheques.fr,Périgueux,24,06962885-722a-41ab-8f13-055681b033ef,200,,8,altro_terzo_parte;cdn_font,cdn.datatables.net;cdnjs.cloudflare.com;code.jquery.com;fonts.googleapis.com;fonts.gstatic.com;stackpath.bootstrapcdn.com;static.addtoany.com;use.typekit.net,https://cdn.datatables.net/v/bs4/jszip-3.10.1/dt-2.2.2/af-2.7.0/b-3.2.2/b-colvis-3.2.2/b-html5-3.2.2/b-print-3.2.2/cr-2.0.4/fc-5.0.4/fh-4.0.1/kt-2.12.1/r-3.0.4/rg-1.5.1/rr-1.5.0/sc-2.4.3/sl-3.0.0/datatables.min.css;Cloudflare;https://code.jquery.com/jquery-3.7.1.min.js;Google;Google;BootstrapCDN;https://static.addtoany.com/menu/page.js;https://use.typekit.net/eeq6rsf.css,8,cdn.datatables.net();cdnjs.cloudflare.com();code.jquery.com();fonts.googleapis.com();fonts.gstatic.com();stackpath.bootstrapcdn.com();static.addtoany.com();use.typekit.net(),0,3,1,0,,2,False
www.paysdelaloire.fr,La Roche sur Yon,85,06963882-3328-46e2-85d5-215a9a597fb9,200,,0,,,,0,,0,1,0,0,,1,False
univ-cotedazur.fr,Nice,06,06968a36-5b73-422a-9dfd-18e0badb9feb,200,,4,altro_terzo_parte;cdn_font,cdn.jsdelivr.net;code.jquery.com;purl.org;univ-cotedazur.eu,jsDelivr;https://code.jquery.com/jquery-3.7.1.min.js;http://purl.org/dc/elements/1.1/;https://univ-cotedazur.eu,4,cdn.jsdelivr.net();code.jquery.com();purl.org();univ-cotedazur.eu(),0,2,1,0,,1,False
www.gendarmerie.interieur.gouv.fr,Remiremont,88,069698d6-7e43-4843-8118-71cac3bd0952,nan,ConnectionError,0,nan,nan,nan,nan,nan,nan,0,0,0,nan,0,False
www.orchamps-vennes.com,Orchamps-Vennes,25,06972179-1626-4889-8a1c-067477020c75,404,,0,,,,0,,0,0,0,0,,0,False
www.unaf.fr,Cosne-Cours-sur-Loire,58,0698a85f-946e-4592-b25f-6587ce2be622,200,nan,3,analytics;cdn_font;video,fonts.gstatic.com;player.vimeo.com;www.googletagmanager.com,Google;Vimeo;Google,3,fonts.gstatic.com();player.vimeo.com();www.googletagmanager.com(),0,0,0,0,nan,0,False
www.mairie-longevillesurmer.fr,Longeville-sur-Mer,85,069998c4-336d-4734-af38-f4b1ff1cffea,200,,1,altro_terzo_parte,s.w.org,https://s.w.org,1,s.w.org(),0,0,0,0,,0,False
www.prefecturedepolice.interieur.gouv.fr,Paris,75,069f4454-c004-4cdc-bf85-402e4cb6a9e4,200,,0,,,,0,,0,1,0,0,,1,False
www.vaucluse.fr,Avignon,84,069fc3bb-a746-4186-aeb7-e089da703324,418,,1,cdn_font,fonts.googleapis.com,Google,1,fonts.googleapis.com(),0,5,0,0,,5,False
www.crous-corse.fr,Corte,2B,06a106e0-27db-4323-9b4e-335514e8c8c5,200,,3,altro_terzo_parte;cdn_font,cdn.jsdelivr.net;cdn.priv.center;webapi.affluences.com,jsDelivr;https://cdn.priv.center/pc/truendo_cmp.pid.js;https://webapi.affluences.com/js/webapi_latest.min.js,2,cdn.jsdelivr.net();cdn.priv.center(),0,0,0,0,,0,False
www.francetravail.fr,Colmar,68,06a1e86c-0e18-4ff5-a9f4-a9a400043178,200,nan,1,altro_terzo_parte,cdn.tagcommander.com,https://cdn.tagcommander.com/4340/tc_PoleEmploi_24.js,1,cdn.tagcommander.com(),0,2,0,0,nan,2,False
www.vitrolles05.fr,Vitrolles,05,06a200e7-bb77-480c-82e9-66c44a319fb6,200,,5,altro_terzo_parte;captcha;cdn_font,cdnjs.cloudflare.com;fonts.googleapis.com;fonts.gstatic.com;js.hcaptcha.com;static.neopse.com,Cloudflare;Google;Google;hCaptcha;https://static.neopse.com/medias/p/4624/site/fe/f4/6d/fef46de5f21b4d7eb4c1657898c26bbdee819abc.jpg?v=v1,5,cdnjs.cloudflare.com();fonts.googleapis.com();fonts.gstatic.com();js.hcaptcha.com();static.neopse.com(),0,0,0,0,,0,False
www.saintpolsurternoise.fr,Saint-Pol-sur-Ternoise Cedex,62,06a2bb2f-abc8-4f44-9201-2badb865794e,200,,4,altro_terzo_parte;cdn_font,cdn.jsdelivr.net;cdnjs.cloudflare.com;openweathermap.org;unpkg.com,jsDelivr;Cloudflare;https://openweathermap.org/img/wn/04n@2x.png;unpkg,4,cdn.jsdelivr.net();cdnjs.cloudflare.com();openweathermap.org();unpkg.com(),0,1,0,0,,1,False
cubieres-sur-cinoble.fr,Cubières-sur-Cinoble,11,06a3c43e-f90e-4e5d-ad6a-4d03efa07d2d,200,,2,altro_terzo_parte;analytics,cdn-cookieyes.com;www.googletagmanager.com,https://cdn-cookieyes.com/client_data/b0a1dd9c792d4cfd4a1b59dc/script.js;Google,2,cdn-cookieyes.com();www.googletagmanager.com(),0,0,0,0,,0,False
www.france-services.gouv.fr,Saint-Rambert-en-Bugey,01,06a515d3-0581-46a5-b107-1a772049c37d,nan,ConnectionError,0,nan,nan,nan,nan,nan,nan,0,0,0,nan,0,False
www.impots.gouv.fr,Saint-Ouen-sur-Seine Cedex,93,06a54419-0955-42a1-bc93-89d1ce9df2a7,200,nan,0,nan,nan,nan,0,nan,0,0,0,0,nan,0,False
www.grandlyon.com,Saint-Fons,69,06a6040d-7cee-4c9b-b12b-998c19699a28,200,nan,0,nan,nan,nan,0,nan,0,0,0,0,nan,0,False
lanildut.fr,Lanildut,29,06a69f4d-9a20-4f75-b389-3533f9eee17a,200,,0,,,,0,,0,0,0,0,,0,False
www.impots.gouv.fr,Nogent-sur-Seine,10,06a7799f-8a03-499b-9919-808ac1f1fa82,200,nan,0,nan,nan,nan,0,nan,0,0,0,0,nan,0,False
www.ameli.fr,Sospel,06,06a8fae8-60fd-47a8-9924-29b2f797532d,200,nan,3,altro_terzo_parte;analytics;cdn_font,cdn.jsdelivr.net;tag.aticdn.net;www.googletagmanager.com,jsDelivr;https://tag.aticdn.net/piano-analytics.js;Google,3,cdn.jsdelivr.net();tag.aticdn.net();www.googletagmanager.com(),0,0,0,0,nan,0,False
forum-assures.ameli.fr,Sospel,06,06a8fae8-60fd-47a8-9924-29b2f797532d,200,nan,5,altro_terzo_parte;cdn_font,d350tqmxm801hs.cloudfront.net;dimelo-answers-production.s3.eu-west-1.amazonaws.com;dimelo-users-production.s3.amazonaws.com;dimelo.s3.amazonaws.com;fonts.googleapis.com,https://d350tqmxm801hs.cloudfront.net/production/ameli-forum/images/refonte-identite-2022/logo_forum-ameli.svg?1649083461;https://dimelo-answers-production.s3.eu-west-1.amazonaws.com/291/a2635c8ee1bec415/170413152806_5f8b2eb0d19885b6b8d6226fe9d6780e_original.png?7cc8cfd;https://dimelo-users-production.s3.amazonaws.com/identity_avatars/bdea85ceb7d562ab/avatar_x-large.png?7cc8cfd;https://dimelo.s3.amazonaws.com/custom-v2/ameli/tarteaucitron/tarteaucitron.js;Google,5,d350tqmxm801hs.cloudfront.net();dimelo-answers-production.s3.eu-west-1.amazonaws.com();dimelo-users-production.s3.amazonaws.com();dimelo.s3.amazonaws.com();fonts.googleapis.com(),0,1,0,0,nan,1,False
www.cdad-moselle.justice.fr,SARREGUEMINES,57,06ab2bd5-94bd-41b4-a659-bf77c687b279,200,,3,altro_terzo_parte;analytics;captcha,tarteaucitron.io;www.google.com;www.googletagmanager.com,https://tarteaucitron.io/load.js?domain=cdad-moselle.justice.fr&uuid=567a67aa3f6255a0627dcfeefaaa1912e8e7d12c;Google;Google,3,tarteaucitron.io();www.google.com();www.googletagmanager.com(),0,0,0,0,,0,False
www.saint-soupplets.fr,Saint-Souplet,59,06abf8ee-464e-4c8a-8292-9578307a20e3,200,,2,cdn_font,fonts.googleapis.com;fonts.gstatic.com,Google;Google,2,fonts.googleapis.com();fonts.gstatic.com(),0,1,1,0,,0,False
www.eveux.fr,Éveux,69,06acc912-be6a-4722-ad09-f1fd1160ab0e,200,,6,altro_terzo_parte;cdn_font;video,c0.wp.com;fonts.googleapis.com;gmpg.org;i0.wp.com;stats.wp.com;www.youtube.com,https://c0.wp.com/p/jetpack/15.9.2/_inc/genericons/genericons/genericons.css;Google;http://gmpg.org/xfn/11;https://i0.wp.com/cdos95.org/wp-content/uploads/2018/01/revue-de-presse.png?w=863&ssl=1;https://stats.wp.com;Google,6,c0.wp.com();fonts.googleapis.com();gmpg.org();i0.wp.com();stats.wp.com();www.youtube.com(),0,0,0,0,,0,False
www.ciez.fr,Ciez,58,06ad74d2-53b1-48b8-ab30-12c374f8878e,200,,1,cdn_font,fonts.googleapis.com,Google,1,fonts.googleapis.com(),0,2,1,0,,1,False
www.montussan.fr,Montussan,33,06ae00e3-36e7-45ad-a4ce-7a6665af1109,200,,3,altro_terzo_parte;cdn_font,fonts.googleapis.com;gmpg.org;use.fontawesome.com,Google;http://gmpg.org/xfn/11;Font Awesome,3,fonts.googleapis.com();gmpg.org();use.fontawesome.com(),0,0,0,0,,0,False
www.france-services.gouv.fr,Étretat,76,06ae7d5a-8896-4833-bf84-d39484d4b1df,nan,ConnectionError,0,nan,nan,nan,nan,nan,nan,0,0,0,nan,0,False
www.val-de-marne.gouv.fr,Créteil,94,06af9309-1fbb-4e0b-a6f0-c07549afe799,nan,ConnectionError,0,nan,nan,nan,nan,nan,nan,0,0,0,nan,0,False
www.saintjulienlesvillas.fr,Saint-Julien-les-Villas,10,06b1468d-e2a3-4528-99c8-51f0aa0f4a07,200,,2,altro_terzo_parte;cdn_font,fonts.gstatic.com;www.google.com,Google;https://www.google.com/maps/embed?pb=!1m14!1m8!1m3!1d5311.039073952564!2d4.098731!3d48.27362!3m2!1i1024!2i768!4f13.1!3m3!1m2!1s0x0%3A0xaf1cd4670a878619!2sMairie!5e0!3m2!1sfr!2sfr!4v1634718647458!5m2!1sfr!2sfr,2,fonts.gstatic.com();www.google.com(),0,0,0,0,,0,False
www.lamayenne.fr,Laval,53,06b2a6d0-54c0-4404-87b2-28de47866c15,200,,2,altro_terzo_parte;cdn_font,cdn.jsdelivr.net;static.addtoany.com,jsDelivr;https://static.addtoany.com/menu/page.js,2,cdn.jsdelivr.net();static.addtoany.com(),0,2,0,0,,2,False
www.saint-gilles.fr,Saint-Gilles,30,06b36517-617b-42a1-aabd-13424daf76a8,200,,5,altro_terzo_parte;cdn_font,fonts.googleapis.com;fonts.gstatic.com;gmpg.org;maxcdn.bootstrapcdn.com;www.youtube-nocookie.com,Google;Google;http://gmpg.org/xfn/11;BootstrapCDN;https://www.youtube-nocookie.com/embed/895jOdvp_nA?feature=oembed&controls=0&hd=1&rel=0&showinfo=0&autoplay=1&autohide=1&loop=1&fs=1&cc_load_policy=1&iv_load_policy=3&mute=1&wmode=transparent&playlist=895jOdvp_nA,5,fonts.googleapis.com();fonts.gstatic.com();gmpg.org();maxcdn.bootstrapcdn.com();www.youtube-nocookie.com(),0,0,0,0,,0,False
www.bias40.fr,Bias,40,06b497cb-af21-486e-96d2-7d7b1ea4e25b,200,,3,altro_terzo_parte;captcha;cdn_font,f1-eu.readspeaker.com;use.fontawesome.com;www.google.com,https://f1-eu.readspeaker.com/script/5462/webReader/webReader.js?pids=wr;Font Awesome;Google,3,f1-eu.readspeaker.com();use.fontawesome.com();www.google.com(),0,0,0,0,,0,False
www.masecurite.interieur.gouv.fr,Cachan,94,06b6a0d2-cb8e-475f-a4f7-71f7fff764f4,200,nan,1,altro_terzo_parte,cdn.tagcommander.com,https://cdn.tagcommander.com/6351/tc_moncommissariat_20.js,1,cdn.tagcommander.com(),0,0,0,0,nan,0,False
www.ville-gauchy.fr,Gauchy,02,06b70a69-1e9c-4bd7-9921-0256dcdec1db,200,,0,,,,0,,0,1,0,0,,1,False
amiens.tribunal-administratif.fr,Amiens,80,06b9d4b5-f454-4feb-a7e2-f2261cdec4e4,200,,0,,,,0,,0,1,0,0,,1,False
www.pontoise-les-noyon.fr,Pontoise-lès-Noyon,60,06ba30c9-4349-4f5a-8482-a42862b9b08d,200,,5,altro_terzo_parte;cdn_font,fonts.googleapis.com;fonts.gstatic.com;maps.google.com;meteofrance.com;www.meteorama.fr,Google;Google;https://maps.google.com/maps?q=Mairie%20de%20Pontoise%20les%20noyon%20france&t=m&z=11&output=embed&iwloc=near;https://meteofrance.com/widget/prevision/605070##3D6AA2;https://www.meteorama.fr,5,fonts.googleapis.com();fonts.gstatic.com();maps.google.com();meteofrance.com();www.meteorama.fr(),0,0,0,0,,0,False
archives.aveyron.fr,Rodez,12,06bc8d1a-5d7e-4cb9-a0c7-7e3730e2eb88,200,,0,,,,0,,0,2,0,0,,2,False
www.police-nationale.interieur.gouv.fr,Montpellier,34,06bcbf2b-e85e-4141-8edf-4d64cf384476,403,,0,,,,0,,0,0,0,0,,0,True
www.caf.fr,Guingamp,22,06bd2fad-c0f6-4908-a73d-f4ef87a23132,200,nan,0,nan,nan,nan,0,nan,0,7,0,0,nan,7,False
lenord.fr,Wattrelos,59,06bffa95-23c2-400a-afd0-02719025b405,200,,4,altro_terzo_parte;cdn_font,cdn.jsdelivr.net;spontaneit1.fra1.digitaloceanspaces.com;unpkg.com;use.fontawesome.com,jsDelivr;https://spontaneit1.fra1.digitaloceanspaces.com/le-nord/images/logos/logo-le-nord.png;unpkg;Font Awesome,4,cdn.jsdelivr.net();spontaneit1.fra1.digitaloceanspaces.com();unpkg.com();use.fontawesome.com(),0,0,0,0,,0,False
www.france-services.gouv.fr,Saint-Pierre-sur-Dives,14,06c6ae95-1965-4988-be87-6a7861ee38ca,nan,ConnectionError,0,nan,nan,nan,nan,nan,nan,0,0,0,nan,0,False
www.lotetgaronne.fr,Agen Cedex 9,47,06c77457-93df-4534-a5eb-da1bf38e047e,200,nan,3,altro_terzo_parte,apps.elfsight.com;static.elfsight.com;www.inforoute47.fr,https://apps.elfsight.com/p/platform.js;https://static.elfsight.com/platform/platform.js;https://www.inforoute47.fr/swf/repere/KC1_route-barree.png,3,apps.elfsight.com();static.elfsight.com();www.inforoute47.fr(),0,0,0,0,nan,0,False
www.prefectures-regions.gouv.fr,Paris,75,06c9ac59-9230-4b20-883e-177c07e64b87,403,,0,,,,0,,0,0,0,0,,0,True
www.amet.org,Rosny-sous-Bois,93,06cc1390-36cf-4809-827e-2186625313d0,200,,4,altro_terzo_parte,browser.sentry-cdn.com;siteassets.parastorage.com;static.parastorage.com;static.wixstatic.com,"https://browser.sentry-cdn.com/7.120.3/modulemetadata.es5.min.js;https://siteassets.parastorage.com/pages/pages/thunderbolt?appDefinitionIdToSiteRevision=%7B%2213d21c63-b5ec-5912-8397-c3a5ddb27a97%22%3A%22440%22%2C%221522827f-c56c-a5c9-2ac9-00f9e6ae12d3%22%3A%221903%22%2C%2214271d6f-ba62-d045-549b-ab972ae1f70e%22%3A%2225%22%2C%2214bcded7-0066-7c35-14d7-466cb3f09103%22%3A%221335%22%2C%22b976560c-3122-4351-878f-453f337b7245%22%3A%221358%22%7D&beckyExperiments=.DatePickerPortal%2C.EnableCustomCSSVarsForLoginSocialBar%2C.FreemiumBannerOdeditor%2C.LoginBarEnableLoggingInStateInSSR%2C.TextInputAutoFillFix%2C.UseLoginSocialBarCustomMenu%2C.UseNestedLoginSocialBarMenuItems%2C.UseNewLoginBarDropdownMenuAlignment%2C.UseNewLoginSocialBarElementStructure%2C.UseNewLoginSocialBarMemberInitialsAvatar%2C.WixFreeSiteBannerDesktop%2C.WixFreeSiteBannerMobile%2C.addIdAsClassName%2C.buttonUdp%2C.calculateCollapsibleTextLineHeightByFont%2C.dynamicPageLinkTarget%2C.dynamicSlots%2C.fiveGridLineStudioSkins%2C.fixFirefoxLinkBarIntrinsicSizing%2C.isClassNameToRootEnabled%2C.logVsmPlatformDiff%2C.migrateSdkDataMappers%2C.resolveManifestInTB%2C.splitSlotSelectors%2C.stopResolvingInnerSelectors_VAG%2C.svgResolver_2%2C.updateRichTextSemanticClassNamesOnCorvid%2C.useClassnameInResponsiveAppWidget%2C.useImageAvifFormatInNativeProGallery%2C.useWowImageInFastGallery%2C.vsmPlatform&blocksBuilderManifestGeneratorVersion=1.129.0&contentType=application%2Fjson&dfCk=6&dfVersion=1.5593.0&editorName=Unknown&experiments=dm_masterPageVariablesQueryFixer%2Cdm_migrateOldHoverBoxToNewFixer&externalBaseUrl=https%3A%2F%2Fwww.amet.org&fileId=13cc0853.bundle.min&formFactor=desktop&hasTPAWorkerOnSite=false&hasUserDomainMedia=false&isBuilderComponentModel=false&isHttps=true&isInSeo=false&isPremiumDomain=true&isUrlMigrated=true&isWixCodeOnPage=false&isWixCodeOnSite=true&language=fr&metaSiteId=5df26727-14e1-4c1c-8c1f-a1ba36a58ad7&module=thunderbolt-platform&originalLanguage=fr&pageId=bd191f_54e0dcfee08375c2fe29b894fc189c4f_4134.json&pilerExperiments=specs.piler.useEditorReactComponents&quickActionsMenuEnabled=false®istryLibrariesTopology=%5B%7B%22artifactId%22%3A%22editor-elements%22%2C%22namespace%22%3A%22wixui%22%2C%22url%22%3A%22https%3A%2F%2Fstatic.parastorage.com%2Fservices%2Feditor-elements%2F1.15513.0%22%7D%2C%7B%22artifactId%22%3A%22editor-elements%22%2C%22namespace%22%3A%22dsgnsys%22%2C%22url%22%3A%22https%3A%2F%2Fstatic.parastorage.com%2Fservices%2Feditor-elements%2F1.15513.0%22%7D%5D&remoteWidgetStructureBuilderVersion=1.251.0&siteId=29bcb88e-a3de-406f-87f7-8de01ce75ee8&siteRevision=4134&staticHTMLComponentUrl=https%3A%2F%2Fwww-amet-org.filesusr.com%2F&viewMode=desktop;https://static.parastorage.com/services/events-viewer/1.4322.0/widgetViewerWidgetNoCss.bundle.min.js;https://static.wixstatic.com/media/bd191f_9a7bb91229e5401b8c79e6caa524842b~mv2.jpg/v1/fill/w_110,h_74,al_c,q_80,usm_0.66_1.00_0.01,blur_2,enc_avif,quality_auto/bd191f_9a7bb91229e5401b8c79e6caa524842b~mv2.jpg",4,browser.sentry-cdn.com();siteassets.parastorage.com();static.parastorage.com();static.wixstatic.com(),0,2,0,0,,2,False
luynes.fr,Luynes,37,06cdfe72-e2a8-42d8-b92e-124d899979aa,200,,7,altro_terzo_parte;analytics;captcha;cdn_font;sdk_generico,cdt37.media.tourinsoft.eu;challenges.cloudflare.com;fonts.googleapis.com;fonts.gstatic.com;gmpg.org;storage.googleapis.com;www.google-analytics.com,https://cdt37.media.tourinsoft.eu/upload/partage-lecture.jpg;Cloudflare;Google;Google;https://gmpg.org/xfn/11;Google;Google,7,cdt37.media.tourinsoft.eu();challenges.cloudflare.com();fonts.googleapis.com();fonts.gstatic.com();gmpg.org();storage.googleapis.com();www.google-analytics.com(),0,0,0,0,,0,False
mairie-melle.fr,Melle,79,06ce5e06-552d-4e33-b744-2fd7d6b8f507,200,,1,altro_terzo_parte,plausible.io,https://plausible.io/js/script.outbound-links.file-downloads.tagged-events.js?73e4cf,1,plausible.io(),0,1,0,0,,1,False
www.gendarmerie.interieur.gouv.fr,Collonges,01,06ceb479-4ad7-478d-b87b-d5c58082fdbd,nan,ConnectionError,0,nan,nan,nan,nan,nan,nan,0,0,0,nan,0,False
www.ameli.fr,Lognes,77,06d02e46-4250-49d3-b930-6165e18cf320,200,nan,3,altro_terzo_parte;analytics;cdn_font,cdn.jsdelivr.net;tag.aticdn.net;www.googletagmanager.com,jsDelivr;https://tag.aticdn.net/piano-analytics.js;Google,3,cdn.jsdelivr.net();tag.aticdn.net();www.googletagmanager.com(),0,0,0,0,nan,0,False
forum-assures.ameli.fr,Lognes,77,06d02e46-4250-49d3-b930-6165e18cf320,200,nan,5,altro_terzo_parte;cdn_font,d350tqmxm801hs.cloudfront.net;dimelo-answers-production.s3.eu-west-1.amazonaws.com;dimelo-users-production.s3.amazonaws.com;dimelo.s3.amazonaws.com;fonts.googleapis.com,https://d350tqmxm801hs.cloudfront.net/production/ameli-forum/images/refonte-identite-2022/logo_forum-ameli.svg?1649083461;https://dimelo-answers-production.s3.eu-west-1.amazonaws.com/291/a2635c8ee1bec415/170413152806_5f8b2eb0d19885b6b8d6226fe9d6780e_original.png?7cc8cfd;https://dimelo-users-production.s3.amazonaws.com/identity_avatars/bdea85ceb7d562ab/avatar_x-large.png?7cc8cfd;https://dimelo.s3.amazonaws.com/custom-v2/ameli/tarteaucitron/tarteaucitron.js;Google,5,d350tqmxm801hs.cloudfront.net();dimelo-answers-production.s3.eu-west-1.amazonaws.com();dimelo-users-production.s3.amazonaws.com();dimelo.s3.amazonaws.com();fonts.googleapis.com(),0,1,0,0,nan,1,False
www.gendarmerie.interieur.gouv.fr,Saint-Hilaire-du-Harcouët,50,06d107cc-020c-4af0-84a7-a84c9f63593b,nan,ConnectionError,0,nan,nan,nan,nan,nan,nan,0,0,0,nan,0,False
www.police-nationale.interieur.gouv.fr,Dijon,21,06d2a473-daa9-482e-97d9-ce0056763857,403,,0,,,,0,,0,0,0,0,,0,True
www.france-services.gouv.fr,Alfortville,94,06d2b7aa-a2d7-495a-8930-e28a3cc2fd00,nan,ConnectionError,0,nan,nan,nan,nan,nan,nan,0,0,0,nan,0,False
www.unaf.fr,Rion-des-Landes,40,06d3fd07-71e1-492c-80ff-6a41657860dd,200,nan,3,analytics;cdn_font;video,fonts.gstatic.com;player.vimeo.com;www.googletagmanager.com,Google;Vimeo;Google,3,fonts.gstatic.com();player.vimeo.com();www.googletagmanager.com(),0,0,0,0,nan,0,False
www.lacailleresainthilaire.fr,La Caillère-Saint-Hilaire,85,06d6d331-aa63-463f-885e-976e55d00850,200,,5,altro_terzo_parte;cdn_font,def773hwqc19t.cloudfront.net;drfogfql429fi.cloudfront.net;files.appli-intramuros.com;fonts.googleapis.com;fonts.gstatic.com,https://def773hwqc19t.cloudfront.net/website/static/loupe.png;https://drfogfql429fi.cloudfront.net/intramuros-web/production/_next/static/css/6b832bb1d1f3a401.css;https://files.appli-intramuros.com/img/agglo_logo/dpt/6/628edec2e65dbd91b4b32604d70abf0_sud-vendee.png;Google;Google,5,def773hwqc19t.cloudfront.net();drfogfql429fi.cloudfront.net();files.appli-intramuros.com();fonts.googleapis.com();fonts.gstatic.com(),0,0,0,0,,0,False
www.moyonvillages.fr,Moyon-Villages,50,06d6fb4f-4ab4-4916-bde2-4ecf08d15772,200,,10,altro_terzo_parte,annuaires.phpnet.org;assets.jimstatic.com;calendar.google.com;fonts.jimstatic.com;image.jimcdn.com;maps.google.fr;u.jimcdn.com;v.calameo.com;widget.intramuros.org;www.ta-meteo.fr,"http://annuaires.phpnet.org/compteur-de-visites/j-image-02-201007251150293180-1.png;https://assets.jimstatic.com/s/img/cc/icons/pdf.png;https://calendar.google.com/calendar/embed?src=97as8io0h5emua18e4gp68l92g%40group.calendar.google.com&ctz=Africa%2FCeuta;https://fonts.jimstatic.com;https://image.jimcdn.com/app/cms/image/transf/dimension=1920x400:format=jpg/path/sb84ad6fe311e97cf/image/id597b1b240e02686/version/1659889208/image.jpg;https://maps.google.fr/maps/ms?msa=0&msid=212445971913646343479.0004ca26c72a33da7fa5b&ie=UTF8&t=h&ll=49.000211,-1.118181&spn=0.004927,0.00912&z=16&output=embed;https://u.jimcdn.com/cms/o/sb84ad6fe311e97cf/layout/dm_a11b92486c6365acdabcf39ad5bee916/css/layout.css?t=1781260719;https://v.calameo.com/?bkcode=0064981473c7d8013ffe2&mode=mini;https://widget.intramuros.org/js/5.1.0/agenda.js;http://www.ta-meteo.fr/widget4/d6e125a288bc4c86b524c7af5a35998c.png?t=time()",10,annuaires.phpnet.org();assets.jimstatic.com();calendar.google.com();fonts.jimstatic.com();image.jimcdn.com();maps.google.fr();u.jimcdn.com();v.calameo.com();widget.intramuros.org();www.ta-meteo.fr(),0,1,0,0,,1,False
www.loiret.fr,Meung-sur-Loire,45,06da2e00-9b25-4a61-b8e6-7328866ab84a,200,,3,altro_terzo_parte;cdn_font,fonts.googleapis.com;static.addtoany.com;use.fontawesome.com,Google;https://static.addtoany.com/menu/page.js;Font Awesome,3,fonts.googleapis.com();static.addtoany.com();use.fontawesome.com(),0,0,0,0,,0,False
www.mairie-carresse-cassaber.fr,Carresse-Cassaber,64,06db78a8-fc26-4ad3-be6d-0b2984a95043,200,,5,altro_terzo_parte;captcha;cdn_font,fonts.googleapis.com;gmpg.org;meteofrance.com;widget.intramuros.org;www.google.com,Google;http://gmpg.org/xfn/11;https://meteofrance.com/widget/prevision/641680;https://widget.intramuros.org/js/5.1.0/actualite.js;Google,5,fonts.googleapis.com();gmpg.org();meteofrance.com();widget.intramuros.org();www.google.com(),0,1,0,0,,1,False
www.gamarde-les-bains.com,Gamarde-les-Bains,40,06dbd2c1-7ef2-4069-92f1-1d0dc115ecd3,200,,1,cdn_font,fonts.googleapis.com,Google,1,fonts.googleapis.com(),0,0,0,0,,0,False
www.buxy.fr,Buxy,71,06dcdf80-2bf5-4209-8989-355d0e1b8fcb,200,,2,altro_terzo_parte;cdn_font,unpkg.com;web-suivis.arnia-bfc.fr,unpkg;https://web-suivis.arnia-bfc.fr/piwik.php?idsite=430&rec=1&url=https://buxy.fr/,2,unpkg.com();web-suivis.arnia-bfc.fr(),0,0,0,0,,0,False
www.gendarmerie.interieur.gouv.fr,Tende,06,06e0fd55-048a-4652-a256-0f29cb2cd9d2,nan,ConnectionError,0,nan,nan,nan,nan,nan,nan,0,0,0,nan,0,False
www.france-services.gouv.fr,Muntzenheim,68,06e1dbf7-f7b0-42e3-9bf5-2433ccbe6897,nan,ConnectionError,0,nan,nan,nan,nan,nan,nan,0,0,0,nan,0,False
www.francetravail.fr,Roussillon,38,06e2cd44-9960-4297-90ab-b9c6d435fd66,200,nan,1,altro_terzo_parte,cdn.tagcommander.com,https://cdn.tagcommander.com/4340/tc_PoleEmploi_24.js,1,cdn.tagcommander.com(),0,2,0,0,nan,2,False
www.saintverand.fr,Saint-Vérand,71,06e30cb6-9f07-425b-912f-cf7a212c6e89,404,,0,,,,0,,0,0,0,0,,0,False
www.evettesalbert.fr,Évette-Salbert,90,06e37670-80e8-43f5-8e4d-576de355b465,200,,4,altro_terzo_parte;cdn_font;sdk_generico,ajax.googleapis.com;cdn.jsdelivr.net;ga.jspm.io;station.illiwap.com,Google;jsDelivr;https://ga.jspm.io/npm:es-module-shims@1.10.0/dist/es-module-shims.js;https://station.illiwap.com/fr/public/90042/services/picto/23-%23e867a3-32.png,4,ajax.googleapis.com();cdn.jsdelivr.net();ga.jspm.io();station.illiwap.com(),0,0,0,0,,0,False
beaumontsaintcyr.fr,Beaumont Saint-Cyr,86,06e39b0d-53ae-4f80-afd4-54dcd66368c7,200,,5,altro_terzo_parte;captcha;cdn_font,cdnjs.cloudflare.com;fonts.googleapis.com;fonts.gstatic.com;js.hcaptcha.com;static.neopse.com,Cloudflare;Google;Google;hCaptcha;https://static.neopse.com/medias/p/2894/site/48/0b/e6/480be63f831c97dcae7424d5fd030951be8e102a.png?v=v1,5,cdnjs.cloudflare.com();fonts.googleapis.com();fonts.gstatic.com();js.hcaptcha.com();static.neopse.com(),0,0,0,0,,0,False
www.bournezeau.fr,Bournezeau,85,06e77e57-e788-45fe-86f4-6b3febf0647b,200,,5,altro_terzo_parte;captcha;cdn_font,cdnjs.cloudflare.com;fonts.googleapis.com;fonts.gstatic.com;js.hcaptcha.com;static.neopse.com,Cloudflare;Google;Google;hCaptcha;https://static.neopse.com/thumbs/p/1726/site/69/6b/e4/696be465a167bfe87e07ab50f9ef92724de3fe73.png?v=v1,5,cdnjs.cloudflare.com();fonts.googleapis.com();fonts.gstatic.com();js.hcaptcha.com();static.neopse.com(),0,0,0,0,,0,False
montigny.les.monts.free.fr,Montigny-les-Monts,10,06eaafd2-e468-4ec7-91bb-35064167e553,200,,0,,,,0,,0,0,0,0,,0,False
www.cc-valdamboise.fr,Nazelles-Négron,37,06eced13-422f-4cd5-b815-3565870eefec,200,,8,altro_terzo_parte;cdn_font;video,fonts.googleapis.com;gmpg.org;player.vimeo.com;www.ciq-aix-pontdeberaud.fr;www.facebook.com;www.intex-press.by;www.lecrepa.com;www.youtube-nocookie.com,Google;https://gmpg.org/xfn/11;Vimeo;https://www.ciq-aix-pontdeberaud.fr/wp-content/uploads/2020/09/LOGO-CAP-2020.png;https://www.facebook.com/plugins/post.php?href=https%3A%2F%2Fwww.facebook.com%2Flecrepa.lecrepa%2Fposts%2F1047070039074809&data_show_text=true&autoplay&appId;https://www.intex-press.by/wp-content/uploads/2021/06/static.detstrana.ru_.jpg;http://www.lecrepa.com/images/icones/perspectives.jpg;https://www.youtube-nocookie.com/embed/-x09wY80hIQ?rel=0&autoplay=0&mute=0&loop=1&playlist=-x09wY80hIQ,7,fonts.googleapis.com();gmpg.org();player.vimeo.com();www.ciq-aix-pontdeberaud.fr();www.facebook.com();www.lecrepa.com();www.youtube-nocookie.com(),1,0,0,0,,0,False
www.arceau.fr,Arceau,21,06ed25bc-a1e8-4d93-bd04-24542d8a12b2,200,,7,altro_terzo_parte;cdn_font;video,app.panneaupocket.com;fonts.googleapis.com;fonts.gstatic.com;gmpg.org;tourisme-mirebelloisetfontenois.fr;votre-commune.inforoutes.fr;www.youtube.com,https://app.panneaupocket.com/embeded/1628182281;Google;Google;http://gmpg.org/xfn/11;https://tourisme-mirebelloisetfontenois.fr/nos-brochures/embed/#?secret=xeLec9CNh2#?secret=ftSOXUzlcK;https://votre-commune.inforoutes.fr/wp-content/themes/twentyseventeen-child/assets/images/logo-campagnol-2023.png;Google,7,app.panneaupocket.com();fonts.googleapis.com();fonts.gstatic.com();gmpg.org();tourisme-mirebelloisetfontenois.fr();votre-commune.inforoutes.fr();www.youtube.com(),0,0,0,0,,0,False
www.lotetgaronne.fr,Fumel,47,06ee20ed-a52b-4780-9b49-ef9301f70474,200,nan,3,altro_terzo_parte,apps.elfsight.com;static.elfsight.com;www.inforoute47.fr,https://apps.elfsight.com/p/platform.js;https://static.elfsight.com/platform/platform.js;https://www.inforoute47.fr/swf/repere/KC1_route-barree.png,3,apps.elfsight.com();static.elfsight.com();www.inforoute47.fr(),0,0,0,0,nan,0,False
fampoux.fr,Fampoux,62,06eef9fa-c9e4-4ceb-8e8d-41a4f7608d56,200,,3,analytics;cdn_font,fonts.googleapis.com;fonts.gstatic.com;www.googletagmanager.com,Google;Google;Google,3,fonts.googleapis.com();fonts.gstatic.com();www.googletagmanager.com(),0,0,0,0,,0,False
www.france-services.gouv.fr,Luzech,46,06f00d20-c63b-4c86-905b-68558b1fdc16,nan,ConnectionError,0,nan,nan,nan,nan,nan,nan,0,0,0,nan,0,False
www.sassenay.fr,Sassenay,71,06f2f3fd-b0cf-4e99-ac52-37a034c05baa,200,,2,altro_terzo_parte;cdn_font,unpkg.com;web-suivis.arnia-bfc.fr,unpkg;https://web-suivis.arnia-bfc.fr/piwik.php?idsite=784&rec=1&url=https://sassenay.fr/,2,unpkg.com();web-suivis.arnia-bfc.fr(),0,0,0,0,,0,False
www.facebook.com,Coulombs-en-Valois,77,06f3a61a-88c4-417e-8498-93f1915429c3,200,,1,altro_terzo_parte,static.xx.fbcdn.net,"https://static.xx.fbcdn.net/rsrc.php/v5/yR/l/0,cross/UZwFhDto0QIjJCl_MmCK6Bxgo-3469oiGGxG-roDaQsdT9DWDYPz6DhfgQe914iiBfONMKn3YhINqU49pVNahkCkvx2I9b7Pb8KWpaE_brMCJG.css",1,static.xx.fbcdn.net(),0,0,0,0,,0,False
www.les-caue-occitanie.fr,Albi,81,06f40b79-9e3c-4017-ad4a-6d85d7fd51f4,200,,1,cdn_font,fonts.googleapis.com,Google,1,fonts.googleapis.com(),0,0,0,0,,0,False
www.les-caue-occitanie.fr,Albi,81,06f40b79-9e3c-4017-ad4a-6d85d7fd51f4,200,,1,cdn_font,fonts.googleapis.com,Google,1,fonts.googleapis.com(),0,0,0,0,,0,False
www.ermenonville.fr,Ermenonville,60,06f416bc-ec76-415e-b780-b6b0a000f7b5,200,,0,,,,0,,0,1,1,0,,0,False
www.morbihan.gouv.fr,Vannes,56,06f4fe17-916e-4689-bfa3-26affcfc964b,,ConnectionError,0,,,,,,,0,0,0,,0,False
genas.fr,Genas,69,06f58b59-9c3a-4f1d-9eda-87661cf12f23,200,,4,analytics;cdn_font,cdnjs.cloudflare.com;fonts.googleapis.com;fonts.gstatic.com;www.google-analytics.com,Cloudflare;Google;Google;Google,4,cdnjs.cloudflare.com();fonts.googleapis.com();fonts.gstatic.com();www.google-analytics.com(),0,0,0,0,,0,False
www.centre-valdeloire.fr,Orléans,45,06f60a19-6f65-41ea-b3c8-21c1431465da,200,,1,video,www.youtube.com,Google,1,www.youtube.com(),0,0,0,0,,0,False
www.mei-mvs.com,Dammarie-les-lys,77,06f63842-af39-499d-9b68-ecaa6897ca9a,200,,0,,,,0,,0,0,0,0,,0,False
saint-julien-du-pinet.fr,Saint-Julien-du-Pinet,43,06f64036-ed29-420e-ae6f-75829bb7722d,200,,5,altro_terzo_parte;cdn_font,campagnolv2-1.campagnol.fr;fonts.googleapis.com;fonts.gstatic.com;gmpg.org;www.google.com,https://campagnolv2-1.campagnol.fr/wp-content/themes/twentyseventeen-child/assets/images/logo-campagnol-2023.png;Google;Google;http://gmpg.org/xfn/11;https://www.google.com/maps/embed?pb=!1m18!1m12!1m3!1d53545.03067915397!2d4.025796506296809!3d45.1442865873459!2m3!1f0!2f0!3f0!3m2!1i1024!2i768!4f13.1!3m3!1m2!1s0x47f5ec70f21d7647%3A0x4093cafcbe7f7b0!2s43200%20Saint-Julien-du-Pinet!5e0!3m2!1sfr!2sfr!4v1600276246737!5m2!1sfr!2sfr,5,campagnolv2-1.campagnol.fr();fonts.googleapis.com();fonts.gstatic.com();gmpg.org();www.google.com(),0,0,0,0,,0,False
www.grandlyon.com,Saint-Genis-Laval,69,06f6e259-d800-43a4-90dc-4dde85b7917e,200,nan,0,nan,nan,nan,0,nan,0,0,0,0,nan,0,False
www.paris.fr,Paris,75,06f7cbdd-2880-41ee-b347-bc388d8b0285,nan,ConnectionError,0,nan,nan,nan,nan,nan,nan,0,0,0,nan,0,False
www.saint-andeol-de-vals.fr,Saint-Andéol-de-Vals,07,06f8555d-3c4c-4981-91a2-991263f8b45e,200,,1,analytics,www.googletagmanager.com,Google,1,www.googletagmanager.com(),0,0,0,0,,0,False
www.gendarmerie.interieur.gouv.fr,Louhans‑Châteaurenaud,71,06fe10f9-7239-415a-9ca5-4d69ff14834d,nan,ConnectionError,0,nan,nan,nan,nan,nan,nan,0,0,0,nan,0,False
www.finistere.fr,Crozon,29,0702b030-f8b7-43d0-936f-71d9d98d1f01,200,,2,altro_terzo_parte,gmpg.org;t.contentsquare.net,http://gmpg.org/xfn/11;https://t.contentsquare.net,2,gmpg.org();t.contentsquare.net(),0,0,0,0,,0,False
www.buhl-lorraine.fr,Buhl-Lorraine,57,0703efa6-a2fa-4b95-a82e-a99fe846307c,,ReadTimeout,0,,,,,,,0,0,0,,0,False
www.aveyron.fr,Rodez,12,07049010-3362-4955-afb5-4fb0a4aba76d,200,,0,,,,0,,0,1,0,0,,1,False
www.la-chapelle-aux-filtzmeens.fr,La Chapelle-aux-Filtzméens,35,07062c9b-7726-4189-89f6-c864e7b073e2,200,,1,cdn_font,fonts.gstatic.com,Google,1,fonts.gstatic.com(),0,0,0,0,,0,False
www.aubervilliers.fr,Aubervilliers,93,0706933e-c71d-409e-aa72-46db29fe49d3,200,,1,altro_terzo_parte,purl.org,https://purl.org/DC/elements/1.0/,1,purl.org(),0,1,0,0,,1,False
www.univ-fcomte.fr,Besançon,25,0707a247-91ea-4d89-bdf3-76568a8102d4,200,,5,altro_terzo_parte,actu.umlp.fr;player.ausha.co;translate.google.com;www.umlp.fr;www.youtube-nocookie.com,https://actu.umlp.fr/sites/default/files/styles/teaser_410x195/public/pebfc-2026-affiche.jpg?itok=T9TFZ02t;https://player.ausha.co/?showId=gdMXETl4gV07&color=%23d0021b&multishow=true&playlist=true&dark=true&podcastId=bVElwu98XMkQ&v=3&playerId=ausha-pJ8G;https://translate.google.com/translate_a/element.js?cb=googleTranslateElementInit2;https://www.umlp.fr/sites/default/files/styles/encart_pub/public/pubs/candidater_a_une_formation_de_luniversite_de_franche-comte.png?itok=SyT9ipOD;https://www.youtube-nocookie.com/embed/3NbGtAF0_5Q?wmode=opaque&controls=1&autoplay=1&loop=1&mute=1&modestbranding=1&playlist=3NbGtAF0_5Q&rel=0&showinfo=0&theme=light,5,actu.umlp.fr();player.ausha.co();translate.google.com();www.umlp.fr();www.youtube-nocookie.com(),0,0,0,0,,0,False
actu.umlp.fr,Besançon,25,0707a247-91ea-4d89-bdf3-76568a8102d4,200,,1,altro_terzo_parte,ufc-stats.univ-fcomte.fr,https://ufc-stats.univ-fcomte.fr/matomo.php?idsite=4&rec=1,1,ufc-stats.univ-fcomte.fr(),0,0,0,0,,0,False
www.gendarmerie.interieur.gouv.fr,Bruyères,88,0708eaea-d7dc-4d77-b75c-114309e878c3,nan,ConnectionError,0,nan,nan,nan,nan,nan,nan,0,0,0,nan,0,False
le-port-ariege.fr,Le Port,09,070a0a4d-5443-4b86-8d49-5f37503cfdcf,200,,2,cdn_font,fonts.googleapis.com;fonts.gstatic.com,Google;Google,2,fonts.googleapis.com();fonts.gstatic.com(),0,0,0,0,,0,False
www.mairie-farbus.fr,Farbus,62,070ded03-a907-4e85-8378-6a175558f2f0,200,,3,altro_terzo_parte,102.mod.mywebsite-editor.com;102.sb.mywebsite-editor.com;cdn.website-start.de,https://102.mod.mywebsite-editor.com;https://102.sb.mywebsite-editor.com/app/logstate2-css.php?site=321571898&t=1789593778;https://cdn.website-start.de/s/img/logo.gif,3,102.mod.mywebsite-editor.com();102.sb.mywebsite-editor.com();cdn.website-start.de(),0,1,0,0,,1,False
point-justice46.blogspot.com,BAGNAC-SUR-CÉLÉ,46,070ec0fb-732d-4f63-89ef-7b35758d8202,200,nan,2,altro_terzo_parte,blogger.googleusercontent.com;www.blogger.com,https://blogger.googleusercontent.com/img/a/AVvXsEhwzgCEGYhIAio924AtZ7uHvmOK00P5Tqmw4EfCJPZxYfsx6xqh0MCcx1r4xZllviIlVk3NOnFkquwiLS8297pdNHQlJhTKjb_C-91I65k1LqNcu6vf9rFeE-qFF589thzshCtvONTQ_6vwN1sPNfxI3xryup7vQEnWM0TV0Oc9Qqx5gMhO0mkaMqizuAbo=s104;https://www.blogger.com/dyncss/7396749788956054833/authorization.css?zx=09e52c72-f516-475c-b701-84892e87c755,2,blogger.googleusercontent.com();www.blogger.com(),0,0,0,0,nan,0,False
www.pasdecalais.fr,Saint-Omer,62,070f3dfa-1558-4438-b94d-1fd75dda8c72,200,,1,sdk_generico,www.gstatic.com,Google,1,www.gstatic.com(),0,0,0,0,,0,False
communedevares.fr,Varès,47,07103320-e0dd-4287-af60-a5957fdd3c5d,200,,6,altro_terzo_parte;analytics;cdn_font,c0.wp.com;fonts.gstatic.com;i0.wp.com;s0.wp.com;stats.wp.com;www.googletagmanager.com,https://c0.wp.com;Google;https://i0.wp.com/communedevares.fr/wp-content/uploads/2021/02/logocommune.jpg?resize=72%2C80&ssl=1;https://s0.wp.com/wp-content/js/bilmur.min.js?m=202638;https://stats.wp.com/e-202638.js;Google,6,c0.wp.com();fonts.gstatic.com();i0.wp.com();s0.wp.com();stats.wp.com();www.googletagmanager.com(),0,0,0,0,,0,False
mairiecoulmiers.fr,Coulmiers,45,07111416-8469-4473-a51b-84ec2b430a92,200,,3,altro_terzo_parte;analytics,gmpg.org;netdna.bootstrapcdn.com;www.googletagmanager.com,https://gmpg.org/xfn/11;https://netdna.bootstrapcdn.com/font-awesome/4.1.0/css/font-awesome.min.css?ver=4.1.0;Google,3,gmpg.org();netdna.bootstrapcdn.com();www.googletagmanager.com(),0,0,0,0,,0,False
www.quetigny.fr,Quetigny,21,0714e3fd-acd7-4f17-a210-ace2e45cda68,200,,0,,,,0,,0,0,0,0,,0,False
www.osselle-routelle.fr,Osselle-Routelle,25,0715ed22-14cf-4c90-82b7-4c9cb4f0c4e1,200,,2,altro_terzo_parte,gmpg.org;www.osselle.fr,https://gmpg.org/xfn/11;https://www.osselle.fr/favicon.ico,2,gmpg.org();www.osselle.fr(),0,0,0,0,,0,False
www.dordogne.fr,Ribérac,24,0717e29f-1ba7-477b-8372-57da9248c558,200,,2,altro_terzo_parte;cdn_font,a9.com;cdnjs.cloudflare.com,http://a9.com/-/spec/opensearch/1.1/;Cloudflare,2,a9.com();cdnjs.cloudflare.com(),0,1,0,0,,1,False
www.boisdamont.fr,Bois-d'Amont,39,0717ea9e-8d0b-42a5-8573-de4e9b64c813,200,,5,altro_terzo_parte;analytics;captcha;cdn_font,fonts.googleapis.com;fonts.gstatic.com;gmpg.org;www.google.com;www.googletagmanager.com,Google;Google;https://gmpg.org/xfn/11;Google;Google,5,fonts.googleapis.com();fonts.gstatic.com();gmpg.org();www.google.com();www.googletagmanager.com(),0,0,0,0,,0,False
www.sennecay18.fr,Senneçay,18,07185b03-a105-46d7-8a26-e2d91c2a3231,200,,3,altro_terzo_parte;cdn_font,fonts.gstatic.com;kit.fontawesome.com;www.google.com,Google;https://kit.fontawesome.com/f4e1295899.js;https://www.google.com/maps/embed?pb=!1m18!1m12!1m3!1d43580.13862237373!2d2.4085486147255346!3d46.94678215687216!2m3!1f0!2f0!3f0!3m2!1i1024!2i768!4f13.1!3m3!1m2!1s0x47fa8fd7660e4951%3A0x3bbc38e6929edd5c!2s18340+Senne%C3%A7ay%2C+France!5e0!3m2!1sfr!2sde!4v1566383105781!5m2!1sfr!2sde,3,fonts.gstatic.com();kit.fontawesome.com();www.google.com(),0,0,0,0,,0,False
www.mittelhausbergen.fr,Mittelhausbergen,67,07198d04-a817-4334-b559-54729b95946e,200,,4,cdn_font,cdn.jsdelivr.net;cdnjs.cloudflare.com;fonts.googleapis.com;fonts.gstatic.com,jsDelivr;Cloudflare;Google;Google,4,cdn.jsdelivr.net();cdnjs.cloudflare.com();fonts.googleapis.com();fonts.gstatic.com(),0,1,1,0,,0,False
www.ameli.fr,Notre-Dame-de-Bondeville,76,071b219d-0431-4ecc-af38-ad6089f3970c,200,nan,3,altro_terzo_parte;analytics;cdn_font,cdn.jsdelivr.net;tag.aticdn.net;www.googletagmanager.com,jsDelivr;https://tag.aticdn.net/piano-analytics.js;Google,3,cdn.jsdelivr.net();tag.aticdn.net();www.googletagmanager.com(),0,0,0,0,nan,0,False
forum-assures.ameli.fr,Notre-Dame-de-Bondeville,76,071b219d-0431-4ecc-af38-ad6089f3970c,200,nan,5,altro_terzo_parte;cdn_font,d350tqmxm801hs.cloudfront.net;dimelo-answers-production.s3.eu-west-1.amazonaws.com;dimelo-users-production.s3.amazonaws.com;dimelo.s3.amazonaws.com;fonts.googleapis.com,https://d350tqmxm801hs.cloudfront.net/production/ameli-forum/images/refonte-identite-2022/logo_forum-ameli.svg?1649083461;https://dimelo-answers-production.s3.eu-west-1.amazonaws.com/291/a2635c8ee1bec415/170413152806_5f8b2eb0d19885b6b8d6226fe9d6780e_original.png?7cc8cfd;https://dimelo-users-production.s3.amazonaws.com/identity_avatars/bdea85ceb7d562ab/avatar_x-large.png?7cc8cfd;https://dimelo.s3.amazonaws.com/custom-v2/ameli/tarteaucitron/tarteaucitron.js;Google,5,d350tqmxm801hs.cloudfront.net();dimelo-answers-production.s3.eu-west-1.amazonaws.com();dimelo-users-production.s3.amazonaws.com();dimelo.s3.amazonaws.com();fonts.googleapis.com(),0,1,0,0,nan,1,False
www.ville-ceilhes.fr,Ceilhes-et-Rocozels,34,071b8c69-dd3d-4b49-9e78-4613e7fc204a,200,,6,altro_terzo_parte;analytics;cdn_font,fonts.googleapis.com;fonts.gstatic.com;gmpg.org;maxcdn.bootstrapcdn.com;user.callnowbutton.com;www.googletagmanager.com,Google;Google;https://gmpg.org/xfn/11;BootstrapCDN;https://user.callnowbutton.com/domain_e4b4fcad_73d7_4095_975b_a9fa7759cbae.js?dbver=1779478172;Google,6,fonts.googleapis.com();fonts.gstatic.com();gmpg.org();maxcdn.bootstrapcdn.com();user.callnowbutton.com();www.googletagmanager.com(),0,0,0,0,,0,False
www.mairie-saintfrancoislongchamp.fr,Saint François Longchamp,73,071c34ec-a7a3-44c6-b4da-89b6f7cda4ac,200,,3,altro_terzo_parte;analytics;cdn_font,fonts.googleapis.com;www.googletagmanager.com;www.maurienne.fr,Google;Google;https://www.maurienne.fr/InfoliveImages/spm/carte-ra-auvergne-maurienne-situation.png,3,fonts.googleapis.com();www.googletagmanager.com();www.maurienne.fr(),0,0,0,0,,0,False
www.nord-lille.cidff.info,Lille,59,071cd1e1-5214-4432-9f83-426ff83b5249,,ConnectTimeout,0,,,,,,,0,0,0,,0,False
fncidff.info,Lille,59,071cd1e1-5214-4432-9f83-426ff83b5249,200,nan,5,altro_terzo_parte;analytics;cdn_font,cookie-cdn.cookiepro.com;sibforms.com;unpkg.com;www.facebook.com;www.googletagmanager.com,https://cookie-cdn.cookiepro.com/scripttemplates/otSDKStub.js;https://sibforms.com/forms/end-form/build/sib-styles.css;unpkg;https://www.facebook.com/tr?id=720924753275353&ev=PageView&noscript=1&cd%5Bpage_title%5D=Accueil&cd%5Bpost_type%5D=page&cd%5Bpost_id%5D=19&cd%5Bplugin%5D=PixelYourSite&cd%5Buser_role%5D=guest&cd%5Bevent_url%5D=fncidff.info%2F;Google,5,cookie-cdn.cookiepro.com();sibforms.com();unpkg.com();www.facebook.com();www.googletagmanager.com(),0,0,0,0,nan,0,False
www.noyellessousbellonne.fr,Noyelles-sous-Bellonne,62,071e0b18-b39b-4a32-b4b0-ad7805c32735,200,,5,altro_terzo_parte;cdn_font,def773hwqc19t.cloudfront.net;drfogfql429fi.cloudfront.net;files.appli-intramuros.com;fonts.googleapis.com;fonts.gstatic.com,https://def773hwqc19t.cloudfront.net/website/static/loupe.png;https://drfogfql429fi.cloudfront.net/intramuros-web/production/_next/static/css/6b832bb1d1f3a401.css;https://files.appli-intramuros.com;Google;Google,5,def773hwqc19t.cloudfront.net();drfogfql429fi.cloudfront.net();files.appli-intramuros.com();fonts.googleapis.com();fonts.gstatic.com(),0,0,0,0,,0,False
www.iae34.org,Castries,34,071e6b13-9db0-416d-8ec3-a5e01228f14d,200,,1,cdn_font,fonts.googleapis.com,Google,1,fonts.googleapis.com(),0,1,0,0,,1,False
www.francetravail.fr,Gisors,27,071eb598-d06e-41f1-811b-b19ee2f85c9f,200,nan,1,altro_terzo_parte,cdn.tagcommander.com,https://cdn.tagcommander.com/4340/tc_PoleEmploi_24.js,1,cdn.tagcommander.com(),0,2,0,0,nan,2,False
www.saint-denis-catus.fr,Saint-Denis-Catus,46,071f8383-765c-43c3-9597-2fc70c611cd2,200,,2,altro_terzo_parte,code.jquery.com;www.openstreetmap.org,https://code.jquery.com/jquery-3.7.1.min.js;https://www.openstreetmap.org/export/embed.html?bbox=1.38453483581543%2C44.56107452840387%2C1.3986968994140627%2C44.567663565038586&layer=mapnik&marker=44.56436914000947%2C1.391615867614746,2,code.jquery.com();www.openstreetmap.org(),0,0,0,0,,0,False
www.cdad06.fr,BEAUSOLEIL,06,071fe82f-1a6b-4ff0-8ed3-00d90bcbdbee,200,,2,analytics;cdn_font,fonts.googleapis.com;www.googletagmanager.com,Google;Google,2,fonts.googleapis.com();www.googletagmanager.com(),0,0,0,0,,0,False
www.cassuejouls.fr,Cassuéjouls,12,0720b6ea-5ac8-4aa5-81c5-2dd7e6ac15d7,200,,5,altro_terzo_parte;cdn_font,def773hwqc19t.cloudfront.net;drfogfql429fi.cloudfront.net;files.appli-intramuros.com;fonts.googleapis.com;fonts.gstatic.com,https://def773hwqc19t.cloudfront.net/website/static/loupe.png;https://drfogfql429fi.cloudfront.net/intramuros-web/production/_next/static/css/6b832bb1d1f3a401.css;https://files.appli-intramuros.com/img/agglo_logo/dpt/56/452a44550c44aa3aa9a6264504a8b839_aubrac-car.jpg;Google;Google,5,def773hwqc19t.cloudfront.net();drfogfql429fi.cloudfront.net();files.appli-intramuros.com();fonts.googleapis.com();fonts.gstatic.com(),0,0,0,0,,0,False
www.infos-montagnac.blogspot.fr,Montagnac-la-Crempse,24,0720e1ec-e9d8-481a-aa44-c82c20c70c43,200,,5,altro_terzo_parte,blogger.googleusercontent.com;infos-montagnac.blogspot.com;resources.blogblog.com;translate.google.com;www.blogger.com,https://blogger.googleusercontent.com/img/b/R29vZ2xl/AVvXsEgvPEerJV1GBVUQI6v6uR1okU1zg3ANKO8RdpujFlPYCp1p63w98MU0q5lRFHM785BIMfbjudAaipRTpsJIZj-w8K12_s-FD4dyO2z1NeTvGEr6yyDvcUVwOXa0UWwnPm5r1NziWgRi27GBST2X1bjFtqSKYpXgDKt6wylzg_ageRrpexnnVMPZn-D22A/w72-h72-p-k-no-nu/Arr%C3%AAt%C3%A9SIGN%C3%A9RepriseDeS%C3%A9pulturesTerrainCommune_1.jpg;https://infos-montagnac.blogspot.com/feeds/posts/default?alt=rss;https://resources.blogblog.com/img/icon18_edit_allbkg.gif;https://translate.google.com/translate_a/element.js?cb=googleTranslateElementInit;https://www.blogger.com/video.g?token=AD6v5dygEIm28uQ57U5icyvOPuxUkdeWuOB4jtJq5Y4w5lNNaup4LJWiLeH2moZH1zQje2cpGdyrCpdwljzMfEsZIpXifBlEj0DTCaZRPU_ix0kjX7aUh_TroGshCUE2Z6Ex4aCE8uA&origin=infos-montagnac.blogspot.com,5,blogger.googleusercontent.com();infos-montagnac.blogspot.com();resources.blogblog.com();translate.google.com();www.blogger.com(),0,0,0,0,,0,False
www.saint-pierre-en-auge.fr,Saint-Pierre-en-Auge,14,0726a3aa-9cf3-49db-9da0-6822dd7ba303,200,,6,altro_terzo_parte;analytics;cdn_font;video,cdnjs.cloudflare.com;player.vimeo.com;stackpath.bootstrapcdn.com;static.axept.io;use.fontawesome.com;www.googletagmanager.com,Cloudflare;Vimeo;BootstrapCDN;https://static.axept.io;Font Awesome;Google,6,cdnjs.cloudflare.com();player.vimeo.com();stackpath.bootstrapcdn.com();static.axept.io();use.fontawesome.com();www.googletagmanager.com(),0,0,0,0,,0,False
www.carmaux.fr,Carmaux,81,0726bb73-7100-4495-97d4-51b9233c33bd,,ConnectTimeout,0,,,,,,,0,0,0,,0,False
www.pinet-mairie.fr,Pinet,34,07273dc6-5963-491c-a9af-ca0a69860cb2,200,,1,altro_terzo_parte,www.flexone.cloud,https://www.flexone.cloud/logo_hosteur.png,1,www.flexone.cloud(),0,1,0,0,,1,False
www.haut-rhin.gouv.fr,Colmar,68,0727a857-3196-43ff-8264-a786c6d747df,nan,ConnectionError,0,nan,nan,nan,nan,nan,nan,0,0,0,nan,0,False
www.escalquens.fr,Escalquens,31,072a1f1b-28a5-4655-8203-899d41b4844c,200,,4,altro_terzo_parte;captcha;cdn_font,fonts.googleapis.com;s.w.org;www.google.com;www.numanis.net,Google;https://s.w.org;Google;https://www.numanis.net/accessedition.js,4,fonts.googleapis.com();s.w.org();www.google.com();www.numanis.net(),0,0,0,0,,0,False
www.seinemaritime.fr,Le Grand-Quevilly,76,072acad7-07f7-4326-809a-2204e8702670,200,,1,altro_terzo_parte,webchat.wikit.ai,https://webchat.wikit.ai,1,webchat.wikit.ai(),0,0,0,0,,0,False
www.cicas.agirc-arrco.fr,Paris,75,072b9e26-d60b-4f69-9446-e195a3ac6200,200,nan,2,cdn_font,fonts.googleapis.com;fonts.gstatic.com,Google;Google,2,fonts.googleapis.com();fonts.gstatic.com(),0,0,0,0,nan,0,False
www.bouin.fr,Bouin,85,072bd73b-f72b-4fdd-8dc9-c9a956fbc43f,200,,4,altro_terzo_parte;cdn_font;sdk_generico,fonts.googleapis.com;gmpg.org;maps.googleapis.com;maxcdn.bootstrapcdn.com,Google;http://gmpg.org/xfn/11;Google;BootstrapCDN,4,fonts.googleapis.com();gmpg.org();maps.googleapis.com();maxcdn.bootstrapcdn.com(),0,0,0,0,,0,False
www.caf.fr,Tain-l'Hermitage,26,072c5e22-35cb-48f5-b593-623d5eb94f8f,200,nan,0,nan,nan,nan,0,nan,0,7,0,0,nan,7,False
www.limetz-villez.fr,Limetz-Villez,78,072cf4c3-d8c1-4443-ae6a-b44f4bad6fc2,200,,2,altro_terzo_parte;cdn_font,app.panneaupocket.com;fonts.googleapis.com,https://app.panneaupocket.com/embeded/1639919208?mode=widget&autoNavigation=0;Google,2,app.panneaupocket.com();fonts.googleapis.com(),0,2,1,0,,1,False
www.associations.gouv.fr,Cahors,46,072f1715-6b99-46cf-90f4-a49a48387285,200,nan,0,nan,nan,nan,0,nan,0,0,0,0,nan,0,False
mairie-candas.fr,Candas,80,0731be62-4e62-4cc4-9d7b-2ba4d25409da,200,,1,cdn_font,unpkg.com,unpkg,1,unpkg.com(),0,0,0,0,,0,False
www.conseil-national.medecin.fr,Ajaccio,2A,07320566-73f0-4ce0-9d68-d149aa71aa09,200,nan,1,altro_terzo_parte,static.addtoany.com,https://static.addtoany.com/menu/page.js,1,static.addtoany.com(),0,0,0,0,nan,0,False
www.loperhet.bzh,Loperhet,29,073240b5-b4a5-4448-848f-30ecf7cf4c99,200,,7,altro_terzo_parte;analytics;captcha;cdn_font,cdnjs.cloudflare.com;fonts.googleapis.com;gmpg.org;hcaptcha.com;secure.gravatar.com;www.googletagmanager.com;www.mairie-loperhet.net,Cloudflare;Google;http://gmpg.org/xfn/11;hCaptcha;https://secure.gravatar.com/avatar/881ed558471e8b79c99cd1db86cfa104?s=80&d=mm&r=g;Google;https://www.mairie-loperhet.net/wp-content/uploads/2018/08/conversations-4872_af60b258-251e-41af-b238-dfb706d7b3d4.svg,7,cdnjs.cloudflare.com();fonts.googleapis.com();gmpg.org();hcaptcha.com();secure.gravatar.com();www.googletagmanager.com();www.mairie-loperhet.net(),0,0,0,0,,0,False
mairie-betheniville.fr,Bétheniville,51,0733a20b-3e64-4feb-9ca8-10e7840d804e,200,,7,altro_terzo_parte;cdn_font,cdn.onesignal.com;fonts.googleapis.com;gmpg.org;i0.wp.com;stats.wp.com;v0.wordpress.com;wp.me,https://cdn.onesignal.com/sdks/web/v16/OneSignalSDK.page.js?ver=1.0.0;Google;http://gmpg.org/xfn/11;https://i0.wp.com/mairie-betheniville.fr/wp-content/uploads/2024/10/thumbnail_hglnjdfmldbhkekk.png?resize=130%2C90&ssl=1;https://stats.wp.com;https://v0.wordpress.com;https://wp.me/8HWHY,7,cdn.onesignal.com();fonts.googleapis.com();gmpg.org();i0.wp.com();stats.wp.com();v0.wordpress.com(US);wp.me(US),0,0,0,0,,0,False
www.marne.gouv.fr,Châlons-en-Champagne,51,07369c94-543c-48a3-9f95-b7b29cccae6a,,ConnectionError,0,,,,,,,0,0,0,,0,False
strazeele.info,Strazeele,59,07372da6-554c-4b42-9123-239dc57ecdd3,200,,6,altro_terzo_parte;captcha;cdn_font,campagnolv2-1.campagnol.fr;fonts.googleapis.com;fonts.gstatic.com;gmpg.org;www.emploi-store-dev.fr;www.google.com,https://campagnolv2-1.campagnol.fr/wp-content/themes/twentyseventeen-child/assets/images/logo-campagnol-2023.png;Google;Google;http://gmpg.org/xfn/11;https://www.emploi-store-dev.fr/widget/pe-offres-emploi/pe-offres-emploi.js;Google,6,campagnolv2-1.campagnol.fr();fonts.googleapis.com();fonts.gstatic.com();gmpg.org();www.emploi-store-dev.fr();www.google.com(),0,0,0,0,,0,False
www.retschwiller.fr,Retschwiller,67,07378617-3b73-4057-a79e-60e6248c903a,200,,4,altro_terzo_parte;analytics;cdn_font,fonts.googleapis.com;gmpg.org;s.w.org;www.googletagmanager.com,Google;http://gmpg.org/xfn/11;https://s.w.org;Google,4,fonts.googleapis.com();gmpg.org();s.w.org();www.googletagmanager.com(),0,0,0,0,,0,False
www.cotes-darmor.gouv.fr,Guingamp,22,0738a1c9-4855-4b1d-94a5-9a198fa4afb9,,ConnectionError,0,,,,,,,0,0,0,,0,False
www.nizas32.fr,Nizas,32,0738c9d5-e326-4916-919e-3e5a87be1e14,200,,5,altro_terzo_parte;cdn_font,def773hwqc19t.cloudfront.net;drfogfql429fi.cloudfront.net;files.appli-intramuros.com;fonts.googleapis.com;fonts.gstatic.com,https://def773hwqc19t.cloudfront.net/website/static/loupe.png;https://drfogfql429fi.cloudfront.net/intramuros-web/production/_next/static/css/6b832bb1d1f3a401.css;https://files.appli-intramuros.com/website/uploads/24432/alexas_fotos-clock-1392328_1920_1920x1920.jpg;Google;Google,5,def773hwqc19t.cloudfront.net();drfogfql429fi.cloudfront.net();files.appli-intramuros.com();fonts.googleapis.com();fonts.gstatic.com(),0,0,0,0,,0,False
www.france-services.gouv.fr,Saint-Lyphard,44,07397edd-047d-4a46-ad31-5520e492995e,nan,ConnectionError,0,nan,nan,nan,nan,nan,nan,0,0,0,nan,0,False
www.mio.re,Le Port,974,073980c6-75be-484d-9b96-0bfe5d738e2d,200,,6,altro_terzo_parte;cdn_font,cdn.jsdelivr.net;fonts.googleapis.com;fonts.gstatic.com;mio-reunion.re;static.xx.fbcdn.net;www.youtube-nocookie.com,jsDelivr;Google;Google;https://mio-reunion.re/wp-content/uploads/2019/01/msg_sending_2.png;https://static.xx.fbcdn.net/images/emoji.php/v9/taa/1.5/16/1f449.png;https://www.youtube-nocookie.com,6,cdn.jsdelivr.net();fonts.googleapis.com();fonts.gstatic.com();mio-reunion.re();static.xx.fbcdn.net();www.youtube-nocookie.com(),0,0,0,0,,0,False
greta.ac-amiens.fr,Péronne,80,0739b489-e735-4dc4-a75c-7e0e428d32a2,,ConnectTimeout,0,,,,,,,0,0,0,,0,False
www.gendarmerie.interieur.gouv.fr,Saint-Porchaire,17,073a3ba2-528a-4925-8418-4b90c58399e1,nan,ConnectionError,0,nan,nan,nan,nan,nan,nan,0,0,0,nan,0,False
www.cdad-eure.fr,BRIONNE,27,073bfea5-2b84-4046-9d7b-129d186e6b91,200,nan,6,altro_terzo_parte;cdn_font,cdn-eu.readspeaker.com;cdn.gtranslate.net;fonts.googleapis.com;fonts.gstatic.com;www.google.com;www.youtube-nocookie.com,https://cdn-eu.readspeaker.com/script/9966/webReader/webReader.js?pids=wr;https://cdn.gtranslate.net/widgets/latest/fd.js;Google;Google;https://www.google.com/maps/d/embed?mid=1U6I_smhNOm5a20yeo9eVqPoaLto;https://www.youtube-nocookie.com/embed/_4GrgVW3Mu8,6,cdn-eu.readspeaker.com();cdn.gtranslate.net();fonts.googleapis.com();fonts.gstatic.com();www.google.com();www.youtube-nocookie.com(),0,1,0,0,nan,1,False
www.ariege.gouv.fr,Foix,09,073c1d67-290e-43c2-b6a2-1fc1b059b7e7,nan,ConnectionError,0,nan,nan,nan,nan,nan,nan,0,0,0,nan,0,False
www.artres.fr,Artres,59,073d2407-166d-4cf7-b038-0622360c81ce,,ConnectTimeout,0,,,,,,,0,0,0,,0,False
www.ville-saint-maurice.fr,Saint-Maurice,94,073db95a-8b03-450a-b1d7-5ef55a824000,200,,0,,,,0,,0,0,0,0,,0,False
www.lhuisserie.fr,L'Huisserie,53,073ec195-84a9-4614-b1a2-71c306e3dad2,200,,1,altro_terzo_parte,s.w.org,https://s.w.org,1,s.w.org(),0,0,0,0,,0,False
www.mairie-fontenaysurloing.fr,Fontenay-sur-Loing,45,074465e7-dd6b-49c7-9659-59c486c341ff,200,,4,altro_terzo_parte;cdn_font,cdn.jsdelivr.net;cdnjs.cloudflare.com;openweathermap.org;unpkg.com,jsDelivr;Cloudflare;https://openweathermap.org/img/wn/01n@2x.png;unpkg,4,cdn.jsdelivr.net();cdnjs.cloudflare.com();openweathermap.org();unpkg.com(),0,1,0,0,,1,False
www.banque-france.fr,Tulle Cedex,19,0744ec3f-7670-4a85-8fa8-32ef27f500bd,200,nan,2,altro_terzo_parte;cdn_font,cdn.jsdelivr.net;cdn.trustcommander.net,jsDelivr;https://cdn.trustcommander.net/privacy/5322/privacy_v2_31.js,2,cdn.jsdelivr.net();cdn.trustcommander.net(),0,0,0,0,nan,0,False
www1.ac-grenoble.fr,Grenoble,38,0745a93b-4e09-4f76-a88a-834c5d50e70c,403,nan,0,nan,nan,nan,0,nan,0,0,0,0,nan,0,True
www1.ac-grenoble.fr,Grenoble,38,0745a93b-4e09-4f76-a88a-834c5d50e70c,403,nan,0,nan,nan,nan,0,nan,0,0,0,0,nan,0,True
www.grandchambord.fr,Bracieux,41,0746a14a-affb-43f7-a6db-92cd10ff06bb,200,,6,altro_terzo_parte;analytics;cdn_font,fonts.googleapis.com;fonts.gstatic.com;gmpg.org;maxcdn.bootstrapcdn.com;www.googletagmanager.com;www.youtube-nocookie.com,Google;Google;http://gmpg.org/xfn/11;BootstrapCDN;Google;https://www.youtube-nocookie.com/embed/uTezBR2eucc?feature=oembed&controls=0&hd=1&rel=0&showinfo=0&autoplay=1&autohide=1&loop=1&fs=1&cc_load_policy=1&iv_load_policy=3&mute=1&wmode=transparent&playlist=uTezBR2eucc,6,fonts.googleapis.com();fonts.gstatic.com();gmpg.org();maxcdn.bootstrapcdn.com();www.googletagmanager.com();www.youtube-nocookie.com(),0,0,0,0,,0,False
www.labreillelespins.com,La Breille-les-Pins,49,0747595b-bfb5-4271-a9ac-4719e0c4413b,200,,1,altro_terzo_parte,gmpg.org,https://gmpg.org/xfn/11,1,gmpg.org(),0,0,0,0,,0,False
www.lafertemilon.fr,La Ferté-Milon,02,0747f030-dabe-4c54-a786-cbac15a27b13,200,,5,altro_terzo_parte;captcha;cdn_font,cdnjs.cloudflare.com;fonts.googleapis.com;fonts.gstatic.com;js.hcaptcha.com;static.neopse.com,Cloudflare;Google;Google;hCaptcha;https://static.neopse.com/medias/p/2201/site/12/46/7b/12467bc82d38e95791d9e67a8da46b8a3968ad9a.jpg?v=v1,5,cdnjs.cloudflare.com();fonts.googleapis.com();fonts.gstatic.com();js.hcaptcha.com();static.neopse.com(),0,0,0,0,,0,False
www.gendarmerie.interieur.gouv.fr,Courlaoux,39,0748a1cc-42a8-41fc-83a2-b3bb4fc8274a,nan,ConnectionError,0,nan,nan,nan,nan,nan,nan,0,0,0,nan,0,False
lavelanetdecomminges.fr,Lavelanet-de-Comminges,31,074a1aa6-d21b-4ec4-aeb2-2cc8c3f4a921,200,,5,altro_terzo_parte;cdn_font,fonts.googleapis.com;fonts.gstatic.com;gmpg.org;votre-commune.inforoutes.fr;www.geoportail.gouv.fr,"Google;Google;http://gmpg.org/xfn/11;https://votre-commune.inforoutes.fr/wp-content/themes/twentyseventeen-child/assets/images/logo-campagnol-2023.png;https://www.geoportail.gouv.fr/embed/visu.html?c=1.1040383827900475,43.25901250287865&z=14&l0=ORTHOIMAGERY.ORTHOPHOTOS::GEOPORTAIL:OGC:WMTS(1)&v1=PLAN.IGN::GEOPORTAIL:GPP:TMS(1;s:standard)&l2=GEOGRAPHICALGRIDSYSTEMS.MAPS.BDUNI.J1::GEOPORTAIL:OGC:WMTS(1)&permalink=yes",5,fonts.googleapis.com();fonts.gstatic.com();gmpg.org();votre-commune.inforoutes.fr();www.geoportail.gouv.fr(),0,0,0,0,,0,False
www.gendarmerie.interieur.gouv.fr,Le Nouvion-en-Thiérache,02,074a27fd-b2be-48b0-80af-1322f5bffec7,nan,ConnectionError,0,nan,nan,nan,nan,nan,nan,0,0,0,nan,0,False
www.inovalys.fr,Nantes,44,074f325e-b5d4-43c2-83bd-554ef231de5a,200,,2,cdn_font,fonts.googleapis.com;fonts.gstatic.com,Google;Google,2,fonts.googleapis.com();fonts.gstatic.com(),0,0,0,0,,0,False
www.paris.fr,Paris,75,07513a05-5a01-428d-b072-9b6a4f9f61fc,nan,ConnectionError,0,nan,nan,nan,nan,nan,nan,0,0,0,nan,0,False
www.mairie-neuvecelle.fr,Neuvecelle,74,07517137-a087-4bbe-970c-3199296eb23c,200,,2,altro_terzo_parte,maps.google.com;openweathermap.org,https://maps.google.com/maps/api/js?language=fr&key=AIza_REDACTED&loading=async;https://openweathermap.org/img/w/04n.png,2,maps.google.com();openweathermap.org(),0,1,1,0,,0,False
www.condamine.fr,Condamine,01,0754090e-76c7-43a9-8437-752179517b8e,200,,3,altro_terzo_parte;analytics;cdn_font,code.jquery.com;fonts.googleapis.com;www.googletagmanager.com,https://code.jquery.com/ui/1.11.3/themes/smoothness/jquery-ui.css;Google;Google,3,code.jquery.com();fonts.googleapis.com();www.googletagmanager.com(),0,3,1,0,,2,False
www.mairie-jouetsurlaubois.fr,Jouet-sur-l'Aubois,18,07542abe-ace0-4238-a7bc-022d9f258da2,200,,1,cdn_font,fonts.googleapis.com,Google,1,fonts.googleapis.com(),0,2,1,0,,1,False
www.sulniac.fr,Sulniac,56,075449f5-5b0d-46c3-b94a-9d18a0533bab,200,,0,,,,0,,0,1,0,0,,1,False
www.ch-bourges.fr,Bourges,18,075496cb-14d4-4cda-96b4-4573343208ce,200,,7,analytics;captcha;cdn_font;sdk_generico,ajax.googleapis.com;cdnjs.cloudflare.com;fonts.googleapis.com;fonts.gstatic.com;use.fontawesome.com;www.google.com;www.googletagmanager.com,Google;Cloudflare;Google;Google;Font Awesome;Google;Google,7,ajax.googleapis.com();cdnjs.cloudflare.com();fonts.googleapis.com();fonts.gstatic.com();use.fontawesome.com();www.google.com();www.googletagmanager.com(),0,2,1,0,,1,False
www.gendarmerie.interieur.gouv.fr,Tôtes,76,0754c6e7-0f0c-42af-941c-a375f1aeab6c,nan,ConnectionError,0,nan,nan,nan,nan,nan,nan,0,0,0,nan,0,False
manduel.fr,Manduel,30,0754e679-250a-4081-a488-e2608f4ea3d9,200,,3,captcha;cdn_font,fonts.googleapis.com;fonts.gstatic.com;www.google.com,Google;Google;Google,3,fonts.googleapis.com();fonts.gstatic.com();www.google.com(),0,0,0,0,,0,False
www.france-services.gouv.fr,Froncles,52,075538aa-3131-4e83-a3e5-e8a1d1c583c4,nan,ConnectionError,0,nan,nan,nan,nan,nan,nan,0,0,0,nan,0,False
www.cambes33.fr,Cambes,33,0755b8e7-f63b-40f1-b700-ebd8d7f22eb9,200,,5,altro_terzo_parte;cdn_font,def773hwqc19t.cloudfront.net;drfogfql429fi.cloudfront.net;files.appli-intramuros.com;fonts.googleapis.com;fonts.gstatic.com,https://def773hwqc19t.cloudfront.net/website/static/loupe.png;https://drfogfql429fi.cloudfront.net/intramuros-web/production/_next/static/css/6b832bb1d1f3a401.css;https://files.appli-intramuros.com/website/uploads/20096/abs_2_cambes_940x788.png;Google;Google,5,def773hwqc19t.cloudfront.net();drfogfql429fi.cloudfront.net();files.appli-intramuros.com();fonts.googleapis.com();fonts.gstatic.com(),0,0,0,0,,0,False
www.gendarmerie.interieur.gouv.fr,Sennecey-le-Grand,71,075831b5-2e07-4abc-96af-41a6ed6b4e75,nan,ConnectionError,0,nan,nan,nan,nan,nan,nan,0,0,0,nan,0,False
www.gard.fr,Nîmes cedex 9,30,0759f1ae-2d28-4804-bb3a-63fba33161d4,200,,1,cdn_font,cdnjs.cloudflare.com,Cloudflare,1,cdnjs.cloudflare.com(),0,0,0,0,,0,False
www.pour-les-personnes-agees.gouv.fr,Nîmes cedex 9,30,0759f1ae-2d28-4804-bb3a-63fba33161d4,200,nan,3,altro_terzo_parte,app-script.monsido.com;cdn-eu.readspeaker.com;siteimproveanalytics.com,https://app-script.monsido.com/v2/monsido-script.js;http://cdn-eu.readspeaker.com/script/7866/webReader/r/r2728/ReadSpeaker.Styles.css?v=3.8.7.2728;https://siteimproveanalytics.com/js/siteanalyze_6134497.js,3,app-script.monsido.com();cdn-eu.readspeaker.com();siteimproveanalytics.com(),0,1,0,0,nan,1,False
www.impots.gouv.fr,Marseille,13,075a5a2a-2e54-4de1-9107-36ee15368937,200,nan,0,nan,nan,nan,0,nan,0,0,0,0,nan,0,False
www.ameli.fr,Frévent,62,075aaf90-4097-43fa-833a-7583510fc603,200,nan,3,altro_terzo_parte;analytics;cdn_font,cdn.jsdelivr.net;tag.aticdn.net;www.googletagmanager.com,jsDelivr;https://tag.aticdn.net/piano-analytics.js;Google,3,cdn.jsdelivr.net();tag.aticdn.net();www.googletagmanager.com(),0,0,0,0,nan,0,False
forum-assures.ameli.fr,Frévent,62,075aaf90-4097-43fa-833a-7583510fc603,200,nan,5,altro_terzo_parte;cdn_font,d350tqmxm801hs.cloudfront.net;dimelo-answers-production.s3.eu-west-1.amazonaws.com;dimelo-users-production.s3.amazonaws.com;dimelo.s3.amazonaws.com;fonts.googleapis.com,https://d350tqmxm801hs.cloudfront.net/production/ameli-forum/images/refonte-identite-2022/logo_forum-ameli.svg?1649083461;https://dimelo-answers-production.s3.eu-west-1.amazonaws.com/291/a2635c8ee1bec415/170413152806_5f8b2eb0d19885b6b8d6226fe9d6780e_original.png?7cc8cfd;https://dimelo-users-production.s3.amazonaws.com/identity_avatars/bdea85ceb7d562ab/avatar_x-large.png?7cc8cfd;https://dimelo.s3.amazonaws.com/custom-v2/ameli/tarteaucitron/tarteaucitron.js;Google,5,d350tqmxm801hs.cloudfront.net();dimelo-answers-production.s3.eu-west-1.amazonaws.com();dimelo-users-production.s3.amazonaws.com();dimelo.s3.amazonaws.com();fonts.googleapis.com(),0,1,0,0,nan,1,False
www.saint-aignan56.fr,Saint-Aignan,56,075b5f6c-9ed7-44a6-b231-b127afce2cc8,200,,3,altro_terzo_parte;cdn_font,fonts.googleapis.com;fonts.gstatic.com;matomo.webalors.com,Google;Google;https://matomo.webalors.com,3,fonts.googleapis.com();fonts.gstatic.com();matomo.webalors.com(),0,0,0,0,,0,False
www.intramuros.org,Vaux-lès-Rubigny,08,075e3848-9f2a-447c-aed2-2f7fd4561668,200,nan,1,altro_terzo_parte,files.appli-intramuros.com,https://files.appli-intramuros.com/website/static/challenge.html,1,files.appli-intramuros.com(),0,1,0,0,nan,1,False
www.saintaubinsurmer.fr,Saint-Aubin-sur-Mer,14,075e5d28-9e4c-49ac-a803-8e6fb0691740,200,,8,altro_terzo_parte;analytics;captcha;cdn_font;sdk_generico,ajax.googleapis.com;cdn.by.wonderpush.com;fonts.axept.io;maxcdn.bootstrapcdn.com;static.axept.io;www.google.com;www.googletagmanager.com;www.gstatic.com,Google;https://cdn.by.wonderpush.com;https://fonts.axept.io;BootstrapCDN;https://static.axept.io;Google;Google;Google,8,ajax.googleapis.com();cdn.by.wonderpush.com();fonts.axept.io();maxcdn.bootstrapcdn.com();static.axept.io();www.google.com();www.googletagmanager.com();www.gstatic.com(),0,0,0,0,,0,False
www.lingevres.fr,Lingèvres,14,075fc707-e795-44b3-a1ed-ccc899cc2181,200,,4,altro_terzo_parte,assets.jwwb.nl;gfonts.jwwb.nl;plausible.io;primary.jwwb.nl,https://assets.jwwb.nl;https://gfonts.jwwb.nl;https://plausible.io/js/script.manual.js;https://primary.jwwb.nl/public/k/p/c/temp-dhtlblrglqencrarohiu/r-1-standard.webp,4,assets.jwwb.nl();gfonts.jwwb.nl();plausible.io();primary.jwwb.nl(),0,1,0,0,,1,False
lenord.fr,Anzin,59,07621455-ba79-4fb1-87d9-6e1ddd3674f9,200,,4,altro_terzo_parte;cdn_font,cdn.jsdelivr.net;spontaneit1.fra1.digitaloceanspaces.com;unpkg.com;use.fontawesome.com,jsDelivr;https://spontaneit1.fra1.digitaloceanspaces.com/le-nord/images/logos/logo-le-nord.png;unpkg;Font Awesome,4,cdn.jsdelivr.net();spontaneit1.fra1.digitaloceanspaces.com();unpkg.com();use.fontawesome.com(),0,0,0,0,,0,False
ville-ansesdarlet.fr,Les Anses-d'Arlet,972,07627f59-349d-4ff7-9eab-30c312b8c94e,200,,4,altro_terzo_parte;cdn_font,fonts.googleapis.com;gmpg.org;khbuhpl.cluster100.hosting.ovh.net;widget.intramuros.org,Google;http://gmpg.org/xfn/11;http://khbuhpl.cluster100.hosting.ovh.net/wp-content/uploads/2024/12/maire.png;https://widget.intramuros.org/js/5.1.0/agenda.js,4,fonts.googleapis.com();gmpg.org();khbuhpl.cluster100.hosting.ovh.net();widget.intramuros.org(),0,0,0,0,,0,False
www.ville-montgiscard.fr,Montgiscard,31,0762f198-8643-4fde-8de1-ec0d71b9f4e5,200,,4,analytics;cdn_font,connect.facebook.net;fonts.googleapis.com;fonts.gstatic.com;www.googletagmanager.com,Meta;Google;Google;Google,4,connect.facebook.net();fonts.googleapis.com();fonts.gstatic.com();www.googletagmanager.com(),0,0,0,0,,0,False
www.gendarmerie.interieur.gouv.fr,Saillans,26,0763688a-9693-4acd-80e8-173adbe3bb1b,nan,ConnectionError,0,nan,nan,nan,nan,nan,nan,0,0,0,nan,0,False
orientation.ac-creteil.fr,Saint-Denis,93,0763bd4e-c003-4d49-bbfa-f7754ec8eeee,,ConnectTimeout,0,,,,,,,0,0,0,,0,False
www.vernsurseiche.fr,Vern-sur-Seiche,35,0765e6ee-0aab-4b17-b350-e75b82ece331,200,,2,cdn_font;video,fonts.googleapis.com;www.youtube.com,Google;Google,2,fonts.googleapis.com();www.youtube.com(),0,0,0,0,,0,False
www.crous-poitiers.fr,La Rochelle,17,07675751-5882-48ae-95c5-b89be235e627,200,,3,altro_terzo_parte;cdn_font,cdn.jsdelivr.net;cdn.priv.center;webapi.affluences.com,jsDelivr;https://cdn.priv.center/pc/truendo_cmp.pid.js;https://webapi.affluences.com/js/webapi_latest.min.js,2,cdn.jsdelivr.net();cdn.priv.center(),0,0,0,0,,0,False
www.logonna-daoulas.bzh,Logonna-Daoulas,29,07688559-03c5-49f1-bf54-2d7fd37cb9c4,200,,7,altro_terzo_parte;cdn_font;video,def773hwqc19t.cloudfront.net;drfogfql429fi.cloudfront.net;e34cfaa7.sibforms.com;files.appli-intramuros.com;fonts.googleapis.com;fonts.gstatic.com;www.youtube.com,https://def773hwqc19t.cloudfront.net/website/static/loupe.png;https://drfogfql429fi.cloudfront.net/intramuros-web/production/_next/static/css/6b832bb1d1f3a401.css;https://e34cfaa7.sibforms.com/v2/serve/MUIFAJmVEs4kQCz-VsZBz2_ucABGgJEf4VkuZxLp-VPJraoIwC5-0-Cnks1IiT__UauHUgZjBWaY5tAgjuKvBJktf8M0r-sO0fJ4D_I8gQw4wbfhg40t9m-xHW1J3AT4dwseBnIbT5MXeuN-hltgSPp5c1TSuLvC_VxPwPsZe_Ar28O0l7iAr_vIfJWK0wUMP4KkfLDQJJynrLOniA==;https://files.appli-intramuros.com;Google;Google;Google,7,def773hwqc19t.cloudfront.net();drfogfql429fi.cloudfront.net();e34cfaa7.sibforms.com();files.appli-intramuros.com();fonts.googleapis.com();fonts.gstatic.com();www.youtube.com(),0,0,0,0,,0,False
finistere.cidff.info,Brest,29,076a433a-f1e2-4926-ba57-9d1bd1ed637a,200,,1,cdn_font,unpkg.com,unpkg,1,unpkg.com(),0,0,0,0,,0,False
fncidff.info,Brest,29,076a433a-f1e2-4926-ba57-9d1bd1ed637a,200,nan,5,altro_terzo_parte;analytics;cdn_font,cookie-cdn.cookiepro.com;sibforms.com;unpkg.com;www.facebook.com;www.googletagmanager.com,https://cookie-cdn.cookiepro.com/scripttemplates/otSDKStub.js;https://sibforms.com/forms/end-form/build/sib-styles.css;unpkg;https://www.facebook.com/tr?id=720924753275353&ev=PageView&noscript=1&cd%5Bpage_title%5D=Accueil&cd%5Bpost_type%5D=page&cd%5Bpost_id%5D=19&cd%5Bplugin%5D=PixelYourSite&cd%5Buser_role%5D=guest&cd%5Bevent_url%5D=fncidff.info%2F;Google,5,cookie-cdn.cookiepro.com();sibforms.com();unpkg.com();www.facebook.com();www.googletagmanager.com(),0,0,0,0,nan,0,False
labarthesurleze.com,Labarthe-sur-Lèze,31,076b4782-2480-4951-87c2-2216c2dbeb32,200,,6,altro_terzo_parte;analytics;captcha;cdn_font,cdn.elementor.com;challenges.cloudflare.com;fonts.googleapis.com;fonts.gstatic.com;gmpg.org;www.googletagmanager.com,https://cdn.elementor.com;Cloudflare;Google;Google;https://gmpg.org/xfn/11;Google,6,cdn.elementor.com();challenges.cloudflare.com();fonts.googleapis.com();fonts.gstatic.com();gmpg.org();www.googletagmanager.com(),0,0,0,0,,0,False
www.thumeries.fr,Thumeries,59,076ccee1-e8ba-4da4-b685-ae3a60f7a23d,200,,7,altro_terzo_parte;analytics;cdn_font,fonts.googleapis.com;fonts.gstatic.com;gmpg.org;maxcdn.bootstrapcdn.com;ressources.atmo-hdf.fr;www.facebook.com;www.googletagmanager.com,Google;Google;http://gmpg.org/xfn/11;BootstrapCDN;https://ressources.atmo-hdf.fr/widget/#5/49.9692638887922/2.77150587227785;https://www.facebook.com/plugins/page.php?href=https%3A%2F%2Fwww.facebook.com%2Fmairiethumeriesofficiel%2F&tabs=timeline&width=500&height=500&small_header=false&adapt_container_width=true&hide_cover=false&show_facepile=true&appId=654248557947123;Google,7,fonts.googleapis.com();fonts.gstatic.com();gmpg.org();maxcdn.bootstrapcdn.com();ressources.atmo-hdf.fr();www.facebook.com();www.googletagmanager.com(),0,0,0,0,,0,False
www.gap-tallard-durance.fr,Gap Cedex,05,076f405f-c409-4f65-bf5b-e706237ecec5,200,,0,,,,0,,0,0,0,0,,0,False
www.gendarmerie.interieur.gouv.fr,Sées,61,07712626-3406-4f65-8def-ce3334f9848e,nan,ConnectionError,0,nan,nan,nan,nan,nan,nan,0,0,0,nan,0,False
commissaire-justice.fr,Paris,75,0771585d-838b-485b-91ed-57fa03206ae1,200,,6,altro_terzo_parte;analytics;cdn_font;sdk_generico;video,fonts.googleapis.com;fonts.gstatic.com;maps.googleapis.com;widget.cncj.org;www.googletagmanager.com;www.youtube.com,Google;Google;Google;https://widget.cncj.org/widget-reservation-style.css?ver=92ddd66fbe7e08c41199b5f3a3d93fdd;Google;Google,6,fonts.googleapis.com();fonts.gstatic.com();maps.googleapis.com();widget.cncj.org();www.googletagmanager.com();www.youtube.com(),0,0,0,0,,0,False
sites.google.com,Mercey,27,0773881f-fe7f-4033-9279-2b4373af53c6,200,,2,sdk_generico,ssl.gstatic.com;www.gstatic.com,Google;Google,2,ssl.gstatic.com();www.gstatic.com(),0,0,0,0,,0,False
www.justice.fr,ALES,30,0776369a-3567-44e6-83c3-a61bb306ff5f,200,,0,,,,0,,0,2,0,0,,2,False
www.pour-les-personnes-agees.gouv.fr,Glanes,46,07770224-57df-4737-882e-b007ac9901ed,200,nan,3,altro_terzo_parte,app-script.monsido.com;cdn-eu.readspeaker.com;siteimproveanalytics.com,https://app-script.monsido.com/v2/monsido-script.js;http://cdn-eu.readspeaker.com/script/7866/webReader/r/r2728/ReadSpeaker.Styles.css?v=3.8.7.2728;https://siteimproveanalytics.com/js/siteanalyze_6134497.js,3,app-script.monsido.com();cdn-eu.readspeaker.com();siteimproveanalytics.com(),0,1,0,0,nan,1,False
www.impots.gouv.fr,Aix-les-Bains,73,07773b3b-b575-4a44-9bc3-d4f681fded8c,200,nan,0,nan,nan,nan,0,nan,0,0,0,0,nan,0,False
www.infojeune41.org,Blois,41,0777e00d-baac-43d3-b570-244a7a271a52,200,,1,analytics,www.googletagmanager.com,Google,1,www.googletagmanager.com(),0,1,1,0,,0,False
www.chenoves.fr,Chenôves,71,07786855-5b1a-4e38-acb7-7199f799fbfc,200,,2,altro_terzo_parte;cdn_font,unpkg.com;web-suivis.arnia-bfc.fr,unpkg;https://web-suivis.arnia-bfc.fr/piwik.php?idsite=233&rec=1&url=https://chenoves.fr/,2,unpkg.com();web-suivis.arnia-bfc.fr(),0,0,0,0,,0,False
www.gendarmerie.interieur.gouv.fr,Montbrun-les-Bains,26,077cb949-951f-469c-8ec5-6af1b93147f1,nan,ConnectionError,0,nan,nan,nan,nan,nan,nan,0,0,0,nan,0,False
www.seinemaritime.fr,Doudeville,76,077ddefc-d7c2-4057-a7e9-d1722ee6f1e3,200,,1,altro_terzo_parte,webchat.wikit.ai,https://webchat.wikit.ai,1,webchat.wikit.ai(),0,0,0,0,,0,False
www.saubrigues.fr,Saubrigues,40,077eac1b-3f9c-40b5-b675-44fbfa07cb54,200,,2,altro_terzo_parte;cdn_font,app.panneaupocket.com;fonts.googleapis.com,https://app.panneaupocket.com/embeded/1774520690;Google,2,app.panneaupocket.com();fonts.googleapis.com(),0,1,0,0,,1,False
www.vitrolles13.fr,Vitrolles,05,077f56a3-fed0-4213-8598-d0b4bc40dfd9,200,,1,captcha,hcaptcha.com,hCaptcha,1,hcaptcha.com(),0,0,0,0,,0,False
www.gosne.fr,Gosné,35,07806ec6-909e-4fc0-8924-4a6be19f87eb,200,,4,altro_terzo_parte;captcha;cdn_font,app.panneaupocket.com;challenges.cloudflare.com;fonts.googleapis.com;gmpg.org,https://app.panneaupocket.com/embeded/1261503624;Cloudflare;Google;http://gmpg.org/xfn/11,4,app.panneaupocket.com();challenges.cloudflare.com();fonts.googleapis.com();gmpg.org(),0,4,0,0,,4,False
www.conseil-national.medecin.fr,Chartres,28,0780ab87-051b-44c9-a9b0-15f9019d51d8,200,nan,1,altro_terzo_parte,static.addtoany.com,https://static.addtoany.com/menu/page.js,1,static.addtoany.com(),0,0,0,0,nan,0,False
conseil28.ordre.medecin.fr,Chartres,28,0780ab87-051b-44c9-a9b0-15f9019d51d8,,ConnectionError,0,,,,,,,0,0,0,,0,False
www.france-services.gouv.fr,Vauciennes,51,078375cd-1e48-4f62-88fb-33bfded96f2f,nan,ConnectionError,0,nan,nan,nan,nan,nan,nan,0,0,0,nan,0,False
www.france-services.gouv.fr,Clermont-Ferrand,63,07854056-9613-4f33-8657-e3d64d7bf891,nan,ConnectionError,0,nan,nan,nan,nan,nan,nan,0,0,0,nan,0,False
www.ain.cci.fr,Bourg-en-Bresse,01,07871577-c7fa-468c-ba11-b17758af9dfc,403,,0,,,,0,,0,1,0,0,,1,True
commune-de-courcy.fr,Courcy,51,0787217b-588c-4fec-bf57-cbb999450512,200,,2,altro_terzo_parte;cdn_font,fonts.googleapis.com;s7.addthis.com,Google;https://s7.addthis.com/js/300/addthis_widget.js#pubid=ra-546ca4145418f103,1,fonts.googleapis.com(),1,0,0,0,,0,False
www.orne.gouv.fr,Mortagne-au-Perche,61,078819b3-261c-492b-9471-9aa6d4c1c59b,,ConnectionError,0,,,,,,,0,0,0,,0,False
www.criquiers.fr,Criquiers,76,07883f8d-1f9b-4ab8-a00f-576fd7bb4ade,200,,2,altro_terzo_parte,code.jquery.com;www.http,https://code.jquery.com/jquery-1.5.min.js;http://www.http://localhost:8082/mairie_criquiers//favicon.ico,1,code.jquery.com(),1,0,0,0,,0,False
www.frunce.fr,Fruncé,28,078a89d6-929b-4e2b-9394-2e9193b1feec,,ReadTimeout,0,,,,,,,0,0,0,,0,False
www.commune-de-beurlay.com,Beurlay,17,078b1182-1c9a-4287-b3f4-54c5b8a87fd9,200,,0,,,,0,,0,0,0,0,,0,False
www.saizerais.fr,Saizerais,54,078b6014-dc4f-4612-8ff3-3083a49c76e8,200,,5,altro_terzo_parte;cdn_font,cdn.jsdelivr.net;cdntag.tarteaucitron.io;fonts.googleapis.com;fonts.gstatic.com;gmpg.org,jsDelivr;https://cdntag.tarteaucitron.io;Google;Google;https://gmpg.org/xfn/11,5,cdn.jsdelivr.net();cdntag.tarteaucitron.io();fonts.googleapis.com();fonts.gstatic.com();gmpg.org(),0,0,0,0,,0,False
saintbauzilledeputois.fr,Saint-Bauzille-de-Putois,34,078cb701-cab6-4a74-92d6-80ce28eca7bb,200,,0,,,,0,,0,0,0,0,,0,False
www.saint-beauzely.fr,Saint-Beauzély,12,078f29f8-ce44-49f4-b301-272714d296c1,200,,5,altro_terzo_parte;analytics;cdn_font,fonts.googleapis.com;gmpg.org;matomo.monsitecommunal.fr;medias.hit.enaveyron.fr;www.googletagmanager.com,Google;https://gmpg.org/xfn/11;https://matomo.monsitecommunal.fr;https://medias.hit.enaveyron.fr/fiches/94753/images/1343337_85f6c026-425b-4f93-a69a-8a00bb749b5a/600.webp;Google,5,fonts.googleapis.com();gmpg.org();matomo.monsitecommunal.fr();medias.hit.enaveyron.fr();www.googletagmanager.com(),0,0,0,0,,0,False
www.montdemarsan.fr,Mont-de-Marsan,40,078fb66e-9c4d-4ecf-9e12-6442f1c05388,200,,5,altro_terzo_parte;cdn_font,cdn.by.wonderpush.com;ff.kis.v2.scr.kaspersky-labs.com;gmpg.org;sibautomation.com;unpkg.com,https://cdn.by.wonderpush.com;https://ff.kis.v2.scr.kaspersky-labs.com;http://gmpg.org/xfn/11;https://sibautomation.com;unpkg,5,cdn.by.wonderpush.com();ff.kis.v2.scr.kaspersky-labs.com(CH);gmpg.org();sibautomation.com();unpkg.com(),0,0,0,0,,0,False
www.villemomble.fr,Villemomble,93,079084a1-fc40-4c65-916a-cfa1c9d09558,200,,0,,,,0,,0,0,0,0,,0,False
www.france-services.gouv.fr,Gex,01,079385d2-640a-47a1-af3a-9229abf28391,nan,ConnectionError,0,nan,nan,nan,nan,nan,nan,0,0,0,nan,0,False
www.cdad-mayenne.fr,VILAINES LA JUHEL,53,0797d980-e968-49f5-907b-2ec001eb1ad9,200,,3,altro_terzo_parte;analytics,gmpg.org;www.cdad-mayenne.com;www.googletagmanager.com,https://gmpg.org/xfn/11;https://www.cdad-mayenne.com/wp-content/uploads/2017/02/conciliateur-e1492077367609.png;Google,2,gmpg.org();www.googletagmanager.com(),1,0,0,0,,0,False
www.bazet.fr,Bazet,65,0798baf6-a487-43fe-9b9e-bf44674528ac,200,,2,cdn_font;cookie_banner,consent.cookiebot.com;fonts.googleapis.com,Cookiebot;Google,2,consent.cookiebot.com();fonts.googleapis.com(),0,0,0,0,,0,False
www.gendarmerie.interieur.gouv.fr,Montmartin-sur-Mer,50,079be079-88a1-4f96-9c27-f676a178eb30,nan,ConnectionError,0,nan,nan,nan,nan,nan,nan,0,0,0,nan,0,False
www.marange-zondrange.fr,Marange-Zondrange,57,079cc895-557d-4e90-9174-b21ebcb854a9,200,,2,altro_terzo_parte;cdn_font,app.panneaupocket.com;fonts.googleapis.com,https://app.panneaupocket.com/embeded/478753974?mode=widget&autoNavigation=0;Google,2,app.panneaupocket.com();fonts.googleapis.com(),0,0,0,0,,0,False
www.calvados.fr,Argences,14,079d05e7-efc4-468f-a34b-9e8e3e32b19a,200,,3,altro_terzo_parte,cdn-assets.prisme.ai;static.fastory.io;static.milibris.com,https://cdn-assets.prisme.ai/blocks/popover/inject/index.js;https://static.fastory.io/pkgs/embed/v2/runtime/embed.min.js;https://static.milibris.com/thumbnail/issue/ffab7e00-2f5e-46e4-b171-4d5f21b0f05e/front/catalog-cover-large.png,3,cdn-assets.prisme.ai();static.fastory.io();static.milibris.com(),0,0,0,0,,0,False
www.grandlyon.com,Lyon,69,079d070f-af90-4116-9e41-f89a1d8af8e2,200,nan,0,nan,nan,nan,0,nan,0,0,0,0,nan,0,False
www.pour-les-personnes-agees.gouv.fr,Lyon,69,079d070f-af90-4116-9e41-f89a1d8af8e2,200,nan,3,altro_terzo_parte,app-script.monsido.com;cdn-eu.readspeaker.com;siteimproveanalytics.com,https://app-script.monsido.com/v2/monsido-script.js;http://cdn-eu.readspeaker.com/script/7866/webReader/r/r2728/ReadSpeaker.Styles.css?v=3.8.7.2728;https://siteimproveanalytics.com/js/siteanalyze_6134497.js,3,app-script.monsido.com();cdn-eu.readspeaker.com();siteimproveanalytics.com(),0,1,0,0,nan,1,False
www.ac-clermont.fr,Aurillac,15,079d8097-b1a1-42c0-8b6d-d52da3da487d,403,,0,,,,0,,0,0,0,0,,0,True
www.gendarmerie.interieur.gouv.fr,Benfeld,67,079ff606-4899-40b4-8235-556605c26176,nan,ConnectionError,0,nan,nan,nan,nan,nan,nan,0,0,0,nan,0,False
www.barzun.fr,Barzun,64,07a291a2-9a6b-41ad-a562-97fb196591e2,200,,3,altro_terzo_parte;cdn_font,app.panneaupocket.com;meteofrance.com;use.fontawesome.com,https://app.panneaupocket.com/embeded/289702575?mode=widget&autoNavigation=0;https://meteofrance.com/widget/prevision/640970##758C7F;Font Awesome,3,app.panneaupocket.com();meteofrance.com();use.fontawesome.com(),0,0,0,0,,0,False
combiers.fr,Combiers,16,07a40593-9caa-4a53-9388-66d62b832cd4,200,,0,,,,0,,0,0,0,0,,0,False
www.toutencourt.fr,Toutencourt,80,07a51ed1-fc06-440c-8db0-308275d5c52d,200,,0,,,,0,,0,0,0,0,,0,False
mairie-romegoux.fr,Romegoux,17,07a69571-160e-4473-be09-02b9165f614f,200,,5,altro_terzo_parte;analytics;cdn_font,app.panneaupocket.com;fonts.gstatic.com;scontent-cdg4-2.xx.fbcdn.net;www.google.com;www.googletagmanager.com,https://app.panneaupocket.com/embeded/733241973?mode=widgetConfig&autoNavigation=0&widgetConfigId=019e3b29-bde0-7fba-a5f8-af5be3530946;Google;https://scontent-cdg4-2.xx.fbcdn.net/v/t39.30808-1/243517494_4678969678828237_1621421235307664328_n.jpg?stp=cp0_dst-jpg_s50x50_tt6&_nc_cat=100&ccb=1-7&_nc_sid=f907e8&_nc_ohc=N0F7xN4EmtkQ7kNvwE3RWzn&_nc_oc=AdqmGZMil_1Q23RXhEfIhRUwZLysX9KOVg6huYHBN9lmQMCRdO25uKYYatYRtBSBpxw&_nc_zt=24&_nc_ht=scontent-cdg4-2.xx&edm=AKIiGfEEAAAA&_nc_gid=RkS2_9iSo7bUE2moy_qBkA&_nc_tpa=Q5bMBQIJe4JS-AVxEIgnAqCtzbASvPIjdQPcjlapUEkMkCEK_kFc0kLWAPrgQD1MJ0reTci94kWUiWNXbw&oh=00_AQIwr7fs-Acpv16csMkBSgQYJhsgD2u17GL8u_qc9QPTrw&oe=6AB05A08;https://www.google.com/maps/embed?pb=!1m18!1m12!1m3!1d22228.9614264675!2d-0.8221754928787269!3d45.85890045045305!2m3!1f0!2f0!3f0!3m2!1i1024!2i768!4f13.1!3m3!1m2!1s0x480117af994fb78b%3A0x2006fe9b24f28d7d!2sMairie%20de%20Romegoux!5e0!3m2!1sfr!2sfr!4v1629189897671!5m2!1sfr!2sfr;Google,5,app.panneaupocket.com();fonts.gstatic.com();scontent-cdg4-2.xx.fbcdn.net();www.google.com();www.googletagmanager.com(),0,0,0,0,,0,False
cieutat.net,Cieutat,65,07a79c31-41cc-41da-a4e4-86ecf1885a23,200,,5,altro_terzo_parte;cdn_font,app.panneaupocket.com;campagnolv2-1.campagnol.fr;fonts.googleapis.com;fonts.gstatic.com;gmpg.org,https://app.panneaupocket.com/embeded/262090217;https://campagnolv2-1.campagnol.fr/wp-content/themes/twentyseventeen-child/assets/images/logo-campagnol-2023.png;Google;Google;http://gmpg.org/xfn/11,5,app.panneaupocket.com();campagnolv2-1.campagnol.fr();fonts.googleapis.com();fonts.gstatic.com();gmpg.org(),0,0,0,0,,0,False
www.mairie-moulay.fr,Moulay,53,07a8d7e6-4c1c-4fa1-a6c2-0adceb1bf856,200,,8,altro_terzo_parte;analytics;cdn_font;sdk_generico,cdnjs.cloudflare.com;code.jquery.com;fonts.googleapis.com;fonts.gstatic.com;maps.googleapis.com;maxcdn.bootstrapcdn.com;vjs.zencdn.net;www.googletagmanager.com,Cloudflare;https://code.jquery.com/jquery-3.4.1.min.js;Google;Google;Google;BootstrapCDN;https://vjs.zencdn.net/4.10/video-js.css;Google,8,cdnjs.cloudflare.com();code.jquery.com();fonts.googleapis.com();fonts.gstatic.com();maps.googleapis.com();maxcdn.bootstrapcdn.com();vjs.zencdn.net();www.googletagmanager.com(),0,1,0,0,,1,False
www.kaleido.centres-sociaux.fr,Noyelles-sous-Lens,62,07a8fd2f-57f6-49c3-9d58-03aafbe60b75,200,,1,analytics,www.googletagmanager.com,Google,1,www.googletagmanager.com(),0,0,0,0,,0,False
www.chu-lyon.fr,Lyon,69,07a90873-624a-4e25-8748-56c72df3d8d3,200,,1,analytics,www.googletagmanager.com,Google,1,www.googletagmanager.com(),0,0,0,0,,0,False
www.tournan-en-brie.fr,Tournan-en-Brie,77,07a92af7-c360-486c-accc-ee069f775737,200,,3,altro_terzo_parte;cdn_font,cdn.elementor.com;fonts.googleapis.com;gmpg.org,https://cdn.elementor.com;Google;https://gmpg.org/xfn/11,3,cdn.elementor.com();fonts.googleapis.com();gmpg.org(),0,0,0,0,,0,False
www.douane.gouv.fr,Le Havre,76,07a9fce9-d1f0-45fc-8171-828265ed87c7,200,nan,0,nan,nan,nan,0,nan,0,1,0,0,nan,1,False
www.france-services.gouv.fr,Lorquin,57,07aac31a-9c8a-499e-8184-166a862d09a0,nan,ConnectionError,0,nan,nan,nan,nan,nan,nan,0,0,0,nan,0,False
sapeurs-pompiers65.fr,Bordères-sur-l'Échez,65,07ac1d5a-4f28-49b8-a8d4-39a030c83dc4,200,,2,altro_terzo_parte;cdn_font,code.jquery.com;fonts.googleapis.com,https://code.jquery.com;Google,2,code.jquery.com();fonts.googleapis.com(),0,1,0,0,,1,False
www.ville-saint-ay.fr,Saint-Ay,45,07ada646-359c-4d0b-8c6d-4e7c801899ad,200,,2,altro_terzo_parte;cdn_font,fonts.googleapis.com;www.larep.fr,Google;https://www.larep.fr/photoSRC/VVZTJ19dUTgIDAVOBQwd/les-bancs-a-compartiments-de-leglise-de-saint-ay-quand-chaqu_7768863.jpeg,2,fonts.googleapis.com();www.larep.fr(),0,2,1,0,,1,False
www.mairie-villeroy.fr,Villeroy,89,07ade234-f14b-4579-817f-d3ced2a7db7f,200,,2,altro_terzo_parte;cdn_font,unpkg.com;web-suivis.ternum-bfc.fr,unpkg;https://web-suivis.ternum-bfc.fr/piwik.php?idsite=818&rec=1&url=https://mairie-villeroy.fr/,2,unpkg.com();web-suivis.ternum-bfc.fr(),0,0,0,0,,0,False
territoiredebelfort.cidff.info,Belfort,90,07aebb7d-3740-4b42-beea-0274c790c6ea,200,,1,cdn_font,unpkg.com,unpkg,1,unpkg.com(),0,0,0,0,,0,False
fncidff.info,Belfort,90,07aebb7d-3740-4b42-beea-0274c790c6ea,200,nan,5,altro_terzo_parte;analytics;cdn_font,cookie-cdn.cookiepro.com;sibforms.com;unpkg.com;www.facebook.com;www.googletagmanager.com,https://cookie-cdn.cookiepro.com/scripttemplates/otSDKStub.js;https://sibforms.com/forms/end-form/build/sib-styles.css;unpkg;https://www.facebook.com/tr?id=720924753275353&ev=PageView&noscript=1&cd%5Bpage_title%5D=Accueil&cd%5Bpost_type%5D=page&cd%5Bpost_id%5D=19&cd%5Bplugin%5D=PixelYourSite&cd%5Buser_role%5D=guest&cd%5Bevent_url%5D=fncidff.info%2F;Google,5,cookie-cdn.cookiepro.com();sibforms.com();unpkg.com();www.facebook.com();www.googletagmanager.com(),0,0,0,0,nan,0,False
www.mairie-bulgneville.fr,Bulgnéville,88,07af7251-a54a-4709-b7ad-6e077f4b1281,200,,2,altro_terzo_parte,compteur.websiteout.com;www.ta-meteo.fr,https://compteur.websiteout.com/js/22/5/0/0;http://www.ta-meteo.fr/widget2/e29a89ae6c2b40cebd55d6e7cbb0b54f,2,compteur.websiteout.com();www.ta-meteo.fr(),0,0,0,0,,0,False
www.cicas.agirc-arrco.fr,Laon,02,07af982d-b7ae-4d1b-bf03-5460eaf73e96,200,nan,2,cdn_font,fonts.googleapis.com;fonts.gstatic.com,Google;Google,2,fonts.googleapis.com();fonts.gstatic.com(),0,0,0,0,nan,0,False
www.udaf25.fr,Montbéliard,25,07b10070-0c30-462a-81d5-a70997c2d74d,200,,1,analytics,www.googletagmanager.com,Google,1,www.googletagmanager.com(),0,0,0,0,,0,False
www.pontduchateau.fr,Pont-du-Château,63,07b14bc9-570e-44cc-8e61-bf580d436e1b,418,,1,cdn_font,fonts.googleapis.com,Google,1,fonts.googleapis.com(),0,5,0,0,,5,False
www.impots.gouv.fr,Toulouse,31,07b1b951-e2bc-4786-ba68-30390aeb1126,200,nan,0,nan,nan,nan,0,nan,0,0,0,0,nan,0,False
www.marquette-en-ostrevant.fr,Marquette-en-Ostrevant,59,07b43cc9-f192-41c9-98e1-c4b0415cd9f0,200,,2,altro_terzo_parte;cdn_font,app.panneaupocket.com;fonts.googleapis.com,https://app.panneaupocket.com/ville/516063816;Google,2,app.panneaupocket.com();fonts.googleapis.com(),0,0,0,0,,0,False
www.impots.gouv.fr,Grandpré,08,07b58d16-6c31-4a78-a385-cafe524721c3,200,nan,0,nan,nan,nan,0,nan,0,0,0,0,nan,0,False
www.mairiethaon14.fr,Thaon,14,07b73e61-6afa-46c5-ab7a-a4cd320bddb7,200,,4,altro_terzo_parte;captcha;cdn_font,fonts.googleapis.com;fonts.gstatic.com;gmpg.org;www.google.com,Google;Google;http://gmpg.org/xfn/11;Google,4,fonts.googleapis.com();fonts.gstatic.com();gmpg.org();www.google.com(),0,0,0,0,,0,False
www.mairie-antilly.fr,Antilly,57,07b75a75-dce1-483d-96af-7e40e3e6ce77,200,,3,altro_terzo_parte;analytics;cdn_font,fonts.googleapis.com;gmpg.org;www.googletagmanager.com,Google;https://gmpg.org/xfn/11;Google,3,fonts.googleapis.com();gmpg.org();www.googletagmanager.com(),0,0,0,0,,0,False
www.archipel-developpement.fr,Saint-Pierre,975,07b8e413-4e36-422b-9c52-38c5a60580e0,200,,3,altro_terzo_parte;analytics;sdk_generico,code.jquery.com;maps.googleapis.com;www.googletagmanager.com,https://code.jquery.com/jquery-1.12.4.min.js;Google;Google,3,code.jquery.com();maps.googleapis.com();www.googletagmanager.com(),0,0,0,0,,0,False
france-renov.gouv.fr,Saint-Pierre,975,07b8e413-4e36-422b-9c52-38c5a60580e0,200,nan,0,nan,nan,nan,0,nan,0,2,0,0,nan,2,False
www.herbignac.com,Herbignac,44,07ba321b-89be-496d-a168-fb27216a978e,200,,2,altro_terzo_parte;cdn_font,a9.com;cdnjs.cloudflare.com,http://a9.com/-/spec/opensearch/1.1/;Cloudflare,2,a9.com();cdnjs.cloudflare.com(),0,0,0,0,,0,False
www.salinelles.fr,Salinelles,30,07bb0dd4-891a-4521-9532-086cf72837b1,200,,2,altro_terzo_parte;captcha,piwik.logipro.com;www.google.com,https://piwik.logipro.com/piwik/piwik.php?idsite=149&rec=1&bots=1;Google,2,piwik.logipro.com();www.google.com(),0,1,1,0,,0,False
www.les-essards.fr,Les Essards,17,07bc76a0-1121-4491-8639-4d98144c8b80,,ConnectTimeout,0,,,,,,,0,0,0,,0,False
www.france-services.gouv.fr,Clermont-Ferrand,63,07bca9c7-1675-43f4-8c8d-2d2a3b32f3b8,nan,ConnectionError,0,nan,nan,nan,nan,nan,nan,0,0,0,nan,0,False
www.missions-locales.org,Vaulx-en-Velin,69,07bce0a7-242b-44bb-892e-7b231b7fa481,200,,2,analytics;cdn_font,cdn.jsdelivr.net;www.googletagmanager.com,jsDelivr;Google,2,cdn.jsdelivr.net();www.googletagmanager.com(),0,0,0,0,,0,False
www.calvados.gouv.fr,Hérouville-Saint-Clair,14,07bcff68-b026-4d7e-b06b-a1276ff8d36b,,ConnectionError,0,,,,,,,0,0,0,,0,False
normandie.dreets.gouv.fr,Hérouville-Saint-Clair,14,07bcff68-b026-4d7e-b06b-a1276ff8d36b,200,,0,,,,0,,0,1,0,0,,1,False
www.rhone.fr,Saint-Laurent-de-Chamousset,69,07be942d-12ed-42d5-8bfe-f8abc5c45fd6,200,,0,,,,0,,0,1,0,0,,1,False
www.villers-outreaux.fr,Villers-Outréaux,59,07bfc3a5-0ccf-4067-8931-91351225f48d,200,,2,altro_terzo_parte,analytics.double-y.fr;www.double-y.fr,https://analytics.double-y.fr/piwik.php?idsite=80;https://www.double-y.fr/dy_admin/websolutions2.png?v=2024,2,analytics.double-y.fr();www.double-y.fr(),0,1,1,0,,0,False
www.durcet.fr,Durcet,61,07c044b8-2b84-4aeb-a8e5-d6ec3560bfca,200,,3,altro_terzo_parte;analytics;cdn_font,fonts.googleapis.com;pro.fontawesome.com;www.googletagmanager.com,Google;https://pro.fontawesome.com/releases/v5.1.0/css/all.css;Google,3,fonts.googleapis.com();pro.fontawesome.com();www.googletagmanager.com(),0,0,0,0,,0,False
www.impots.gouv.fr,Bron,69,07c1cb85-aff8-4167-8f7b-b4c02474c64f,200,nan,0,nan,nan,nan,0,nan,0,0,0,0,nan,0,False
www.gendarmerie.interieur.gouv.fr,Éclaron-Braucourt-Sainte-Livière,52,07c24911-90ce-47b9-bfc8-e391c4550495,nan,ConnectionError,0,nan,nan,nan,nan,nan,nan,0,0,0,nan,0,False
www.saintmacoux.fr,Val-de-Comporté,86,07c24ad9-f03c-44f0-971a-8274ee27fb38,200,,2,altro_terzo_parte;analytics,counter9.stat.ovh;www.google-analytics.com,https://counter9.stat.ovh/private/compteurdevisite.php?c=ngfupecf76pqq5spubq6wasdlcfemq3r;Google,2,counter9.stat.ovh();www.google-analytics.com(),0,0,0,0,,0,False
www.gendarmerie.interieur.gouv.fr,Grimaud,83,07c29e09-fd84-45fc-8a60-f5d693b44ac7,nan,ConnectionError,0,nan,nan,nan,nan,nan,nan,0,0,0,nan,0,False
www.intramuros.org,Tharot,89,07c2bcef-84c3-4965-a333-605ceaad7a3c,200,nan,1,altro_terzo_parte,files.appli-intramuros.com,https://files.appli-intramuros.com/website/static/challenge.html,1,files.appli-intramuros.com(),0,1,0,0,nan,1,False
www.france-services.gouv.fr,Herbault,41,07c316d5-45ea-4c75-861c-8965814abeeb,nan,ConnectionError,0,nan,nan,nan,nan,nan,nan,0,0,0,nan,0,False
mairie-de-mexy.fr,Mexy,54,07c536fe-4ff2-4fb2-9d19-1dea02657433,200,,2,cdn_font,fonts.googleapis.com;maxcdn.bootstrapcdn.com,Google;BootstrapCDN,2,fonts.googleapis.com();maxcdn.bootstrapcdn.com(),0,0,0,0,,0,False
www.ariege.gouv.fr,Foix,09,07c5b0b3-fc70-480b-bb61-837238346172,nan,ConnectionError,0,nan,nan,nan,nan,nan,nan,0,0,0,nan,0,False
www.ville-drap.fr,Drap,06,07c91d61-3a0c-4da5-93ac-948de74a968c,200,,0,,,,0,,0,3,0,0,,3,False
www.chu-orleans.fr,Orléans La Source,45,07c952b1-30ad-4ebd-9103-9dda1b8b5b91,200,,2,altro_terzo_parte;captcha,cdn.by.wonderpush.com;hcaptcha.com,https://cdn.by.wonderpush.com/sdk/1.1/wonderpush-loader.min.js;hCaptcha,2,cdn.by.wonderpush.com();hcaptcha.com(),0,0,0,0,,0,False
mairie-sevenans.fr,Sevenans,90,07cb1c1b-0252-419c-b70b-c9eeb45c2667,200,,4,altro_terzo_parte;cdn_font,fonts.googleapis.com;gmpg.org;maps.google.com;static.xx.fbcdn.net,Google;https://gmpg.org/xfn/11;https://maps.google.com/maps?q=Mairie%20de%20Sevenans&t=m&z=14&output=embed&iwloc=near;https://static.xx.fbcdn.net/images/emoji.php/v9/t9e/1/16/27a1.png,4,fonts.googleapis.com();gmpg.org();maps.google.com();static.xx.fbcdn.net(),0,0,0,0,,0,False
www.marbache.fr,Marbache,54,07cf72ca-b0bd-4ddf-a9f3-69184e5b433c,200,,2,altro_terzo_parte;analytics,www.googletagmanager.com;www.toutimages.com,Google;http://www.toutimages.com/prenoms/prenoms_p_3.js,2,www.googletagmanager.com();www.toutimages.com(),0,1,0,0,,1,False
ville-illzach.fr,Illzach,68,07d0e55e-764b-42f4-a936-220b61de444e,200,,5,altro_terzo_parte;analytics;cdn_font,cdn.elementor.com;fonts.googleapis.com;fonts.gstatic.com;gmpg.org;www.googletagmanager.com,https://cdn.elementor.com;Google;Google;https://gmpg.org/xfn/11;Google,5,cdn.elementor.com();fonts.googleapis.com();fonts.gstatic.com();gmpg.org();www.googletagmanager.com(),0,0,0,0,,0,False
www.nort-leulinghem.fr,Nort-Leulinghem,62,07d3caf9-9208-4d4a-926b-15188e4127c1,200,,1,altro_terzo_parte,www.meteofrance.com,http://www.meteofrance.com/mf3-rpc-portlet/rest/vignettepartenaire/626220/type/VILLE_FRANCE/size/PORTRAIT_VIGNETTE,1,www.meteofrance.com(),0,1,1,0,,0,False
www.lot-et-garonne.gouv.fr,Marmande,47,07d4244b-eeb9-4507-8820-2cefa49cd22e,,ConnectionError,0,,,,,,,0,0,0,,0,False
www.associations.gouv.fr,Marmande,47,07d4244b-eeb9-4507-8820-2cefa49cd22e,200,nan,0,nan,nan,nan,0,nan,0,0,0,0,nan,0,False
commune-de-lavancia-epercy.neopse-site.com,Lavancia-Epercy,39,07d478ce-c6df-43dc-b51b-36d1527bd1a2,200,,5,altro_terzo_parte;captcha;cdn_font,cdnjs.cloudflare.com;fonts.googleapis.com;fonts.gstatic.com;js.hcaptcha.com;static.neopse.com,Cloudflare;Google;Google;hCaptcha;https://static.neopse.com/medias/p/1235/site/4a/65/75/4a6575cd13c58306f4ae8436f4a03c3a5cbcad70.jpg,5,cdnjs.cloudflare.com();fonts.googleapis.com();fonts.gstatic.com();js.hcaptcha.com();static.neopse.com(),0,0,0,0,,0,False
www.pour-les-personnes-agees.gouv.fr,Eymoutiers,87,07d5b6e5-db32-4282-a3cf-b4253f3ab699,200,nan,3,altro_terzo_parte,app-script.monsido.com;cdn-eu.readspeaker.com;siteimproveanalytics.com,https://app-script.monsido.com/v2/monsido-script.js;http://cdn-eu.readspeaker.com/script/7866/webReader/r/r2728/ReadSpeaker.Styles.css?v=3.8.7.2728;https://siteimproveanalytics.com/js/siteanalyze_6134497.js,3,app-script.monsido.com();cdn-eu.readspeaker.com();siteimproveanalytics.com(),0,1,0,0,nan,1,False
www.francetravail.fr,Beaune,21,07d68c38-7e99-43af-a10f-dc0c0fe62172,200,nan,1,altro_terzo_parte,cdn.tagcommander.com,https://cdn.tagcommander.com/4340/tc_PoleEmploi_24.js,1,cdn.tagcommander.com(),0,2,0,0,nan,2,False
www.france-services.gouv.fr,Mtsamboro,976,07d9428e-55e9-4abd-b865-8a6a59b075d0,nan,ConnectionError,0,nan,nan,nan,nan,nan,nan,0,0,0,nan,0,False
villarsetvillenotte.wordpress.com,Villars-et-Villenotte,21,07d99603-8cfb-4b31-a633-5e311368716c,200,,9,altro_terzo_parte,0.gravatar.com;af.pubmine.com;gmpg.org;pixel.wp.com;s0.wp.com;s1.wp.com;s2.wp.com;stats.wp.com;wp.me,https://0.gravatar.com/js/hovercards/hovercards.min.js?ver=202638d1133547e8a1f2801609f51cef12522abe7f6647d869e9fbc974fe356a37e613;https://af.pubmine.com;https://gmpg.org/xfn/11;https://pixel.wp.com/b.gif?v=noscript;https://s0.wp.com;https://s1.wp.com/opensearch.xml;https://s2.wp.com/i/logo/wpcom-gray-white.png?m=1479929237i;https://stats.wp.com/w.js?69;https://wp.me/Pd8rz2-6,9,0.gravatar.com();af.pubmine.com(US);gmpg.org();pixel.wp.com();s0.wp.com();s1.wp.com();s2.wp.com();stats.wp.com();wp.me(US),0,0,0,0,,0,False
www.santetravail17.com,La Rochelle,17,07da8577-0900-417e-8b36-f7440d3d2c21,200,,4,altro_terzo_parte,browser.sentry-cdn.com;siteassets.parastorage.com;static.parastorage.com;static.wixstatic.com,"https://browser.sentry-cdn.com/7.120.3/modulemetadata.es5.min.js;https://siteassets.parastorage.com/pages/pages/thunderbolt?appDefinitionIdToSiteRevision=%7B%2214271d6f-ba62-d045-549b-ab972ae1f70e%22%3A%2225%22%2C%2213d21c63-b5ec-5912-8397-c3a5ddb27a97%22%3A%22440%22%2C%221522827f-c56c-a5c9-2ac9-00f9e6ae12d3%22%3A%221903%22%7D&beckyExperiments=.DatePickerPortal%2C.EnableCustomCSSVarsForLoginSocialBar%2C.FreemiumBannerOdeditor%2C.LoginBarEnableLoggingInStateInSSR%2C.TextInputAutoFillFix%2C.UseLoginSocialBarCustomMenu%2C.UseNestedLoginSocialBarMenuItems%2C.UseNewLoginBarDropdownMenuAlignment%2C.UseNewLoginSocialBarElementStructure%2C.UseNewLoginSocialBarMemberInitialsAvatar%2C.WixFreeSiteBannerDesktop%2C.WixFreeSiteBannerMobile%2C.addIdAsClassName%2C.buttonUdp%2C.calculateCollapsibleTextLineHeightByFont%2C.dynamicPageLinkTarget%2C.dynamicSlots%2C.fiveGridLineStudioSkins%2C.fixFirefoxLinkBarIntrinsicSizing%2C.isClassNameToRootEnabled%2C.logVsmPlatformDiff%2C.migrateSdkDataMappers%2C.resolveManifestInTB%2C.splitSlotSelectors%2C.stopResolvingInnerSelectors_VAG%2C.svgResolver_2%2C.updateRichTextSemanticClassNamesOnCorvid%2C.useClassnameInResponsiveAppWidget%2C.useImageAvifFormatInNativeProGallery%2C.useWowImageInFastGallery&blocksBuilderManifestGeneratorVersion=1.129.0&contentType=application%2Fjson&dfCk=6&dfVersion=1.5593.0&editorName=Unknown&experiments=dm_masterPageVariablesQueryFixer%2Cdm_migrateOldHoverBoxToNewFixer&externalBaseUrl=https%3A%2F%2Fwww.santetravail17.com&fileId=ac284a06.bundle.min&formFactor=desktop&hasTPAWorkerOnSite=false&hasUserDomainMedia=false&isBuilderComponentModel=false&isHttps=true&isInSeo=false&isPremiumDomain=true&isUrlMigrated=true&isWixCodeOnPage=false&isWixCodeOnSite=false&language=fr&metaSiteId=f9f45763-249f-4af6-b31d-1f0aa59c5aee&module=thunderbolt-platform&originalLanguage=fr&pageId=b395d3_58feeb8b63e22340c1953757f016d1ea_1333.json&pilerExperiments=specs.piler.useEditorReactComponents&quickActionsMenuEnabled=false®istryLibrariesTopology=%5B%7B%22artifactId%22%3A%22editor-elements%22%2C%22namespace%22%3A%22wixui%22%2C%22url%22%3A%22https%3A%2F%2Fstatic.parastorage.com%2Fservices%2Feditor-elements%2F1.15500.0%22%7D%2C%7B%22artifactId%22%3A%22editor-elements%22%2C%22namespace%22%3A%22dsgnsys%22%2C%22url%22%3A%22https%3A%2F%2Fstatic.parastorage.com%2Fservices%2Feditor-elements%2F1.15500.0%22%7D%5D&remoteWidgetStructureBuilderVersion=1.251.0&siteId=d9065350-582f-440f-a70d-1db4aab04f47&siteRevision=1333&staticHTMLComponentUrl=https%3A%2F%2Fwww-santetravail17-com.filesusr.com%2F&viewMode=desktop;https://static.parastorage.com/services/tag-manager-client/1.1075.0/siteTags.bundle.min.js;https://static.wixstatic.com/media/b395d3_79bebe0d968a4b2aad827ac70b4231a3~mv2.png/v1/fill/w_262,h_65,al_c,q_85,usm_0.66_1.00_0.01,enc_avif,quality_auto/b395d3_79bebe0d968a4b2aad827ac70b4231a3~mv2.png",4,browser.sentry-cdn.com();siteassets.parastorage.com();static.parastorage.com();static.wixstatic.com(),0,3,0,0,,3,False
www.afpa.fr,Migennes,89,07dbd4e9-7f2e-4db6-9472-34685cfd9345,200,,6,altro_terzo_parte;cdn_font;sdk_generico,cdn.jsdelivr.net;cdn.tagcommander.com;code.jquery.com;maps.googleapis.com;redirect2286.tagcommander.com;ws.sharethis.com,jsDelivr;https://cdn.tagcommander.com/2286/tc_AFPA_3.js;https://code.jquery.com/ui/1.13.2/jquery-ui.min.js;Google;https://redirect2286.tagcommander.com/utils/noscript.php?id=3&mode=iframe;https://ws.sharethis.com/button/buttons.js,6,cdn.jsdelivr.net();cdn.tagcommander.com();code.jquery.com();maps.googleapis.com();redirect2286.tagcommander.com();ws.sharethis.com(),0,4,1,0,,3,False
la-foye-monjault.fr,La Foye-Monjault,79,07dbfe3d-815e-4c64-b270-d5b10e1f9754,200,,5,altro_terzo_parte;captcha;cdn_font,cdnjs.cloudflare.com;fonts.googleapis.com;fonts.gstatic.com;js.hcaptcha.com;static.neopse.com,Cloudflare;Google;Google;hCaptcha;https://static.neopse.com/medias/p/1073/site/23/ec/44/23ec445a9f63a914905f87bd0ec87f7a476b0ed2.gif?v=v1,5,cdnjs.cloudflare.com();fonts.googleapis.com();fonts.gstatic.com();js.hcaptcha.com();static.neopse.com(),0,0,0,0,,0,False
www.grussenheim.fr,Grussenheim,68,07dc0704-4769-458c-9b9e-1609ea03ab50,200,,2,altro_terzo_parte;cdn_font,fonts.googleapis.com;s.w.org,Google;https://s.w.org,2,fonts.googleapis.com();s.w.org(),0,0,0,0,,0,False
www.cote-dor.gouv.fr,Dijon,21,07dfb67b-2e38-4273-80ff-14a4cdcd85cf,,ConnectionError,0,,,,,,,0,0,0,,0,False
saint-benoit-sur-loire.fr,Saint-Benoît-sur-Loire,45,07e00ee5-2edb-4948-84e7-42ea452533c4,200,,3,altro_terzo_parte;cdn_font,cdn.hu-manity.co;fonts.googleapis.com;www.google.com,https://cdn.hu-manity.co;Google;https://www.google.com/maps/embed?pb=!1m18!1m12!1m3!1d42872.36583078995!2d2.2783037202792964!3d47.81008422330421!2m3!1f0!2f0!3f0!3m2!1i1024!2i768!4f13.1!3m3!1m2!1s0x47e5140cb3ea4935%3A0x69fa211cdad73ca3!2sSaint-Beno%C3%AEt-sur-Loire!5e0!3m2!1sfr!2sfr!4v1756905307440!5m2!1sfr!2sfr,3,cdn.hu-manity.co();fonts.googleapis.com();www.google.com(),0,0,0,0,,0,False
www.blennes.fr,Blennes,77,07e02456-a7e3-421f-935c-65c2d4002fd0,200,,2,cdn_font,cdn.jsdelivr.net;unpkg.com,jsDelivr;unpkg,2,cdn.jsdelivr.net();unpkg.com(),0,0,0,0,,0,False
www.ameli.fr,Paris,75,07e37671-7cb6-4838-9e7a-04afa6acb8bf,200,nan,3,altro_terzo_parte;analytics;cdn_font,cdn.jsdelivr.net;tag.aticdn.net;www.googletagmanager.com,jsDelivr;https://tag.aticdn.net/piano-analytics.js;Google,3,cdn.jsdelivr.net();tag.aticdn.net();www.googletagmanager.com(),0,0,0,0,nan,0,False
forum-assures.ameli.fr,Paris,75,07e37671-7cb6-4838-9e7a-04afa6acb8bf,200,nan,5,altro_terzo_parte;cdn_font,d350tqmxm801hs.cloudfront.net;dimelo-answers-production.s3.eu-west-1.amazonaws.com;dimelo-users-production.s3.amazonaws.com;dimelo.s3.amazonaws.com;fonts.googleapis.com,https://d350tqmxm801hs.cloudfront.net/production/ameli-forum/images/refonte-identite-2022/logo_forum-ameli.svg?1649083461;https://dimelo-answers-production.s3.eu-west-1.amazonaws.com/291/a2635c8ee1bec415/170413152806_5f8b2eb0d19885b6b8d6226fe9d6780e_original.png?7cc8cfd;https://dimelo-users-production.s3.amazonaws.com/identity_avatars/bdea85ceb7d562ab/avatar_x-large.png?7cc8cfd;https://dimelo.s3.amazonaws.com/custom-v2/ameli/tarteaucitron/tarteaucitron.js;Google,5,d350tqmxm801hs.cloudfront.net();dimelo-answers-production.s3.eu-west-1.amazonaws.com();dimelo-users-production.s3.amazonaws.com();dimelo.s3.amazonaws.com();fonts.googleapis.com(),0,1,0,0,nan,1,False
www.querrieu.fr,Querrieu,80,07e454ea-b2b2-4007-be4c-e00ae2fc115e,200,,2,altro_terzo_parte;cdn_font,fonts.googleapis.com;gmpg.org,Google;https://gmpg.org/xfn/11,2,fonts.googleapis.com();gmpg.org(),0,0,0,0,,0,False
www.avesnes-sur-helpe.fr,Avesnes-sur-Helpe,59,07e5e294-22e8-44be-9a7a-34837bd6f818,200,,1,altro_terzo_parte,v.rvvn.org,https://v.rvvn.org/js/?idsite=19&rec=1,1,v.rvvn.org(),0,1,0,0,,1,False
lucylebocage.free.fr,Lucy-le-Bocage,02,07e891ea-a658-4263-a2b2-cc4ae94ed706,200,,2,altro_terzo_parte,compteur.websiteout.net;www.meteofrance.com,http://compteur.websiteout.net/js/18/6/250/0;http://www.meteofrance.com/mf3-rpc-portlet/rest/vignettepartenaire/024430/type/VILLE_FRANCE/size/PAYSAGE_VIGNETTE,2,compteur.websiteout.net();www.meteofrance.com(),0,0,0,0,,0,False
www.gendarmerie.interieur.gouv.fr,Sainte-Croix-en-Plaine,68,07ed98b6-e0d9-499a-8841-f7e5927f27e2,nan,ConnectionError,0,nan,nan,nan,nan,nan,nan,0,0,0,nan,0,False
www.segreenanjoubleu.fr,Segré-en-Anjou Bleu,49,07ee04b2-f718-4cbc-a84f-00043dddbc94,200,,3,altro_terzo_parte;analytics,stats.wp.com;v0.wordpress.com;www.googletagmanager.com,https://stats.wp.com;https://v0.wordpress.com;Google,3,stats.wp.com();v0.wordpress.com(US);www.googletagmanager.com(),0,0,0,0,,0,False
www.bernes-sur-oise.fr,Bernes-sur-Oise,95,07ee0672-d96f-4774-9072-7503603ca1e6,200,,6,altro_terzo_parte;captcha;cdn_font,cdnjs.cloudflare.com;fonts.googleapis.com;fonts.gstatic.com;js.hcaptcha.com;static.neopse.com;translate.google.com,Cloudflare;Google;Google;hCaptcha;https://static.neopse.com/medias/d/label/d1/66/c1/d166c1eb45561860ae12526ceae3a7f9f90ec8ca.jpg;https://translate.google.com/translate_a/element.js?cb=googleTranslateElementInit,6,cdnjs.cloudflare.com();fonts.googleapis.com();fonts.gstatic.com();js.hcaptcha.com();static.neopse.com();translate.google.com(),0,0,0,0,,0,False
www.impots.gouv.fr,Blaye,33,07ee874d-1691-4a38-88a4-f6bf3053c063,200,nan,0,nan,nan,nan,0,nan,0,0,0,0,nan,0,False
www.cdad-ca-rennes.fr,MONTFORT-SUR-MEU,35,07f44460-c661-4f4c-b71a-01810db1b33c,200,,2,altro_terzo_parte;captcha,gmpg.org;www.google.com,http://gmpg.org/xfn/11;Google,2,gmpg.org();www.google.com(),0,1,1,0,,0,False
gressey.com,Gressey,78,07fa7459-b31f-484f-a6e4-90d23faf93e9,200,,5,altro_terzo_parte;analytics;cdn_font,fonts.googleapis.com;fonts.gstatic.com;gmpg.org;www.googletagmanager.com;www.xn--mto-bmab.fr,Google;Google;https://gmpg.org/xfn/11;Google;https://www.xn--mto-bmab.fr/widget4/4b074598102c4cdbb1c1356f68862f4c.png?t=time(),5,fonts.googleapis.com();fonts.gstatic.com();gmpg.org();www.googletagmanager.com();www.xn--mto-bmab.fr(),0,3,0,0,,3,False
saint-nicolas-du-tertre.fr,Saint-Nicolas-du-Tertre,56,07fcea26-0ac0-457e-b32e-8f56ae6473fd,200,,4,altro_terzo_parte;cdn_font,campagnolv2-2.campagnol.fr;fonts.googleapis.com;fonts.gstatic.com;gmpg.org,https://campagnolv2-2.campagnol.fr/wp-content/themes/twentyseventeen-child/assets/images/logo-campagnol-2023.png;Google;Google;http://gmpg.org/xfn/11,4,campagnolv2-2.campagnol.fr();fonts.googleapis.com();fonts.gstatic.com();gmpg.org(),0,0,0,0,,0,False
www.defense.gouv.fr,Rouen,76,07ff32aa-0820-4d93-8971-8f6e4f06c5ff,200,,0,,,,0,,0,2,1,0,,1,False
www.gendarmerie.interieur.gouv.fr,Auxerre,89,07ffc559-58de-4d94-a294-323762cefa0f,nan,ConnectionError,0,nan,nan,nan,nan,nan,nan,0,0,0,nan,0,False
www.lanuejols-lozere.fr,Lanuéjols,48,08007160-5214-4a3a-911c-348df8091f4e,200,,5,altro_terzo_parte,assets.jimstatic.com;fonts.jimstatic.com;image.jimcdn.com;s3-us-west-2.amazonaws.com;u.jimcdn.com,https://assets.jimstatic.com/web.css.5edbfea5cef8ce34678c.css;https://fonts.jimstatic.com;https://image.jimcdn.com/app/cms/image/transf/dimension=313x10000:format=jpg/path/s29d20aec3edaf5ff/image/ic6358228909d2a37/version/1664534336/image.jpg;https://s3-us-west-2.amazonaws.com/zekooldesign/zks-v3.css;https://u.jimcdn.com/cms/o/s29d20aec3edaf5ff/layout/dm_51edc22030cb89601a14e35e8240ac68/css/layout.css?t=1727182030,5,assets.jimstatic.com();fonts.jimstatic.com();image.jimcdn.com();s3-us-west-2.amazonaws.com();u.jimcdn.com(),0,1,0,0,,1,False
www.caf.fr,Lognes,77,08018f0a-b3f3-4bbb-bb1f-2d9f95665bef,200,nan,0,nan,nan,nan,0,nan,0,7,0,0,nan,7,False
divion.fr,Divion,62,0802fd45-35f8-4b51-9d05-58e7badaf353,200,,7,altro_terzo_parte;captcha;cdn_font,cdnjs.cloudflare.com;cdntag.tarteaucitron.io;code.iconify.design;code.jquery.com;gmpg.org;hcaptcha.com;unpkg.com,Cloudflare;https://cdntag.tarteaucitron.io;https://code.iconify.design/2/2.2.1/iconify.min.js;https://code.jquery.com/jquery-1.12.4.min.js;https://gmpg.org/xfn/11;hCaptcha;unpkg,7,cdnjs.cloudflare.com();cdntag.tarteaucitron.io();code.iconify.design();code.jquery.com();gmpg.org();hcaptcha.com();unpkg.com(),0,0,0,0,,0,False
www.la-marne.fr,La Marne,44,080588cb-6434-4a2f-b8e3-f2bc6dd3c9a1,200,,5,altro_terzo_parte;cdn_font,def773hwqc19t.cloudfront.net;drfogfql429fi.cloudfront.net;files.appli-intramuros.com;fonts.googleapis.com;fonts.gstatic.com,https://def773hwqc19t.cloudfront.net/website/static/loupe.png;https://drfogfql429fi.cloudfront.net/intramuros-web/production/_next/static/css/6b832bb1d1f3a401.css;https://files.appli-intramuros.com/website/uploads/7712/2026/affiche_2026_1024x1536_agMmjPS.jpg;Google;Google,5,def773hwqc19t.cloudfront.net();drfogfql429fi.cloudfront.net();files.appli-intramuros.com();fonts.googleapis.com();fonts.gstatic.com(),0,0,0,0,,0,False
www.mlpaysretz.com,Machecoul-Saint-Même,44,0806a4ff-60e9-410a-81db-e29d12541466,200,,2,captcha;cdn_font,fonts.gstatic.com;www.google.com,Google;Google,2,fonts.gstatic.com();www.google.com(),0,1,0,0,,1,False
www.mairie-laclayette.fr,La Clayette,71,0807903a-728f-4f32-a22d-b9da673518e3,200,,3,altro_terzo_parte;cdn_font,app.panneaupocket.com;fonts.googleapis.com;gmpg.org,https://app.panneaupocket.com/embeded/1794369169;Google;https://gmpg.org/xfn/11,3,app.panneaupocket.com();fonts.googleapis.com();gmpg.org(),0,0,0,0,,0,False
www.communedefleurville.e-monsite.com,Fleurville,71,08087a3f-e914-4c97-b00f-eae48ef74a40,200,,1,analytics,www.googletagmanager.com,Google,1,www.googletagmanager.com(),0,0,0,0,,0,False
www.ac-nancy-metz.fr,Chaumont,52,080baa35-ac55-4a02-937a-9f981c0b2bbf,403,,0,,,,0,,0,0,0,0,,0,True
www.le-mesnil-esnard.fr,Le Mesnil-Esnard,76,080d893b-fdc5-4086-ade6-06b08f51f0ba,200,,6,altro_terzo_parte;analytics;cdn_font;sdk_generico,fonts.googleapis.com;gmpg.org;maps.googleapis.com;meteofrance.com;s.w.org;www.googletagmanager.com,Google;http://gmpg.org/xfn/11;Google;https://meteofrance.com/widget/prevision/764290;https://s.w.org;Google,6,fonts.googleapis.com();gmpg.org();maps.googleapis.com();meteofrance.com();s.w.org();www.googletagmanager.com(),0,0,0,0,,0,False
mairie-brossay.fr,Brossay,49,0810df72-dce9-4549-8187-7cc0ffa688ea,200,,2,analytics;cdn_font,fonts.googleapis.com;www.googletagmanager.com,Google;Google,2,fonts.googleapis.com();www.googletagmanager.com(),0,1,0,0,,1,False
plenisette.fr,Plénisette,39,0811f4de-357f-4c5a-a703-4e6bdcce8989,200,,2,altro_terzo_parte,annuaire-des-collectivites-production-storage.s3.fr-par.scw.cloud;collectivite.fr,https://annuaire-des-collectivites-production-storage.s3.fr-par.scw.cloud/Untitled_1_b93cee569c.png;https://collectivite.fr/plenisette-39250,2,annuaire-des-collectivites-production-storage.s3.fr-par.scw.cloud();collectivite.fr(),0,0,0,0,,0,False
www.pnr-foret-orient.fr,Piney,10,0811f9ec-2d9f-4911-b633-00795364b53c,200,,8,altro_terzo_parte;analytics;captcha;cdn_font,code.jquery.com;fonts.googleapis.com;s.w.org;translate.google.com;use.typekit.net;www.google-analytics.com;www.google.com;www.googletagmanager.com,https://code.jquery.com/jquery-3.4.1.min.js;Google;https://s.w.org;https://translate.google.com;https://use.typekit.net/oqe7dzt.css;Google;Google;Google,8,code.jquery.com();fonts.googleapis.com();s.w.org();translate.google.com();use.typekit.net();www.google-analytics.com();www.google.com();www.googletagmanager.com(),0,1,1,0,,0,False
www.parcs-naturels-regionaux.fr,Piney,10,0811f9ec-2d9f-4911-b633-00795364b53c,200,,6,altro_terzo_parte;analytics;cdn_font,cdnjs.cloudflare.com;dist;stackpath.bootstrapcdn.com;w.soundcloud.com;www.facebook.com;www.googletagmanager.com,Cloudflare;https://dist;BootstrapCDN;https://w.soundcloud.com/player/?url=https%3A//api.soundcloud.com/tracks/1915187801&visual=1&auto_play=false&hide_related=true&show_comments=false&show_user=false&show_reposts=false&color=%23ff5500;https://www.facebook.com/plugins/page.php?href=https%3A%2F%2Fwww.facebook.com%2FFederationPNR&tabs=timeline&width=300&height=400&small_header=false&adapt_container_width=true&hide_cover=false&show_facepile=false&appId;Google,5,cdnjs.cloudflare.com();stackpath.bootstrapcdn.com();w.soundcloud.com();www.facebook.com();www.googletagmanager.com(),1,0,0,0,,0,False
gouy-les-groseillers.fr,Gouy-les-Groseillers,60,08177b3b-6d57-447b-a128-c3028c5e364d,200,,6,altro_terzo_parte;analytics;captcha;cdn_font,cdnjs.cloudflare.com;fonts.googleapis.com;fonts.gstatic.com;js.hcaptcha.com;static.neopse.com;www.googletagmanager.com,Cloudflare;Google;Google;hCaptcha;https://static.neopse.com/thumbs/p/2168/site/33/99/ea/3399eab471e234e2b0251aad9a5ac85fc4c1b2e6.png?v=v1;Google,6,cdnjs.cloudflare.com();fonts.googleapis.com();fonts.gstatic.com();js.hcaptcha.com();static.neopse.com();www.googletagmanager.com(),0,0,0,0,,0,False
www.mairie-cleres.fr,Clères,76,0819063e-eddb-4a14-8dc9-4f36037b65f8,200,,3,altro_terzo_parte;analytics;cdn_font,fonts.googleapis.com;www.cleres.fr;www.googletagmanager.com,Google;https://www.cleres.fr/wp-content/themes/krea3/assets/images/footer/icon-responsive.png;Google,3,fonts.googleapis.com();www.cleres.fr();www.googletagmanager.com(),0,1,1,0,,0,False
www.suresnes.fr,Suresnes Cedex,92,081a346f-8fe6-4d66-ae8a-d5d0cc56e74e,200,,0,,,,0,,0,0,0,0,,0,False
www.suresnes.fr,Suresnes Cedex,92,081a346f-8fe6-4d66-ae8a-d5d0cc56e74e,200,,0,,,,0,,0,0,0,0,,0,False
montilliers49.fr,Montilliers,49,081b1452-5dec-4518-8fbb-ab32965d6801,200,,5,altro_terzo_parte;captcha;cdn_font,cdnjs.cloudflare.com;fonts.googleapis.com;fonts.gstatic.com;js.hcaptcha.com;static.neopse.com,Cloudflare;Google;Google;hCaptcha;https://static.neopse.com/medias/p/1132/site/0f/fe/64/0ffe64110b97ed64fa30597b38d8d73c68883b78.png?v=v1,5,cdnjs.cloudflare.com();fonts.googleapis.com();fonts.gstatic.com();js.hcaptcha.com();static.neopse.com(),0,0,0,0,,0,False
www.rougemont-doubs.fr,Rougemont,25,081b5217-e6ab-4c08-a18d-2919a24a988b,200,,6,altro_terzo_parte;captcha;cdn_font,cdnjs.cloudflare.com;fonts.googleapis.com;fonts.gstatic.com;js.hcaptcha.com;static.neopse.com;translate.google.com,Cloudflare;Google;Google;hCaptcha;https://static.neopse.com/thumbs/p/2589/site/6f/3d/92/6f3d92a991f3be873aaf27009de87f04e61cace8.png?v=v1;https://translate.google.com/translate_a/element.js?cb=googleTranslateElementInit,6,cdnjs.cloudflare.com();fonts.googleapis.com();fonts.gstatic.com();js.hcaptcha.com();static.neopse.com();translate.google.com(),0,0,0,0,,0,False
www.chatillon-sur-indre.fr,Châtillon-sur-Indre,36,081b678a-e9c7-4468-8c45-aed8575cd4fb,200,,9,altro_terzo_parte;analytics;cdn_font,connect.facebook.net;fonts.googleapis.com;fonts.gstatic.com;play.google.com;tools.applemediaservices.com;weatherwidget.io;www.cookieconsent.com;www.facebook.com;www.googletagmanager.com,Meta;Google;Google;https://play.google.com/intl/en_us/badges/static/images/badges/fr_badge_web_generic.png;https://tools.applemediaservices.com/api/badges/download-on-the-app-store/white/fr-FR?size=250x83&releaseDate=1548720000&h=3654f11cd8ac7c039641feaa42718f95;https://weatherwidget.io;https://www.cookieconsent.com/releases/3.1.0/cookie-consent.js;https://www.facebook.com;Google,9,connect.facebook.net();fonts.googleapis.com();fonts.gstatic.com();play.google.com();tools.applemediaservices.com();weatherwidget.io();www.cookieconsent.com();www.facebook.com();www.googletagmanager.com(),0,1,1,0,,0,False
www.impots.gouv.fr,Montbrison,42,081bfafb-d30e-487b-aee6-32a94927e5b2,200,nan,0,nan,nan,nan,0,nan,0,0,0,0,nan,0,False
www.ameli.fr,Annonay,07,081c4d06-bf5a-4b7a-9fed-1c5e09435ff0,200,nan,3,altro_terzo_parte;analytics;cdn_font,cdn.jsdelivr.net;tag.aticdn.net;www.googletagmanager.com,jsDelivr;https://tag.aticdn.net/piano-analytics.js;Google,3,cdn.jsdelivr.net();tag.aticdn.net();www.googletagmanager.com(),0,0,0,0,nan,0,False
forum-assures.ameli.fr,Annonay,07,081c4d06-bf5a-4b7a-9fed-1c5e09435ff0,200,nan,5,altro_terzo_parte;cdn_font,d350tqmxm801hs.cloudfront.net;dimelo-answers-production.s3.eu-west-1.amazonaws.com;dimelo-users-production.s3.amazonaws.com;dimelo.s3.amazonaws.com;fonts.googleapis.com,https://d350tqmxm801hs.cloudfront.net/production/ameli-forum/images/refonte-identite-2022/logo_forum-ameli.svg?1649083461;https://dimelo-answers-production.s3.eu-west-1.amazonaws.com/291/a2635c8ee1bec415/170413152806_5f8b2eb0d19885b6b8d6226fe9d6780e_original.png?7cc8cfd;https://dimelo-users-production.s3.amazonaws.com/identity_avatars/bdea85ceb7d562ab/avatar_x-large.png?7cc8cfd;https://dimelo.s3.amazonaws.com/custom-v2/ameli/tarteaucitron/tarteaucitron.js;Google,5,d350tqmxm801hs.cloudfront.net();dimelo-answers-production.s3.eu-west-1.amazonaws.com();dimelo-users-production.s3.amazonaws.com();dimelo.s3.amazonaws.com();fonts.googleapis.com(),0,1,0,0,nan,1,False
www.saintarnoultenyvelines.fr,Saint-Arnoult-en-Yvelines,78,081c574d-9868-4fd1-a1c9-d52347eb9c5c,200,,5,altro_terzo_parte;captcha;cdn_font,cdnjs.cloudflare.com;fonts.googleapis.com;fonts.gstatic.com;js.hcaptcha.com;static.neopse.com,Cloudflare;Google;Google;hCaptcha;https://static.neopse.com/medias/p/1068/site/c0/6e/96/c06e969f0c57c1ccbabe540cdb1b937e8c3aad35.png?v=v1,5,cdnjs.cloudflare.com();fonts.googleapis.com();fonts.gstatic.com();js.hcaptcha.com();static.neopse.com(),0,0,0,0,,0,False
www.ch-stlo.fr,Saint-Lô,50,081ca771-3bfd-42e1-9f87-c588cde6b8d2,200,,5,altro_terzo_parte;cdn_font,cdn.by.wonderpush.com;fonts.googleapis.com;fonts.gstatic.com;s7.addthis.com;unpkg.com,https://cdn.by.wonderpush.com/sdk/1.1/wonderpush-loader.min.js;Google;Google;https://s7.addthis.com/js/300/addthis_widget.js#pubid=ra-51361f360c0b578a;unpkg,4,cdn.by.wonderpush.com();fonts.googleapis.com();fonts.gstatic.com();unpkg.com(),1,1,1,0,,0,False
www.ville-maurs.fr,Maurs,15,081e97f0-d853-4008-8797-198cd6dd5ac4,200,,4,altro_terzo_parte;cdn_font,gmpg.org;use.fontawesome.com;widget.intramuros.org;widgets.synbird.com,http://gmpg.org/xfn/11;Font Awesome;https://widget.intramuros.org/js/5.1.0/agenda.js;https://widgets.synbird.com/userWidget.js,4,gmpg.org();use.fontawesome.com();widget.intramuros.org();widgets.synbird.com(),0,0,0,0,,0,False
www.gendarmerie.interieur.gouv.fr,Chaource,10,08203ab6-360a-41c3-b1f7-f75ec2be4341,nan,ConnectionError,0,nan,nan,nan,nan,nan,nan,0,0,0,nan,0,False
www.mlre-schiltigheim.fr,Schiltigheim,67,082156ef-e99c-4d9f-b61a-5ffd1f18a23e,200,,4,altro_terzo_parte,browser.sentry-cdn.com;siteassets.parastorage.com;static.parastorage.com;static.wixstatic.com,"https://browser.sentry-cdn.com/7.120.3/modulemetadata.es5.min.js;https://siteassets.parastorage.com/pages/pages/thunderbolt?appDefinitionIdToSiteRevision=%7B%2214271d6f-ba62-d045-549b-ab972ae1f70e%22%3A%2225%22%7D&beckyExperiments=.DatePickerPortal%2C.EnableCustomCSSVarsForLoginSocialBar%2C.FreemiumBannerOdeditor%2C.LoginBarEnableLoggingInStateInSSR%2C.TextInputAutoFillFix%2C.UseLoginSocialBarCustomMenu%2C.UseNestedLoginSocialBarMenuItems%2C.UseNewLoginBarDropdownMenuAlignment%2C.UseNewLoginSocialBarElementStructure%2C.UseNewLoginSocialBarMemberInitialsAvatar%2C.WixFreeSiteBannerDesktop%2C.WixFreeSiteBannerMobile%2C.addIdAsClassName%2C.buttonUdp%2C.calculateCollapsibleTextLineHeightByFont%2C.dynamicPageLinkTarget%2C.dynamicSlots%2C.fiveGridLineStudioSkins%2C.fixFirefoxLinkBarIntrinsicSizing%2C.isClassNameToRootEnabled%2C.logVsmPlatformDiff%2C.migrateSdkDataMappers%2C.resolveManifestInTB%2C.splitSlotSelectors%2C.stopResolvingInnerSelectors_VAG%2C.svgResolver_2%2C.updateRichTextSemanticClassNamesOnCorvid%2C.useClassnameInResponsiveAppWidget%2C.useImageAvifFormatInNativeProGallery%2C.useWowImageInFastGallery&blocksBuilderManifestGeneratorVersion=1.129.0&contentType=application%2Fjson&dfCk=6&dfVersion=1.5593.0&editorName=Unknown&experiments=dm_masterPageVariablesQueryFixer%2Cdm_migrateOldHoverBoxToNewFixer&externalBaseUrl=https%3A%2F%2Fwww.mlre-schiltigheim.fr&fileId=ac284a06.bundle.min&formFactor=desktop&hasTPAWorkerOnSite=false&hasUserDomainMedia=false&isBuilderComponentModel=false&isHttps=true&isInSeo=false&isPremiumDomain=true&isUrlMigrated=true&isWixCodeOnPage=false&isWixCodeOnSite=false&language=fr&metaSiteId=7d070369-e6e0-4ba3-a83d-a54fdc8ec1af&module=thunderbolt-platform&originalLanguage=fr&pageId=bdb78c_d8336b2096c3c4f7493f31e33ff082c3_459.json&pilerExperiments=specs.piler.useEditorReactComponents&quickActionsMenuEnabled=false®istryLibrariesTopology=%5B%7B%22artifactId%22%3A%22editor-elements%22%2C%22namespace%22%3A%22wixui%22%2C%22url%22%3A%22https%3A%2F%2Fstatic.parastorage.com%2Fservices%2Feditor-elements%2F1.15500.0%22%7D%2C%7B%22artifactId%22%3A%22editor-elements%22%2C%22namespace%22%3A%22dsgnsys%22%2C%22url%22%3A%22https%3A%2F%2Fstatic.parastorage.com%2Fservices%2Feditor-elements%2F1.15500.0%22%7D%5D&remoteWidgetStructureBuilderVersion=1.251.0&siteId=4f4e33d8-d001-4a72-b94c-4728c3e7c060&siteRevision=460&staticHTMLComponentUrl=https%3A%2F%2Fwww-mlre-schiltigheim-fr.filesusr.com%2F&viewMode=desktop;https://static.parastorage.com/services/tag-manager-client/1.1075.0/siteTags.bundle.min.js;https://static.wixstatic.com/media/aa0402eb9ba2430d9d0620b59556efca.png/v1/fill/w_30,h_30,al_c,q_85,usm_0.66_1.00_0.01,enc_avif,quality_auto/aa0402eb9ba2430d9d0620b59556efca.png",4,browser.sentry-cdn.com();siteassets.parastorage.com();static.parastorage.com();static.wixstatic.com(),0,2,0,0,,2,False
www.cc-paysdesaverne.fr,Saverne,67,08215e48-479d-429c-b7be-9634644fbda9,200,,3,altro_terzo_parte;cdn_font,docmost-umami.8nnbna.easypanel.host;fonts.googleapis.com;fonts.gstatic.com,https://docmost-umami.8nnbna.easypanel.host/script.js;Google;Google,3,docmost-umami.8nnbna.easypanel.host();fonts.googleapis.com();fonts.gstatic.com(),0,0,0,0,,0,False
www.bailly-romainvilliers.fr,Bailly-Romainvilliers,77,08223a25-f5c8-40c9-a33f-8a53f223249e,200,,4,altro_terzo_parte;cdn_font,cdn.by.wonderpush.com;fonts.googleapis.com;gmpg.org;maxcdn.bootstrapcdn.com,https://cdn.by.wonderpush.com/sdk/1.1/wonderpush-loader.min.js;Google;http://gmpg.org/xfn/11;BootstrapCDN,4,cdn.by.wonderpush.com();fonts.googleapis.com();gmpg.org();maxcdn.bootstrapcdn.com(),0,0,0,0,,0,False
www.impots.gouv.fr,Maubeuge,59,0822761b-6391-4a1b-892f-aa9949c6272f,200,nan,0,nan,nan,nan,0,nan,0,0,0,0,nan,0,False
www.impots.gouv.fr,Manosque,04,0824640f-c821-48dd-a24c-01f663f4afc9,200,nan,0,nan,nan,nan,0,nan,0,0,0,0,nan,0,False
www.fagnieres.fr,Fagnières,51,0824b339-7a2c-4129-b20b-d8a00698f463,200,,0,,,,0,,0,0,0,0,,0,False
www.reseau-canope.fr,Niort,79,0826207f-41f0-4328-b208-3d0274f517e9,200,nan,0,nan,nan,nan,0,nan,0,0,0,0,nan,0,False
www.ccpmb.fr,Passy,74,08269d23-c589-49a2-9b8e-f78964c3a8c2,200,,5,altro_terzo_parte;cdn_font,code.jquery.com;gmpg.org;maps.google.com;netdna.bootstrapcdn.com;use.fontawesome.com,https://code.jquery.com/jquery-1.11.2.min.js;https://gmpg.org/xfn/11;https://maps.google.com/maps/api/js?sensor=true;https://netdna.bootstrapcdn.com/bootstrap/3.2.0/js/bootstrap.min.js;Font Awesome,5,code.jquery.com();gmpg.org();maps.google.com();netdna.bootstrapcdn.com();use.fontawesome.com(),0,0,0,0,,0,False
www.ville-bouilladisse.com,La Bouilladisse,13,082756fd-9ad3-4c9d-9158-7116e5a34675,200,,1,altro_terzo_parte,s.w.org,https://s.w.org,1,s.w.org(),0,1,1,0,,0,False
www.gartempe-saint-pardoux.fr,Saint-Sornin-Leulac,87,082883cc-c6bc-45fc-8d8b-9df09fbc0e55,200,,2,altro_terzo_parte,api.mapbox.com;sibforms.com,https://api.mapbox.com/mapbox-gl-js/v3.3.0/mapbox-gl.css;https://sibforms.com/forms/end-form/build/sib-styles.css,2,api.mapbox.com();sibforms.com(),0,0,0,0,,0,False
www.france-services.gouv.fr,Romainville,93,082a1e35-9d99-4281-b106-144dfe475b3f,nan,ConnectionError,0,nan,nan,nan,nan,nan,nan,0,0,0,nan,0,False
www.gendarmerie.interieur.gouv.fr,Touho,988,082b09d7-5456-4554-b871-ce0c0856d385,nan,ConnectionError,0,nan,nan,nan,nan,nan,nan,0,0,0,nan,0,False
www.haute-saone.gouv.fr,Vesoul,70,082b2164-a087-4a69-a46b-d8295f1ffc54,,ConnectionError,0,,,,,,,0,0,0,,0,False
www.haute-saone.gouv.fr,Vesoul,70,082b2164-a087-4a69-a46b-d8295f1ffc54,,ConnectionError,0,,,,,,,0,0,0,,0,False
