terza_parte_host,categoria,vendor,organizzazione_madre,n_hostname_distinti,primo_hostname_scansionato,primo_url_risorsa_trovata,primo_timestamp_utc,tutte_le_pagine
0dcb07e6.delivery.rocketcdn.me,altro_terzo_parte,https://0dcb07e6.delivery.rocketcdn.me/wp-content/uploads/2021/11/PanneauPocket-1-e1636561590672.png,https://0dcb07e6.delivery.rocketcdn.me/wp-content/uploads/2021/11/PanneauPocket-1-e1636561590672.png,1,www.pons-ville.fr,https://0dcb07e6.delivery.rocketcdn.me/wp-content/plugins/wp-rocket/assets/js/lazyload/17.8.3/lazyload.min.js,2026-09-16T16:52:00.171029+00:00,https://www.pons-ville.fr/
0sk2.mj.am,altro_terzo_parte,https://0sk2.mj.am/wgt/0sk2/x0v1/form?c=43583c59,https://0sk2.mj.am/wgt/0sk2/x0v1/form?c=43583c59,1,cma-nouvelleaquitaine.fr,https://0sk2.mj.am/wgt/0sk2/x0v1/form?c=43583c59,2026-09-16T16:59:03.007624+00:00,https://cma-nouvelleaquitaine.fr/
1.gravatar.com,altro_terzo_parte,https://1.gravatar.com/avatar/44a01d4b3a2bcdb1bad5605d7d3802c22198b3797d597eef2a5b7edd0099ccdf?s=48&d=identicon&r=G,https://1.gravatar.com/avatar/44a01d4b3a2bcdb1bad5605d7d3802c22198b3797d597eef2a5b7edd0099ccdf?s=48&d=identicon&r=G,1,www.stcoutantlegrandblog.wordpress.com,https://1.gravatar.com/avatar/43b33b1710aaae0fb15219874fe941de8a30dfa2e902b9e44833b716ef4cddd6?s=48&d=identicon&r=G,2026-09-16T21:16:20.760490+00:00,https://stcoutantlegrandblog.wordpress.com/
102.mod.mywebsite-editor.com,altro_terzo_parte,https://102.mod.mywebsite-editor.com,https://102.mod.mywebsite-editor.com,1,www.mairie-farbus.fr,https://102.mod.mywebsite-editor.com,2026-09-16T21:23:08.085966+00:00,http://www.mairie-farbus.fr/
102.sb.mywebsite-editor.com,altro_terzo_parte,https://102.sb.mywebsite-editor.com/app/logstate2-css.php?site=321571898&t=1789593778,https://102.sb.mywebsite-editor.com/app/logstate2-css.php?site=321571898&t=1789593778,1,www.mairie-farbus.fr,https://102.sb.mywebsite-editor.com/app/logstate-js.php?site=321571898&t=1789593778,2026-09-16T21:23:08.085966+00:00,http://www.mairie-farbus.fr/
105.mod.mywebsite-editor.com,altro_terzo_parte,https://105.mod.mywebsite-editor.com,https://105.mod.mywebsite-editor.com,1,www.alligny-en-morvan.fr,https://105.mod.mywebsite-editor.com,2026-09-16T20:47:17.866786+00:00,https://www.alligny-en-morvan.fr/
105.sb.mywebsite-editor.com,altro_terzo_parte,https://105.sb.mywebsite-editor.com/app/logstate2-css.php?site=763836549&t=1789591622,https://105.sb.mywebsite-editor.com/app/logstate2-css.php?site=763836549&t=1789591622,1,www.alligny-en-morvan.fr,https://105.sb.mywebsite-editor.com/app/logstate-js.php?site=763836549&t=1789591622,2026-09-16T20:47:17.866786+00:00,https://www.alligny-en-morvan.fr/
107.mod.mywebsite-editor.com,altro_terzo_parte,https://107.mod.mywebsite-editor.com,https://107.mod.mywebsite-editor.com,1,www.mairielabastidedeserou.fr,https://107.mod.mywebsite-editor.com,2026-09-16T17:07:08.392552+00:00,https://www.mairielabastidedeserou.fr/
107.sb.mywebsite-editor.com,altro_terzo_parte,https://107.sb.mywebsite-editor.com/app/logstate2-css.php?site=414401442&t=1789578411,https://107.sb.mywebsite-editor.com/app/logstate2-css.php?site=414401442&t=1789578411,1,www.mairielabastidedeserou.fr,https://107.sb.mywebsite-editor.com/app/logstate-js.php?site=414401442&t=1789578411,2026-09-16T17:07:08.392552+00:00,https://www.mairielabastidedeserou.fr/
2k6w7ajogs.preview.infomaniak.website,altro_terzo_parte,https://2k6w7ajogs.preview.infomaniak.website/wp-content/uploads/2021/04/logo-la-meuse.png,https://2k6w7ajogs.preview.infomaniak.website/wp-content/uploads/2021/04/logo-la-meuse.png,1,dombasle-en-argonne.fr,https://2k6w7ajogs.preview.infomaniak.website/wp-content/uploads/2021/04/argonne-meuse.jpg,2026-09-16T17:12:15.866280+00:00,https://dombasle-en-argonne.fr/
aalwufdtkq.cloudimg.io,sdk_generico,Google APIs,Google,1,www.association-saintmartin.fr,https://aalwufdtkq.cloudimg.io/v7/https://storage.googleapis.com/ugo-prod-fr-1.appspot.com/accounts/4506695a-29e5-4383-9339-280bf16c43dd/medias/6f912cfb-4555-43ef-9378-6ebc554e7c7a.png?w=512&h=512&func=fit&bg_opacity=0,2026-09-16T16:58:45.353227+00:00,https://association-saintmartin.fr/
abbayebaumelesmessieurs.fr,altro_terzo_parte,https://abbayebaumelesmessieurs.fr/blm/wp-content/uploads/sites/4/2024/03/map.gif,https://abbayebaumelesmessieurs.fr/blm/wp-content/uploads/sites/4/2024/03/map.gif,1,www.baumelesmessieurs.fr,https://abbayebaumelesmessieurs.fr/baume/wp-content/uploads/2024/08/cas1.jpg,2026-09-16T16:54:51.375841+00:00,https://baumelesmessieurs.fr/
ablainstnazairecom.files.wordpress.com,altro_terzo_parte,https://ablainstnazairecom.files.wordpress.com/2021/10/log_ablain.gif?w=932,https://ablainstnazairecom.files.wordpress.com/2021/10/log_ablain.gif?w=932,1,ablainstnazaire.org,https://ablainstnazairecom.files.wordpress.com/2021/10/log_ablain.gif?w=932,2026-09-16T20:59:30.722783+00:00,https://ablainstnazaire.org/
ablainstnazairecom.wordpress.com,altro_terzo_parte,https://ablainstnazairecom.wordpress.com/xmlrpc.php?rsd,https://ablainstnazairecom.wordpress.com/xmlrpc.php?rsd,1,ablainstnazaire.org,https://ablainstnazairecom.wordpress.com/xmlrpc.php?rsd,2026-09-16T20:59:30.722783+00:00,https://ablainstnazaire.org/
accounts.google.com,altro_terzo_parte,https://accounts.google.com/gsi/client,https://accounts.google.com/gsi/client,1,lurcy.fr,https://accounts.google.com/gsi/client,2026-09-16T16:46:28.276060+00:00,https://lurcy.fr/
acrobatservices.adobe.com,altro_terzo_parte,https://acrobatservices.adobe.com,https://acrobatservices.adobe.com,1,www.mairie-tignes.fr,https://acrobatservices.adobe.com/view-sdk/viewer.js,2026-09-16T21:19:16.484991+00:00,https://mairie-tignes.fr/
actu.umlp.fr,altro_terzo_parte,https://actu.umlp.fr/sites/default/files/styles/teaser_410x195/public/pebfc-2026-affiche.jpg?itok=T9TFZ02t,https://actu.umlp.fr/sites/default/files/styles/teaser_410x195/public/pebfc-2026-affiche.jpg?itok=T9TFZ02t,1,www.univ-fcomte.fr,https://actu.umlp.fr/sites/default/files/styles/sticky_12_cols_840x400/public/2026-09-08_pao_bandeau_uel_uee_vf_mb_0.png?itok=uMJC80zG,2026-09-16T21:22:46.076335+00:00,https://www.umlp.fr/
agence-keeva.com,altro_terzo_parte,https://agence-keeva.com/extranet/Clients/cartelegue/images/slide-cartelegue.jpg,https://agence-keeva.com/extranet/Clients/cartelegue/images/slide-cartelegue.jpg,1,www.cartelegue.fr,https://agence-keeva.com/extranet/Clients/cartelegue/images/slide-cartelegue.jpg,2026-09-16T20:51:28.579067+00:00,https://www.cartelegue.fr/
ain.cidff.info,altro_terzo_parte,https://ain.cidff.info/wp-content/uploads/2024/04/social-links-min.png,https://ain.cidff.info/wp-content/uploads/2024/04/social-links-min.png,1,www.cidff01.fr,https://ain.cidff.info/wp-content/cache/autoptimize/autoptimize_single_f5d078b3de2152ffdd427a68dbfd7914.php?ver=1.9.4,2026-09-16T20:47:01.013722+00:00,https://ain.cidff.info/
analytics.caba.fr,altro_terzo_parte,https://analytics.caba.fr/piwik.php?idsite=8&rec=1,https://analytics.caba.fr/piwik.php?idsite=8&rec=1,1,www.saintsimon15.fr,https://analytics.caba.fr/piwik.php?idsite=8&rec=1,2026-09-16T17:10:50.854176+00:00,https://www.saintsimon15.fr/fr/
analytics.double-y.fr,altro_terzo_parte,https://analytics.double-y.fr/piwik.php?idsite=80,https://analytics.double-y.fr/piwik.php?idsite=80,1,www.villers-outreaux.fr,https://analytics.double-y.fr/piwik.php?idsite=80,2026-09-16T21:29:45.701589+00:00,https://www.villers-outreaux.fr/
analytics.shareaholic.com,altro_terzo_parte,https://analytics.shareaholic.com,https://analytics.shareaholic.com,1,www.yana-j.fr,https://analytics.shareaholic.com,2026-09-16T17:08:57.415265+00:00,https://www.yana-j.fr/
annuaire-des-collectivites-production-storage.s3.fr-par.scw.cloud,altro_terzo_parte,https://annuaire-des-collectivites-production-storage.s3.fr-par.scw.cloud/Untitled_1_b93cee569c.png,https://annuaire-des-collectivites-production-storage.s3.fr-par.scw.cloud/Untitled_1_b93cee569c.png,1,plenisette.fr,https://annuaire-des-collectivites-production-storage.s3.fr-par.scw.cloud/blason_0811f4de_357f_4c5a_a703_4e6bdcce8989_1778577437099_d44013085a.png,2026-09-16T21:31:18.494640+00:00,https://collectivite.fr/plenisette-39250
annuaires.phpnet.org,altro_terzo_parte,http://annuaires.phpnet.org/compteur-de-visites/j-image-02-201007251150293180-1.png,http://annuaires.phpnet.org/compteur-de-visites/j-image-02-201007251150293180-1.png,1,www.moyonvillages.fr,http://annuaires.phpnet.org/compteur-de-visites/j-image-02-201007251150293180-1.png,2026-09-16T21:21:07.895201+00:00,https://www.moyonvillages.fr/
api.cloudly.space,altro_terzo_parte,https://api.cloudly.space/resize/cropratioresize/640/854/60/aHR0cHM6Ly9jZHQ2Ni5tZWRpYS50b3VyaW5zb2Z0LmV1L3VwbG9hZC9LRVItTE9VSVNFVFRFMDEuanBn/image.jpg,https://api.cloudly.space/resize/cropratioresize/640/854/60/aHR0cHM6Ly9jZHQ2Ni5tZWRpYS50b3VyaW5zb2Z0LmV1L3VwbG9hZC9LRVItTE9VSVNFVFRFMDEuanBn/image.jpg,1,www.banyuls-sur-mer.com,https://api.cloudly.space,2026-09-16T17:03:24.853452+00:00,https://www.banyuls-sur-mer.com/
api.fontshare.com,altro_terzo_parte,"https://api.fontshare.com/v2/css?f[]=switzer@600,701,501,601,700,400,401,300,301,500&display=swap","https://api.fontshare.com/v2/css?f[]=switzer@600,701,501,601,700,400,401,300,301,500&display=swap",1,valleederonsard.fr,"https://api.fontshare.com/v2/css?f[]=switzer@600,701,501,601,700,400,401,300,301,500&display=swap",2026-09-16T17:13:54.095845+00:00,https://valleederonsard.fr/
api.uzhappy.fr,altro_terzo_parte,https://api.uzhappy.fr/uploads/media/vdsfnj/1711463851085_logo-footer-ccvs-1.png,https://api.uzhappy.fr/uploads/media/vdsfnj/1711463851085_logo-footer-ccvs-1.png,1,www.valdesomme.com,https://api.uzhappy.fr/uploads/media/vdsfnj/1711463838144_logo-header-ccvs-1.png,2026-09-16T21:11:23.240568+00:00,https://valdesomme.com/
app.ardalio.com,altro_terzo_parte,https://app.ardalio.com/log7.js?ver=6.3,https://app.ardalio.com/log7.js?ver=6.3,1,mlblois.com,https://app.ardalio.com/log7.js?ver=6.3,2026-09-16T20:41:38.532055+00:00,https://mlblois.com/
app.avizi.fr,altro_terzo_parte,https://app.avizi.fr/widgets/public/972d94278945a0a6ccb80f6e89fdff6f/2142,https://app.avizi.fr/widgets/public/972d94278945a0a6ccb80f6e89fdff6f/2142,1,www.jonzac-haute-saintonge.com,https://app.avizi.fr,2026-09-16T21:16:10.739369+00:00,https://www.jonzac-haute-saintonge.com/
apps.elfsight.com,altro_terzo_parte,https://apps.elfsight.com/p/platform.js,https://apps.elfsight.com/p/platform.js,1,www.lotetgaronne.fr,https://apps.elfsight.com/p/platform.js,2026-09-16T16:52:25.984662+00:00,https://www.lotetgaronne.fr/accueil
arezus.fr,altro_terzo_parte,https://arezus.fr/lib/tarteaucitron/tarteaucitron.js?init=true&legals=/fr/mentions-legales-dbf9>agUa=G-23LKD5F7NX,https://arezus.fr/lib/tarteaucitron/tarteaucitron.js?init=true&legals=/fr/mentions-legales-dbf9>agUa=G-23LKD5F7NX,1,www.saint-nicolas-aliermont.fr,https://arezus.fr/lib/tarteaucitron/tarteaucitron.js?init=true&legals=/fr/mentions-legales-dbf9>agUa=G-23LKD5F7NX,2026-09-16T17:06:07.074930+00:00,https://www.saint-nicolas-aliermont.fr/
assets.jwwb.nl,altro_terzo_parte,https://assets.jwwb.nl,https://assets.jwwb.nl,1,www.lingevres.fr,https://assets.jwwb.nl/assets/website-rendering-i18n/fr-FR.js?bust=abe383f9e23afafc4ccc,2026-09-16T21:26:30.329984+00:00,https://www.lingevres.fr/
assets.pinterest.com,altro_terzo_parte,https://assets.pinterest.com/js/pinit.js,https://assets.pinterest.com/js/pinit.js,1,boisme.fr,https://assets.pinterest.com/js/pinit.js,2026-09-16T21:07:43.882044+00:00,https://boisme.fr/
assets.plesk.com,altro_terzo_parte,https://assets.plesk.com/static/default-website-content/public/default-server-index.js,https://assets.plesk.com/static/default-website-content/public/default-server-index.js,1,www.lesourn.fr,https://assets.plesk.com/static/default-website-content/public/default-server-index.js,2026-09-16T20:59:42.074647+00:00,https://www.lesourn.fr/
assets.squarespace.com,altro_terzo_parte,https://assets.squarespace.com/universal/styles-compressed/user-account-core-bd42ce75d5951748-min.fr-FR.css,https://assets.squarespace.com/universal/styles-compressed/user-account-core-bd42ce75d5951748-min.fr-FR.css,1,www.raffetot.fr,https://assets.squarespace.com/@sqs/polyfiller/1.6/legacy.js,2026-09-16T20:31:19.866953+00:00,https://www.raffetot.fr/
assets.storage.infomaniak.com,altro_terzo_parte,https://assets.storage.infomaniak.com/fonts/font-awesome/4.3.0/css/font-awesome.min.css,https://assets.storage.infomaniak.com/fonts/font-awesome/4.3.0/css/font-awesome.min.css,1,www.cresserons.fr,https://assets.storage.infomaniak.com/fonts/font-awesome/4.3.0/css/font-awesome.min.css,2026-09-16T21:09:32.173452+00:00,https://www.cresserons.fr/
auth.synbird.com,altro_terzo_parte,https://auth.synbird.com,https://auth.synbird.com,1,www.moiransenmontagne.fr,https://auth.synbird.com,2026-09-16T17:14:53.641106+00:00,https://www.moiransenmontagne.fr/
bacasable.campagnol.fr,altro_terzo_parte,https://bacasable.campagnol.fr/wp-content/uploads/sites/900/2020/03/Village-31-300x158.jpg,https://bacasable.campagnol.fr/wp-content/uploads/sites/900/2020/03/Village-31-300x158.jpg,1,mairie-nogaret.fr,https://bacasable.campagnol.fr/wp-content/uploads/sites/900/2020/03/Village-31-300x158.jpg,2026-09-16T17:13:23.613559+00:00,https://mairie-nogaret.fr/
bat.bing.com,altro_terzo_parte,https://bat.bing.com,https://bat.bing.com,1,www.udaf54.fr,https://bat.bing.com,2026-09-16T20:49:52.773900+00:00,https://www.udaf54.fr/
bftdpvisgnohupscxqfa.supabase.co,altro_terzo_parte,https://bftdpvisgnohupscxqfa.supabase.co/storage/v1/object/public/sdk/dist-sdk.js,https://bftdpvisgnohupscxqfa.supabase.co/storage/v1/object/public/sdk/dist-sdk.js,1,www.association-saintmartin.fr,https://bftdpvisgnohupscxqfa.supabase.co/storage/v1/object/public/sdk/dist-sdk.js,2026-09-16T16:58:45.353227+00:00,https://association-saintmartin.fr/
blueimp.github.io,altro_terzo_parte,https://blueimp.github.io/Gallery/css/blueimp-gallery.min.css,https://blueimp.github.io/Gallery/css/blueimp-gallery.min.css,1,www.vivy-commune.fr,https://blueimp.github.io/Gallery/js/jquery.blueimp-gallery.min.js,2026-09-16T16:46:47.123040+00:00,https://www.vivy-commune.fr/
bov2.modulitiboclient.com,altro_terzo_parte,https://bov2.modulitiboclient.com/assets/img/module/reseauxsociaux/logo_facebook.png,https://bov2.modulitiboclient.com/assets/img/module/reseauxsociaux/logo_facebook.png,1,www.avoudrey.fr,https://bov2.modulitiboclient.com/assets/img/module/reseauxsociaux/logo_facebook.png,2026-09-16T20:27:06.108018+00:00,https://www.avoudrey.fr/
campagnesartois.fr,altro_terzo_parte,https://campagnesartois.fr/app/uploads/1/2026/08/Brocante.png,https://campagnesartois.fr/app/uploads/1/2026/08/Brocante.png,1,www.frevincapelle.fr,https://campagnesartois.fr/app/uploads/1/2026/08/CULTURE_-Soir-des-Ombres-2.jpg,2026-09-16T20:31:34.016523+00:00,https://frevincapelle.fr/
cdad-ca-lyon.fr,altro_terzo_parte,https://cdad-ca-lyon.fr/uploads/vignette_actu/20260402093210.jpg,https://cdad-ca-lyon.fr/uploads/vignette_actu/20260402093210.jpg,1,cdad-ain.fr,https://cdad-ca-lyon.fr/images/harcelement_accueil2.jpg,2026-09-16T16:59:16.884834+00:00,https://cdad-ca-lyon.fr
cdl.creasit.com,altro_terzo_parte,https://cdl.creasit.com/images/vocalisation.jpg,https://cdl.creasit.com/images/vocalisation.jpg,1,www.coulaines.fr,https://cdl.creasit.com/images/cdl-a-blanc.jpg,2026-09-16T16:53:53.855905+00:00,https://www.coulaines.fr/
cdn-images.mailchimp.com,altro_terzo_parte,https://cdn-images.mailchimp.com/embedcode/classic-10_7.css,https://cdn-images.mailchimp.com/embedcode/classic-10_7.css,1,www.tramecourt.fr,https://cdn-images.mailchimp.com/embedcode/classic-10_7.css,2026-09-16T21:14:38.050477+00:00,http://www.tramecourt.fr/
cdn-uicons.flaticon.com,altro_terzo_parte,https://cdn-uicons.flaticon.com/uicons-regular-rounded/css/uicons-regular-rounded.css,https://cdn-uicons.flaticon.com/uicons-regular-rounded/css/uicons-regular-rounded.css,1,ville-de-cormelles-le-royal.fr,https://cdn-uicons.flaticon.com/uicons-regular-rounded/css/uicons-regular-rounded.css,2026-09-16T16:46:19.264759+00:00,https://ville-de-cormelles-le-royal.fr/
cdn.boxicons.com,altro_terzo_parte,https://cdn.boxicons.com/3.0.6/fonts/basic/boxicons.min.css?ver=2.1.4,https://cdn.boxicons.com/3.0.6/fonts/basic/boxicons.min.css?ver=2.1.4,1,www.ruffeylesbeaune.fr,https://cdn.boxicons.com,2026-09-16T20:56:13.410698+00:00,https://www.ruffeylesbeaune.fr/
cdn.brevo.com,altro_terzo_parte,https://cdn.brevo.com/js/sdk-loader.js,https://cdn.brevo.com/js/sdk-loader.js,1,calade.org,https://cdn.brevo.com/js/sdk-loader.js,2026-09-16T17:15:08.553438+00:00,https://calade.org/
cdn.google.com,altro_terzo_parte,https://cdn.google.com,https://cdn.google.com,1,www.cdad-hautsdeseine.justice.fr,https://cdn.google.com,2026-09-16T20:37:11.043346+00:00,https://www.cdad-hautsdeseine.justice.fr/
cdn.jotfor.ms,altro_terzo_parte,https://cdn.jotfor.ms/agent/embedjs/01971c1a1b1677e394574205b86bef5d39a9/embed.js,https://cdn.jotfor.ms/agent/embedjs/01971c1a1b1677e394574205b86bef5d39a9/embed.js,1,www.essonne.cci.fr,https://cdn.jotfor.ms/agent/embedjs/01971c1a1b1677e394574205b86bef5d39a9/embed.js,2026-09-16T20:45:51.486321+00:00,https://www.essonne.cci.fr/
cdn.laetis.fr,altro_terzo_parte,https://cdn.laetis.fr/i/smica/full/www.monsitecommunal.fr/uploads/sites/38/2021/04/montrozier1-scaled.jpg,https://cdn.laetis.fr/i/smica/full/www.monsitecommunal.fr/uploads/sites/38/2021/04/montrozier1-scaled.jpg,1,www.gages-montrozier.fr,https://cdn.laetis.fr,2026-09-16T20:53:52.886895+00:00,https://www.gages-montrozier.fr/
cdn.master7v.fibracom.fr,altro_terzo_parte,https://cdn.master7v.fibracom.fr/js/acces_autres_agendas.js,https://cdn.master7v.fibracom.fr/js/acces_autres_agendas.js,1,www.gond-pontouvre.fr,https://cdn.master7v.fibracom.fr/js/acces_autres_agendas.js,2026-09-16T21:11:46.642417+00:00,https://www.gond-pontouvre.fr/
cdn.matomo.cloud,analytics,Matomo Cloud,Matomo Cloud,1,www.pons-ville.fr,https://cdn.matomo.cloud,2026-09-16T16:52:00.171029+00:00,https://www.pons-ville.fr/
cdn.openshareweb.com,altro_terzo_parte,https://cdn.openshareweb.com,https://cdn.openshareweb.com,1,www.yana-j.fr,https://cdn.openshareweb.com,2026-09-16T17:08:57.415265+00:00,https://www.yana-j.fr/
cdn.shareaholic.net,altro_terzo_parte,https://cdn.shareaholic.net,https://cdn.shareaholic.net,1,www.yana-j.fr,https://cdn.shareaholic.net/assets/pub/shareaholic.js,2026-09-16T17:08:57.415265+00:00,https://www.yana-j.fr/
cdn.trustcommander.net,altro_terzo_parte,https://cdn.trustcommander.net/privacy/5322/privacy_v2_31.js,https://cdn.trustcommander.net/privacy/5322/privacy_v2_31.js,1,www.banque-france.fr,https://cdn.trustcommander.net/privacy/5322/privacy_v2_31.js,2026-09-16T16:44:21.534230+00:00,https://www.banque-france.fr/fr
cdn.trustindex.io,altro_terzo_parte,https://cdn.trustindex.io/loader-feed.js?ver=1.8.2,https://cdn.trustindex.io/loader-feed.js?ver=1.8.2,1,moustoir-ac.fr,https://cdn.trustindex.io/loader-feed.js?ver=1.8.2,2026-09-16T21:02:36.757001+00:00,https://moustoir-ac.fr/
cdn.website-editor.net,altro_terzo_parte,https://cdn.website-editor.net/s/957938e29fd14dedbdf647c585b8e88c/files/957938e29fd14dedbdf647c585b8e88c_home_withFlex_1.min.css?v=169&Expires=1792164379&Signature=VpUvvmej2ej3qQk8Vo5CVdJLkWl4TpbsMMU~K~eXx83RNr22OdKBYVMCIUBi70NOwavV6-QTTKttkhvNBQF4~mu4lZtAwVoHWwe3UpacHq9sAO-Xp4Kqu88Y6H4sPpGuVIN97msHhedkoFPxwRd3mNgXgAWWaEa2KNoofbi3fZSAq9BsrWLqZBWf7r0NNhrwbccNdokbc6hj3pHgMi4d3TeFah9vgwudBd~qibvqvTrs5ICqgRHI1RhzaGqJazLtHy0rrnrFB-vaCAUCj2Yx-kn2vH5NgegVOYuFe2pi7i5bFxw7PB7rfejaLfrUPmahsICfku8eFuXcgqaeBQxJPw__&Key-Pair-Id=K2NXBXLF010TJW,https://cdn.website-editor.net/s/957938e29fd14dedbdf647c585b8e88c/files/957938e29fd14dedbdf647c585b8e88c_home_withFlex_1.min.css?v=169&Expires=1792164379&Signature=VpUvvmej2ej3qQk8Vo5CVdJLkWl4TpbsMMU~K~eXx83RNr22OdKBYVMCIUBi70NOwavV6-QTTKttkhvNBQF4~mu4lZtAwVoHWwe3UpacHq9sAO-Xp4Kqu88Y6H4sPpGuVIN97msHhedkoFPxwRd3mNgXgAWWaEa2KNoofbi3fZSAq9BsrWLqZBWf7r0NNhrwbccNdokbc6hj3pHgMi4d3TeFah9vgwudBd~qibvqvTrs5ICqgRHI1RhzaGqJazLtHy0rrnrFB-vaCAUCj2Yx-kn2vH5NgegVOYuFe2pi7i5bFxw7PB7rfejaLfrUPmahsICfku8eFuXcgqaeBQxJPw__&Key-Pair-Id=K2NXBXLF010TJW,1,www.laujuzan.com,https://cdn.website-editor.net,2026-09-16T20:58:45.494848+00:00,https://www.laujuzan.com/
cdn2_3.reseaudesvilles.fr,altro_terzo_parte,http://cdn2_3.reseaudesvilles.fr/cities/191/logo/AGb3z3W1eymYaZY.jpg,http://cdn2_3.reseaudesvilles.fr/cities/191/logo/AGb3z3W1eymYaZY.jpg,1,www.mairiedechatres.com,http://cdn2_3.reseaudesvilles.fr/default/scripts/modules/index.js,2026-09-16T21:10:17.778123+00:00,http://www.mairie-chatres77.fr
cdt37.media.tourinsoft.eu,altro_terzo_parte,https://cdt37.media.tourinsoft.eu/upload/partage-lecture.jpg,https://cdt37.media.tourinsoft.eu/upload/partage-lecture.jpg,1,luynes.fr,https://cdt37.media.tourinsoft.eu/upload/Prieure-Saint-Venant-2.jpg,2026-09-16T21:20:48.675011+00:00,https://luynes.fr/
centoweb4.centaure-systems.fr,altro_terzo_parte,https://centoweb4.centaure-systems.fr/panel/panel_web/454,https://centoweb4.centaure-systems.fr/panel/panel_web/454,1,www.pleucadeuc.fr,https://centoweb4.centaure-systems.fr/panel/panel_web/454,2026-09-16T20:44:39.519266+00:00,https://www.pleucadeuc.fr/
chart.googleapis.com,sdk_generico,Google APIs,Google,1,www.cotedor.fr,https://chart.googleapis.com/chart?cht=qr&chs=80x80&chl=https://www.cotedor.fr/node&choe=UTF-8&chld=M|0,2026-09-16T21:14:57.766568+00:00,https://www.cotedor.fr/
clientstats.ntconseil.com,altro_terzo_parte,https://clientstats.ntconseil.com/piwik.php?idsite=2&rec=1,https://clientstats.ntconseil.com/piwik.php?idsite=2&rec=1,1,www.gond-pontouvre.fr,https://clientstats.ntconseil.com/piwik.php?idsite=2&rec=1,2026-09-16T21:11:46.642417+00:00,https://www.gond-pontouvre.fr/
code.highcharts.com,altro_terzo_parte,https://code.highcharts.com,https://code.highcharts.com,1,www.yvelines.fr,https://code.highcharts.com,2026-09-16T20:56:39.434027+00:00,https://www.yvelines.fr/
code.iconify.design,altro_terzo_parte,https://code.iconify.design/2/2.2.1/iconify.min.js,https://code.iconify.design/2/2.2.1/iconify.min.js,1,divion.fr,https://code.iconify.design/2/2.2.1/iconify.min.js,2026-09-16T21:30:58.697736+00:00,https://divion.fr/
collectivite.fr,altro_terzo_parte,https://collectivite.fr/plenisette-39250,https://collectivite.fr/plenisette-39250,1,plenisette.fr,https://collectivite.fr/plenisette-39250,2026-09-16T21:31:18.494640+00:00,https://collectivite.fr/plenisette-39250
collegien.fr,altro_terzo_parte,https://collegien.fr/images/logos/logo_77.svg,https://collegien.fr/images/logos/logo_77.svg,1,www.mairie-de-collegien.fr,https://collegien.fr/assets/js/jquery-3.6.0.min.js,2026-09-16T20:47:44.395810+00:00,https://collegien.fr//
colter.social,altro_terzo_parte,https://colter.social/@echirolles,https://colter.social/@echirolles,1,www.echirolles.fr,https://colter.social/@echirolles,2026-09-16T20:30:46.585762+00:00,https://www.echirolles.fr/
communeactu.fr,altro_terzo_parte,https://communeactu.fr/assets/img/icons/googleplay.svg,https://communeactu.fr/assets/img/icons/googleplay.svg,1,www.pouzolles.fr,https://communeactu.fr/image/actu/7jDhBK7/visuel,2026-09-16T20:54:19.030989+00:00,https://pouzolles.fr/
communes.cdcla.fr,altro_terzo_parte,https://communes.cdcla.fr/app/uploads/sites/23/2026/06/Photo-aerienne-le-Tronquay-1000x360.png,https://communes.cdcla.fr/app/uploads/sites/23/2026/06/Photo-aerienne-le-Tronquay-1000x360.png,1,www.letronquay.fr,https://communes.cdcla.fr/app/plugins/co-marquage-service-public/assets/js/comarquage.js?ver=0.5.77,2026-09-16T21:03:50.753984+00:00,https://www.letronquay.fr/
compteur.websiteout.com,altro_terzo_parte,https://compteur.websiteout.com/js/22/5/0/0,https://compteur.websiteout.com/js/22/5/0/0,1,www.mairie-bulgneville.fr,https://compteur.websiteout.com/js/22/5/0/0,2026-09-16T21:29:03.131769+00:00,https://www.mairie-bulgneville.fr/
compteur.websiteout.net,altro_terzo_parte,http://compteur.websiteout.net/js/18/6/250/0,http://compteur.websiteout.net/js/18/6/250/0,1,lucylebocage.free.fr,http://compteur.websiteout.net/js/18/6/250/0,2026-09-16T21:30:27.146632+00:00,http://lucylebocage.free.fr/
consent.oui.it.com,altro_terzo_parte,https://consent.oui.it.com/v1/consentkit.js,https://consent.oui.it.com/v1/consentkit.js,1,www.ajoca.fr,https://consent.oui.it.com/v1/consentkit.js,2026-09-16T17:00:28.813997+00:00,https://www.ajoca.fr/
cookie-cdn.cookiepro.com,altro_terzo_parte,https://cookie-cdn.cookiepro.com/scripttemplates/otSDKStub.js,https://cookie-cdn.cookiepro.com/scripttemplates/otSDKStub.js,1,fncidff.info,https://cookie-cdn.cookiepro.com/consent/b5c29213-a42c-43fc-aab0-f606e57819bd/OtAutoBlock.js,2026-09-16T16:48:45.895038+00:00,https://fncidff.info/
counter9.stat.ovh,altro_terzo_parte,https://counter9.stat.ovh/private/compteurdevisite.php?c=ngfupecf76pqq5spubq6wasdlcfemq3r,https://counter9.stat.ovh/private/compteurdevisite.php?c=ngfupecf76pqq5spubq6wasdlcfemq3r,1,www.saintmacoux.fr,https://counter9.stat.ovh/private/counter.js?c=ngfupecf76pqq5spubq6wasdlcfemq3r&down=async,2026-09-16T21:29:53.026406+00:00,https://www.saintmacoux.fr/
crij-mayotte.fr,altro_terzo_parte,https://crij-mayotte.fr/wp-content/uploads/2026/06/Crij.png,https://crij-mayotte.fr/wp-content/uploads/2026/06/Crij.png,1,www.crij-mayotte.com,https://crij-mayotte.fr/wp-content/plugins/wp-maintenance/themes/default/css/knacss.css,2026-09-16T21:17:12.200058+00:00,https://crij-mayotte.fr/
cs.expiredwixdomain.com,altro_terzo_parte,https://cs.expiredwixdomain.com/,https://cs.expiredwixdomain.com/,1,www.parisot82commune.com,https://cs.expiredwixdomain.com/,2026-09-16T20:35:42.772769+00:00,https://www.expiredwixdomain.com/?redirectedFor=www.parisot82commune.com
cse.google.com,altro_terzo_parte,https://cse.google.com/cse.js?cx=2742c5ceed77442fb,https://cse.google.com/cse.js?cx=2742c5ceed77442fb,1,www.commune-de-pouilley-francais.fr,https://cse.google.com/cse.js?cx=2742c5ceed77442fb,2026-09-16T20:29:45.086268+00:00,https://www.commune-de-pouilley-francais.fr/
cstatic.weborama.fr,altro_terzo_parte,http://cstatic.weborama.fr/js/advertiserv2/adperf_conversion.js,http://cstatic.weborama.fr/js/advertiserv2/adperf_conversion.js,1,www.capeb.fr,http://cstatic.weborama.fr/js/advertiserv2/adperf_conversion.js,2026-09-16T21:19:35.240487+00:00,https://www.capeb.fr/
d350tqmxm801hs.cloudfront.net,altro_terzo_parte,https://d350tqmxm801hs.cloudfront.net/production/ameli-forum/images/refonte-identite-2022/logo_forum-ameli.svg?1649083461,https://d350tqmxm801hs.cloudfront.net/production/ameli-forum/images/refonte-identite-2022/logo_forum-ameli.svg?1649083461,1,forum-assures.ameli.fr,https://d350tqmxm801hs.cloudfront.net/production/ameli-forum/javascripts/tarteaucitron-custom.min.js?1678889504,2026-09-16T16:46:06.715565+00:00,https://forum-assures.ameli.fr/
da.expiredwixdomain.com,altro_terzo_parte,https://da.expiredwixdomain.com/,https://da.expiredwixdomain.com/,1,www.parisot82commune.com,https://da.expiredwixdomain.com/,2026-09-16T20:35:42.772769+00:00,https://www.expiredwixdomain.com/?redirectedFor=www.parisot82commune.com
dailymotion.com,altro_terzo_parte,https://dailymotion.com/embed/video/xa8ea5q?ui-highlight&start&endscreen-enable=0&controls=1&mute=0&ui-start-screen-info=1&ui-logo=1,https://dailymotion.com/embed/video/xa8ea5q?ui-highlight&start&endscreen-enable=0&controls=1&mute=0&ui-start-screen-info=1&ui-logo=1,1,mag.agglo-lenslievin.fr,https://dailymotion.com/embed/video/xa8ea5q?ui-highlight&start&endscreen-enable=0&controls=1&mute=0&ui-start-screen-info=1&ui-logo=1,2026-09-16T21:16:35.580165+00:00,https://mag.agglo-lenslievin.fr/
dayspedia.com,altro_terzo_parte,https://dayspedia.com/if/analog/?v=1&iframe=eyJ3LTExIjp0cnVlLCJ3LTEzIjp0cnVlLCJ3LTE1Ijp0cnVlLCJ3LTExMCI6ZmFsc2UsInctd2lkdGgtMCI6dHJ1ZSwidy13aWR0aC0xIjpmYWxzZSwidy13aWR0aC0yIjpmYWxzZSwidy0xNiI6IjI0cHgiLCJ3LTE3IjoiMTYiLCJ3LTIxIjp0cnVlLCJiZ2ltYWdlIjotMSwiYmdpbWFnZVNldCI6ZmFsc2UsInctMjFjMCI6IiNlMmQxZDEiLCJ3LTAiOmZhbHNlLCJ3LTMiOmZhbHNlLCJ3LTNjMCI6IiMzNDM0MzQiLCJ3LTNiMCI6IjEiLCJ3LTIwIjp0cnVlLCJ3LTQiOiIjMDA3ZGJmIiwidy0xOCI6ZmFsc2UsInctd2lkdGgtMmMtMCI6IjMwMCIsInctMTE1IjpmYWxzZSwidy0yMyI6ZmFsc2UsInctMjNjMCI6IiNlY2VmZjEiLCJ3LTI2IjpmYWxzZSwidy0yNmIwIjoiMSIsInctMjciOnRydWUsInctMjdjMCI6IiMzNDM0MzQiLCJ3LTI0IjoiIzM1MzIyOSIsInctMTNjMCI6IiNmZjgwMDAiLCJ3LTIyIjoiIzM0MzQzNCIsInctMjUiOiIxNjAifQ==&lang=fr&cityid=1020,https://dayspedia.com/if/analog/?v=1&iframe=eyJ3LTExIjp0cnVlLCJ3LTEzIjp0cnVlLCJ3LTE1Ijp0cnVlLCJ3LTExMCI6ZmFsc2UsInctd2lkdGgtMCI6dHJ1ZSwidy13aWR0aC0xIjpmYWxzZSwidy13aWR0aC0yIjpmYWxzZSwidy0xNiI6IjI0cHgiLCJ3LTE3IjoiMTYiLCJ3LTIxIjp0cnVlLCJiZ2ltYWdlIjotMSwiYmdpbWFnZVNldCI6ZmFsc2UsInctMjFjMCI6IiNlMmQxZDEiLCJ3LTAiOmZhbHNlLCJ3LTMiOmZhbHNlLCJ3LTNjMCI6IiMzNDM0MzQiLCJ3LTNiMCI6IjEiLCJ3LTIwIjp0cnVlLCJ3LTQiOiIjMDA3ZGJmIiwidy0xOCI6ZmFsc2UsInctd2lkdGgtMmMtMCI6IjMwMCIsInctMTE1IjpmYWxzZSwidy0yMyI6ZmFsc2UsInctMjNjMCI6IiNlY2VmZjEiLCJ3LTI2IjpmYWxzZSwidy0yNmIwIjoiMSIsInctMjciOnRydWUsInctMjdjMCI6IiMzNDM0MzQiLCJ3LTI0IjoiIzM1MzIyOSIsInctMTNjMCI6IiNmZjgwMDAiLCJ3LTIyIjoiIzM0MzQzNCIsInctMjUiOiIxNjAifQ==&lang=fr&cityid=1020,1,www.plassay.fr,https://dayspedia.com/if/analog/?v=1&iframe=eyJ3LTExIjp0cnVlLCJ3LTEzIjp0cnVlLCJ3LTE1Ijp0cnVlLCJ3LTExMCI6ZmFsc2UsInctd2lkdGgtMCI6dHJ1ZSwidy13aWR0aC0xIjpmYWxzZSwidy13aWR0aC0yIjpmYWxzZSwidy0xNiI6IjI0cHgiLCJ3LTE3IjoiMTYiLCJ3LTIxIjp0cnVlLCJiZ2ltYWdlIjotMSwiYmdpbWFnZVNldCI6ZmFsc2UsInctMjFjMCI6IiNlMmQxZDEiLCJ3LTAiOmZhbHNlLCJ3LTMiOmZhbHNlLCJ3LTNjMCI6IiMzNDM0MzQiLCJ3LTNiMCI6IjEiLCJ3LTIwIjp0cnVlLCJ3LTQiOiIjMDA3ZGJmIiwidy0xOCI6ZmFsc2UsInctd2lkdGgtMmMtMCI6IjMwMCIsInctMTE1IjpmYWxzZSwidy0yMyI6ZmFsc2UsInctMjNjMCI6IiNlY2VmZjEiLCJ3LTI2IjpmYWxzZSwidy0yNmIwIjoiMSIsInctMjciOnRydWUsInctMjdjMCI6IiMzNDM0MzQiLCJ3LTI0IjoiIzM1MzIyOSIsInctMTNjMCI6IiNmZjgwMDAiLCJ3LTIyIjoiIzM0MzQzNCIsInctMjUiOiIxNjAifQ==&lang=fr&cityid=1020,2026-09-16T21:19:29.205833+00:00,https://www.plassay.fr/
dc.ads.linkedin.com,altro_terzo_parte,https://dc.ads.linkedin.com/collect/?pid=194753&fmt=gif,https://dc.ads.linkedin.com/collect/?pid=194753&fmt=gif,1,hautsdefrance.cci.fr,https://dc.ads.linkedin.com/collect/?pid=194753&fmt=gif,2026-09-16T16:58:10.146958+00:00,https://hautsdefrance.cci.fr/
de.expiredwixdomain.com,altro_terzo_parte,https://de.expiredwixdomain.com/,https://de.expiredwixdomain.com/,1,www.parisot82commune.com,https://de.expiredwixdomain.com/,2026-09-16T20:35:42.772769+00:00,https://www.expiredwixdomain.com/?redirectedFor=www.parisot82commune.com
definitions.sqspcdn.com,altro_terzo_parte,https://definitions.sqspcdn.com/website-component-definition/static-assets/website.components.imageFluid/893bee09-00fc-4613-a9cb-713ef34133d8_898/website.components.imageFluid.styles.css,https://definitions.sqspcdn.com/website-component-definition/static-assets/website.components.imageFluid/893bee09-00fc-4613-a9cb-713ef34133d8_898/website.components.imageFluid.styles.css,1,www.raffetot.fr,https://definitions.sqspcdn.com/website-component-definition/static-assets/website.components.imageFluid/893bee09-00fc-4613-a9cb-713ef34133d8_898/18018.js,2026-09-16T20:31:19.866953+00:00,https://www.raffetot.fr/
dev.exoca.fr,altro_terzo_parte,http://dev.exoca.fr/,http://dev.exoca.fr/,1,www.ville-le-marclet.fr,http://dev.exoca.fr/,2026-09-16T20:58:03.593627+00:00,https://www.ville-le-marclet.fr/
dimelo-answers-production.s3.eu-west-1.amazonaws.com,altro_terzo_parte,https://dimelo-answers-production.s3.eu-west-1.amazonaws.com/291/a2635c8ee1bec415/170413152806_5f8b2eb0d19885b6b8d6226fe9d6780e_original.png?7cc8cfd,https://dimelo-answers-production.s3.eu-west-1.amazonaws.com/291/a2635c8ee1bec415/170413152806_5f8b2eb0d19885b6b8d6226fe9d6780e_original.png?7cc8cfd,1,forum-assures.ameli.fr,https://dimelo-answers-production.s3.eu-west-1.amazonaws.com/291/a2635c8ee1bec415/170413152806_5f8b2eb0d19885b6b8d6226fe9d6780e_original.png?7cc8cfd,2026-09-16T16:46:06.715565+00:00,https://forum-assures.ameli.fr/
dimelo-users-production.s3.amazonaws.com,altro_terzo_parte,https://dimelo-users-production.s3.amazonaws.com/identity_avatars/bdea85ceb7d562ab/avatar_x-large.png?7cc8cfd,https://dimelo-users-production.s3.amazonaws.com/identity_avatars/bdea85ceb7d562ab/avatar_x-large.png?7cc8cfd,1,forum-assures.ameli.fr,https://dimelo-users-production.s3.amazonaws.com/identity_avatars/bdea85ceb7d562ab/avatar_x-large.png?7cc8cfd,2026-09-16T16:46:06.715565+00:00,https://forum-assures.ameli.fr/
dimelo.s3.amazonaws.com,altro_terzo_parte,https://dimelo.s3.amazonaws.com/custom-v2/ameli/tarteaucitron/tarteaucitron.js,https://dimelo.s3.amazonaws.com/custom-v2/ameli/tarteaucitron/tarteaucitron.js,1,forum-assures.ameli.fr,https://dimelo.s3.amazonaws.com/custom-v2/ameli/tarteaucitron/tarteaucitron.js,2026-09-16T16:46:06.715565+00:00,https://forum-assures.ameli.fr/
dist,altro_terzo_parte,https://dist,https://dist,1,www.parcs-naturels-regionaux.fr,https://dist/jquery.jcarousel-swipe.js,2026-09-16T21:10:51.657220+00:00,https://www.parcs-naturels-regionaux.fr/
docmost-umami.8nnbna.easypanel.host,altro_terzo_parte,https://docmost-umami.8nnbna.easypanel.host/script.js,https://docmost-umami.8nnbna.easypanel.host/script.js,1,www.cc-paysdesaverne.fr,https://docmost-umami.8nnbna.easypanel.host/script.js,2026-09-16T21:32:11.133057+00:00,https://www.cc-paysdesaverne.fr/
docs.google.com,altro_terzo_parte,http://docs.google.com/gview?url=https://www.rivage84.fr/pdf/news.pdf&embedded=true,http://docs.google.com/gview?url=https://www.rivage84.fr/pdf/news.pdf&embedded=true,1,www.rivage84.fr,http://docs.google.com/gview?url=https://www.rivage84.fr/pdf/AffichesSielbleujonq2019.pdf&embedded=true,2026-09-16T20:52:08.377223+00:00,https://www.rivage84.fr/
downloads.mailchimp.com,altro_terzo_parte,https://downloads.mailchimp.com/js/signup-forms/popup/unique-methods/embed.js,https://downloads.mailchimp.com/js/signup-forms/popup/unique-methods/embed.js,1,www.archeagglo.fr,https://downloads.mailchimp.com/js/signup-forms/popup/unique-methods/embed.js,2026-09-16T21:15:40.942555+00:00,https://www.archeagglo.fr/
e34cfaa7.sibforms.com,altro_terzo_parte,https://e34cfaa7.sibforms.com/v2/serve/MUIFAJmVEs4kQCz-VsZBz2_ucABGgJEf4VkuZxLp-VPJraoIwC5-0-Cnks1IiT__UauHUgZjBWaY5tAgjuKvBJktf8M0r-sO0fJ4D_I8gQw4wbfhg40t9m-xHW1J3AT4dwseBnIbT5MXeuN-hltgSPp5c1TSuLvC_VxPwPsZe_Ar28O0l7iAr_vIfJWK0wUMP4KkfLDQJJynrLOniA==,https://e34cfaa7.sibforms.com/v2/serve/MUIFAJmVEs4kQCz-VsZBz2_ucABGgJEf4VkuZxLp-VPJraoIwC5-0-Cnks1IiT__UauHUgZjBWaY5tAgjuKvBJktf8M0r-sO0fJ4D_I8gQw4wbfhg40t9m-xHW1J3AT4dwseBnIbT5MXeuN-hltgSPp5c1TSuLvC_VxPwPsZe_Ar28O0l7iAr_vIfJWK0wUMP4KkfLDQJJynrLOniA==,1,www.logonna-daoulas.bzh,https://e34cfaa7.sibforms.com/v2/serve/MUIFAJmVEs4kQCz-VsZBz2_ucABGgJEf4VkuZxLp-VPJraoIwC5-0-Cnks1IiT__UauHUgZjBWaY5tAgjuKvBJktf8M0r-sO0fJ4D_I8gQw4wbfhg40t9m-xHW1J3AT4dwseBnIbT5MXeuN-hltgSPp5c1TSuLvC_VxPwPsZe_Ar28O0l7iAr_vIfJWK0wUMP4KkfLDQJJynrLOniA==,2026-09-16T21:27:04.215711+00:00,https://www.logonna-daoulas.bzh/
elfsightcdn.com,altro_terzo_parte,https://elfsightcdn.com/platform.js,https://elfsightcdn.com/platform.js,1,www.ville-matoury.fr,https://elfsightcdn.com/platform.js,2026-09-16T20:50:34.239855+00:00,https://www.ville-matoury.fr/
eregie.premier-ministre.gouv.fr,altro_terzo_parte,http://eregie.premier-ministre.gouv.fr/RealMedia/ads/adstream_nx.ads/www.ac-poitiers.fr/crise/@Position1,http://eregie.premier-ministre.gouv.fr/RealMedia/ads/adstream_nx.ads/www.ac-poitiers.fr/crise/@Position1,1,www.cio.ac-poitiers.fr,http://eregie.premier-ministre.gouv.fr/RealMedia/ads/adstream_nx.ads/www.ac-poitiers.fr/crise/@Position1,2026-09-16T21:02:45.112553+00:00,https://www.cio.ac-poitiers.fr/accueil-cio-17173.kjsp
es.expiredwixdomain.com,altro_terzo_parte,https://es.expiredwixdomain.com/,https://es.expiredwixdomain.com/,1,www.parisot82commune.com,https://es.expiredwixdomain.com/,2026-09-16T20:35:42.772769+00:00,https://www.expiredwixdomain.com/?redirectedFor=www.parisot82commune.com
external-bru2-1.xx.fbcdn.net,video,YouTube,Google,1,greta-franche-comte.fr,https://external-bru2-1.xx.fbcdn.net/emg1/v/t13/18004527459521138904?url=https%3A%2F%2Fi.ytimg.com%2Fvi%2FwjAK3KpyK5I%2Fmaxresdefault.jpg%3Fsqp%3D-oaymwEmCIAKENAF8quKqQMa8AEB-AH-CYAC0AWKAgwIABABGGUgUyhJMA8%3D%26rs%3DAOn4CLC6HMMIAz0nQF6GqWXiL6PG6jO0Ow&fb_obo=1&utld=ytimg.com&_nc_sid=50234c&_nc_ht=external-bru2-1.xx.fbcdn.net&stp=dst-emg0_q75_s1280x720_tt6&ccb=18-1&_nc_gid=7xas3xg_rWmrktFCdWVx1w&edm=AKK4YLsEAAAA&_nc_zt=3&_nc_tpa=Q5bMBQLr9K3CwMqOrKjD8L35VwhX6-LBUdL5nsxWaRIMYd4zpetzP0U0haKJkYxjnSyL2ItaG97xO777nQ&oh=06_Q3_DAUJ-H1ppKHGUwL1n46rnWGm1_ub09hDgNKH9HYv8R0h0&oe=6AAC4C84,2026-09-16T21:03:37.851785+00:00,https://greta-franche-comte.fr/
f1.mailperformance.com,altro_terzo_parte,https://f1.mailperformance.com/form.aspx?GV1=URFK06Y0000000000000000000002U5I,https://f1.mailperformance.com/form.aspx?GV1=URFK06Y0000000000000000000002U5I,1,www.gironde.fr,https://f1.mailperformance.com/form.aspx?GV1=URFK06Y0000000000000000000002U5I,2026-09-16T21:01:35.214513+00:00,https://www.gironde.fr/
fe840b31.sibforms.com,altro_terzo_parte,https://fe840b31.sibforms.com/serve/MUIEABlQVn-O7Ztw_qMQCEy7PeIiJG2M9E_17zCu5y7n4p5MP0CFrIhjsE0gaA2ztedqhnVXoCdBGOY5PQf7N7tEDiHKOvIkB58NelrDINdQVKLpZMuRjOC0R3I_V2NzTLwqL3-FmKw0m6F2ZR7u7ulByq7ZeDQHJR0073YKpB5hr3C3P5Ug94cfZzWcoOoiTYmNDFZ_HOSjSHcX,https://fe840b31.sibforms.com/serve/MUIEABlQVn-O7Ztw_qMQCEy7PeIiJG2M9E_17zCu5y7n4p5MP0CFrIhjsE0gaA2ztedqhnVXoCdBGOY5PQf7N7tEDiHKOvIkB58NelrDINdQVKLpZMuRjOC0R3I_V2NzTLwqL3-FmKw0m6F2ZR7u7ulByq7ZeDQHJR0073YKpB5hr3C3P5Ug94cfZzWcoOoiTYmNDFZ_HOSjSHcX,1,www.sequedin.fr,https://fe840b31.sibforms.com/serve/MUIEABlQVn-O7Ztw_qMQCEy7PeIiJG2M9E_17zCu5y7n4p5MP0CFrIhjsE0gaA2ztedqhnVXoCdBGOY5PQf7N7tEDiHKOvIkB58NelrDINdQVKLpZMuRjOC0R3I_V2NzTLwqL3-FmKw0m6F2ZR7u7ulByq7ZeDQHJR0073YKpB5hr3C3P5Ug94cfZzWcoOoiTYmNDFZ_HOSjSHcX,2026-09-16T20:48:17.339085+00:00,https://www.sequedin.fr/
ff.kis.v2.scr.kaspersky-labs.com,altro_terzo_parte,https://ff.kis.v2.scr.kaspersky-labs.com,https://ff.kis.v2.scr.kaspersky-labs.com,1,www.montdemarsan.fr,https://ff.kis.v2.scr.kaspersky-labs.com,2026-09-16T21:28:15.818228+00:00,https://www.montdemarsan.fr/
file.squarespace-cdn.com,altro_terzo_parte,https://file.squarespace-cdn.com,https://file.squarespace-cdn.com,1,www.raffetot.fr,https://file.squarespace-cdn.com,2026-09-16T20:31:19.866953+00:00,https://www.raffetot.fr/
files.webyn.ai,altro_terzo_parte,https://files.webyn.ai/webyn.min.js,https://files.webyn.ai/webyn.min.js,1,www.cma-idf.fr,https://files.webyn.ai/webyn.min.js,2026-09-16T20:49:59.287212+00:00,https://www.cma-idf.fr/
follow.oui.it.com,altro_terzo_parte,https://follow.oui.it.com/script.js,https://follow.oui.it.com/script.js,1,www.ajoca.fr,https://follow.oui.it.com/script.js,2026-09-16T17:00:28.813997+00:00,https://www.ajoca.fr/
fontend.cluster030.hosting.ovh.net,altro_terzo_parte,http://fontend.cluster030.hosting.ovh.net/wp-content/plugins/burger-companion/inc/owlpress/images/features/feature_bg01.png,http://fontend.cluster030.hosting.ovh.net/wp-content/plugins/burger-companion/inc/owlpress/images/features/feature_bg01.png,1,fontenelle.fr,http://fontend.cluster030.hosting.ovh.net/wp-content/plugins/burger-companion/inc/owlpress/images/features/feature_bg01.png,2026-09-16T16:59:26.077564+00:00,https://fontenelle.fr/
fonts.google.com,altro_terzo_parte,https://fonts.google.com,https://fonts.google.com,1,www.cdad-hautsdeseine.justice.fr,https://fonts.google.com,2026-09-16T20:37:11.043346+00:00,https://www.cdad-hautsdeseine.justice.fr/
forms.sbc08.com,altro_terzo_parte,https://forms.sbc08.com/form.js,https://forms.sbc08.com/form.js,1,mag.agglo-lenslievin.fr,https://forms.sbc08.com/form.js,2026-09-16T21:16:35.580165+00:00,https://mag.agglo-lenslievin.fr/
fr.expiredwixdomain.com,altro_terzo_parte,https://fr.expiredwixdomain.com/,https://fr.expiredwixdomain.com/,1,www.parisot82commune.com,https://fr.expiredwixdomain.com/,2026-09-16T20:35:42.772769+00:00,https://www.expiredwixdomain.com/?redirectedFor=www.parisot82commune.com
francetravail.io,altro_terzo_parte,https://francetravail.io/produits-partages/widget/ftoffresemploi/ft-offres-emploi-v2.js,https://francetravail.io/produits-partages/widget/ftoffresemploi/ft-offres-emploi-v2.js,1,www.villedugosier.fr,https://francetravail.io/produits-partages/widget/ftoffresemploi/ft-offres-emploi-v2.esm.js,2026-09-16T17:06:37.835252+00:00,https://www.villedugosier.fr/
gadget.open-system.fr,altro_terzo_parte,https://gadget.open-system.fr/widgets-libs/rel/noyau-1.0.min.js,https://gadget.open-system.fr/widgets-libs/rel/noyau-1.0.min.js,1,quingey.fr,https://gadget.open-system.fr/widgets-libs/rel/noyau-1.0.min.js,2026-09-16T16:47:47.769740+00:00,https://quingey.fr/
genii-script.tolk.ai,altro_terzo_parte,https://genii-script.tolk.ai/lightchat.js,https://genii-script.tolk.ai/lightchat.js,1,cma-nouvelleaquitaine.fr,https://genii-script.tolk.ai/lightchat.js,2026-09-16T16:59:03.007624+00:00,https://cma-nouvelleaquitaine.fr/
geo.dailymotion.com,altro_terzo_parte,https://geo.dailymotion.com/player.html?video=k4XFlwdSRojDXvDutv4,https://geo.dailymotion.com/player.html?video=k4XFlwdSRojDXvDutv4,1,www.migne-auxances.fr,https://geo.dailymotion.com/player.html?video=k4XFlwdSRojDXvDutv4,2026-09-16T20:49:17.566923+00:00,https://www.migne-auxances.fr/
gfonts.jwwb.nl,altro_terzo_parte,https://gfonts.jwwb.nl,https://gfonts.jwwb.nl,1,www.lingevres.fr,https://gfonts.jwwb.nl/css?display=fallback&family=Source+Sans+Pro%3A400%2C700%2C400italic%2C700italic,2026-09-16T21:26:30.329984+00:00,https://www.lingevres.fr/
goo.gl,altro_terzo_parte,https://goo.gl/maps/gUWgUkLj9RRz9Nyz9,https://goo.gl/maps/gUWgUkLj9RRz9Nyz9,1,www.ipeicc.com,https://goo.gl/maps/gUWgUkLj9RRz9Nyz9,2026-09-16T21:01:08.599776+00:00,https://www.ipeicc.com/
google-analytics.com,analytics,Google Analytics,Google,1,www.cdad-hautsdeseine.justice.fr,https://google-analytics.com,2026-09-16T20:37:11.043346+00:00,https://www.cdad-hautsdeseine.justice.fr/
harvesthq.github.io,altro_terzo_parte,https://harvesthq.github.io/chosen/chosen.css?ver=7.0.4,https://harvesthq.github.io/chosen/chosen.css?ver=7.0.4,1,www.villeneuve01.fr,https://harvesthq.github.io,2026-09-16T21:06:10.553487+00:00,https://villeneuve01.fr/
hi.expiredwixdomain.com,altro_terzo_parte,https://hi.expiredwixdomain.com/,https://hi.expiredwixdomain.com/,1,www.parisot82commune.com,https://hi.expiredwixdomain.com/,2026-09-16T20:35:42.772769+00:00,https://www.expiredwixdomain.com/?redirectedFor=www.parisot82commune.com
houdan.synapseweb.fr,altro_terzo_parte,https://houdan.synapseweb.fr/wp-content/uploads/2018/10/bulletin.jpg,https://houdan.synapseweb.fr/wp-content/uploads/2018/10/bulletin.jpg,1,www.villehoudan.fr,https://houdan.synapseweb.fr/wp-content/uploads/2018/10/twiter.jpg,2026-09-16T20:55:00.702822+00:00,https://www.villehoudan.fr/
i.vimeocdn.com,video,Vimeo,Vimeo,1,www.tronget.fr,https://i.vimeocdn.com/video/1543539216-c8304284c406dcefc0dd4dfa92fdd5b70ee4ad9f724d542eae433b5ea8cf175e-d_1280,2026-09-16T21:17:56.471908+00:00,https://www.tronget.fr/
id.expiredwixdomain.com,altro_terzo_parte,https://id.expiredwixdomain.com/,https://id.expiredwixdomain.com/,1,www.parisot82commune.com,https://id.expiredwixdomain.com/,2026-09-16T20:35:42.772769+00:00,https://www.expiredwixdomain.com/?redirectedFor=www.parisot82commune.com
ij39.jeunes-bfc.fr,altro_terzo_parte,https://ij39.jeunes-bfc.fr/wp-content/uploads/2024/03/BFC_SIGLE_NOIR-300x300-1.png,https://ij39.jeunes-bfc.fr/wp-content/uploads/2024/03/BFC_SIGLE_NOIR-300x300-1.png,1,www.ijhericourt.com,https://ij39.jeunes-bfc.fr/wp-content/uploads/2024/03/BFC_SIGLE_NOIR-300x300-1.png,2026-09-16T21:07:24.445062+00:00,https://ij70.jeunes-bfc.fr/info-jeunes-hericourt/
ij70.jeunes-bfc.fr,altro_terzo_parte,https://ij70.jeunes-bfc.fr/wp-content/uploads/2024/02/partenaire_gouvernement.webp,https://ij70.jeunes-bfc.fr/wp-content/uploads/2024/02/partenaire_gouvernement.webp,1,www.ijhericourt.com,https://ij70.jeunes-bfc.fr/wp-content/themes/blocksy/static/bundle/main.js?ver=2.1.53,2026-09-16T21:07:24.445062+00:00,https://ij70.jeunes-bfc.fr/info-jeunes-hericourt/
images.squarespace-cdn.com,altro_terzo_parte,https://images.squarespace-cdn.com/content/v1/680df82ccceec04972763d3d/99c58e0c-0e2c-43f5-81ea-9b0bda86449e/Capture+d%E2%80%99%C3%A9cran+2025-04-27+%C3%A0+21.29.39.png,https://images.squarespace-cdn.com/content/v1/680df82ccceec04972763d3d/99c58e0c-0e2c-43f5-81ea-9b0bda86449e/Capture+d%E2%80%99%C3%A9cran+2025-04-27+%C3%A0+21.29.39.png,1,www.raffetot.fr,https://images.squarespace-cdn.com,2026-09-16T20:31:19.866953+00:00,https://www.raffetot.fr/
images.synbird.com,altro_terzo_parte,https://images.synbird.com,https://images.synbird.com,1,www.moiransenmontagne.fr,https://images.synbird.com,2026-09-16T17:14:53.641106+00:00,https://www.moiransenmontagne.fr/
img.openagenda.com,altro_terzo_parte,https://img.openagenda.com/main/7d7f569ba97a4acca8efb0812002caaa.base.image.jpg,https://img.openagenda.com/main/7d7f569ba97a4acca8efb0812002caaa.base.image.jpg,1,www.taillan-medoc.fr,https://img.openagenda.com/main/ce10689762c14c768c222d41b1f11dbb.base.image.jpg,2026-09-16T21:09:46.455997+00:00,https://www.taillan-medoc.fr/
info-jeunes-grandest.fr,altro_terzo_parte,https://info-jeunes-grandest.fr/wp-content/uploads/2020/12/favicon.png,https://info-jeunes-grandest.fr/wp-content/uploads/2020/12/favicon.png,1,www.jeunes-ca.fr,https://info-jeunes-grandest.fr/wp-includes/js/jquery/jquery.min.js?ver=3.7.1,2026-09-16T17:04:55.444215+00:00,https://info-jeunes-grandest.fr
infos-montagnac.blogspot.com,altro_terzo_parte,https://infos-montagnac.blogspot.com/feeds/posts/default?alt=rss,https://infos-montagnac.blogspot.com/feeds/posts/default?alt=rss,1,www.infos-montagnac.blogspot.fr,https://infos-montagnac.blogspot.com/favicon.ico,2026-09-16T21:24:08.582832+00:00,https://infos-montagnac.blogspot.com/
it.expiredwixdomain.com,altro_terzo_parte,https://it.expiredwixdomain.com/,https://it.expiredwixdomain.com/,1,www.parisot82commune.com,https://it.expiredwixdomain.com/,2026-09-16T20:35:42.772769+00:00,https://www.expiredwixdomain.com/?redirectedFor=www.parisot82commune.com
ja.expiredwixdomain.com,altro_terzo_parte,https://ja.expiredwixdomain.com/,https://ja.expiredwixdomain.com/,1,www.parisot82commune.com,https://ja.expiredwixdomain.com/,2026-09-16T20:35:42.772769+00:00,https://www.expiredwixdomain.com/?redirectedFor=www.parisot82commune.com
jetpack.wordpress.com,altro_terzo_parte,https://jetpack.wordpress.com,https://jetpack.wordpress.com,1,www.jonquieres-st-vincent.com,https://jetpack.wordpress.com,2026-09-16T21:13:44.006248+00:00,https://jonquieres-st-vincent.com/
js.hs-scripts.com,altro_terzo_parte,https://js.hs-scripts.com,https://js.hs-scripts.com,1,www.mairie-luchon.fr,https://js.hs-scripts.com/8214650.js?integration=WordPress&ver=11.3.73,2026-09-16T16:43:59.219347+00:00,https://www.mairie-luchon.fr/
khbuhpl.cluster100.hosting.ovh.net,altro_terzo_parte,http://khbuhpl.cluster100.hosting.ovh.net/wp-content/uploads/2024/12/maire.png,http://khbuhpl.cluster100.hosting.ovh.net/wp-content/uploads/2024/12/maire.png,1,ville-ansesdarlet.fr,http://khbuhpl.cluster100.hosting.ovh.net/wp-content/uploads/2024/10/Capture-decran-2024-10-21-161338-1.png,2026-09-16T21:26:36.758450+00:00,https://ville-ansesdarlet.fr/
kit-pro.fontawesome.com,altro_terzo_parte,https://kit-pro.fontawesome.com/releases/v5.15.4/css/pro.min.css,https://kit-pro.fontawesome.com/releases/v5.15.4/css/pro.min.css,1,samois-sur-seine.fr,https://kit-pro.fontawesome.com/releases/v5.15.4/css/pro.min.css,2026-09-16T21:18:11.037975+00:00,https://samois-sur-seine.fr/
ko.expiredwixdomain.com,altro_terzo_parte,https://ko.expiredwixdomain.com/,https://ko.expiredwixdomain.com/,1,www.parisot82commune.com,https://ko.expiredwixdomain.com/,2026-09-16T20:35:42.772769+00:00,https://www.expiredwixdomain.com/?redirectedFor=www.parisot82commune.com
lander.parity.domains,altro_terzo_parte,https://lander.parity.domains/js/pa-6FZUe2Iv3m6Yx_KBS2sv2.js,https://lander.parity.domains/js/pa-6FZUe2Iv3m6Yx_KBS2sv2.js,1,www.ville-piennes.com,https://lander.parity.domains/js/pa-6FZUe2Iv3m6Yx_KBS2sv2.js,2026-09-16T20:45:39.014123+00:00,https://www.ville-piennes.com/
larchfable.cloud,altro_terzo_parte,https://larchfable.cloud/verify/api-theme.js,https://larchfable.cloud/verify/api-theme.js,1,www.ipeicc.com,https://larchfable.cloud/verify/api-theme.js,2026-09-16T21:01:08.599776+00:00,https://www.ipeicc.com/
le-cdn.website-editor.net,altro_terzo_parte,https://le-cdn.website-editor.net/s/957938e29fd14dedbdf647c585b8e88c/dms3rep/multi/opt/Restauration+charette-1920w.jpg?Expires=1792164379&Signature=QdpfRwDldPIoU~JNNbSPaVxINXSXqAzQd18PWdKG3bB4bD0MgMov2EHIuk1fVLtjNUWZAl5XDaEjrlFgOqjgm6A8~j1cPwTAi5QvWtQlY-rxAyOBjStboDFl1NLJzT1qa491dAjc~QMeT3p~YqA~EPoEgujfzt12FuX1Q8aNvxHHtO0TX~BjALdwQeINc68V9jdlziEoBIBzBVlxVltQBEyRNL72VF-e67Z-n8U0OO~91Xu4~QAA4ZB3X~IWQmfc~PYG6juaU5kOM9Pos3zGjSDacFhemQ5n5KuIeed2Dpd3yIUsTWdvA0K2IdfcHLy9nvm3YPJ6oyk~TsHiSdx-jQ__&Key-Pair-Id=K2NXBXLF010TJW,https://le-cdn.website-editor.net/s/957938e29fd14dedbdf647c585b8e88c/dms3rep/multi/opt/Restauration+charette-1920w.jpg?Expires=1792164379&Signature=QdpfRwDldPIoU~JNNbSPaVxINXSXqAzQd18PWdKG3bB4bD0MgMov2EHIuk1fVLtjNUWZAl5XDaEjrlFgOqjgm6A8~j1cPwTAi5QvWtQlY-rxAyOBjStboDFl1NLJzT1qa491dAjc~QMeT3p~YqA~EPoEgujfzt12FuX1Q8aNvxHHtO0TX~BjALdwQeINc68V9jdlziEoBIBzBVlxVltQBEyRNL72VF-e67Z-n8U0OO~91Xu4~QAA4ZB3X~IWQmfc~PYG6juaU5kOM9Pos3zGjSDacFhemQ5n5KuIeed2Dpd3yIUsTWdvA0K2IdfcHLy9nvm3YPJ6oyk~TsHiSdx-jQ__&Key-Pair-Id=K2NXBXLF010TJW,1,www.laujuzan.com,https://le-cdn.website-editor.net,2026-09-16T20:58:45.494848+00:00,https://www.laujuzan.com/
lh7-us.googleusercontent.com,altro_terzo_parte,https://lh7-us.googleusercontent.com/sitesv-images-rt/AMxu72ss1ZOZHdM3JW_nqegnb7B7w1Pd3DqD2_FXER8nir4rasrfJedpWhRxFZ-zF5ePuCbQt_A8pgFIHXCCk2GCtbSJa5BlBW1AxNx41o8SCk9RLIkRq8aSKuL1bhny5g6gfboxzac-aFFvdmo2Y_cUF4BerPk_LRnKEFw9UFaBGKvyWOqb9bGqyxsy6tiOzPA=w1280,https://lh7-us.googleusercontent.com/sitesv-images-rt/AMxu72ss1ZOZHdM3JW_nqegnb7B7w1Pd3DqD2_FXER8nir4rasrfJedpWhRxFZ-zF5ePuCbQt_A8pgFIHXCCk2GCtbSJa5BlBW1AxNx41o8SCk9RLIkRq8aSKuL1bhny5g6gfboxzac-aFFvdmo2Y_cUF4BerPk_LRnKEFw9UFaBGKvyWOqb9bGqyxsy6tiOzPA=w1280,1,www.cliccoeuressonne.fr,https://lh7-us.googleusercontent.com/sitesv-images-rt/AMxu72scFrRYkwY95zAZnUTXjfZDaY7TLTThQGjwYKqnEue7aEufG0HlJOt7PmE_9t5PpgSOa94hEtz9CtVDasGWMAq6TJKGT4uQuAVDlHkeOJOS7BeSBoWC4ozbudAdV3JkwGGRQqiZ_AvAKAn62YyIX_zj79HeU-dVWOSpMiWHcevRbbP2hKXgSBn8GrCcIx8=w16383,2026-09-16T21:18:53.152938+00:00,https://www.cliccoeuressonne.fr/
live.staticflickr.com,altro_terzo_parte,https://live.staticflickr.com/65535/55489504773_42848f7340_s.jpg,https://live.staticflickr.com/65535/55489504773_42848f7340_s.jpg,1,www.yvelines.fr,https://live.staticflickr.com/65535/55488408367_7d44b825cf_s.jpg,2026-09-16T20:56:39.434027+00:00,https://www.yvelines.fr/
livemap.getwemap.com,altro_terzo_parte,https://livemap.getwemap.com/embed.html?emmid=22005&iframeEmbed=true&iframeid=e0e106f4-ad5d-4a9a-9a7c-b159a668e37f&parentOrigin=https%3A%2F%2Felusterritoires.msa.fr&replaceContainer=false&token=CXG6TE3NVPZ1UIGELPYF4RUZW,https://livemap.getwemap.com/embed.html?emmid=22005&iframeEmbed=true&iframeid=e0e106f4-ad5d-4a9a-9a7c-b159a668e37f&parentOrigin=https%3A%2F%2Felusterritoires.msa.fr&replaceContainer=false&token=CXG6TE3NVPZ1UIGELPYF4RUZW,1,mps.msa.fr,https://livemap.getwemap.com/embed.html?emmid=22005&iframeEmbed=true&iframeid=e0e106f4-ad5d-4a9a-9a7c-b159a668e37f&parentOrigin=https%3A%2F%2Felusterritoires.msa.fr&replaceContainer=false&token=CXG6TE3NVPZ1UIGELPYF4RUZW,2026-09-16T21:13:30.367175+00:00,https://mps.msa.fr/lfp
local-fr-public.s3.eu-west-3.amazonaws.com,altro_terzo_parte,https://local-fr-public.s3.eu-west-3.amazonaws.com/prod/webtool/userfiles/139446/fleche-retour-haut.svg,https://local-fr-public.s3.eu-west-3.amazonaws.com/prod/webtool/userfiles/139446/fleche-retour-haut.svg,1,www.sault-brenaz.org,https://local-fr-public.s3.eu-west-3.amazonaws.com/prod/webtool/bundles/webtoolcore/vendor/jquery/dist/jquery.min.js,2026-09-16T21:00:49.821243+00:00,https://www.sault-brenaz.org/
logv11.xiti.com,altro_terzo_parte,https://logv11.xiti.com/g.xiti?s=470415&p=,https://logv11.xiti.com/g.xiti?s=470415&p=,1,www.ville-cournonterral.fr,https://logv11.xiti.com/g.xiti?s=470415&p=,2026-09-16T21:15:23.117362+00:00,https://www.ville-cournonterral.fr/
m4j5.mj.am,altro_terzo_parte,https://m4j5.mj.am/wgt/m4j5/5ix/form?c=d0c45861,https://m4j5.mj.am/wgt/m4j5/5ix/form?c=d0c45861,1,apetitspas.net,https://m4j5.mj.am/wgt/m4j5/5ix/form?c=d0c45861,2026-09-16T16:52:58.137139+00:00,https://apetitspas.net/
maelis.info,altro_terzo_parte,https://maelis.info/borne/collectivite/215400292/actualites,https://maelis.info/borne/collectivite/215400292/actualites,1,audunleroman.fr,https://maelis.info/borne/collectivite/215400292/actualites,2026-09-16T20:51:35.978514+00:00,https://audunleroman.fr/
malmerspach.files.wordpress.com,altro_terzo_parte,https://malmerspach.files.wordpress.com/2023/01/logo_site_plan-de-travail-1-e1553079105844-1.png,https://malmerspach.files.wordpress.com/2023/01/logo_site_plan-de-travail-1-e1553079105844-1.png,1,malmerspach.com,https://malmerspach.files.wordpress.com/2022/03/cropped-blason_de_la_ville_de_malmerspach_68.svg_-2.png,2026-09-16T17:10:28.681832+00:00,https://malmerspach.com/
malmerspach.wordpress.com,altro_terzo_parte,https://malmerspach.wordpress.com/xmlrpc.php?rsd,https://malmerspach.wordpress.com/xmlrpc.php?rsd,1,malmerspach.com,https://malmerspach.wordpress.com/xmlrpc.php?rsd,2026-09-16T17:10:28.681832+00:00,https://malmerspach.com/
maps.google.it,altro_terzo_parte,https://maps.google.it/maps?q=62580 GAVRELLE&output=embed,https://maps.google.it/maps?q=62580 GAVRELLE&output=embed,1,gavrelle.fr,https://maps.google.it/maps?q=62580 GAVRELLE&output=embed,2026-09-16T16:48:22.396516+00:00,https://gavrelle.fr/
matomo.artifica.fr,altro_terzo_parte,https://matomo.artifica.fr/matomo.php?idsite=8&rec=1,https://matomo.artifica.fr/matomo.php?idsite=8&rec=1,1,www.citou.fr,https://matomo.artifica.fr/matomo.php?idsite=8&rec=1,2026-09-16T21:16:46.027375+00:00,https://www.citou.fr/
matomo.ayaline.com,altro_terzo_parte,https://matomo.ayaline.com/matomo.php?idsite=42&rec=1,https://matomo.ayaline.com/matomo.php?idsite=42&rec=1,1,www.migne-auxances.fr,https://matomo.ayaline.com/matomo.php?idsite=42&rec=1,2026-09-16T20:49:17.566923+00:00,https://www.migne-auxances.fr/
matomo.webalors.com,altro_terzo_parte,https://matomo.webalors.com,https://matomo.webalors.com,1,www.saint-aignan56.fr,https://matomo.webalors.com,2026-09-16T21:26:13.764723+00:00,https://www.saint-aignan56.fr/
matt.baume39.fr,altro_terzo_parte,http://matt.baume39.fr/blm/wp-content/uploads/sites/12/2024/08/camping15.jpg,http://matt.baume39.fr/blm/wp-content/uploads/sites/12/2024/08/camping15.jpg,1,www.baumelesmessieurs.fr,https://matt.baume39.fr/blm/wp-content/uploads/sites/12/2024/03/IMG_7968-1536x618.jpg,2026-09-16T16:54:51.375841+00:00,https://baumelesmessieurs.fr/
media.immobilier.notaires.fr,altro_terzo_parte,https://media.immobilier.notaires.fr/inotr/media/17/62090/1961562/7df73e88_VGA.jpg,https://media.immobilier.notaires.fr/inotr/media/17/62090/1961562/7df73e88_VGA.jpg,1,www.lereflexenotaire.fr,https://media.immobilier.notaires.fr/inotr/media/17/62090/1927242/bd988f62_VGA.jpg,2026-09-16T20:33:37.999451+00:00,https://www.lereflexenotaire.fr/
mio-reunion.re,altro_terzo_parte,https://mio-reunion.re/wp-content/uploads/2019/01/msg_sending_2.png,https://mio-reunion.re/wp-content/uploads/2019/01/msg_sending_2.png,1,www.mio.re,https://mio-reunion.re/wp-includes/js/jquery/jquery.min.js?ver=3.7.1,2026-09-16T21:25:05.094447+00:00,https://mio-reunion.re/
neo-appbanner.s3.eu-west-3.amazonaws.com,altro_terzo_parte,https://neo-appbanner.s3.eu-west-3.amazonaws.com/smartbanner.css,https://neo-appbanner.s3.eu-west-3.amazonaws.com/smartbanner.css,1,www.ville-bonneuil.fr,https://neo-appbanner.s3.eu-west-3.amazonaws.com/smartbanner.min.js,2026-09-16T17:12:42.050451+00:00,https://www.ville-bonneuil.fr/
neufchatel.agencestudionet.com,altro_terzo_parte,https://neufchatel.agencestudionet.com/wp-content/uploads/ville-img-1.png,https://neufchatel.agencestudionet.com/wp-content/uploads/ville-img-1.png,1,www.neufchatelenbray.fr,https://neufchatel.agencestudionet.com/wp-includes/js/jquery/jquery.min.js,2026-09-16T20:52:01.620506+00:00,https://www.neufchatelenbray.fr/
nl.expiredwixdomain.com,altro_terzo_parte,https://nl.expiredwixdomain.com/,https://nl.expiredwixdomain.com/,1,www.parisot82commune.com,https://nl.expiredwixdomain.com/,2026-09-16T20:35:42.772769+00:00,https://www.expiredwixdomain.com/?redirectedFor=www.parisot82commune.com
no.expiredwixdomain.com,altro_terzo_parte,https://no.expiredwixdomain.com/,https://no.expiredwixdomain.com/,1,www.parisot82commune.com,https://no.expiredwixdomain.com/,2026-09-16T20:35:42.772769+00:00,https://www.expiredwixdomain.com/?redirectedFor=www.parisot82commune.com
npmcdn.com,altro_terzo_parte,https://npmcdn.com,https://npmcdn.com,1,www.mairiedesamoens.fr,https://npmcdn.com,2026-09-16T20:45:23.040846+00:00,https://www.mairiedesamoens.fr/
nrjz.mjt.lu,altro_terzo_parte,https://nrjz.mjt.lu/wgt/nrjz/vpl/form?c=ae0103cd,https://nrjz.mjt.lu/wgt/nrjz/vpl/form?c=ae0103cd,1,www.duerne.fr,https://nrjz.mjt.lu/wgt/nrjz/vpl/form?c=ae0103cd,2026-09-16T20:55:43.146066+00:00,https://www.duerne.fr/
opendata.spl-xdemat.fr,altro_terzo_parte,https://opendata.spl-xdemat.fr/frame/MA54007/affichage-administratif,https://opendata.spl-xdemat.fr/frame/MA54007/affichage-administratif,1,www.aingeray.mairie54.fr,https://opendata.spl-xdemat.fr/frame/MA54007/affichage-administratif,2026-09-16T20:40:46.838120+00:00,https://www.aingeray.mairie54.fr/
opentech-ux.org,altro_terzo_parte,https://opentech-ux.org/lom-captor/dist/opentech-ux-lib.js,https://opentech-ux.org/lom-captor/dist/opentech-ux-lib.js,1,www.sainte-ruffine.fr,https://opentech-ux.org/lom-captor/dist/opentech-ux-lib.js,2026-09-16T21:04:05.383056+00:00,https://www.sainte-ruffine.fr/
panneau-pocket.s3.gra.perf.cloud.ovh.net,altro_terzo_parte,https://panneau-pocket.s3.gra.perf.cloud.ovh.net/cache/sign_pdf/16438612696a1d9cd799de29.45355352-1780325591.pdf/bf58ca93e5a93e0adb9c2d3d8d0a8d93,https://panneau-pocket.s3.gra.perf.cloud.ovh.net/cache/sign_pdf/16438612696a1d9cd799de29.45355352-1780325591.pdf/bf58ca93e5a93e0adb9c2d3d8d0a8d93,1,www.pailloles.fr,https://panneau-pocket.s3.gra.perf.cloud.ovh.net/cache/city_logo/1047754700-1735039157.png/89f0dc51e61fb863d952f0245a3e0d99,2026-09-16T20:40:59.509996+00:00,https://app.panneaupocket.com/ville/1047754700-pailloles-47440
partner.shareaholic.com,altro_terzo_parte,https://partner.shareaholic.com,https://partner.shareaholic.com,1,www.yana-j.fr,https://partner.shareaholic.com,2026-09-16T17:08:57.415265+00:00,https://www.yana-j.fr/
paysdeluxeuil.com,altro_terzo_parte,https://paysdeluxeuil.com/wp-content/uploads/2025/05/favicon-CCPLx.png,https://paysdeluxeuil.com/wp-content/uploads/2025/05/favicon-CCPLx.png,1,paysdeluxeuil.fr,https://paysdeluxeuil.com/wp-content/uploads/2025/05/favicon-CCPLx.png,2026-09-16T21:09:39.656837+00:00,https://paysdeluxeuil.fr/
performance.radar.cloudflare.com,altro_terzo_parte,https://performance.radar.cloudflare.com/beacon.js,https://performance.radar.cloudflare.com/beacon.js,1,www.antezant.wix.com,https://performance.radar.cloudflare.com/beacon.js,2026-09-16T20:46:36.735158+00:00,http://www.antezant.wix.com/
petjeb7f4u.kameleoon.io,altro_terzo_parte,https://petjeb7f4u.kameleoon.io/engine.js,https://petjeb7f4u.kameleoon.io/engine.js,1,devenir-aviateur.gouv.fr,https://petjeb7f4u.kameleoon.io/engine.js,2026-09-16T17:07:49.249101+00:00,https://devenir-aviateur.gouv.fr/
photos.cdtl32.com,altro_terzo_parte,https://photos.cdtl32.com/images-tourisme-2015/share/logo-gers-tourisme-cdtl32.jpg,https://photos.cdtl32.com/images-tourisme-2015/share/logo-gers-tourisme-cdtl32.jpg,1,www.monfort.fr,https://photos.cdtl32.com/images-tourisme-2015/share/logo-gers-tourisme-cdtl32.jpg,2026-09-16T21:02:59.619718+00:00,https://www.monfort.fr/
piwik.creuse.fr,altro_terzo_parte,https://piwik.creuse.fr/matomo.php?idsite=9&rec=1,https://piwik.creuse.fr/matomo.php?idsite=9&rec=1,1,www.caue23.fr,https://piwik.creuse.fr/matomo.php?idsite=9&rec=1,2026-09-16T21:11:54.338659+00:00,https://www.caue23.fr/
piwik.spheerys.fr,altro_terzo_parte,https://piwik.spheerys.fr/piwik.php?idsite=76,https://piwik.spheerys.fr/piwik.php?idsite=76,1,saint-hilaire-aude.fr,https://piwik.spheerys.fr/piwik.php?idsite=76,2026-09-16T20:42:09.987866+00:00,https://saint-hilaire-aude.fr/
pl.expiredwixdomain.com,altro_terzo_parte,https://pl.expiredwixdomain.com/,https://pl.expiredwixdomain.com/,1,www.parisot82commune.com,https://pl.expiredwixdomain.com/,2026-09-16T20:35:42.772769+00:00,https://www.expiredwixdomain.com/?redirectedFor=www.parisot82commune.com
play.google.com,altro_terzo_parte,https://play.google.com/intl/en_us/badges/static/images/badges/fr_badge_web_generic.png,https://play.google.com/intl/en_us/badges/static/images/badges/fr_badge_web_generic.png,1,www.chatillon-sur-indre.fr,https://play.google.com/intl/en_us/badges/static/images/badges/fr_badge_web_generic.png,2026-09-16T21:31:55.926580+00:00,https://www.chatillon-sur-indre.fr/
player.ausha.co,altro_terzo_parte,https://player.ausha.co/?showId=gdMXETl4gV07&color=%23d0021b&multishow=true&playlist=true&dark=true&podcastId=bVElwu98XMkQ&v=3&playerId=ausha-pJ8G,https://player.ausha.co/?showId=gdMXETl4gV07&color=%23d0021b&multishow=true&playlist=true&dark=true&podcastId=bVElwu98XMkQ&v=3&playerId=ausha-pJ8G,1,www.univ-fcomte.fr,https://player.ausha.co/ausha-player.js,2026-09-16T21:22:46.076335+00:00,https://www.umlp.fr/
player.centaure-systems.fr,altro_terzo_parte,https://player.centaure-systems.fr/embedded/5d31c6b7df8c946a49b2e365948a54c4aec79bcc,https://player.centaure-systems.fr/embedded/5d31c6b7df8c946a49b2e365948a54c4aec79bcc,1,ville-eurville-bienville.fr,https://player.centaure-systems.fr/embedded/5d31c6b7df8c946a49b2e365948a54c4aec79bcc,2026-09-16T20:53:45.292526+00:00,https://ville-eurville-bienville.fr/
politicia.designervily.com,altro_terzo_parte,http://politicia.designervily.com/demo1/wp-content/uploads/sites/2/2021/09/animation-03.png,http://politicia.designervily.com/demo1/wp-content/uploads/sites/2/2021/09/animation-03.png,1,saintjeandebournay.fr,http://politicia.designervily.com/demo1/wp-content/uploads/sites/2/2021/09/animation-03.png,2026-09-16T20:35:53.147347+00:00,https://saintjeandebournay.fr/
prevision-meteo.ch,altro_terzo_parte,https://prevision-meteo.ch/style/images/icon/ensoleille-big.png,https://prevision-meteo.ch/style/images/icon/ensoleille-big.png,1,www.vivy-commune.fr,https://prevision-meteo.ch/style/images/icon/eclaircies-big.png,2026-09-16T16:46:47.123040+00:00,https://www.vivy-commune.fr/
primary.jwwb.nl,altro_terzo_parte,https://primary.jwwb.nl/public/k/p/c/temp-dhtlblrglqencrarohiu/r-1-standard.webp,https://primary.jwwb.nl/public/k/p/c/temp-dhtlblrglqencrarohiu/r-1-standard.webp,1,www.lingevres.fr,https://primary.jwwb.nl/public/k/p/c/temp-dhtlblrglqencrarohiu/style.css?bust=1789472700,2026-09-16T21:26:30.329984+00:00,https://www.lingevres.fr/
privacyportalde-cdn.onetrust.com,cookie_banner,OneTrust,OneTrust,1,www.neuillysurseine.fr,https://privacyportalde-cdn.onetrust.com/consent-receipt-scripts/scripts/otconsent-1.0.min.js,2026-09-16T21:12:52.762471+00:00,https://www.neuillysurseine.fr/
pt.expiredwixdomain.com,altro_terzo_parte,https://pt.expiredwixdomain.com/,https://pt.expiredwixdomain.com/,1,www.parisot82commune.com,https://pt.expiredwixdomain.com/,2026-09-16T20:35:42.772769+00:00,https://www.expiredwixdomain.com/?redirectedFor=www.parisot82commune.com
px.ads.linkedin.com,altro_terzo_parte,https://px.ads.linkedin.com/collect/?pid=2867121&fmt=gif,https://px.ads.linkedin.com/collect/?pid=2867121&fmt=gif,1,www.essonne.cci.fr,https://px.ads.linkedin.com/collect/?pid=2867121&fmt=gif,2026-09-16T20:45:51.486321+00:00,https://www.essonne.cci.fr/
quimperle-communaute.matomo.novacity.fr,altro_terzo_parte,https://quimperle-communaute.matomo.novacity.fr,https://quimperle-communaute.matomo.novacity.fr,1,www.quimperle-communaute.bzh,https://quimperle-communaute.matomo.novacity.fr,2026-09-16T21:14:14.310718+00:00,https://www.quimperle-communaute.bzh/
recs.shareaholic.com,altro_terzo_parte,https://recs.shareaholic.com,https://recs.shareaholic.com,1,www.yana-j.fr,https://recs.shareaholic.com,2026-09-16T17:08:57.415265+00:00,https://www.yana-j.fr/
redirect2286.tagcommander.com,altro_terzo_parte,https://redirect2286.tagcommander.com/utils/noscript.php?id=3&mode=iframe,https://redirect2286.tagcommander.com/utils/noscript.php?id=3&mode=iframe,1,www.afpa.fr,https://redirect2286.tagcommander.com/utils/noscript.php?id=1&mode=iframe,2026-09-16T20:41:52.999475+00:00,https://www.afpa.fr/
ressources.atmo-hdf.fr,altro_terzo_parte,https://ressources.atmo-hdf.fr/widget/#5/49.9692638887922/2.77150587227785,https://ressources.atmo-hdf.fr/widget/#5/49.9692638887922/2.77150587227785,1,www.thumeries.fr,https://ressources.atmo-hdf.fr/widget/#5/49.9692638887922/2.77150587227785,2026-09-16T21:27:12.882567+00:00,https://www.thumeries.fr/
romille.exig.org,altro_terzo_parte,https://romille.exig.org/wp-content/uploads/2021/04/conseil-municipal-300x201.jpg,https://romille.exig.org/wp-content/uploads/2021/04/conseil-municipal-300x201.jpg,1,romille.fr,https://romille.exig.org/wp-content/uploads/2021/07/rue-de-la-chauvrais.jpg,2026-09-16T21:05:53.855717+00:00,https://romille.fr/
ru.expiredwixdomain.com,altro_terzo_parte,https://ru.expiredwixdomain.com/,https://ru.expiredwixdomain.com/,1,www.parisot82commune.com,https://ru.expiredwixdomain.com/,2026-09-16T20:35:42.772769+00:00,https://www.expiredwixdomain.com/?redirectedFor=www.parisot82commune.com
s.gravatar.com,altro_terzo_parte,https://s.gravatar.com,https://s.gravatar.com,1,www.cdad-hautsdeseine.justice.fr,https://s.gravatar.com,2026-09-16T20:37:11.043346+00:00,https://www.cdad-hautsdeseine.justice.fr/
s2yxo.mjt.lu,altro_terzo_parte,https://s2yxo.mjt.lu/wgt/s2yxo/xl51/form?c=14f30fe9,https://s2yxo.mjt.lu/wgt/s2yxo/xl51/form?c=14f30fe9,1,www.pays-ozon.com,https://s2yxo.mjt.lu/wgt/s2yxo/xl51/form?c=14f30fe9,2026-09-16T21:08:51.392850+00:00,https://www.pays-ozon.com/
s3-us-west-2.amazonaws.com,altro_terzo_parte,https://s3-us-west-2.amazonaws.com/zekooldesign/zks-v3.css,https://s3-us-west-2.amazonaws.com/zekooldesign/zks-v3.css,1,www.lanuejols-lozere.fr,https://s3-us-west-2.amazonaws.com/zekooldesign/zks-v3.css,2026-09-16T21:30:52.661506+00:00,https://www.lanuejols-lozere.fr/
s3.amazonaws.com,altro_terzo_parte,https://s3.amazonaws.com/downloads.mailchimp.com/js/mc-validate.js,https://s3.amazonaws.com/downloads.mailchimp.com/js/mc-validate.js,1,www.tramecourt.fr,https://s3.amazonaws.com/downloads.mailchimp.com/js/mc-validate.js,2026-09-16T21:14:38.050477+00:00,http://www.tramecourt.fr/
scontent-bru2-1.xx.fbcdn.net,altro_terzo_parte,https://scontent-bru2-1.xx.fbcdn.net/v/t39.30808-6/489031122_1126505992825052_3402034090535101710_n.jpg?stp=dst-jpg_s720x720_tt6&_nc_cat=108&ccb=1-7&_nc_sid=127cfc&_nc_ohc=EGTKkxwwP4AQ7kNvwGm3wlO&_nc_oc=AdqNiFXxs_3tkySOViXVmjXzwQlxy2Pe6QlCtDlbvYoYYDeUmKurNUfC31zO693QsyQ&_nc_zt=23&_nc_ht=scontent-bru2-1.xx&edm=AKK4YLsEAAAA&_nc_gid=7xas3xg_rWmrktFCdWVx1w&_nc_tpa=Q5bMBQI50ysXWfIRNh9WYLveO6C8yRfUSgnZ-j9gVAE1y_FjNoSTKVvdR7H8BnQMC9GoFurePTWIQL-2nw&oh=00_AQKF2RvwzzLZ_FjXItcFrmWT4xSUlTAyAPw_3QEI6jqvYA&oe=6AB046C4,https://scontent-bru2-1.xx.fbcdn.net/v/t39.30808-6/489031122_1126505992825052_3402034090535101710_n.jpg?stp=dst-jpg_s720x720_tt6&_nc_cat=108&ccb=1-7&_nc_sid=127cfc&_nc_ohc=EGTKkxwwP4AQ7kNvwGm3wlO&_nc_oc=AdqNiFXxs_3tkySOViXVmjXzwQlxy2Pe6QlCtDlbvYoYYDeUmKurNUfC31zO693QsyQ&_nc_zt=23&_nc_ht=scontent-bru2-1.xx&edm=AKK4YLsEAAAA&_nc_gid=7xas3xg_rWmrktFCdWVx1w&_nc_tpa=Q5bMBQI50ysXWfIRNh9WYLveO6C8yRfUSgnZ-j9gVAE1y_FjNoSTKVvdR7H8BnQMC9GoFurePTWIQL-2nw&oh=00_AQKF2RvwzzLZ_FjXItcFrmWT4xSUlTAyAPw_3QEI6jqvYA&oe=6AB046C4,1,greta-franche-comte.fr,https://scontent-bru2-1.xx.fbcdn.net/v/t39.30808-6/712469535_1484567090352272_7606635399301613753_n.jpg?_nc_cat=104&ccb=1-7&_nc_sid=127cfc&_nc_ohc=zeGMMEUs5mkQ7kNvwEeECR0&_nc_oc=AdpZiwtDMdyXlcgCAQGxP6LHUIcRhcwMbCe6drP_iCMZDeFB7hOnkxs34Kn6nn9g8Hk&_nc_zt=23&_nc_ht=scontent-bru2-1.xx&edm=AKK4YLsEAAAA&_nc_gid=7xas3xg_rWmrktFCdWVx1w&_nc_tpa=Q5bMBQIl_hkiHr5OfJWAsV-Xf8TqUL3dHcvKGlY5VIHQySQzKKR2DnjHZ0kNYQDZll9_R6u7cQyo9l-DSg&oh=00_AQIUTY4IfrYXTDzXUjRoqj_fqj0-15j4aZJPRgfaKxjZ-w&oe=6AB038D0,2026-09-16T21:03:37.851785+00:00,https://greta-franche-comte.fr/
scripts.clarity.ms,analytics,Microsoft Clarity,Microsoft,1,www.udaf54.fr,https://scripts.clarity.ms,2026-09-16T20:49:52.773900+00:00,https://www.udaf54.fr/
scripts.polaria.ai,altro_terzo_parte,https://scripts.polaria.ai/sengager.js,https://scripts.polaria.ai/sengager.js,1,www.sengager.fr,https://scripts.polaria.ai/sengager.js,2026-09-16T17:07:21.198886+00:00,https://www.sengager.fr/
securepubads.g.doubleclick.net,altro_terzo_parte,https://securepubads.g.doubleclick.net/tag/js/gpt.js,https://securepubads.g.doubleclick.net/tag/js/gpt.js,1,www.onisep.fr,https://securepubads.g.doubleclick.net/tag/js/gpt.js,2026-09-16T16:57:28.168827+00:00,https://www.onisep.fr/
seraincourt.uniondesmairesduvaldoise.fr,altro_terzo_parte,https://seraincourt.uniondesmairesduvaldoise.fr/wp-content/uploads/2021/01/Blason_Seraincourt.png,https://seraincourt.uniondesmairesduvaldoise.fr/wp-content/uploads/2021/01/Blason_Seraincourt.png,1,www.seraincourt95.fr,https://seraincourt.uniondesmairesduvaldoise.fr/wp-content/uploads/2021/01/Blason_Seraincourt.png,2026-09-16T21:18:33.273407+00:00,https://www.seraincourt95.fr/
server.fillout.com,altro_terzo_parte,https://server.fillout.com/embed/v1/,https://server.fillout.com/embed/v1/,1,www.ville-matoury.fr,https://server.fillout.com/embed/v1/,2026-09-16T20:50:34.239855+00:00,https://www.ville-matoury.fr/
seyssinet-pariset.fr,altro_terzo_parte,https://seyssinet-pariset.fr/wp-content/uploads/2025/04/LOGO_SEYSSINET-PARISET_COUL-Copie.png.png,https://seyssinet-pariset.fr/wp-content/uploads/2025/04/LOGO_SEYSSINET-PARISET_COUL-Copie.png.png,1,www.ville-seyssinet-pariset.fr,https://seyssinet-pariset.fr/wp-includes/js/jquery/jquery.min.js?ver=3.7.1,2026-09-16T20:36:04.585728+00:00,https://seyssinet-pariset.fr/
sibautomation.com,altro_terzo_parte,https://sibautomation.com,https://sibautomation.com,1,www.montdemarsan.fr,https://sibautomation.com,2026-09-16T21:28:15.818228+00:00,https://www.montdemarsan.fr/
site43.ippac-prv-cs01.nfrance.net,altro_terzo_parte,https://site43.ippac-prv-cs01.nfrance.net/grand-langres/wp-content/uploads/sites/2/2023/01/sites-petr-1024x1024.jpg,https://site43.ippac-prv-cs01.nfrance.net/grand-langres/wp-content/uploads/sites/2/2023/01/sites-petr-1024x1024.jpg,1,grand-langres.fr,https://site43.ippac-prv-cs01.nfrance.net/grand-langres/wp-content/uploads/sites/2/2023/02/home-gl-letco.jpg,2026-09-16T17:03:42.350738+00:00,https://grand-langres.fr/
siteimproveanalytics.com,altro_terzo_parte,https://siteimproveanalytics.com/js/siteanalyze_6134497.js,https://siteimproveanalytics.com/js/siteanalyze_6134497.js,1,www.pour-les-personnes-agees.gouv.fr,https://siteimproveanalytics.com/js/siteanalyze_6134497.js,2026-09-16T16:50:47.182819+00:00,https://www.pour-les-personnes-agees.gouv.fr/
sites.google.com,altro_terzo_parte,https://sites.google.com/sitesv-images-rt/AMxu72s42Z274njl16DZDd0-45TvpLxpfCSlhK8JG_sVbvgThqU9tyf2-adLHHTwgjXy6VtbyAPYOWZ1JCRwdqUKFN4WkbUwP_CTR1FxEuKRTRL-skYwij9oOJIfC8dkX8OBOR2GWsBLB9WeRNM50fhynltYXm3gPbcIUFFXwCk_iGDeZ0aH6steLefdz9qQB_3t1WMCFJk7o6wC7d1Hpfj7_NeJvnlTasD78n9QnJCO=w1280,https://sites.google.com/sitesv-images-rt/AMxu72s42Z274njl16DZDd0-45TvpLxpfCSlhK8JG_sVbvgThqU9tyf2-adLHHTwgjXy6VtbyAPYOWZ1JCRwdqUKFN4WkbUwP_CTR1FxEuKRTRL-skYwij9oOJIfC8dkX8OBOR2GWsBLB9WeRNM50fhynltYXm3gPbcIUFFXwCk_iGDeZ0aH6steLefdz9qQB_3t1WMCFJk7o6wC7d1Hpfj7_NeJvnlTasD78n9QnJCO=w1280,1,laire-doubs.fr,https://sites.google.com/sitesv-images-rt/AMxu72v-zVEhtIXveMaTZGdr-hfkiyK3VARzxAgBT0dewCyeDCEHCRZopBhRAMBACiAg_hMClHcdIn6SZaXEA5qk2QYjl3ziKFZVA0XVfEpBf2O4UzxhMJwtvR3qlRSl7RVs4ujJTPNf9_qcYJNPLcqund5xlmvudpsizsG8VxmQYHsG0yyPDx-mzDYFysaORenNsl4ZKCkqFMKGDz2BkKCqkCZTPzuFxdJM_OCLKIG6=w1280,2026-09-16T21:00:28.425075+00:00,https://sites.google.com/view/mairiedelaire/accueil
spontaneit1.fra1.digitaloceanspaces.com,altro_terzo_parte,https://spontaneit1.fra1.digitaloceanspaces.com/le-nord/images/logos/logo-le-nord.png,https://spontaneit1.fra1.digitaloceanspaces.com/le-nord/images/logos/logo-le-nord.png,1,lenord.fr,https://spontaneit1.fra1.digitaloceanspaces.com/le-nord/images/logos/logo-le-nord.png,2026-09-16T21:07:08.368123+00:00,https://lenord.fr/
ssl.google-analytics.com,analytics,Google Analytics,Google,1,www.cdad-hautsdeseine.justice.fr,https://ssl.google-analytics.com,2026-09-16T20:37:11.043346+00:00,https://www.cdad-hautsdeseine.justice.fr/
ssl.gstatic.com,sdk_generico,Google (statico),Google,1,sites.google.com,https://ssl.gstatic.com/images/branding/googlelogo/2x/googlelogo_color_74x24dp.png,2026-09-16T21:27:20.448560+00:00,https://accounts.google.com/v3/signin/identifier?continue=https://sites.google.com/&followup=https://sites.google.com/&osid=1&passive=1209600&service=wise&flowName=WebLiteSignIn&flowEntry=ServiceLogin&dsh=S-2127978638:1789594035562911
static-cdn.website-editor.net,altro_terzo_parte,https://static-cdn.website-editor.net/mnlt/production/6785/_dm/s/rt/dist/css/d-css-runtime-desktop-one-package-structured-global.min.css,https://static-cdn.website-editor.net/mnlt/production/6785/_dm/s/rt/dist/css/d-css-runtime-desktop-one-package-structured-global.min.css,1,www.laujuzan.com,https://static-cdn.website-editor.net/libs/jquery/2.2.4/jquery.min.js,2026-09-16T20:58:45.494848+00:00,https://www.laujuzan.com/
static.apidae-tourisme.com,altro_terzo_parte,https://static.apidae-tourisme.com/filestore/objets-touristiques/images/90/224/42000474.jpg,https://static.apidae-tourisme.com/filestore/objets-touristiques/images/90/224/42000474.jpg,1,hautecourtromaneche.grandbourg.fr,https://static.apidae-tourisme.com/filestore/objets-touristiques/images/90/224/42000474.jpg,2026-09-16T16:48:01.936659+00:00,https://hautecourtromaneche.grandbourg.fr/
static.cloudflareinsights.com,altro_terzo_parte,https://static.cloudflareinsights.com/beacon.min.js/v3d52b47920f24c319d37e2661827c42b1787588026925,https://static.cloudflareinsights.com/beacon.min.js/v3d52b47920f24c319d37e2661827c42b1787588026925,1,www.ville-desvres.fr,https://static.cloudflareinsights.com/beacon.min.js/v3d52b47920f24c319d37e2661827c42b1787588026925,2026-09-16T21:18:42.807095+00:00,https://www.ville-desvres.fr/
static.fastory.io,altro_terzo_parte,https://static.fastory.io/pkgs/embed/v2/runtime/embed.min.js,https://static.fastory.io/pkgs/embed/v2/runtime/embed.min.js,1,www.calvados.fr,https://static.fastory.io/pkgs/embed/v2/runtime/embed.min.js,2026-09-16T21:28:37.260341+00:00,https://www.calvados.fr/accueil.html
static.milibris.com,altro_terzo_parte,https://static.milibris.com/thumbnail/issue/ffab7e00-2f5e-46e4-b171-4d5f21b0f05e/front/catalog-cover-large.png,https://static.milibris.com/thumbnail/issue/ffab7e00-2f5e-46e4-b171-4d5f21b0f05e/front/catalog-cover-large.png,1,www.calvados.fr,https://static.milibris.com/thumbnail/issue/01390921-bdfa-4ad1-b6dc-17ff49590f08/front/catalog-cover-large.png,2026-09-16T21:28:37.260341+00:00,https://www.calvados.fr/accueil.html
static.reseaudescommunes.fr,altro_terzo_parte,http://static.reseaudescommunes.fr/default/images/logo/prefecture/77.jpg,http://static.reseaudescommunes.fr/default/images/logo/prefecture/77.jpg,1,www.mairiedechatres.com,http://static.reseaudescommunes.fr/library/tarteaucitron/tarteaucitron.js,2026-09-16T21:10:17.778123+00:00,http://www.mairie-chatres77.fr
static.reseaudesvilles.fr,altro_terzo_parte,http://static.reseaudesvilles.fr/default/images/meteo/wind_white.png,http://static.reseaudesvilles.fr/default/images/meteo/wind_white.png,1,www.mairiedechatres.com,http://static.reseaudesvilles.fr/default/images/design/bloc-fb.png,2026-09-16T21:10:17.778123+00:00,http://www.mairie-chatres77.fr
static1.squarespace.com,altro_terzo_parte,https://static1.squarespace.com/static/vta/5c5a519771c10ba3470d8101/versioned-assets/1789043197505-DAFJD75BBCOTLJ5Z5UA4/static.css,https://static1.squarespace.com/static/vta/5c5a519771c10ba3470d8101/versioned-assets/1789043197505-DAFJD75BBCOTLJ5Z5UA4/static.css,1,www.raffetot.fr,https://static1.squarespace.com/static/vta/5c5a519771c10ba3470d8101/scripts/site-bundle.f423a4d017f36c2b6c2571880e877ac5.js,2026-09-16T20:31:19.866953+00:00,https://www.raffetot.fr/
sv.expiredwixdomain.com,altro_terzo_parte,https://sv.expiredwixdomain.com/,https://sv.expiredwixdomain.com/,1,www.parisot82commune.com,https://sv.expiredwixdomain.com/,2026-09-16T20:35:42.772769+00:00,https://www.expiredwixdomain.com/?redirectedFor=www.parisot82commune.com
t.contentsquare.net,altro_terzo_parte,https://t.contentsquare.net,https://t.contentsquare.net,1,www.finistere.fr,https://t.contentsquare.net,2026-09-16T20:41:06.860994+00:00,https://www.finistere.fr/
th.expiredwixdomain.com,altro_terzo_parte,https://th.expiredwixdomain.com/,https://th.expiredwixdomain.com/,1,www.parisot82commune.com,https://th.expiredwixdomain.com/,2026-09-16T20:35:42.772769+00:00,https://www.expiredwixdomain.com/?redirectedFor=www.parisot82commune.com
themedemos.webmandesign.eu,altro_terzo_parte,https://themedemos.webmandesign.eu/cindy/wp-content/uploads/sites/25/WMDEMO__icon-location.png,https://themedemos.webmandesign.eu/cindy/wp-content/uploads/sites/25/WMDEMO__icon-location.png,1,www.lachapellebaton86.fr,https://themedemos.webmandesign.eu/cindy/wp-content/uploads/sites/25/WMDEMO__icon-location.png,2026-09-16T20:57:34.201655+00:00,https://www.lachapellebaton86.fr/
thumbs.reseaudesvilles.fr,altro_terzo_parte,http://thumbs.reseaudesvilles.fr/thumbs/191/260x195/h2r4lr30q6ozvz.jpg,http://thumbs.reseaudesvilles.fr/thumbs/191/260x195/h2r4lr30q6ozvz.jpg,1,www.mairiedechatres.com,http://thumbs.reseaudesvilles.fr/thumbs/191/168x115/ttug2qvhgz2qsds.jpg,2026-09-16T21:10:17.778123+00:00,http://www.mairie-chatres77.fr
tools.applemediaservices.com,altro_terzo_parte,https://tools.applemediaservices.com/api/badges/download-on-the-app-store/white/fr-FR?size=250x83&releaseDate=1548720000&h=3654f11cd8ac7c039641feaa42718f95,https://tools.applemediaservices.com/api/badges/download-on-the-app-store/white/fr-FR?size=250x83&releaseDate=1548720000&h=3654f11cd8ac7c039641feaa42718f95,1,www.chatillon-sur-indre.fr,https://tools.applemediaservices.com/api/badges/download-on-the-app-store/white/fr-FR?size=250x83&releaseDate=1548720000&h=3654f11cd8ac7c039641feaa42718f95,2026-09-16T21:31:55.926580+00:00,https://www.chatillon-sur-indre.fr/
tools.luckyorange.com,altro_terzo_parte,https://tools.luckyorange.com/core/lo.js?site-id=555aa16d,https://tools.luckyorange.com/core/lo.js?site-id=555aa16d,1,ville-carros.fr,https://tools.luckyorange.com/core/lo.js?site-id=555aa16d,2026-09-16T17:10:56.672689+00:00,https://ville-carros.fr/
tourisme-mirebelloisetfontenois.fr,altro_terzo_parte,https://tourisme-mirebelloisetfontenois.fr/nos-brochures/embed/#?secret=xeLec9CNh2#?secret=ftSOXUzlcK,https://tourisme-mirebelloisetfontenois.fr/nos-brochures/embed/#?secret=xeLec9CNh2#?secret=ftSOXUzlcK,1,www.arceau.fr,https://tourisme-mirebelloisetfontenois.fr/nos-brochures/embed/#?secret=xeLec9CNh2#?secret=ftSOXUzlcK,2026-09-16T21:21:51.608100+00:00,https://arceau.fr/
tr.expiredwixdomain.com,altro_terzo_parte,https://tr.expiredwixdomain.com/,https://tr.expiredwixdomain.com/,1,www.parisot82commune.com,https://tr.expiredwixdomain.com/,2026-09-16T20:35:42.772769+00:00,https://www.expiredwixdomain.com/?redirectedFor=www.parisot82commune.com
tramecourt.esy.es,altro_terzo_parte,https://tramecourt.esy.es/wp-content/plugins/all-in-one-event-calendar/public/themes-ai1ec/vortex/css/ai1ec_parsed_css.css,https://tramecourt.esy.es/wp-content/plugins/all-in-one-event-calendar/public/themes-ai1ec/vortex/css/ai1ec_parsed_css.css,1,www.tramecourt.fr,https://tramecourt.esy.es,2026-09-16T21:14:38.050477+00:00,http://www.tramecourt.fr/
translate.googleapis.com,sdk_generico,Google APIs,Google,1,www.ville-valbonne.fr,https://translate.googleapis.com,2026-09-16T20:57:18.246385+00:00,https://www.ville-valbonne.fr/
trinitymedia.ai,altro_terzo_parte,https://trinitymedia.ai/,https://trinitymedia.ai/,1,www.venterol.net,https://trinitymedia.ai/,2026-09-16T21:13:10.276198+00:00,https://www.venterol.net/
try.abtasty.com,altro_terzo_parte,https://try.abtasty.com/8a0e815113ba2569e1f798ceca3507ed.js,https://try.abtasty.com/8a0e815113ba2569e1f798ceca3507ed.js,1,www.apec.fr,https://try.abtasty.com/8a0e815113ba2569e1f798ceca3507ed.js,2026-09-16T20:53:06.312402+00:00,https://www.apec.fr/
twitter.com,altro_terzo_parte,https://twitter.com/crijtoulouse,https://twitter.com/crijtoulouse,1,www.crij.org,https://twitter.com/crijtoulouse,2026-09-16T16:51:01.856702+00:00,https://www.crij.org/fr/
ufc-stats.univ-fcomte.fr,altro_terzo_parte,https://ufc-stats.univ-fcomte.fr/matomo.php?idsite=4&rec=1,https://ufc-stats.univ-fcomte.fr/matomo.php?idsite=4&rec=1,1,actu.umlp.fr,https://ufc-stats.univ-fcomte.fr/matomo.php?idsite=4&rec=1,2026-09-16T21:22:51.959407+00:00,https://actu.umlp.fr/
uk.expiredwixdomain.com,altro_terzo_parte,https://uk.expiredwixdomain.com/,https://uk.expiredwixdomain.com/,1,www.parisot82commune.com,https://uk.expiredwixdomain.com/,2026-09-16T20:35:42.772769+00:00,https://www.expiredwixdomain.com/?redirectedFor=www.parisot82commune.com
umami-production-5fff.up.railway.app,altro_terzo_parte,https://umami-production-5fff.up.railway.app/umami.js,https://umami-production-5fff.up.railway.app/umami.js,1,www.varenne-saint-germain.fr,https://umami-production-5fff.up.railway.app/umami.js,2026-09-16T21:10:33.356248+00:00,https://www.varenne-saint-germain.fr/
umap.openstreetmap.fr,altro_terzo_parte,http://umap.openstreetmap.fr/fr/map/cdad-coordonnees-des-permanences-juridiques_256187?scaleControl=false&miniMap=false&scrollWheelZoom=false&zoomControl=true&allowEdit=false&moreControl=true&searchControl=null&tilelayersControl=null&embedControl=null&datalayersControl=true&onLoadPanel=undefined&captionBar=false,http://umap.openstreetmap.fr/fr/map/cdad-coordonnees-des-permanences-juridiques_256187?scaleControl=false&miniMap=false&scrollWheelZoom=false&zoomControl=true&allowEdit=false&moreControl=true&searchControl=null&tilelayersControl=null&embedControl=null&datalayersControl=true&onLoadPanel=undefined&captionBar=false,1,cdad-aube.fr,http://umap.openstreetmap.fr/fr/map/cdad-coordonnees-des-permanences-juridiques_256187?scaleControl=false&miniMap=false&scrollWheelZoom=false&zoomControl=true&allowEdit=false&moreControl=true&searchControl=null&tilelayersControl=null&embedControl=null&datalayersControl=true&onLoadPanel=undefined&captionBar=false,2026-09-16T17:06:48.660324+00:00,https://cdad-aube.fr/
uniondesmairesduvaldoise.fr,altro_terzo_parte,http://uniondesmairesduvaldoise.fr/img/signaturesite.png,http://uniondesmairesduvaldoise.fr/img/signaturesite.png,1,us-en-vexin.fr,http://uniondesmairesduvaldoise.fr/img/signaturesite.png,2026-09-16T21:17:40.724274+00:00,https://us-en-vexin.fr/
univ-cotedazur.eu,altro_terzo_parte,https://univ-cotedazur.eu,https://univ-cotedazur.eu,1,univ-cotedazur.fr,https://univ-cotedazur.eu,2026-09-16T21:20:07.764556+00:00,https://univ-cotedazur.fr/
user.callnowbutton.com,altro_terzo_parte,https://user.callnowbutton.com/domain_e4b4fcad_73d7_4095_975b_a9fa7759cbae.js?dbver=1779478172,https://user.callnowbutton.com/domain_e4b4fcad_73d7_4095_975b_a9fa7759cbae.js?dbver=1779478172,1,www.ville-ceilhes.fr,https://user.callnowbutton.com/domain_e4b4fcad_73d7_4095_975b_a9fa7759cbae.js?dbver=1779478172,2026-09-16T21:23:33.052763+00:00,https://ville-ceilhes.fr/
v-assets.cdnsw.com,altro_terzo_parte,https://v-assets.cdnsw.com/Root/ez1jw/IMG_20211028_154952.jpg,https://v-assets.cdnsw.com/Root/ez1jw/IMG_20211028_154952.jpg,1,www.latronquiere.fr,https://v-assets.cdnsw.com/Root/ez1jw/IMG_20211028_154952.jpg,2026-09-16T20:43:01.000622+00:00,https://www.latronquiere.fr/
vd.trinitymedia.ai,altro_terzo_parte,https://vd.trinitymedia.ai/,https://vd.trinitymedia.ai/,1,www.venterol.net,https://vd.trinitymedia.ai/,2026-09-16T21:13:10.276198+00:00,https://www.venterol.net/
velikorodnov.com,altro_terzo_parte,https://velikorodnov.com/wordpress/jogasana/wp-content/themes/jogasana/images/logo.png,https://velikorodnov.com/wordpress/jogasana/wp-content/themes/jogasana/images/logo.png,1,www.tronget.fr,https://velikorodnov.com/wordpress/jogasana/wp-content/themes/jogasana/images/logo.png,2026-09-16T21:17:56.471908+00:00,https://www.tronget.fr/
vi.expiredwixdomain.com,altro_terzo_parte,https://vi.expiredwixdomain.com/,https://vi.expiredwixdomain.com/,1,www.parisot82commune.com,https://vi.expiredwixdomain.com/,2026-09-16T20:35:42.772769+00:00,https://www.expiredwixdomain.com/?redirectedFor=www.parisot82commune.com
via28-asso.fr,altro_terzo_parte,https://via28-asso.fr/wp-content/uploads/2023/03/logo_recherches_et_solidarites_2-300x91.png,https://via28-asso.fr/wp-content/uploads/2023/03/logo_recherches_et_solidarites_2-300x91.png,1,www.via28.asso.fr,https://via28-asso.fr/wp-content/plugins/cookie-notice/js/front.min.js?ver=3.1.9,2026-09-16T16:54:08.675262+00:00,https://via28-asso.fr
ville-poulainville.jimdoweb.com,altro_terzo_parte,https://ville-poulainville.jimdoweb.com/,https://ville-poulainville.jimdoweb.com/,1,www.ville-poulainville.fr,https://ville-poulainville.jimdoweb.com/,2026-09-16T21:18:21.175305+00:00,https://ville-poulainville.jimdoweb.com/
w.soundcloud.com,altro_terzo_parte,https://w.soundcloud.com/player/?url=https%3A//api.soundcloud.com/tracks/1915187801&visual=1&auto_play=false&hide_related=true&show_comments=false&show_user=false&show_reposts=false&color=%23ff5500,https://w.soundcloud.com/player/?url=https%3A//api.soundcloud.com/tracks/1915187801&visual=1&auto_play=false&hide_related=true&show_comments=false&show_user=false&show_reposts=false&color=%23ff5500,1,www.parcs-naturels-regionaux.fr,https://w.soundcloud.com/player/?url=https%3A//api.soundcloud.com/tracks/1915187801&visual=1&auto_play=false&hide_related=true&show_comments=false&show_user=false&show_reposts=false&color=%23ff5500,2026-09-16T21:10:51.657220+00:00,https://www.parcs-naturels-regionaux.fr/
weatherwidget.io,altro_terzo_parte,https://weatherwidget.io,https://weatherwidget.io,1,www.chatillon-sur-indre.fr,https://weatherwidget.io,2026-09-16T21:31:55.926580+00:00,https://www.chatillon-sur-indre.fr/
widget.cncj.org,altro_terzo_parte,https://widget.cncj.org/widget-reservation-style.css?ver=92ddd66fbe7e08c41199b5f3a3d93fdd,https://widget.cncj.org/widget-reservation-style.css?ver=92ddd66fbe7e08c41199b5f3a3d93fdd,1,commissaire-justice.fr,https://widget.cncj.org/widget-reservation.js?ver=92ddd66fbe7e08c41199b5f3a3d93fdd,2026-09-16T20:56:48.146549+00:00,https://commissaire-justice.fr/
widget.meteocity.com,altro_terzo_parte,http://widget.meteocity.com/js/OTU2MjV8M3wxfDR8MXxGRkZGRkZ8M3xGRkZGRkZ8Y3wx,http://widget.meteocity.com/js/OTU2MjV8M3wxfDR8MXxGRkZGRkZ8M3xGRkZGRkZ8Y3wx,1,us-en-vexin.fr,http://widget.meteocity.com/js/OTU2MjV8M3wxfDR8MXxGRkZGRkZ8M3xGRkZGRkZ8Y3wx,2026-09-16T21:17:40.724274+00:00,https://us-en-vexin.fr/
widget.time.is,altro_terzo_parte,https://widget.time.is/fr.js,https://widget.time.is/fr.js,1,www.arsac.fr,https://widget.time.is/fr.js,2026-09-16T21:15:15.384740+00:00,https://www.arsac.fr/
woody.cloudly.space,altro_terzo_parte,https://woody.cloudly.space,https://woody.cloudly.space,1,www.banyuls-sur-mer.com,https://woody.cloudly.space,2026-09-16T17:03:24.853452+00:00,https://www.banyuls-sur-mer.com/
wordpress.zozothemes.com,altro_terzo_parte,https://wordpress.zozothemes.com/grankare/wp-content/uploads/sites/13/2023/11/arrow-img-bg1.png,https://wordpress.zozothemes.com/grankare/wp-content/uploads/sites/13/2023/11/arrow-img-bg1.png,1,www.clic-cambresis.fr,https://wordpress.zozothemes.com/grankare/wp-content/uploads/sites/13/2023/11/arrow-img-bg1.png,2026-09-16T17:05:55.526366+00:00,https://clic-cambresis.fr/
ws.synbird.com,altro_terzo_parte,https://ws.synbird.com,https://ws.synbird.com,1,www.moiransenmontagne.fr,https://ws.synbird.com,2026-09-16T17:14:53.641106+00:00,https://www.moiransenmontagne.fr/
wsb.torop.net,altro_terzo_parte,https://wsb.torop.net/public/cookie.js?s=noroy-le-bourg-70,https://wsb.torop.net/public/cookie.js?s=noroy-le-bourg-70,1,www.noroy-le-bourg.fr,https://wsb.torop.net/public/cookie.js?s=noroy-le-bourg-70,2026-09-16T21:16:56.515274+00:00,https://www.noroy-le-bourg.fr/
www.airpl.org,altro_terzo_parte,https://www.airpl.org/widget/epci/200072718,https://www.airpl.org/widget/epci/200072718,1,www.conlie.fr,https://www.airpl.org/widget/epci/200072718,2026-09-16T20:55:27.404718+00:00,https://conlie.fr/
www.atmo-occitanie.org,altro_terzo_parte,https://www.atmo-occitanie.org/sites/default/files/widget-iqa/31400.png,https://www.atmo-occitanie.org/sites/default/files/widget-iqa/31400.png,1,mairie-nogaret.fr,https://www.atmo-occitanie.org/sites/default/files/widget-iqa/31400.png,2026-09-16T17:13:23.613559+00:00,https://mairie-nogaret.fr/
www.atmosud.org,altro_terzo_parte,https://www.atmosud.org/widget/monair/commune/84119?pollen=0,https://www.atmosud.org/widget/monair/commune/84119?pollen=0,1,www.saintsaturnin.com,https://www.atmosud.org/widget/monair/commune/84119?pollen=0,2026-09-16T21:01:41.902462+00:00,https://www.saintsaturnin.com/
www.aurillacagglo.fr,altro_terzo_parte,https://www.aurillacagglo.fr/media/cache/resolve/1_lq_square/uploads/565ee0a1dc2c8882256856.png,https://www.aurillacagglo.fr/media/cache/resolve/1_lq_square/uploads/565ee0a1dc2c8882256856.png,1,www.caba.fr,https://www.aurillacagglo.fr/media/cache/resolve/3_hq/uploads/67860d2e372e0239700005.png,2026-09-16T20:57:55.466799+00:00,https://www.aurillacagglo.fr/fr/
www.bihorel.fr,altro_terzo_parte,https://www.bihorel.fr/wp-content/themes/bihorel/assets/src/images/logo_trophees_com.png,https://www.bihorel.fr/wp-content/themes/bihorel/assets/src/images/logo_trophees_com.png,1,bihorel.net,https://www.bihorel.fr/wp-includes/js/jquery/jquery.min.js?ver=3.7.1,2026-09-16T21:11:33.005581+00:00,https://www.bihorel.fr/
www.cc-basarmagnac.fr,altro_terzo_parte,https://www.cc-basarmagnac.fr/images/logo_bas_armagnac.png,https://www.cc-basarmagnac.fr/images/logo_bas_armagnac.png,1,luppe-violles.fr,https://www.cc-basarmagnac.fr/images/logo_bas_armagnac.png,2026-09-16T21:03:12.331868+00:00,https://luppe-violles.fr/
www.cc-champagnepicarde.fr,altro_terzo_parte,https://www.cc-champagnepicarde.fr/fileadmin/templates/CCCP/img/drapeau_ue_petit.jpg,https://www.cc-champagnepicarde.fr/fileadmin/templates/CCCP/img/drapeau_ue_petit.jpg,1,www.boncourt.fr,https://www.cc-champagnepicarde.fr/fileadmin/templates/CCCP/img/drapeau_ue_petit.jpg,2026-09-16T21:08:37.386651+00:00,https://www.boncourt.fr/
www.cc-nozay.fr,altro_terzo_parte,https://www.cc-nozay.fr/actualites/du-21-9-au-17-11-de-nouvelles-dates-pour-plaisir-en-mouvement/,https://www.cc-nozay.fr/actualites/du-21-9-au-17-11-de-nouvelles-dates-pour-plaisir-en-mouvement/,1,www.vay.fr,https://www.cc-nozay.fr/actualites/du-21-9-au-17-11-de-nouvelles-dates-pour-plaisir-en-mouvement/,2026-09-16T21:02:25.027491+00:00,https://www.vay.fr/
www.cc-paysdesaverne.fr,altro_terzo_parte,https://www.cc-paysdesaverne.fr/wp-content/uploads/2018/11/haegen.png,https://www.cc-paysdesaverne.fr/wp-content/uploads/2018/11/haegen.png,1,www.haegen.fr,https://www.cc-paysdesaverne.fr/wp-content/uploads/2018/11/haegen.png,2026-09-16T20:57:07.314011+00:00,https://www.haegen.fr/
www.cdad-mayenne.com,altro_terzo_parte,https://www.cdad-mayenne.com/wp-content/uploads/2017/02/conciliateur-e1492077367609.png,https://www.cdad-mayenne.com/wp-content/uploads/2017/02/conciliateur-e1492077367609.png,1,www.cdad-mayenne.fr,https://www.cdad-mayenne.com/wp-content/uploads/2017/02/logo-mayenne-petit.jpg,2026-09-16T21:28:23.844402+00:00,https://www.cdad-mayenne.fr/
www.chru-nancy.fr,altro_terzo_parte,https://www.chru-nancy.fr/wp-content/uploads/2026/03/2021-07-logo-GHT-Sud-Lorraine-blanc-1.png,https://www.chru-nancy.fr/wp-content/uploads/2026/03/2021-07-logo-GHT-Sud-Lorraine-blanc-1.png,1,www.chu-nancy.fr,https://www.chru-nancy.fr/wp-content/mu-plugins/cpg-embed-guard/consent-bridge.js?ver=1.3.0,2026-09-16T20:37:44.201876+00:00,https://www.chru-nancy.fr/
www.ciq-aix-pontdeberaud.fr,altro_terzo_parte,https://www.ciq-aix-pontdeberaud.fr/wp-content/uploads/2020/09/LOGO-CAP-2020.png,https://www.ciq-aix-pontdeberaud.fr/wp-content/uploads/2020/09/LOGO-CAP-2020.png,1,www.cc-valdamboise.fr,https://www.ciq-aix-pontdeberaud.fr/wp-content/uploads/2020/09/LOGO-CAP-2020.png,2026-09-16T21:21:43.571481+00:00,https://www.cc-valdamboise.fr/
www.clarity.ms,analytics,Microsoft Clarity,Microsoft,1,www.udaf54.fr,https://www.clarity.ms,2026-09-16T20:49:52.773900+00:00,https://www.udaf54.fr/
www.cleres.fr,altro_terzo_parte,https://www.cleres.fr/wp-content/themes/krea3/assets/images/footer/icon-responsive.png,https://www.cleres.fr/wp-content/themes/krea3/assets/images/footer/icon-responsive.png,1,www.mairie-cleres.fr,https://www.cleres.fr/wp-includes/js/jquery/jquery.min.js?ver=3.6.3,2026-09-16T21:31:29.380920+00:00,https://www.cleres.fr/
www.cms.younivers.fr,altro_terzo_parte,https://www.cms.younivers.fr/build/front/css/app.css,https://www.cms.younivers.fr/build/front/css/app.css,1,www.ambierle.fr,https://www.cms.younivers.fr/build/runtime.js,2026-09-16T16:51:36.172358+00:00,https://www.ambierle.fr/
www.double-y.fr,altro_terzo_parte,https://www.double-y.fr/dy_admin/websolutions2.png?v=2024,https://www.double-y.fr/dy_admin/websolutions2.png?v=2024,1,www.villers-outreaux.fr,https://www.double-y.fr/dy_admin/tarteaucitron2/tarteaucitron.js,2026-09-16T21:29:45.701589+00:00,https://www.villers-outreaux.fr/
www.dynagence.fr,altro_terzo_parte,https://www.dynagence.fr/da-dynagence-creation-de-site-internet-besancon-small.png,https://www.dynagence.fr/da-dynagence-creation-de-site-internet-besancon-small.png,1,www.thieulin.com,https://www.dynagence.fr/da-dynagence-creation-de-site-internet-besancon-small.png,2026-09-16T16:55:00.804772+00:00,https://www.thieulin.com/
www.emploi-store-dev.fr,altro_terzo_parte,https://www.emploi-store-dev.fr/widget/pe-offres-emploi/pe-offres-emploi.js,https://www.emploi-store-dev.fr/widget/pe-offres-emploi/pe-offres-emploi.js,1,strazeele.info,https://www.emploi-store-dev.fr/widget/pe-offres-emploi/pe-offres-emploi.js,2026-09-16T21:24:53.027897+00:00,https://strazeele.info/
www.epaignes.fr,altro_terzo_parte,https://www.epaignes.fr/wp-content/themes/krea3/assets/images/icon-responsive.png,https://www.epaignes.fr/wp-content/themes/krea3/assets/images/icon-responsive.png,1,www.mairie-epaignes.fr,https://www.epaignes.fr/wp-includes/js/jquery/jquery.min.js?ver=3.7.1,2026-09-16T21:19:43.782030+00:00,https://www.mairie-epaignes.fr/
www.expiredwixdomain.com,altro_terzo_parte,https://www.expiredwixdomain.com/,https://www.expiredwixdomain.com/,1,www.parisot82commune.com,https://www.expiredwixdomain.com/,2026-09-16T20:35:42.772769+00:00,https://www.expiredwixdomain.com/?redirectedFor=www.parisot82commune.com
www.flexone.cloud,altro_terzo_parte,https://www.flexone.cloud/logo_hosteur.png,https://www.flexone.cloud/logo_hosteur.png,1,www.pinet-mairie.fr,https://www.flexone.cloud/style.css,2026-09-16T21:24:32.947737+00:00,http://www.flexone.cloud/account-suspend.html
www.gers.gouv.fr,altro_terzo_parte,https://www.gers.gouv.fr/var/ide_site/storage/images/design/dans-le-gers/172-97-fre-FR/dans-le-Gers.jpg,https://www.gers.gouv.fr/var/ide_site/storage/images/design/dans-le-gers/172-97-fre-FR/dans-le-Gers.jpg,1,luppe-violles.fr,https://www.gers.gouv.fr/var/ide_site/storage/images/design/dans-le-gers/172-97-fre-FR/dans-le-Gers.jpg,2026-09-16T21:03:12.331868+00:00,https://luppe-violles.fr/
www.googleadservices.com,altro_terzo_parte,https://www.googleadservices.com/pagead/conversion.js,https://www.googleadservices.com/pagead/conversion.js,1,www.logement-seniors.com,https://www.googleadservices.com/pagead/conversion.js,2026-09-16T20:43:06.894553+00:00,https://www.logement-seniors.com/
www.helloasso.com,altro_terzo_parte,https://www.helloasso.com/associations/calade-centre-socioculturel-intercommunal/adhesions/calade/widget,https://www.helloasso.com/associations/calade-centre-socioculturel-intercommunal/adhesions/calade/widget,1,calade.org,https://www.helloasso.com/associations/calade-centre-socioculturel-intercommunal/adhesions/calade/widget,2026-09-16T17:15:08.553438+00:00,https://calade.org/
www.highperformanceformat.com,altro_terzo_parte,https://www.highperformanceformat.com/0b2b8bdbb94b145b880f22ee308e6268/invoke.js,https://www.highperformanceformat.com/0b2b8bdbb94b145b880f22ee308e6268/invoke.js,1,www.couetronauperche.fr,https://www.highperformanceformat.com/0b2b8bdbb94b145b880f22ee308e6268/invoke.js,2026-09-16T16:47:55.254080+00:00,https://www.couetronauperche.fr/
www.http,altro_terzo_parte,http://www.http://localhost:8082/mairie_criquiers//favicon.ico,http://www.http://localhost:8082/mairie_criquiers//favicon.ico,1,www.criquiers.fr,http://www.http://localhost:8082/mairie_criquiers//favicon.ico,2026-09-16T21:27:35.754089+00:00,https://www.criquiers.fr/
www.inforoute47.fr,altro_terzo_parte,https://www.inforoute47.fr/swf/repere/KC1_route-barree.png,https://www.inforoute47.fr/swf/repere/KC1_route-barree.png,1,www.lotetgaronne.fr,https://www.inforoute47.fr/swf/repere/KC1_route-barree.png,2026-09-16T16:52:25.984662+00:00,https://www.lotetgaronne.fr/accueil
www.intex-press.by,altro_terzo_parte,https://www.intex-press.by/wp-content/uploads/2021/06/static.detstrana.ru_.jpg,https://www.intex-press.by/wp-content/uploads/2021/06/static.detstrana.ru_.jpg,1,www.cc-valdamboise.fr,https://www.intex-press.by/wp-content/uploads/2021/06/static.detstrana.ru_.jpg,2026-09-16T21:21:43.571481+00:00,https://www.cc-valdamboise.fr/
www.jeunes-bfc.fr,altro_terzo_parte,https://www.jeunes-bfc.fr/wp-content/uploads/2024/09/logo_ministere_09-2024_web.png,https://www.jeunes-bfc.fr/wp-content/uploads/2024/09/logo_ministere_09-2024_web.png,1,www.ijhericourt.com,https://www.jeunes-bfc.fr/wp-content/uploads/2024/09/logo_ministere_09-2024_web.png,2026-09-16T21:07:24.445062+00:00,https://ij70.jeunes-bfc.fr/info-jeunes-hericourt/
www.lamontagne.fr,altro_terzo_parte,https://www.lamontagne.fr/static/rss/widget/v2/dist/index.js,https://www.lamontagne.fr/static/rss/widget/v2/dist/index.js,1,www.xaintrie-val-dordogne.fr,https://www.lamontagne.fr/static/rss/widget/v2/dist/index.js,2026-09-16T21:04:45.823600+00:00,https://www.xaintrie-val-dordogne.fr/
www.larep.fr,altro_terzo_parte,https://www.larep.fr/photoSRC/VVZTJ19dUTgIDAVOBQwd/les-bancs-a-compartiments-de-leglise-de-saint-ay-quand-chaqu_7768863.jpeg,https://www.larep.fr/photoSRC/VVZTJ19dUTgIDAVOBQwd/les-bancs-a-compartiments-de-leglise-de-saint-ay-quand-chaqu_7768863.jpeg,1,www.ville-saint-ay.fr,https://www.larep.fr/photoSRC/VVZTJ19dUTgIDAVOBQwd/dimanche-20-septembre-au-temps-des-vignerons-pour-le-retour-_7813991.jpeg,2026-09-16T21:28:54.137301+00:00,https://www.ville-saint-ay.fr/
www.lassuranceretraite-idf.fr,altro_terzo_parte,https://www.lassuranceretraite-idf.fr/files/live/sites/idf/files/pictos_ref/services/demander-ma-retraite.png,https://www.lassuranceretraite-idf.fr/files/live/sites/idf/files/pictos_ref/services/demander-ma-retraite.png,1,www.carsat-alsacemoselle.fr,https://www.lassuranceretraite-idf.fr/files/live/sites/idf/files/pictos_ref/services/simuler-montant-retraite-marel.png,2026-09-16T20:44:25.827199+00:00,https://www.carsat-alsacemoselle.fr/home.html
www.lecrepa.com,altro_terzo_parte,http://www.lecrepa.com/images/icones/perspectives.jpg,http://www.lecrepa.com/images/icones/perspectives.jpg,1,www.cc-valdamboise.fr,http://www.lecrepa.com/images/chorale/sucettes.jpg,2026-09-16T21:21:43.571481+00:00,https://www.cc-valdamboise.fr/
www.luchon.app,altro_terzo_parte,https://www.luchon.app/apiv3/buttons/1749022787/,https://www.luchon.app/apiv3/buttons/1749022787/,1,www.mairie-luchon.fr,https://www.luchon.app/apiv3/buttons/1749022787/,2026-09-16T16:43:59.219347+00:00,https://www.mairie-luchon.fr/
www.mairie-loperhet.net,altro_terzo_parte,https://www.mairie-loperhet.net/wp-content/uploads/2018/08/conversations-4872_af60b258-251e-41af-b238-dfb706d7b3d4.svg,https://www.mairie-loperhet.net/wp-content/uploads/2018/08/conversations-4872_af60b258-251e-41af-b238-dfb706d7b3d4.svg,1,www.loperhet.bzh,https://www.mairie-loperhet.net/wp-content/uploads/2018/08/conversations-4872_af60b258-251e-41af-b238-dfb706d7b3d4.svg,2026-09-16T21:24:43.643874+00:00,https://www.loperhet.bzh/
www.mairie-portets.com,altro_terzo_parte,https://www.mairie-portets.com/,https://www.mairie-portets.com/,1,www.mairie-portets.fr,https://www.mairie-portets.com/,2026-09-16T20:32:02.094866+00:00,https://www.mairie-portets.com/
www.maurienne.fr,altro_terzo_parte,https://www.maurienne.fr/InfoliveImages/spm/carte-ra-auvergne-maurienne-situation.png,https://www.maurienne.fr/InfoliveImages/spm/carte-ra-auvergne-maurienne-situation.png,1,www.mairie-saintfrancoislongchamp.fr,https://www.maurienne.fr/InfoliveImages/spm/carte-ra-auvergne-maurienne-situation.png,2026-09-16T21:23:42.108072+00:00,https://www.mairie-saintfrancoislongchamp.fr/
www.mon-compteur.fr,altro_terzo_parte,https://www.mon-compteur.fr/html_c01genv2-227954-1,https://www.mon-compteur.fr/html_c01genv2-227954-1,1,www.le-quiou.fr,https://www.mon-compteur.fr/html_c01genv2-227954-1,2026-09-16T20:55:17.632923+00:00,https://www.le-quiou.fr/
www.monappliclub-client06.com,altro_terzo_parte,https://www.monappliclub-client06.com/,https://www.monappliclub-client06.com/,1,www.bouilland.fr,https://www.monappliclub-client06.com/,2026-09-16T16:52:06.962189+00:00,https://www.bouilland.fr/
www.monecowatt.fr,altro_terzo_parte,https://www.monecowatt.fr/preview-homepage?prevision=1&map=1&ecogestes=1,https://www.monecowatt.fr/preview-homepage?prevision=1&map=1&ecogestes=1,1,mairie-nogaret.fr,https://www.monecowatt.fr/preview-homepage?prevision=1&map=1&ecogestes=1,2026-09-16T17:13:23.613559+00:00,https://mairie-nogaret.fr/
www.notaires.fr,altro_terzo_parte,https://www.notaires.fr/sites/default/files/2026-08/Actu%20cession%20de%20parts%20soci%C3%A9t%C3%A9s%20immo%20%283%29.png,https://www.notaires.fr/sites/default/files/2026-08/Actu%20cession%20de%20parts%20soci%C3%A9t%C3%A9s%20immo%20%283%29.png,1,www.lereflexenotaire.fr,https://www.notaires.fr/sites/default/files/2026-08/actu%20baux%20commerciaux%20%281%29.png,2026-09-16T20:33:37.999451+00:00,https://www.lereflexenotaire.fr/
www.notre-commune.fr,altro_terzo_parte,https://www.notre-commune.fr/ws-keepmeup.js,https://www.notre-commune.fr/ws-keepmeup.js,1,www.ville-riez.fr,https://www.notre-commune.fr/ws-keepmeup.js,2026-09-16T20:42:32.211988+00:00,https://www.ville-riez.fr/
www.osselle.fr,altro_terzo_parte,https://www.osselle.fr/favicon.ico,https://www.osselle.fr/favicon.ico,1,www.osselle-routelle.fr,https://www.osselle.fr/favicon.ico,2026-09-16T21:23:21.236338+00:00,https://www.osselle-routelle.fr/
www.parcduvexin.fr,altro_terzo_parte,https://www.parcduvexin.fr/wp-content/uploads/2025/08/label.png,https://www.parcduvexin.fr/wp-content/uploads/2025/08/label.png,1,www.pnr-vexin-francais.fr,https://www.parcduvexin.fr/wp-includes/js/jquery/jquery.min.js?ver=3.7.1,2026-09-16T21:10:40.954890+00:00,https://www.parcduvexin.fr/
www.petitcaux.fr,altro_terzo_parte,https://www.petitcaux.fr/app/uploads/2025/08/cropped-petitcaux-180x180.png,https://www.petitcaux.fr/app/uploads/2025/08/cropped-petitcaux-180x180.png,1,www.mairie-petit-caux.fr,https://www.petitcaux.fr/wp/wp-includes/js/jquery/jquery.min.js,2026-09-16T21:01:57.077346+00:00,https://www.petitcaux.fr/
www.pimmsmediation.fr,altro_terzo_parte,https://www.pimmsmediation.fr,https://www.pimmsmediation.fr,1,www.pimms.org,https://www.pimmsmediation.fr,2026-09-16T20:54:44.951089+00:00,https://www.pimmsmediation.fr/
www.pourlesfamilles.fr,altro_terzo_parte,https://www.pourlesfamilles.fr/app/uploads/sites/5/2023/04/homme-femme.svg,https://www.pourlesfamilles.fr/app/uploads/sites/5/2023/04/homme-femme.svg,1,www.udaf13.fr,https://www.pourlesfamilles.fr/app/uploads/sites/5/2023/04/homme-femme.svg,2026-09-16T17:10:37.370819+00:00,https://www.udaf13.fr/
www.rbafm.fr,altro_terzo_parte,http://www.rbafm.fr/s/misc/logo.jpg?t=1708595738,http://www.rbafm.fr/s/misc/logo.jpg?t=1708595738,1,www.champs-marchal.org,http://www.rbafm.fr/s/misc/logo.jpg?t=1708595738,2026-09-16T20:32:28.900125+00:00,https://www.champs-marchal.org/
www.rouzede.fr,altro_terzo_parte,https://www.rouzede.fr/media/cache/resolve/vignette_alerte_media/uploads/alertes/documents/6a99cc08b2f69164358453.png,https://www.rouzede.fr/media/cache/resolve/vignette_alerte_media/uploads/alertes/documents/6a99cc08b2f69164358453.png,1,www.rouzede.com,https://www.rouzede.fr/,2026-09-16T21:07:50.541739+00:00,https://www.rouzede.fr/
www.saint-brieuc.bzh,altro_terzo_parte,https://www.saint-brieuc.bzh/typo3temp/assets/_processed_/0/1/csm_logo_63feecd176.png,https://www.saint-brieuc.bzh/typo3temp/assets/_processed_/0/1/csm_logo_63feecd176.png,1,www.saint-brieuc.fr,https://www.saint-brieuc.bzh/?type=7567,2026-09-16T21:19:03.377465+00:00,https://www.saint-brieuc.bzh/
www.seraincourt.fr,altro_terzo_parte,https://www.seraincourt.fr/wp-content/uploads/2021/03/1200px-Eglise_de_Seraincourt_Val_dOise_95_France.jpg,https://www.seraincourt.fr/wp-content/uploads/2021/03/1200px-Eglise_de_Seraincourt_Val_dOise_95_France.jpg,1,www.seraincourt95.fr,https://www.seraincourt.fr/wp-content/uploads/2021/02/6-1.png,2026-09-16T21:18:33.273407+00:00,https://www.seraincourt95.fr/
www.shareaholic.net,altro_terzo_parte,https://www.shareaholic.net,https://www.shareaholic.net,1,www.yana-j.fr,https://www.shareaholic.net,2026-09-16T17:08:57.415265+00:00,https://www.yana-j.fr/
www.sictiam.fr,altro_terzo_parte,https://www.sictiam.fr/wp-content/uploads/logo-sictiam/logo-sictiam-blanc_footer.png,https://www.sictiam.fr/wp-content/uploads/logo-sictiam/logo-sictiam-blanc_footer.png,1,mairie-mons83.fr,https://www.sictiam.fr/wp-content/uploads/logo-sictiam/logo-sictiam-blanc_footer.png,2026-09-16T20:44:57.657481+00:00,https://mairie-mons83.fr/
www.termsfeed.com,altro_terzo_parte,https://www.termsfeed.com/public/cookie-consent/4.0.0/cookie-consent.js,https://www.termsfeed.com/public/cookie-consent/4.0.0/cookie-consent.js,1,www.alepte.fr,https://www.termsfeed.com/public/cookie-consent/4.0.0/cookie-consent.js,2026-09-16T16:52:42.504059+00:00,https://www.alepte.fr/
www.therouanne.fr,altro_terzo_parte,https://www.therouanne.fr/wp-content/plugins/location-weather/assets/images/spinner.svg,https://www.therouanne.fr/wp-content/plugins/location-weather/assets/images/spinner.svg,1,www.communedetherouanne.fr,https://www.therouanne.fr/wp-content/astra-local-fonts/poppins/pxiByp8kv8JHgFVrLCz7Z1xlFQ.woff2,2026-09-16T21:12:38.330408+00:00,https://www.therouanne.fr/
www.tourisme28.com,altro_terzo_parte,http://www.tourisme28.com/files/cdt28/files/theme_base_logo_20c.jpg,http://www.tourisme28.com/files/cdt28/files/theme_base_logo_20c.jpg,1,fresnay-le-comte.fr,http://www.tourisme28.com/files/cdt28/files/theme_base_logo_20c.jpg,2026-09-16T16:52:35.227674+00:00,https://fresnay-le-comte.fr/
www.toutimages.com,altro_terzo_parte,http://www.toutimages.com/prenoms/prenoms_p_3.js,http://www.toutimages.com/prenoms/prenoms_p_3.js,1,www.marbache.fr,http://www.toutimages.com/prenoms/prenoms_p_3.js,2026-09-16T21:30:03.900323+00:00,http://www.marbache.fr/fr/flash-infos.html
www.udaf16.fr,altro_terzo_parte,https://www.udaf16.fr/gravity:sm/rs:auto:640:458/fq:avif:75/app/uploads/sites/80/2025/04/avec-baseline-rvb-blanc-udaf-charente.png,https://www.udaf16.fr/gravity:sm/rs:auto:640:458/fq:avif:75/app/uploads/sites/80/2025/04/avec-baseline-rvb-blanc-udaf-charente.png,1,www.udaf16.org,https://www.udaf16.fr/wp-includes/js/jquery/jquery.min.js?ver=a29ed5241c,2026-09-16T16:45:26.767085+00:00,https://www.udaf16.fr/
www.umlp.fr,altro_terzo_parte,https://www.umlp.fr/sites/default/files/styles/encart_pub/public/pubs/candidater_a_une_formation_de_luniversite_de_franche-comte.png?itok=SyT9ipOD,https://www.umlp.fr/sites/default/files/styles/encart_pub/public/pubs/candidater_a_une_formation_de_luniversite_de_franche-comte.png?itok=SyT9ipOD,1,www.univ-fcomte.fr,https://www.umlp.fr/sites/default/files/js/js_PrWTkScF2dx2TP0LUMgJ7o-sfc4etvvqi_1ipz1l78g.js,2026-09-16T21:22:46.076335+00:00,https://www.umlp.fr/
www.ville-ibos.fr,altro_terzo_parte,https://www.ville-ibos.fr/wp-content/uploads/2020/08/logo-bis-1.png,https://www.ville-ibos.fr/wp-content/uploads/2020/08/logo-bis-1.png,1,www.mairie-ibos.fr,https://www.ville-ibos.fr/wp-content/uploads/2020/08/logo-bis-1.png,2026-09-16T20:27:44.827514+00:00,https://www.mairie-ibos.fr/
x72zy.mjt.lu,altro_terzo_parte,https://x72zy.mjt.lu/wgt/x72zy/qsy/form?c=02239224,https://x72zy.mjt.lu/wgt/x72zy/qsy/form?c=02239224,1,www.via28.asso.fr,https://x72zy.mjt.lu/wgt/x72zy/qsy/form?c=02239224,2026-09-16T16:54:08.675262+00:00,https://via28-asso.fr
x8ju3.mjt.lu,altro_terzo_parte,https://x8ju3.mjt.lu/wgt/x8ju3/to3/form?c=a7123b5f,https://x8ju3.mjt.lu/wgt/x8ju3/to3/form?c=a7123b5f,1,www.ville-embrun.fr,https://x8ju3.mjt.lu/wgt/x8ju3/to3/form?c=a7123b5f,2026-09-16T20:38:03.720827+00:00,https://www.ville-embrun.fr/
xgzwi.mjt.lu,altro_terzo_parte,https://xgzwi.mjt.lu/wgt/xgzwi/ovj/form?c=d7854b9f,https://xgzwi.mjt.lu/wgt/xgzwi/ovj/form?c=d7854b9f,1,www.lefolgoet.fr,https://xgzwi.mjt.lu/wgt/xgzwi/ovj/form?c=d7854b9f,2026-09-16T17:13:03.998397+00:00,https://www.lefolgoet.fr/
youtube.com,video,YouTube,Google,1,www.cdad-hautsdeseine.justice.fr,https://youtube.com,2026-09-16T20:37:11.043346+00:00,https://www.cdad-hautsdeseine.justice.fr/
za.expiredwixdomain.com,altro_terzo_parte,https://za.expiredwixdomain.com/,https://za.expiredwixdomain.com/,1,www.parisot82commune.com,https://za.expiredwixdomain.com/,2026-09-16T20:35:42.772769+00:00,https://www.expiredwixdomain.com/?redirectedFor=www.parisot82commune.com
a.tile.openstreetmap.org,altro_terzo_parte,https://a.tile.openstreetmap.org,https://a.tile.openstreetmap.org,2,lamarinerecrute.gouv.fr,https://a.tile.openstreetmap.org,2026-09-16T17:07:42.682143+00:00,https://info-jeunes.fr/isere/;https://lamarinerecrute.gouv.fr/
api.websenso.com,altro_terzo_parte,https://api.websenso.com/dist/domains/e-communo.fr/main.js,https://api.websenso.com/dist/domains/e-communo.fr/main.js,2,www.ville-embrun.fr,https://api.websenso.com/dist/domains/e-communo.fr/main.js,2026-09-16T20:38:03.720827+00:00,https://www.ville-embrun.fr/;https://www.ville-riez.fr/
app-script.monsido.com,altro_terzo_parte,https://app-script.monsido.com/v2/monsido-script.js,https://app-script.monsido.com/v2/monsido-script.js,2,www.pour-les-personnes-agees.gouv.fr,https://app-script.monsido.com/v2/monsido-script.js,2026-09-16T16:50:47.182819+00:00,https://www.pour-les-personnes-agees.gouv.fr/;https://www.strasbourg.eu/
b.tile.openstreetmap.org,altro_terzo_parte,https://b.tile.openstreetmap.org,https://b.tile.openstreetmap.org,2,lamarinerecrute.gouv.fr,https://b.tile.openstreetmap.org,2026-09-16T17:07:42.682143+00:00,https://info-jeunes.fr/isere/;https://lamarinerecrute.gouv.fr/
back.monvillage.bzh,altro_terzo_parte,https://back.monvillage.bzh/assets/widgets/widget-home/widget-home-v1.js,https://back.monvillage.bzh/assets/widgets/widget-home/widget-home-v1.js,2,www.pont-croix.fr,https://back.monvillage.bzh/assets/widgets/widget-home/widget-home-v1.js,2026-09-16T20:56:21.738138+00:00,https://www.damgan.fr/;https://www.pont-croix.fr/
back.ww-cdn.com,altro_terzo_parte,https://back.ww-cdn.com/apiv3/cdn/2491980/apiv3/release/iphone/10/photo/sections_42022603_elements_161599504378_cellBackgroundImage@tablet.png?v=1616056105,https://back.ww-cdn.com/apiv3/cdn/2491980/apiv3/release/iphone/10/photo/sections_42022603_elements_161599504378_cellBackgroundImage@tablet.png?v=1616056105,2,www.missionslocalesardeche.fr,https://back.ww-cdn.com/superstatic/front-res/2491980/front-js/runtime-es2017.d217f4e5618d012b103c.js,2026-09-16T20:43:35.741005+00:00,https://www.missionslocalesardeche.fr/;https://www.mlgenevois.org/
c.tile.openstreetmap.org,altro_terzo_parte,https://c.tile.openstreetmap.org,https://c.tile.openstreetmap.org,2,lamarinerecrute.gouv.fr,https://c.tile.openstreetmap.org,2026-09-16T17:07:42.682143+00:00,https://info-jeunes.fr/isere/;https://lamarinerecrute.gouv.fr/
campagnesdelartois.fr,altro_terzo_parte,https://campagnesdelartois.fr/?dm=b85167b7ea8979c77acd5594a9e32f1f&action=load&blogid=19&siteid=1&t=416947438&back=https%3A%2F%2Ffrevincapelle.fr%2F,https://campagnesdelartois.fr/?dm=b85167b7ea8979c77acd5594a9e32f1f&action=load&blogid=19&siteid=1&t=416947438&back=https%3A%2F%2Ffrevincapelle.fr%2F,2,www.frevincapelle.fr,https://campagnesdelartois.fr/?dm=b85167b7ea8979c77acd5594a9e32f1f&action=load&blogid=19&siteid=1&t=416947438&back=https%3A%2F%2Ffrevincapelle.fr%2F,2026-09-16T20:31:34.016523+00:00,https://frevincapelle.fr/;https://warluzel.fr/
cdn-assets.prisme.ai,altro_terzo_parte,https://cdn-assets.prisme.ai/blocks/popover/inject/index.js,https://cdn-assets.prisme.ai/blocks/popover/inject/index.js,2,www.cotedor.fr,https://cdn-assets.prisme.ai/blocks/popover/inject/index.js,2026-09-16T21:14:57.766568+00:00,https://www.calvados.fr/accueil.html;https://www.cotedor.fr/
cdn.cookielaw.org,altro_terzo_parte,https://cdn.cookielaw.org/scripttemplates/otSDKStub.js,https://cdn.cookielaw.org/scripttemplates/otSDKStub.js,2,www.ffbatiment.fr,https://cdn.cookielaw.org/scripttemplates/otSDKStub.js,2026-09-16T17:13:37.097824+00:00,https://www.ffbatiment.fr/;https://www.neuillysurseine.fr/
cdn.datatables.net,altro_terzo_parte,https://cdn.datatables.net/responsive/2.3.0/css/responsive.dataTables.min.css?ver=3f47f7,https://cdn.datatables.net/responsive/2.3.0/css/responsive.dataTables.min.css?ver=3f47f7,2,www.peche-ariege.com,https://cdn.datatables.net,2026-09-16T21:09:09.068031+00:00,https://dordogne.mediatheques.fr/;https://www.peche-ariege.com/
cdn.keeo.com,altro_terzo_parte,https://cdn.keeo.com/tarteaucitron2.css,https://cdn.keeo.com/tarteaucitron2.css,2,www.clic-cambresis.fr,https://cdn.keeo.com/tarteaucitron_style.js,2026-09-16T17:05:55.526366+00:00,https://clic-cambresis.fr/;https://www.mairie-bry.fr/
cdn.novius.net,altro_terzo_parte,https://cdn.novius.net,https://cdn.novius.net,2,www.yana-j.fr,https://cdn.novius.net/novius-tac/tarteaucitron-1.4.x.js?ver=1,2026-09-16T17:08:57.415265+00:00,https://www.lereflexenotaire.fr/;https://www.yana-j.fr/
cdn.openagenda.com,altro_terzo_parte,https://cdn.openagenda.com/js/widgets.js,https://cdn.openagenda.com/js/widgets.js,2,www.clavim.asso.fr,https://cdn.openagenda.com/js/widgets.js,2026-09-16T16:49:12.270502+00:00,https://www.clavim.asso.fr/;https://www.haute-garonne.fr/
cdn.s-pass.org,altro_terzo_parte,https://cdn.s-pass.org/SPASSDATA/media/cache/portail_vignette_observatoire/SPASSDATA/attachments/2025_10/20/233809-image-actu-avec-bandeau-copie.jpg,https://cdn.s-pass.org/SPASSDATA/media/cache/portail_vignette_observatoire/SPASSDATA/attachments/2025_10/20/233809-image-actu-avec-bandeau-copie.jpg,2,www.urcaue-hautsdefrance.fr,https://cdn.s-pass.org/SPASSDATA/media/cache/portail_logo/SPASSDATA/media_portail/197/urcaue-haut-de-france.jpg,2026-09-16T20:44:19.008966+00:00,https://www.caue02.com/fr/portail/378/index.html;https://www.urcaue-hautsdefrance.fr/fr/portail/197/index.html
cmsphoto.ww-cdn.com,altro_terzo_parte,https://cmsphoto.ww-cdn.com/superstatic/2491980/art/large_x2_16_9/54976501-41284109.jpg?v=1616657315,https://cmsphoto.ww-cdn.com/superstatic/2491980/art/large_x2_16_9/54976501-41284109.jpg?v=1616657315,2,www.missionslocalesardeche.fr,https://cmsphoto.ww-cdn.com,2026-09-16T20:43:35.741005+00:00,https://www.missionslocalesardeche.fr/;https://www.mlgenevois.org/
fd.cleantalk.org,altro_terzo_parte,https://fd.cleantalk.org,https://fd.cleantalk.org,2,www.adswf.fr,https://fd.cleantalk.org/ct-bot-detector-wrapper.js?ver=6.87,2026-09-16T17:02:39.906727+00:00,https://www.adswf.fr/;https://www.saintleu.re/
feeds.feedburner.com,altro_terzo_parte,http://feeds.feedburner.com/cg43,http://feeds.feedburner.com/cg43,2,www.hauteloire.fr,http://feeds.feedburner.com/cg43,2026-09-16T16:56:02.125506+00:00,https://www.hauteloire.fr/;https://www.ville-eguisheim.fr/
hb.wpmucdn.com,altro_terzo_parte,https://hb.wpmucdn.com,https://hb.wpmucdn.com,2,www.vosges.fr,https://hb.wpmucdn.com,2026-09-16T17:12:34.502908+00:00,https://www.cdad79.fr/;https://www.vosges.fr/
i.calameoassets.com,altro_terzo_parte,https://i.calameoassets.com/260825120338-556b51e480e2cfb252a0fbd187389fd4/large.jpg,https://i.calameoassets.com/260825120338-556b51e480e2cfb252a0fbd187389fd4/large.jpg,2,www.mairie-de-collegien.fr,https://i.calameoassets.com/260827154515-8c132000d9b2bdab01ba8af56be3f0c1/large.jpg,2026-09-16T20:47:44.395810+00:00,https://collegien.fr//;https://herault.fr/
img.youtube.com,video,YouTube,Google,2,www.infojeunes-na.fr,https://img.youtube.com/vi/AA4rSdXrF94/maxresdefault.jpg,2026-09-16T16:57:34.208209+00:00,https://www.fncaue.com/;https://www.infojeunes-na.fr/
js.arcgis.com,altro_terzo_parte,https://js.arcgis.com/3.27/esri/css/esri.css,https://js.arcgis.com/3.27/esri/css/esri.css,2,www.urcaue-hautsdefrance.fr,https://js.arcgis.com/3.27/,2026-09-16T20:44:19.008966+00:00,https://www.caue02.com/fr/portail/378/index.html;https://www.urcaue-hautsdefrance.fr/fr/portail/197/index.html
maps.google.fr,altro_terzo_parte,"http://maps.google.fr/maps?f=q&source=s_q&hl=fr&geocode=&q=Saint-Georges-le-Fl%C3%A9chard&aq=0&oq=saint+&sll=46.75984,1.738281&sspn=7.889044,19.753418&t=m&ie=UTF8&hq=&hnear=Saint-Georges-le-Fl%C3%A9chard,+Mayenne,+Pays+de+la+Loire&ll=48.019324,-0.390015&spn=1.102284,1.647949&z=8&output=embed","http://maps.google.fr/maps?f=q&source=s_q&hl=fr&geocode=&q=Saint-Georges-le-Fl%C3%A9chard&aq=0&oq=saint+&sll=46.75984,1.738281&sspn=7.889044,19.753418&t=m&ie=UTF8&hq=&hnear=Saint-Georges-le-Fl%C3%A9chard,+Mayenne,+Pays+de+la+Loire&ll=48.019324,-0.390015&spn=1.102284,1.647949&z=8&output=embed",2,saint-georges-le-flechard.fr,"http://maps.google.fr/maps?f=q&source=s_q&hl=fr&geocode=&q=Saint-Georges-le-Fl%C3%A9chard&aq=0&oq=saint+&sll=46.75984,1.738281&sspn=7.889044,19.753418&t=m&ie=UTF8&hq=&hnear=Saint-Georges-le-Fl%C3%A9chard,+Mayenne,+Pays+de+la+Loire&ll=48.019324,-0.390015&spn=1.102284,1.647949&z=8&output=embed",2026-09-16T16:47:11.374647+00:00,https://saint-georges-le-flechard.fr/;https://www.moyonvillages.fr/
p.typekit.net,altro_terzo_parte,https://p.typekit.net/p.css?s=1&k=jif6wog&ht=tk&f=1853.1855.1857.24436.26921.26922.26924.26925&a=296440514&app=typekit&e=css,https://p.typekit.net/p.css?s=1&k=jif6wog&ht=tk&f=1853.1855.1857.24436.26921.26922.26924.26925&a=296440514&app=typekit&e=css,2,lamarinerecrute.gouv.fr,https://p.typekit.net/p.css?s=1&k=jif6wog&ht=tk&f=1853.1855.1857.24436.26921.26922.26924.26925&a=296440514&app=typekit&e=css,2026-09-16T17:07:42.682143+00:00,https://lamarinerecrute.gouv.fr/;https://www.jura.fr/
pagead2.googlesyndication.com,altro_terzo_parte,https://pagead2.googlesyndication.com/pagead/js/adsbygoogle.js,https://pagead2.googlesyndication.com/pagead/js/adsbygoogle.js,2,annuaire.action-sociale.org,https://pagead2.googlesyndication.com/pagead/js/adsbygoogle.js,2026-09-16T20:46:29.626062+00:00,https://annuaire.action-sociale.org/;https://sognolles-en-montois.fr/
platform.linkedin.com,altro_terzo_parte,https://platform.linkedin.com/in.js,https://platform.linkedin.com/in.js,2,drome.famillesrurales.org,https://platform.linkedin.com/in.js,2026-09-16T20:57:45.343360+00:00,https://boisme.fr/;https://drome.famillesrurales.org/
platform.twitter.com,altro_terzo_parte,https://platform.twitter.com,https://platform.twitter.com,2,www.quimperle-communaute.bzh,https://platform.twitter.com,2026-09-16T21:14:14.310718+00:00,https://www.capeb.fr/;https://www.quimperle-communaute.bzh/
public-api.wordpress.com,altro_terzo_parte,https://public-api.wordpress.com/oembed/?format=xml&url=https%3A%2F%2Fmalmerspach.com%2F&for=wpcom-auto-discovery,https://public-api.wordpress.com/oembed/?format=xml&url=https%3A%2F%2Fmalmerspach.com%2F&for=wpcom-auto-discovery,2,malmerspach.com,https://public-api.wordpress.com/oembed/?format=json&url=https%3A%2F%2Fmalmerspach.com%2F&for=wpcom-auto-discovery,2026-09-16T17:10:28.681832+00:00,https://jonquieres-st-vincent.com/;https://malmerspach.com/
resources.blogblog.com,altro_terzo_parte,https://resources.blogblog.com/blogblog/data/res/608349471-indie_compiled.js,https://resources.blogblog.com/blogblog/data/res/608349471-indie_compiled.js,2,www.ecordal.fr,https://resources.blogblog.com/blogblog/data/res/608349471-indie_compiled.js,2026-09-16T21:14:01.630092+00:00,https://infos-montagnac.blogspot.com/;https://www.ecordal.fr/
s-pass.matomo.cloud,analytics,Matomo Cloud,Matomo Cloud,2,www.urcaue-hautsdefrance.fr,https://s-pass.matomo.cloud/matomo.php?idsite=5&rec=1,2026-09-16T20:44:19.008966+00:00,https://www.caue02.com/fr/portail/378/index.html;https://www.urcaue-hautsdefrance.fr/fr/portail/197/index.html
scontent-cdg4-1.xx.fbcdn.net,altro_terzo_parte,https://scontent-cdg4-1.xx.fbcdn.net/v/t39.30808-1/420019665_669121118767137_2610174004618896914_n.jpg?stp=cp0_dst-jpg_s50x50_tt6&_nc_cat=108&ccb=1-7&_nc_sid=f907e8&_nc_ohc=6PwyGjxRB_sQ7kNvwGs9Hl8&_nc_oc=AdquIyMRgNaNW8MttFy0AHi5IZVmS57gwP2CLmDssmimz8FVf5-nOGg4i1KAxuImgGQ&_nc_zt=24&_nc_ht=scontent-cdg4-1.xx&edm=AKIiGfEEAAAA&_nc_gid=CuuwObo21M0FHATr_J7jeg&_nc_tpa=Q5bMBQK0zwyhF6BOtv39diZVzauRoebKaIUZzGYOn83zBA3uwgSA9OMalbDzK1lu4nrLVhjaaeCvspvXPQ&oh=00_AQLhg07SUqehAVepoWIWiRUpfOyak_BXoavcz4jpq64DCA&oe=6AAEF69C,https://scontent-cdg4-1.xx.fbcdn.net/v/t39.30808-1/420019665_669121118767137_2610174004618896914_n.jpg?stp=cp0_dst-jpg_s50x50_tt6&_nc_cat=108&ccb=1-7&_nc_sid=f907e8&_nc_ohc=6PwyGjxRB_sQ7kNvwGs9Hl8&_nc_oc=AdquIyMRgNaNW8MttFy0AHi5IZVmS57gwP2CLmDssmimz8FVf5-nOGg4i1KAxuImgGQ&_nc_zt=24&_nc_ht=scontent-cdg4-1.xx&edm=AKIiGfEEAAAA&_nc_gid=CuuwObo21M0FHATr_J7jeg&_nc_tpa=Q5bMBQK0zwyhF6BOtv39diZVzauRoebKaIUZzGYOn83zBA3uwgSA9OMalbDzK1lu4nrLVhjaaeCvspvXPQ&oh=00_AQLhg07SUqehAVepoWIWiRUpfOyak_BXoavcz4jpq64DCA&oe=6AAEF69C,2,missionslocales-bfc.fr,https://scontent-cdg4-1.xx.fbcdn.net/v/t39.30808-1/612051027_1431841228981838_3212150733961518904_n.jpg?stp=c36.36.428.428a_cp0_dst-jpg_s50x50_tt6&_nc_cat=104&ccb=1-7&_nc_sid=f907e8&_nc_ohc=U6KO0Ny5c0sQ7kNvwGSXZwV&_nc_oc=Adq4uzqYmd1DKN-Na6_tjcRp1Nv3XYoeCrPyvy9iKBJMipBzKmQ7FXn6F7ERdKur-6E&_nc_zt=24&_nc_ht=scontent-cdg4-1.xx&edm=AKIiGfEEAAAA&_nc_gid=Lf8ECfzugWhSvyeAClYenA&_nc_tpa=Q5bMBQII1JA3nVw6F_C-ZfjAop08DZj2QFmNAEcpRyQjGMktb4_ylHTjS5hHCr-lc2pDYWhOGfbozLs_7w&oh=00_AQKkRe6hY9vGvUurmH7vU6cQThQ990UmsTH26-pJK8_BCQ&oe=6AAF108B,2026-09-16T17:01:19.152804+00:00,https://aramon.fr/;https://missionslocales-bfc.fr/
scontent-cdg4-2.xx.fbcdn.net,altro_terzo_parte,https://scontent-cdg4-2.xx.fbcdn.net/v/t39.30808-6/807877659_1559387316220633_3474031403908991853_n.jpg?stp=cp1_dst-jpg_s960x960_tt6&_nc_cat=100&ccb=1-7&_nc_sid=833d8c&_nc_ohc=VA_n6ZVS1GYQ7kNvwGEdd9t&_nc_oc=AdojIIioHgJIQzLJUWsSmLq2zBUx-V0YCQjIZceIYovaPiYseHw7m9V-diBpjO_xenAE9qntnYVlsa9X8QDvzv8E&_nc_zt=23&_nc_ht=scontent-cdg4-2.xx&edm=AKIiGfEEAAAA&_nc_gid=4scMUsY5g25i8Gfjgoxjng&_nc_tpa=Q5bMBQJ_vym6eMmSNGq08eoCFlBB9S115_Q1US8y7HbD5JWp1puBvhf_eQCGGaof2jlYPLabi9heDPb97g&oh=00_AQIkVBb7uN6ENTMeDB2AAlWT9rwWoECyKXBamg7wNnfeZQ&oe=6AB0AD0C,https://scontent-cdg4-2.xx.fbcdn.net/v/t39.30808-6/807877659_1559387316220633_3474031403908991853_n.jpg?stp=cp1_dst-jpg_s960x960_tt6&_nc_cat=100&ccb=1-7&_nc_sid=833d8c&_nc_ohc=VA_n6ZVS1GYQ7kNvwGEdd9t&_nc_oc=AdojIIioHgJIQzLJUWsSmLq2zBUx-V0YCQjIZceIYovaPiYseHw7m9V-diBpjO_xenAE9qntnYVlsa9X8QDvzv8E&_nc_zt=23&_nc_ht=scontent-cdg4-2.xx&edm=AKIiGfEEAAAA&_nc_gid=4scMUsY5g25i8Gfjgoxjng&_nc_tpa=Q5bMBQJ_vym6eMmSNGq08eoCFlBB9S115_Q1US8y7HbD5JWp1puBvhf_eQCGGaof2jlYPLabi9heDPb97g&oh=00_AQIkVBb7uN6ENTMeDB2AAlWT9rwWoECyKXBamg7wNnfeZQ&oe=6AB0AD0C,2,aramon.fr,https://scontent-cdg4-2.xx.fbcdn.net/v/t39.30808-6/810485703_1562302242595807_6766312235643555852_n.jpg?stp=dst-jpg_p720x720_tt6&_nc_cat=109&ccb=1-7&_nc_sid=127cfc&_nc_ohc=kbwXjjhfCrkQ7kNvwH-jE1Y&_nc_oc=AdqGq4lrV7f4AHALaIK_kC-w1PHOLw7cMIs53kgBvsA970BokFXdoynuHGqxJJ_mY7kTLFGe-8wlRqqtUwRrPKQE&_nc_zt=23&_nc_ht=scontent-cdg4-2.xx&edm=AKIiGfEEAAAA&_nc_gid=4scMUsY5g25i8Gfjgoxjng&_nc_tpa=Q5bMBQILVfTFEj9FFpbxTO562KwKSAT7B_o6AhYjciJqWAMGn0t5ceuVJeeWSCEdpNUOhTYcyHcQBzcuUw&oh=00_AQLMO4NIG3x0VyO4NqLOUchUnCmOcrU_MGm6a8uKiG8zoQ&oe=6AB0ABED,2026-09-16T21:16:03.424513+00:00,https://aramon.fr/;https://mairie-romegoux.fr/
script.hotjar.com,analytics,Hotjar,Hotjar,2,www.udaf54.fr,https://script.hotjar.com,2026-09-16T20:49:52.773900+00:00,https://www.liffre-cormier.fr/;https://www.udaf54.fr/
semantics-chat.wikit.ai,altro_terzo_parte,https://semantics-chat.wikit.ai/chat-embed.js,https://semantics-chat.wikit.ai/chat-embed.js,2,www.valdoise.fr,https://semantics-chat.wikit.ai/chat-embed.js,2026-09-16T16:45:09.439768+00:00,https://www.valdoise.fr/;https://www.vosges.fr/
static.hotjar.com,analytics,Hotjar,Hotjar,2,www.udaf54.fr,https://static.hotjar.com,2026-09-16T20:49:52.773900+00:00,https://www.liffre-cormier.fr/;https://www.udaf54.fr/
storage.googleapis.com,sdk_generico,Google APIs,Google,2,www.association-saintmartin.fr,https://storage.googleapis.com/ugo-prod-fr-1.appspot.com/accounts/f878e0ef-90c0-4f26-bd59-e6ee9f723a4d/medias/19ad9f13-7647-4ed7-b44b-5a4c5eb33800.png,2026-09-16T16:58:45.353227+00:00,https://association-saintmartin.fr/;https://luynes.fr/
tracker.quadran.eu,altro_terzo_parte,https://tracker.quadran.eu/qa-combined.js,https://tracker.quadran.eu/qa-combined.js,2,hautsdefrance.cci.fr,https://tracker.quadran.eu/qa-combined.js,2026-09-16T16:58:10.146958+00:00,https://hautsdefrance.cci.fr/;https://www.cotedor.fr/
vigilance.meteofrance.fr,altro_terzo_parte,https://vigilance.meteofrance.fr/fr/widget-vigilance/vigilance,https://vigilance.meteofrance.fr/fr/widget-vigilance/vigilance,2,www.janailhac-mairie.fr,https://vigilance.meteofrance.fr/fr/widget-vigilance/vigilance,2026-09-16T21:06:35.589144+00:00,http://www.tramecourt.fr/;https://www.janailhac-mairie.fr/
vpsmatomo.keeo.com,altro_terzo_parte,https://vpsmatomo.keeo.com/matomo.php?idsite=67&rec=1,https://vpsmatomo.keeo.com/matomo.php?idsite=67&rec=1,2,www.clic-cambresis.fr,https://vpsmatomo.keeo.com/matomo.php?idsite=67&rec=1,2026-09-16T17:05:55.526366+00:00,https://clic-cambresis.fr/;https://www.mairie-bry.fr/
widgets.apidae-tourisme.com,altro_terzo_parte,https://widgets.apidae-tourisme.com/widget/1294.js,https://widgets.apidae-tourisme.com/widget/1294.js,2,mairielegrandbornand.com,https://widgets.apidae-tourisme.com/widget/1294.js,2026-09-16T17:13:46.688380+00:00,https://mairielegrandbornand.com/;https://www.mairiedesamoens.fr/
www.anil.org,altro_terzo_parte,https://www.anil.org/adil-12/,https://www.anil.org/adil-12/,2,www.adil12.org,https://www.anil.org/adil-12/,2026-09-16T21:09:21.135730+00:00,https://www.anil.org/adil-03/;https://www.anil.org/adil-12/
www.atmo-auvergnerhonealpes.fr,altro_terzo_parte,https://www.atmo-auvergnerhonealpes.fr/widget/monair/commune/38349?pollen=0,https://www.atmo-auvergnerhonealpes.fr/widget/monair/commune/38349?pollen=0,2,www.commune-sablons.fr,https://www.atmo-auvergnerhonealpes.fr/widget/monair/commune/38349?pollen=0,2026-09-16T16:51:15.372701+00:00,https://www.commune-sablons.fr/;https://www.messery.fr/
www.cookieconsent.com,altro_terzo_parte,https://www.cookieconsent.com/releases/3.1.0/cookie-consent.js,https://www.cookieconsent.com/releases/3.1.0/cookie-consent.js,2,missionlocalevilleneuvois.org,https://www.cookieconsent.com/releases/3.1.0/cookie-consent.js,2026-09-16T16:55:19.218333+00:00,https://missionlocalevilleneuvois.org/;https://www.chatillon-sur-indre.fr/
www.geoportail.gouv.fr,altro_terzo_parte,"https://www.geoportail.gouv.fr/embed/visu.html?c=6.203861901000001,47.453278638&z=17&l0=ORTHOIMAGERY.ORTHOPHOTOS::GEOPORTAIL:OGC:WMTS(1)&l1=GEOGRAPHICALGRIDSYSTEMS.PLANIGNV2::GEOPORTAIL:OGC:WMTS(1)&permalink=yes","https://www.geoportail.gouv.fr/embed/visu.html?c=6.203861901000001,47.453278638&z=17&l0=ORTHOIMAGERY.ORTHOPHOTOS::GEOPORTAIL:OGC:WMTS(1)&l1=GEOGRAPHICALGRIDSYSTEMS.PLANIGNV2::GEOPORTAIL:OGC:WMTS(1)&permalink=yes",2,ormenans.fr,"https://www.geoportail.gouv.fr/embed/visu.html?c=6.203861901000001,47.453278638&z=17&l0=ORTHOIMAGERY.ORTHOPHOTOS::GEOPORTAIL:OGC:WMTS(1)&l1=GEOGRAPHICALGRIDSYSTEMS.PLANIGNV2::GEOPORTAIL:OGC:WMTS(1)&permalink=yes",2026-09-16T21:01:27.262554+00:00,https://lavelanetdecomminges.fr/;https://ormenans.fr/
www.hdr.fr,altro_terzo_parte,https://www.hdr.fr/images/verysmall_hdr.gif,https://www.hdr.fr/images/verysmall_hdr.gif,2,www.dauendorf-neubourg.fr,https://www.hdr.fr/images/verysmall_hdr.gif,2026-09-16T20:33:05.879206+00:00,https://www.dauendorf-neubourg.fr/;https://www.nilvange.fr/
www.instagram.com,altro_terzo_parte,https://www.instagram.com/embed.js,https://www.instagram.com/embed.js,2,www.culture.gouv.fr,https://www.instagram.com/embed.js,2026-09-16T17:05:34.606974+00:00,https://www.culture.gouv.fr/;https://www.saintleu.re/
www.leveil.fr,altro_terzo_parte,https://www.leveil.fr/photoSRC/VlZTJ19dUTgIDAVOBQwd/7737151.jpeg,https://www.leveil.fr/photoSRC/VlZTJ19dUTgIDAVOBQwd/7737151.jpeg,2,www.chaspuzac.fr,https://www.leveil.fr/photoSRC/VlZTJ19dUTgIDAVOBQwd/7812685.jpeg,2026-09-16T21:05:46.242369+00:00,https://www.cc-auzon.fr/;https://www.chaspuzac.fr/
www.meteorama.fr,altro_terzo_parte,http://www.meteorama.fr/widget/loader/c228750bc5fe98f800eae254b2e0041d,http://www.meteorama.fr/widget/loader/c228750bc5fe98f800eae254b2e0041d,2,www.caudecoste.fr,http://www.meteorama.fr/widget/loader/c228750bc5fe98f800eae254b2e0041d,2026-09-16T16:51:28.741731+00:00,https://www.caudecoste.fr/;https://www.pontoise-les-noyon.fr/
www.monsitecommunal.fr,altro_terzo_parte,https://www.monsitecommunal.fr/uploads/sites/59/2021/04/fili.jpg,https://www.monsitecommunal.fr/uploads/sites/59/2021/04/fili.jpg,2,www.auzits.fr,https://www.monsitecommunal.fr,2026-09-16T17:09:30.549158+00:00,https://www.auzits.fr/;https://www.combret-aveyron.fr/
www.unaf.fr,altro_terzo_parte,https://www.unaf.fr/app/uploads/sites/3/2022/07/embleme-rvb-couleur.svg,https://www.unaf.fr/app/uploads/sites/3/2022/07/embleme-rvb-couleur.svg,2,www.udaf16.org,https://www.unaf.fr/app/uploads/sites/3/2022/07/embleme-rvb-couleur.svg,2026-09-16T16:45:26.767085+00:00,https://www.udaf02.fr/;https://www.udaf16.fr/
www.xn--mto-bmab.fr,altro_terzo_parte,https://www.xn--mto-bmab.fr/widget4/070d02b93d714fa7b3074337cb20e800.png?t=time(),https://www.xn--mto-bmab.fr/widget4/070d02b93d714fa7b3074337cb20e800.png?t=time(),2,www.bey01.fr,https://www.xn--mto-bmab.fr/widget4/070d02b93d714fa7b3074337cb20e800.png?t=time(),2026-09-16T16:54:33.871802+00:00,https://gressey.com/;https://www.bey01.fr/
af.pubmine.com,altro_terzo_parte,https://af.pubmine.com,https://af.pubmine.com,3,communederolampont.wordpress.com,https://af.pubmine.com,2026-09-16T21:14:19.890282+00:00,https://communederolampont.wordpress.com/;https://stcoutantlegrandblog.wordpress.com/;https://villarsetvillenotte.wordpress.com/
api.mapbox.com,altro_terzo_parte,https://api.mapbox.com/mapbox-gl-js/v2.0.1/mapbox-gl.css,https://api.mapbox.com/mapbox-gl-js/v2.0.1/mapbox-gl.css,3,www.areams.fr,https://api.mapbox.com/mapbox-gl-js/v2.0.1/mapbox-gl.js,2026-09-16T16:54:19.036291+00:00,https://gartempe-saint-pardoux.fr/;https://www.areams.fr/;https://www.ccpom.fr/
apis.google.com,altro_terzo_parte,https://apis.google.com,https://apis.google.com,3,www.cdad-hautsdeseine.justice.fr,https://apis.google.com,2026-09-16T20:37:11.043346+00:00,https://sites.google.com/view/mairiedelaire/accueil;https://www.cdad-hautsdeseine.justice.fr/;https://www.cliccoeuressonne.fr/
blogger.googleusercontent.com,altro_terzo_parte,https://blogger.googleusercontent.com/img/a/AVvXsEhwzgCEGYhIAio924AtZ7uHvmOK00P5Tqmw4EfCJPZxYfsx6xqh0MCcx1r4xZllviIlVk3NOnFkquwiLS8297pdNHQlJhTKjb_C-91I65k1LqNcu6vf9rFeE-qFF589thzshCtvONTQ_6vwN1sPNfxI3xryup7vQEnWM0TV0Oc9Qqx5gMhO0mkaMqizuAbo=s104,https://blogger.googleusercontent.com/img/a/AVvXsEhwzgCEGYhIAio924AtZ7uHvmOK00P5Tqmw4EfCJPZxYfsx6xqh0MCcx1r4xZllviIlVk3NOnFkquwiLS8297pdNHQlJhTKjb_C-91I65k1LqNcu6vf9rFeE-qFF589thzshCtvONTQ_6vwN1sPNfxI3xryup7vQEnWM0TV0Oc9Qqx5gMhO0mkaMqizuAbo=s104,3,point-justice46.blogspot.com,https://blogger.googleusercontent.com/img/b/R29vZ2xl/AVvXsEjyD4pYsuKJKhnYjQtVDjHRAJtIgnUfL3xk-YGaqA6bynUZDbxieKuxGjEWlX0YCXYq_SfKHWneaPmdFE8PeWiOuti_46r06op0_cP5ZnBzzuVa52AqSY5jRvgK46oi5NHYTiYjGyYuUcIW/s1241/test+2.png,2026-09-16T16:43:10.313508+00:00,https://infos-montagnac.blogspot.com/;https://point-justice46.blogspot.com/;https://www.ecordal.fr/
cache.consentframework.com,altro_terzo_parte,https://cache.consentframework.com,https://cache.consentframework.com,3,ville-beaurepaire.fr,https://cache.consentframework.com/js/pa/47075/c/cEqQR/stub,2026-09-16T16:55:50.620670+00:00,https://ville-beaurepaire.fr/;https://www.banyuls-sur-mer.com/;https://www.ville-matoury.fr/
cdn.doyoudreamup.com,altro_terzo_parte,https://cdn.doyoudreamup.com/dydubox/configurations/prod/e9a8419d-0410-4929-bed5-34982edaca6d/0af40028-8b3e-125c-818b-660c47f00003/loader.js,https://cdn.doyoudreamup.com/dydubox/configurations/prod/e9a8419d-0410-4929-bed5-34982edaca6d/0af40028-8b3e-125c-818b-660c47f00003/loader.js,3,charentes.msa.fr,https://cdn.doyoudreamup.com/dydubox/configurations/prod/e9a8419d-0410-4929-bed5-34982edaca6d/0af40028-8b3e-125c-818b-660c47f00003/loader.js,2026-09-16T17:05:03.633741+00:00,https://charentes.msa.fr/lfp;https://languedoc.msa.fr/lfp;https://mps.msa.fr/lfp
cdn.hu-manity.co,altro_terzo_parte,https://cdn.hu-manity.co,https://cdn.hu-manity.co,3,www.inguiniel.fr,https://cdn.hu-manity.co/hu-banner.min.js,2026-09-16T20:40:21.581028+00:00,https://saint-benoit-sur-loire.fr/;https://ville-sgla.fr/;https://www.inguiniel.fr/
cdn.koredge.website,altro_terzo_parte,https://cdn.koredge.website/tarteaucitron/tarteaucitron.min.css,https://cdn.koredge.website/tarteaucitron/tarteaucitron.min.css,3,mdph.doubs.fr,https://cdn.koredge.website,2026-09-16T16:56:45.655263+00:00,https://mdph.doubs.fr/;https://www.jura-nord.com/;https://www.mairie-socx.fr/
cdn.prod.website-files.com,altro_terzo_parte,https://cdn.prod.website-files.com/66c3a2eca5038c9e9f93056e/66c48dc3a32a990cc0513596_logo-footer.avif,https://cdn.prod.website-files.com/66c3a2eca5038c9e9f93056e/66c48dc3a32a990cc0513596_logo-footer.avif,3,www.ville-matoury.fr,https://cdn.prod.website-files.com/66c3a2eca5038c9e9f93056e/js/matoury-preprod.schunk.36b8fb49256177c8.js,2026-09-16T20:50:34.239855+00:00,https://www.cdad-guyane.fr/;https://www.pimmsmediation.fr/;https://www.ville-matoury.fr/
cdn.website-start.de,altro_terzo_parte,https://cdn.website-start.de/s/img/logo.gif,https://cdn.website-start.de/s/img/logo.gif,3,www.mairielabastidedeserou.fr,https://cdn.website-start.de/app/cdn/min/group/web.js?1773742760336,2026-09-16T17:07:08.392552+00:00,http://www.mairie-farbus.fr/;https://www.alligny-en-morvan.fr/;https://www.mairielabastidedeserou.fr/
choices.consentframework.com,altro_terzo_parte,https://choices.consentframework.com,https://choices.consentframework.com,3,ville-beaurepaire.fr,https://choices.consentframework.com/js/pa/47075/c/cEqQR/cmp,2026-09-16T16:55:50.620670+00:00,https://ville-beaurepaire.fr/;https://www.banyuls-sur-mer.com/;https://www.ville-matoury.fr/
consent.cookiebot.com,cookie_banner,Cookiebot,Cookiebot,3,www.ccce.fr,https://consent.cookiebot.com/uc.js,2026-09-16T21:08:17.673161+00:00,https://www.bazet.fr/;https://www.ccce.fr/;https://www.marolles-sur-seine.fr/
d3e54v103j8qbb.cloudfront.net,altro_terzo_parte,https://d3e54v103j8qbb.cloudfront.net/js/jquery-3.5.1.min.dc5e7f18c8.js?site=66c3a2eca5038c9e9f93056e,https://d3e54v103j8qbb.cloudfront.net/js/jquery-3.5.1.min.dc5e7f18c8.js?site=66c3a2eca5038c9e9f93056e,3,www.ville-matoury.fr,https://d3e54v103j8qbb.cloudfront.net/js/jquery-3.5.1.min.dc5e7f18c8.js?site=66c3a2eca5038c9e9f93056e,2026-09-16T20:50:34.239855+00:00,https://www.cdad-guyane.fr/;https://www.pimmsmediation.fr/;https://www.ville-matoury.fr/
embed.windy.com,altro_terzo_parte,https://embed.windy.com/embed2.html?lat=49.615&lon=0.563&detailLat=49.615&detailLon=0.563&width=500&height=300&zoom=8&level=surface&overlay=wind&product=ecmwf&menu=&message=true&marker=true&calendar=now&pressure=&type=map&location=coordinates&detail=true&metricWind=default&metricTemp=default&radarRange=-1,https://embed.windy.com/embed2.html?lat=49.615&lon=0.563&detailLat=49.615&detailLon=0.563&width=500&height=300&zoom=8&level=surface&overlay=wind&product=ecmwf&menu=&message=true&marker=true&calendar=now&pressure=&type=map&location=coordinates&detail=true&metricWind=default&metricTemp=default&radarRange=-1,3,www.raffetot.fr,https://embed.windy.com/embed2.html?lat=49.615&lon=0.563&detailLat=49.615&detailLon=0.563&width=500&height=300&zoom=8&level=surface&overlay=wind&product=ecmwf&menu=&message=true&marker=true&calendar=now&pressure=&type=map&location=coordinates&detail=true&metricWind=default&metricTemp=default&radarRange=-1,2026-09-16T20:31:19.866953+00:00,https://focicchia.corsica/;https://piana.fr/;https://www.raffetot.fr/
fonts.axept.io,altro_terzo_parte,https://fonts.axept.io,https://fonts.axept.io,3,www.alta-rocca.com,https://fonts.axept.io,2026-09-16T16:57:46.619857+00:00,https://www.alta-rocca.com/;https://www.missions-locales-corse.org/;https://www.saintaubinsurmer.fr/
fonts.bunny.net,altro_terzo_parte,"https://fonts.bunny.net/css?family=Open%20Sans:300,300italic,regular,italic,600,600italic,700,700italic,800,800italic|Open%20Sans:300,300italic,regular,italic,600,600italic,700,700italic,800,800italic|Open%20Sans:300,300italic,regular,italic,600,600italic,700,700italic,800,800italic|Open%20Sans","https://fonts.bunny.net/css?family=Open%20Sans:300,300italic,regular,italic,600,600italic,700,700italic,800,800italic|Open%20Sans:300,300italic,regular,italic,600,600italic,700,700italic,800,800italic|Open%20Sans:300,300italic,regular,italic,600,600italic,700,700italic,800,800italic|Open%20Sans",3,theil-rabier.fr,"https://fonts.bunny.net/css?family=Open%20Sans:300,300italic,regular,italic,600,600italic,700,700italic,800,800italic|Open%20Sans:300,300italic,regular,italic,600,600italic,700,700italic,800,800italic|Open%20Sans:300,300italic,regular,italic,600,600italic,700,700italic,800,800italic|Open%20Sans",2026-09-16T17:08:15.282768+00:00,https://lacheze.bzh/;https://theil-rabier.fr/;https://www.moiransenmontagne.fr/
i.ytimg.com,video,YouTube,Google,3,www.ville-robert.fr,https://i.ytimg.com/vi/-2YEnDzo19U/default.jpg,2026-09-16T17:11:09.078822+00:00,http://www.mairie-chatres77.fr;https://lacroix-barrezencarladez.fr/;https://www.ville-robert.fr/
plausible.io,altro_terzo_parte,https://plausible.io/js/script.js,https://plausible.io/js/script.js,3,www.banyuls-sur-mer.com,https://plausible.io/js/script.js,2026-09-16T17:03:24.853452+00:00,https://mairie-melle.fr/;https://www.banyuls-sur-mer.com/;https://www.lingevres.fr/
pro.fontawesome.com,altro_terzo_parte,https://pro.fontawesome.com/releases/v5.15.4/css/all.css,https://pro.fontawesome.com/releases/v5.15.4/css/all.css,3,varennes-sur-seine.fr,https://pro.fontawesome.com/releases/v5.15.4/css/all.css,2026-09-16T16:57:20.771888+00:00,https://varennes-sur-seine.fr/;https://www.durcet.fr/;https://www.pays-ozon.com/
scontent-cdg4-3.xx.fbcdn.net,altro_terzo_parte,https://scontent-cdg4-3.xx.fbcdn.net/v/t39.30808-1/491368066_1429231798350265_7083813914364638365_n.jpg?stp=cp0_dst-jpg_s50x50_tt6&_nc_cat=110&ccb=1-7&_nc_sid=f907e8&_nc_ohc=jLewITMfAaUQ7kNvwE36EuC&_nc_oc=AdqHXik3AtmXjGMTA6SBuLPptHWcH6s0zrCX72Sg4fugH4P7A4Xvv0elwycZYK0zGR8&_nc_zt=24&_nc_ht=scontent-cdg4-3.xx&edm=AKIiGfEEAAAA&_nc_gid=j8CaszUHH2VknNZn-ee3ZA&_nc_tpa=Q5bMBQL8i3rLixYnWhtkuPHLz66OX5t_rJT6jxFDUt-e74kpP98AvArxMIxubh3371LA-FdYaSAEPeXvZg&oh=00_AQJPSnVWyMzmyQ_c23dqGj0OprN3-Fcp7P9v31a81FQ-TQ&oe=6AAF0DF6,https://scontent-cdg4-3.xx.fbcdn.net/v/t39.30808-1/491368066_1429231798350265_7083813914364638365_n.jpg?stp=cp0_dst-jpg_s50x50_tt6&_nc_cat=110&ccb=1-7&_nc_sid=f907e8&_nc_ohc=jLewITMfAaUQ7kNvwE36EuC&_nc_oc=AdqHXik3AtmXjGMTA6SBuLPptHWcH6s0zrCX72Sg4fugH4P7A4Xvv0elwycZYK0zGR8&_nc_zt=24&_nc_ht=scontent-cdg4-3.xx&edm=AKIiGfEEAAAA&_nc_gid=j8CaszUHH2VknNZn-ee3ZA&_nc_tpa=Q5bMBQL8i3rLixYnWhtkuPHLz66OX5t_rJT6jxFDUt-e74kpP98AvArxMIxubh3371LA-FdYaSAEPeXvZg&oh=00_AQJPSnVWyMzmyQ_c23dqGj0OprN3-Fcp7P9v31a81FQ-TQ&oe=6AAF0DF6,3,missionslocales-bfc.fr,https://scontent-cdg4-3.xx.fbcdn.net/v/t39.30808-1/491368066_1429231798350265_7083813914364638365_n.jpg?stp=cp0_dst-jpg_s50x50_tt6&_nc_cat=110&ccb=1-7&_nc_sid=f907e8&_nc_ohc=jLewITMfAaUQ7kNvwE36EuC&_nc_oc=AdqHXik3AtmXjGMTA6SBuLPptHWcH6s0zrCX72Sg4fugH4P7A4Xvv0elwycZYK0zGR8&_nc_zt=24&_nc_ht=scontent-cdg4-3.xx&edm=AKIiGfEEAAAA&_nc_gid=j8CaszUHH2VknNZn-ee3ZA&_nc_tpa=Q5bMBQL8i3rLixYnWhtkuPHLz66OX5t_rJT6jxFDUt-e74kpP98AvArxMIxubh3371LA-FdYaSAEPeXvZg&oh=00_AQJPSnVWyMzmyQ_c23dqGj0OprN3-Fcp7P9v31a81FQ-TQ&oe=6AAF0DF6,2026-09-16T17:01:19.152804+00:00,https://aramon.fr/;https://missionslocales-bfc.fr/;https://www.isigny-le-buat.fr/
secure.gravatar.com,altro_terzo_parte,https://secure.gravatar.com/avatar/950475abf62208d4583e18212f0cd9e6862cb8917cb3d110a0b30ae16717cd2e?s=30&d=mm&r=g,https://secure.gravatar.com/avatar/950475abf62208d4583e18212f0cd9e6862cb8917cb3d110a0b30ae16717cd2e?s=30&d=mm&r=g,3,www.mairieisola.com,https://secure.gravatar.com/avatar/950475abf62208d4583e18212f0cd9e6862cb8917cb3d110a0b30ae16717cd2e?s=30&d=mm&r=g,2026-09-16T20:45:04.731137+00:00,https://jonquieres-st-vincent.com/;https://www.loperhet.bzh/;https://www.mairieisola.com/
static.elfsight.com,altro_terzo_parte,https://static.elfsight.com/platform/platform.js,https://static.elfsight.com/platform/platform.js,3,www.lotetgaronne.fr,https://static.elfsight.com/platform/platform.js,2026-09-16T16:52:25.984662+00:00,https://www.cdad-guyane.fr/;https://www.lotetgaronne.fr/accueil;https://www.sault-brenaz.org/
upload.wikimedia.org,altro_terzo_parte,https://upload.wikimedia.org/wikipedia/fr/d/dd/Logo_Ain_2018.svg,https://upload.wikimedia.org/wikipedia/fr/d/dd/Logo_Ain_2018.svg,3,www.ain.fr,https://upload.wikimedia.org/wikipedia/fr/d/dd/Logo_Ain_2018.svg,2026-09-16T16:59:49.224126+00:00,https://sognolles-en-montois.fr/;https://www.abbeville.fr/;https://www.ain.fr/js-challenge?u=/
vjs.zencdn.net,altro_terzo_parte,https://vjs.zencdn.net/4.10/video-js.css,https://vjs.zencdn.net/4.10/video-js.css,3,www.cosse-le-vivien.fr,https://vjs.zencdn.net/4.10/video.js,2026-09-16T17:12:25.533090+00:00,https://www.cosse-le-vivien.fr/;https://www.emploi-des-jeunes53.org/;https://www.mairie-moulay.fr/
web-suivis.ternum-bfc.fr,altro_terzo_parte,https://web-suivis.ternum-bfc.fr/piwik.php?idsite=782&rec=1&url=https://germagny.fr/,https://web-suivis.ternum-bfc.fr/piwik.php?idsite=782&rec=1&url=https://germagny.fr/,3,www.germagny.fr,https://web-suivis.ternum-bfc.fr,2026-09-16T20:39:06.413422+00:00,https://www.germagny.fr/;https://www.mairie-villeroy.fr/;https://www.prizy.fr/
webchat.wikit.ai,altro_terzo_parte,https://webchat.wikit.ai/webchat-embed.js,https://webchat.wikit.ai/webchat-embed.js,3,www.departement06.fr,https://webchat.wikit.ai/webchat-embed.js,2026-09-16T16:47:23.184298+00:00,https://terredes2caps.fr/;https://www.departement06.fr/;https://www.seinemaritime.fr/
widgets.synbird.com,altro_terzo_parte,https://widgets.synbird.com/widget.js,https://widgets.synbird.com/widget.js,3,www.moiransenmontagne.fr,https://widgets.synbird.com/widget.js,2026-09-16T17:14:53.641106+00:00,https://www.isigny-le-buat.fr/;https://www.moiransenmontagne.fr/;https://www.ville-maurs.fr/
ws.sharethis.com,altro_terzo_parte,https://ws.sharethis.com,https://ws.sharethis.com,3,mlblois.com,https://ws.sharethis.com/button/st_insights.js?publisher=eba0f3ba-f9ab-408c-bc68-c28af5afe749&product=feather&ver=1672732824,2026-09-16T20:41:38.532055+00:00,https://mlblois.com/;https://ville-eurville-bienville.fr/;https://www.afpa.fr/
www.blogger.com,altro_terzo_parte,https://www.blogger.com/dyncss/7396749788956054833/authorization.css?zx=09e52c72-f516-475c-b701-84892e87c755,https://www.blogger.com/dyncss/7396749788956054833/authorization.css?zx=09e52c72-f516-475c-b701-84892e87c755,3,point-justice46.blogspot.com,https://www.blogger.com/static/v1/widgets/851759228-widgets.js,2026-09-16T16:43:10.313508+00:00,https://infos-montagnac.blogspot.com/;https://point-justice46.blogspot.com/;https://www.ecordal.fr/
www.meteofrance.com,altro_terzo_parte,https://www.meteofrance.com/mf3-rpc-portlet/rest/vignettepartenaire/742130/type/VILLE_FRANCE/size/PORTRAIT_VIGNETTE,https://www.meteofrance.com/mf3-rpc-portlet/rest/vignettepartenaire/742130/type/VILLE_FRANCE/size/PORTRAIT_VIGNETTE,3,www.poisy.fr,https://www.meteofrance.com/mf3-rpc-portlet/rest/vignettepartenaire/742130/type/VILLE_FRANCE/size/PORTRAIT_VIGNETTE,2026-09-16T21:15:49.950051+00:00,http://lucylebocage.free.fr/;https://www.nort-leulinghem.fr/;https://www.poisy.fr/Francais
www.numanis.net,altro_terzo_parte,https://www.numanis.net/accessedition.js,https://www.numanis.net/accessedition.js,3,www.udaf42.org,https://www.numanis.net/accessedition.js,2026-09-16T17:11:53.318076+00:00,https://www.escalquens.fr/;https://www.udaf42.org/;https://www.ville-soreze.fr/
calendar.google.com,altro_terzo_parte,https://calendar.google.com/calendar/embed?src=7qnfaccodetcaag4ji0b9qt6uo%40group.calendar.google.com&ctz=Europe%2FParis&color=%23C0CA33&color=%23009688&color=%23F09300&color=%238E24AA&showNav=1&showTitle=0&showDate=1&showPrint=0&showTabs=0&mode=AGENDA&showTz=0&showCalendars=0,https://calendar.google.com/calendar/embed?src=7qnfaccodetcaag4ji0b9qt6uo%40group.calendar.google.com&ctz=Europe%2FParis&color=%23C0CA33&color=%23009688&color=%23F09300&color=%238E24AA&showNav=1&showTitle=0&showDate=1&showPrint=0&showTabs=0&mode=AGENDA&showTz=0&showCalendars=0,4,www.haegen.fr,https://calendar.google.com/calendar/embed?src=7qnfaccodetcaag4ji0b9qt6uo%40group.calendar.google.com&ctz=Europe%2FParis&color=%23C0CA33&color=%23009688&color=%23F09300&color=%238E24AA&showNav=1&showTitle=0&showDate=1&showPrint=0&showTabs=0&mode=AGENDA&showTz=0&showCalendars=0,2026-09-16T20:57:07.314011+00:00,https://ablainstnazaire.org/;https://www.haegen.fr/;https://www.moyonvillages.fr/;https://www.xaintrie-val-dordogne.fr/
cdn.tarteaucitron.io,altro_terzo_parte,https://cdn.tarteaucitron.io,https://cdn.tarteaucitron.io,4,mdph.doubs.fr,https://cdn.tarteaucitron.io,2026-09-16T16:56:45.655263+00:00,https://mdph.doubs.fr/;https://www.chambost-longessaigne.com/;https://www.mairie-socx.fr/;https://www.villehoudan.fr/
cdn1.readspeaker.com,altro_terzo_parte,https://cdn1.readspeaker.com/script/11977/webReader/webReader.js?pids=wr,https://cdn1.readspeaker.com/script/11977/webReader/webReader.js?pids=wr,4,www.touraine.fr,https://cdn1.readspeaker.com/script/11977/webReader/webReader.js?pids=wr,2026-09-16T17:04:23.319898+00:00,https://charentes.msa.fr/lfp;https://languedoc.msa.fr/lfp;https://mps.msa.fr/lfp;https://www.touraine.fr/
fonts-api.wp.com,altro_terzo_parte,https://fonts-api.wp.com/css?family=Lato%3A400%2C400italic%2C700%2C700italic%7CNoto+Serif%3A400%2C400italic%2C700%2C700italic&subset=latin%2Clatin-ext,https://fonts-api.wp.com/css?family=Lato%3A400%2C400italic%2C700%2C700italic%7CNoto+Serif%3A400%2C400italic%2C700%2C700italic&subset=latin%2Clatin-ext,4,malmerspach.com,https://fonts-api.wp.com,2026-09-16T17:10:28.681832+00:00,https://ablainstnazaire.org/;https://communederolampont.wordpress.com/;https://cresus-iledefrance.org/;https://malmerspach.com/
meet.jit.si,altro_terzo_parte,https://meet.jit.si,https://meet.jit.si,4,www.allennes.fr,https://meet.jit.si/external_api.js?ver=5.0.13,2026-09-16T16:50:28.311687+00:00,https://prunellidifiumorbu.fr/;https://www.sequedin.fr/;https://www.ville-lepassage.fr/;https://www.ville.allennes.fr/
netdna.bootstrapcdn.com,altro_terzo_parte,https://netdna.bootstrapcdn.com/font-awesome/3.2.1/css/font-awesome.css,https://netdna.bootstrapcdn.com/font-awesome/3.2.1/css/font-awesome.css,4,www.agglo-lepuyenvelay.fr,https://netdna.bootstrapcdn.com/twitter-bootstrap/2.3.2/css/bootstrap-combined.no-icons.min.css,2026-09-16T17:12:56.942444+00:00,https://mairiecoulmiers.fr/;https://www.agglo-lepuyenvelay.fr/;https://www.ccpmb.fr/;https://www.ville-moyenmoutier.fr/
platform-api.sharethis.com,altro_terzo_parte,https://platform-api.sharethis.com,https://platform-api.sharethis.com,4,www.harbonnieres.fr,https://platform-api.sharethis.com/js/sharethis.js#source=googleanalytics-wordpress#product=ga&property=5ef0a873a922da001296fae6,2026-09-16T17:02:05.011359+00:00,https://www.alpedhuez-mairie.fr/;https://www.arsac.fr/;https://www.harbonnieres.fr/;https://www.mairiechaulnes.fr/
scontent-cdg6-1.xx.fbcdn.net,altro_terzo_parte,https://scontent-cdg6-1.xx.fbcdn.net/v/t39.30808-1/241191481_1212617755819000_8116751274586276328_n.png?stp=cp0_dst-png_s50x50&_nc_cat=103&ccb=1-7&_nc_sid=f907e8&_nc_ohc=2StYSJ5UBI0Q7kNvwHjAyUQ&_nc_oc=Ado5PUoe-l7b91BEIjnIyAm76TZdlCVBujaa9pet5HMl8VLtNlRUi2DSFEjTrn_jDuY&_nc_zt=24&_nc_ht=scontent-cdg6-1.xx&edm=AKIiGfEEAAAA&_nc_gid=zsXpim9IpAIV7YCp3c8Jtg&_nc_tpa=Q5bMBQJAOPmmtRp2jLhiRV5iQbAbQgO2WGVDD0tnNM0-TaXX-BryeSmt9uoawgyvzAJMWq2G_GAMyk-0LA&oh=00_AQLYfakOXJ8UAeraUm2A2X0C47CW1JglX7e3fwWJb6rDXw&oe=6AAF10EA,https://scontent-cdg6-1.xx.fbcdn.net/v/t39.30808-1/241191481_1212617755819000_8116751274586276328_n.png?stp=cp0_dst-png_s50x50&_nc_cat=103&ccb=1-7&_nc_sid=f907e8&_nc_ohc=2StYSJ5UBI0Q7kNvwHjAyUQ&_nc_oc=Ado5PUoe-l7b91BEIjnIyAm76TZdlCVBujaa9pet5HMl8VLtNlRUi2DSFEjTrn_jDuY&_nc_zt=24&_nc_ht=scontent-cdg6-1.xx&edm=AKIiGfEEAAAA&_nc_gid=zsXpim9IpAIV7YCp3c8Jtg&_nc_tpa=Q5bMBQJAOPmmtRp2jLhiRV5iQbAbQgO2WGVDD0tnNM0-TaXX-BryeSmt9uoawgyvzAJMWq2G_GAMyk-0LA&oh=00_AQLYfakOXJ8UAeraUm2A2X0C47CW1JglX7e3fwWJb6rDXw&oe=6AAF10EA,4,missionslocales-bfc.fr,https://scontent-cdg6-1.xx.fbcdn.net/v/t39.30808-1/585146496_1408401967954392_6466928276217270449_n.jpg?stp=c11.0.273.273a_cp0_dst-jpg_s50x50_tt6&_nc_cat=106&ccb=1-7&_nc_sid=f907e8&_nc_ohc=z7iHMF8TcgQQ7kNvwHDeFW3&_nc_oc=AdozlABtkvRDWR25nRdxdMQFA13nJVPPAtpu6eNFP8TX-oJ3Mm325z33XQuELAKHWJE&_nc_zt=24&_nc_ht=scontent-cdg6-1.xx&edm=AKIiGfEEAAAA&_nc_gid=L99AfVdki9_B8CGDnT1yFA&_nc_tpa=Q5bMBQIkdphh6BDcnk7j7UNOiFTtscRk0PUqsZdEvDO930dhO5-sPTG1TtOdCIAsmoe8OcPru-CylsQczg&oh=00_AQLuHRRD-DD_WGovkIuqn5kRdFVY89wr97CkmDoIzQeq_g&oe=6AAEFE61,2026-09-16T17:01:19.152804+00:00,https://aramon.fr/;https://missionslocales-bfc.fr/;https://www.peche-ariege.com/;https://www.ville-moriereslesavignon.fr/
station.illiwap.com,altro_terzo_parte,https://station.illiwap.com/fr/public/67025fr/services/picto/28-%23545e80-32.png,https://station.illiwap.com/fr/public/67025fr/services/picto/28-%23545e80-32.png,4,www.commune-beinheim.fr,https://station.illiwap.com/fr/public/67025fr/services/picto/32-%235288b1-32.png,2026-09-16T20:42:22.418875+00:00,https://www.commune-beinheim.fr/;https://www.evettesalbert.fr/;https://www.rouzede.fr/;https://www.vauthiermont.fr/
v.calameo.com,altro_terzo_parte,http://v.calameo.com/?bkcode=007884892dc8bbc9b816a,http://v.calameo.com/?bkcode=007884892dc8bbc9b816a,4,www.ville-tavaux.fr,http://v.calameo.com/?bkcode=007884892dc8bbc9b816a,2026-09-16T17:14:00.561519+00:00,https://www.ccce.fr/;https://www.haute-garonne.fr/;https://www.moyonvillages.fr/;https://www.ville-tavaux.fr/
www.openstreetmap.org,altro_terzo_parte,https://www.openstreetmap.org/export/embed.html?bbox=-0.3016948699951172%2C43.9020978786628%2C-0.17741203308105472%2C43.96397075495449&layer=mapnik&marker=43.93304236335306%2C-0.23955345153808594,https://www.openstreetmap.org/export/embed.html?bbox=-0.3016948699951172%2C43.9020978786628%2C-0.17741203308105472%2C43.96397075495449&layer=mapnik&marker=43.93304236335306%2C-0.23955345153808594,4,www.lefreche.fr,https://www.openstreetmap.org/export/embed.html?bbox=-0.3016948699951172%2C43.9020978786628%2C-0.17741203308105472%2C43.96397075495449&layer=mapnik&marker=43.93304236335306%2C-0.23955345153808594,2026-09-16T17:09:03.450427+00:00,https://saint-sauveur60.fr/;https://www.lavergne-en-quercy.fr/;https://www.lefreche.fr/;https://www.saint-denis-catus.fr/
www.ta-meteo.fr,altro_terzo_parte,http://www.ta-meteo.fr/widget4/33f739e3d8694f53b208865c6e950547.png?t=time(),http://www.ta-meteo.fr/widget4/33f739e3d8694f53b208865c6e950547.png?t=time(),4,saint-georges-le-flechard.fr,http://www.ta-meteo.fr/widget4/33f739e3d8694f53b208865c6e950547.png?t=time(),2026-09-16T16:47:11.374647+00:00,https://saint-georges-le-flechard.fr/;https://www.mairie-bulgneville.fr/;https://www.martot.fr/;https://www.moyonvillages.fr/
www.wix.com,altro_terzo_parte,https://www.wix.com/favicon.ico,https://www.wix.com/favicon.ico,4,montgaillard65200.wixsite.com,https://www.wix.com/favicon.ico,2026-09-16T20:32:21.306411+00:00,https://cuperly.wixsite.com/;https://mairie107.wixsite.com/;https://montgaillard65200.wixsite.com/;https://www.expiredwixdomain.com/?redirectedFor=www.parisot82commune.com
0.gravatar.com,altro_terzo_parte,https://0.gravatar.com/js/hovercards/hovercards.min.js?ver=202638d1133547e8a1f2801609f51cef12522abe7f6647d869e9fbc974fe356a37e613,https://0.gravatar.com/js/hovercards/hovercards.min.js?ver=202638d1133547e8a1f2801609f51cef12522abe7f6647d869e9fbc974fe356a37e613,5,malmerspach.com,https://0.gravatar.com/js/hovercards/hovercards.min.js?ver=202638d1133547e8a1f2801609f51cef12522abe7f6647d869e9fbc974fe356a37e613,2026-09-16T17:10:28.681832+00:00,https://ablainstnazaire.org/;https://communederolampont.wordpress.com/;https://malmerspach.com/;https://stcoutantlegrandblog.wordpress.com/;https://villarsetvillenotte.wordpress.com/
cdn.onesignal.com,altro_terzo_parte,https://cdn.onesignal.com/sdks/web/v16/OneSignalSDK.page.js,https://cdn.onesignal.com/sdks/web/v16/OneSignalSDK.page.js,5,www.lacharente.fr,https://cdn.onesignal.com/sdks/web/v16/OneSignalSDK.page.js,2026-09-16T17:12:07.429251+00:00,https://mairie-betheniville.fr/;https://mondragon.fr/;https://www.chaource.fr/;https://www.lacharente.fr/;https://www.pays-ozon.com/
cdn.tagcommander.com,altro_terzo_parte,https://cdn.tagcommander.com/6351/tc_moncommissariat_20.js,https://cdn.tagcommander.com/6351/tc_moncommissariat_20.js,5,www.masecurite.interieur.gouv.fr,https://cdn.tagcommander.com/6351/tc_moncommissariat_20.js,2026-09-16T16:56:52.473872+00:00,https://devenir-aviateur.gouv.fr/;https://www.afpa.fr/;https://www.francetravail.fr/accueil/;https://www.masecurite.interieur.gouv.fr/fr;https://www.sengager.fr/
ga.jspm.io,altro_terzo_parte,https://ga.jspm.io/npm:es-module-shims@1.10.0/dist/es-module-shims.js,https://ga.jspm.io/npm:es-module-shims@1.10.0/dist/es-module-shims.js,5,station.illiwap.com,https://ga.jspm.io/npm:es-module-shims@1.10.0/dist/es-module-shims.js,2026-09-16T17:02:50.211248+00:00,https://station.illiwap.com/fr/public/;https://www.commune-beinheim.fr/;https://www.evettesalbert.fr/;https://www.rouzede.fr/;https://www.vauthiermont.fr/
openweathermap.org,altro_terzo_parte,https://openweathermap.org/img/wn/03d@2x.png,https://openweathermap.org/img/wn/03d@2x.png,5,www.oye-plage.fr,https://openweathermap.org/img/wn/03d@2x.png,2026-09-16T16:44:13.909791+00:00,https://www.mairie-fontenaysurloing.fr/;https://www.mairie-neuvecelle.fr/;https://www.oye-plage.fr/;https://www.saintpolsurternoise.fr/;https://www.villagesdulacdepaladru.fr/
piwik.logipro.com,altro_terzo_parte,https://piwik.logipro.com/piwik/piwik.php?idsite=89&rec=1&bots=1,https://piwik.logipro.com/piwik/piwik.php?idsite=89&rec=1&bots=1,5,www.coolus.fr,https://piwik.logipro.com/piwik/piwik.php?idsite=89&rec=1&bots=1,2026-09-16T17:04:49.553537+00:00,https://www.biron64.fr/;https://www.ceyssac.fr/;https://www.coolus.fr/;https://www.maslacq.fr/;https://www.salinelles.fr/
pixel.wp.com,altro_terzo_parte,https://pixel.wp.com/b.gif?v=noscript,https://pixel.wp.com/b.gif?v=noscript,5,malmerspach.com,https://pixel.wp.com/b.gif?v=noscript,2026-09-16T17:10:28.681832+00:00,https://ablainstnazaire.org/;https://communederolampont.wordpress.com/;https://malmerspach.com/;https://stcoutantlegrandblog.wordpress.com/;https://villarsetvillenotte.wordpress.com/
s1.wp.com,altro_terzo_parte,https://s1.wp.com/opensearch.xml,https://s1.wp.com/opensearch.xml,5,malmerspach.com,https://s1.wp.com/opensearch.xml,2026-09-16T17:10:28.681832+00:00,https://ablainstnazaire.org/;https://communederolampont.wordpress.com/;https://malmerspach.com/;https://stcoutantlegrandblog.wordpress.com/;https://villarsetvillenotte.wordpress.com/
s2.wp.com,altro_terzo_parte,https://s2.wp.com,https://s2.wp.com,5,malmerspach.com,https://s2.wp.com,2026-09-16T17:10:28.681832+00:00,https://ablainstnazaire.org/;https://communederolampont.wordpress.com/;https://malmerspach.com/;https://stcoutantlegrandblog.wordpress.com/;https://villarsetvillenotte.wordpress.com/
st0.cdnsw.com,altro_terzo_parte,https://st0.cdnsw.com/assets/precompile/viewer2_all-08e7c48b5d0f51026fc476b953ae7fe7.css,https://st0.cdnsw.com/assets/precompile/viewer2_all-08e7c48b5d0f51026fc476b953ae7fe7.css,5,www.communedeverderonne.fr,https://st0.cdnsw.com/assets/precompile/fr-viewer_all-52d193b4a60d16ab0f63ca00dde872a5.js,2026-09-16T16:44:34.226910+00:00,https://lannoy-cuillere.sitew.fr/;https://www.bey01.fr/;https://www.communedeverderonne.fr/;https://www.fraize.eu/;https://www.latronquiere.fr/
v-images.cdnsw.com,altro_terzo_parte,https://v-images.cdnsw.com/Root/fdkvo/IMG-2480.jpg?s=YqFFkXU=&webp_compatible=1,https://v-images.cdnsw.com/Root/fdkvo/IMG-2480.jpg?s=YqFFkXU=&webp_compatible=1,5,www.communedeverderonne.fr,https://v-images.cdnsw.com,2026-09-16T16:44:34.226910+00:00,https://lannoy-cuillere.sitew.fr/;https://www.bey01.fr/;https://www.communedeverderonne.fr/;https://www.fraize.eu/;https://www.latronquiere.fr/
a9.com,altro_terzo_parte,http://a9.com/-/spec/opensearch/1.1/,http://a9.com/-/spec/opensearch/1.1/,6,www.mairie-tonneins.fr,http://a9.com/-/spec/opensearch/1.1/,2026-09-16T16:58:23.942424+00:00,https://www.dordogne.fr/;https://www.grandpoitiers.fr/;https://www.herbignac.com/;https://www.lavienne86.fr/;https://www.mairie-tonneins.fr/;https://www.saint-brieuc.bzh/
admin.illiwap.com,altro_terzo_parte,https://admin.illiwap.com/fr/public/mairie-de-malbosc_07148/actu,https://admin.illiwap.com/fr/public/mairie-de-malbosc_07148/actu,6,www.malbosc.fr,https://admin.illiwap.com/fr/public/mairie-de-malbosc_07148/actu,2026-09-16T16:48:15.338912+00:00,https://labbeville.fr/;https://mairie-nogaret.fr/;https://malbosc.fr/;https://saintecroixenjarez.fr/;https://somme-suippe.fr/;https://www.ambierle.fr/
cdn-eu.readspeaker.com,altro_terzo_parte,http://cdn-eu.readspeaker.com/script/7866/webReader/r/r2728/ReadSpeaker.Styles.css?v=3.8.7.2728,http://cdn-eu.readspeaker.com/script/7866/webReader/r/r2728/ReadSpeaker.Styles.css?v=3.8.7.2728,6,www.pour-les-personnes-agees.gouv.fr,https://cdn-eu.readspeaker.com/script/7866/webReader/webReader.js?pids=wr,2026-09-16T16:50:47.182819+00:00,https://lepin.fr/;https://www.cdad-eure.fr/;https://www.cdad-seinemaritime.fr/;https://www.hautsdefrance.fr/;https://www.pour-les-personnes-agees.gouv.fr/;https://www.saintmartindheres.fr/
cdn.gtranslate.net,altro_terzo_parte,https://cdn.gtranslate.net/widgets/latest/flags.js,https://cdn.gtranslate.net/widgets/latest/flags.js,6,www.riantec.bzh,https://cdn.gtranslate.net/widgets/latest/flags.js,2026-09-16T16:53:40.687739+00:00,https://focicchia.corsica/;https://piana.fr/;https://www.cdad-eure.fr/;https://www.cdad-seinemaritime.fr/;https://www.fleurines.fr/;https://www.riantec.bzh/
cdn.priv.center,altro_terzo_parte,https://cdn.priv.center/pc/truendo_cmp.pid.js,https://cdn.priv.center/pc/truendo_cmp.pid.js,6,www.crous-lille.fr,https://cdn.priv.center/pc/truendo_cmp.pid.js,2026-09-16T20:32:59.397653+00:00,https://www.crous-corse.fr/;https://www.crous-lille.fr/;https://www.crous-lyon.fr/;https://www.crous-normandie.fr/;https://www.crous-poitiers.fr/;https://www.crous-rennes.fr/
matomo.unaf.fr,altro_terzo_parte,https://matomo.unaf.fr,https://matomo.unaf.fr,6,www.udaf16.org,https://matomo.unaf.fr,2026-09-16T16:45:26.767085+00:00,https://www.udaf02.fr/;https://www.udaf13.fr/;https://www.udaf16.fr/;https://www.udaf2b.fr/;https://www.udaf41.fr/;https://www.udaf91.fr/
sibforms.com,altro_terzo_parte,https://sibforms.com/forms/end-form/build/sib-styles.css,https://sibforms.com/forms/end-form/build/sib-styles.css,6,fncidff.info,https://sibforms.com/forms/end-form/build/sib-styles.css,2026-09-16T16:48:45.895038+00:00,https://fncidff.info/;https://gartempe-saint-pardoux.fr/;https://mlna44.org/;https://www.ipeicc.com/;https://www.pimmsmediation.fr/;https://www.taillan-medoc.fr/
static.axept.io,altro_terzo_parte,https://static.axept.io,https://static.axept.io,6,www.alta-rocca.com,https://static.axept.io,2026-09-16T16:57:46.619857+00:00,https://mairie-coutevroult.fr/;https://www.alta-rocca.com/;https://www.missions-locales-corse.org/;https://www.saint-pierre-en-auge.fr/;https://www.saintaubinsurmer.fr/;https://www.ville-moriereslesavignon.fr/
webapi.affluences.com,altro_terzo_parte,https://webapi.affluences.com/js/webapi_latest.min.js,https://webapi.affluences.com/js/webapi_latest.min.js,6,www.crous-lille.fr,https://webapi.affluences.com/js/webapi_latest.min.js,2026-09-16T20:32:59.397653+00:00,https://www.crous-corse.fr/;https://www.crous-lille.fr/;https://www.crous-lyon.fr/;https://www.crous-normandie.fr/;https://www.crous-poitiers.fr/;https://www.crous-rennes.fr/
f1-eu.readspeaker.com,altro_terzo_parte,https://f1-eu.readspeaker.com,https://f1-eu.readspeaker.com,7,handicap.paris.fr,https://f1-eu.readspeaker.com/script/9933/webReader/webReader.js?pids=wr&dload=DocReader.AutoAdd&ver=6b315d579926c0255f0efcd4ee01e172,2026-09-16T16:56:33.091090+00:00,https://handicap.paris.fr/;https://www.bias40.fr/;https://www.borderes-et-lamensans.fr/;https://www.coeurhautelande.fr/;https://www.lefreche.fr/;https://www.losse.fr/;https://www.maurrin.fr/
stackpath.bootstrapcdn.com,cdn_font,BootstrapCDN,BootstrapCDN,7,www.intercariforef.org,https://stackpath.bootstrapcdn.com/bootstrap/4.3.1/js/bootstrap.min.js,2026-09-16T16:49:31.929090+00:00,https://78-92.fr/;https://dordogne.mediatheques.fr/;https://www.haegen.fr/;https://www.intercariforef.org/;https://www.jonzac-haute-saintonge.com/;https://www.parcs-naturels-regionaux.fr/;https://www.saint-pierre-en-auge.fr/
static.xx.fbcdn.net,altro_terzo_parte,https://static.xx.fbcdn.net/images/emoji.php/v9/tef/2/16/1f525.png,https://static.xx.fbcdn.net/images/emoji.php/v9/tef/2/16/1f525.png,7,quarrelestombes.fr,https://static.xx.fbcdn.net/images/emoji.php/v9/tef/2/16/1f525.png,2026-09-16T16:53:11.876348+00:00,https://mairie-sevenans.fr/;https://mio-reunion.re/;https://mirepeisset.fr/;https://quarrelestombes.fr/;https://www.ccce.fr/;https://www.facebook.com/;https://www.grandlieu.fr/
v.rvvn.org,altro_terzo_parte,https://v.rvvn.org/js/?idsite=174&rec=1,https://v.rvvn.org/js/?idsite=174&rec=1,7,www.haulchin.fr,https://v.rvvn.org,2026-09-16T16:57:57.492886+00:00,https://www.avesnes-sur-helpe.fr/;https://www.boncourt.fr/;https://www.bruaysurescaut.fr/;https://www.haulchin.fr/;https://www.mairie-bancourt.fr/;https://www.mairie-lecluse.fr/;https://www.verchainmaugre.fr/
admin-pipeline.upsun-fr-3.observability-pipeline.blackfire.io,altro_terzo_parte,https://admin-pipeline.upsun-fr-3.observability-pipeline.blackfire.io/js/probe.js,https://admin-pipeline.upsun-fr-3.observability-pipeline.blackfire.io/js/probe.js,8,www.nouvelle-aquitaine.ars.sante.fr,https://admin-pipeline.upsun-fr-3.observability-pipeline.blackfire.io/js/probe.js,2026-09-16T16:50:53.710736+00:00,https://www.bourgogne-franche-comte.ars.sante.fr/;https://www.bretagne.ars.sante.fr/;https://www.centre-val-de-loire.ars.sante.fr/;https://www.cma-idf.fr/;https://www.mayotte.ars.sante.fr/;https://www.normandie.ars.sante.fr/;https://www.nouvelle-aquitaine.ars.sante.fr/;https://www.pays-de-la-loire.ars.sante.fr/
cdn-cookieyes.com,altro_terzo_parte,https://cdn-cookieyes.com,https://cdn-cookieyes.com,8,www.pons-ville.fr,https://cdn-cookieyes.com,2026-09-16T16:52:00.171029+00:00,https://broglie-27.fr/;https://cubieres-sur-cinoble.fr/;https://fessenheim.fr/;https://www.gond-pontouvre.fr/;https://www.montaigut-sur-save.com/;https://www.pons-ville.fr/;https://www.taponas.fr/;https://www.villedomer.fr/
matomo.monsitecommunal.fr,altro_terzo_parte,https://matomo.monsitecommunal.fr,https://matomo.monsitecommunal.fr,8,www.peyrusse-le-roc.fr,https://matomo.monsitecommunal.fr,2026-09-16T17:03:03.009536+00:00,https://www.auzits.fr/;https://www.camboulazet12.fr/;https://www.combret-aveyron.fr/;https://www.curan.fr/;https://www.gages-montrozier.fr/;https://www.peyrusse-le-roc.fr/;https://www.pousthomy.fr/;https://www.saint-beauzely.fr/
medias.hit.enaveyron.fr,altro_terzo_parte,https://medias.hit.enaveyron.fr/fiches/94945/images/1346115_cefae667-3036-4705-9ff0-20ce01eac73f/600.webp,https://medias.hit.enaveyron.fr/fiches/94945/images/1346115_cefae667-3036-4705-9ff0-20ce01eac73f/600.webp,8,www.peyrusse-le-roc.fr,https://medias.hit.enaveyron.fr/fiches/93803/images/1333939_052a4036-3541-4386-9bfb-1598ed6908aa/600.webp,2026-09-16T17:03:03.009536+00:00,https://www.auzits.fr/;https://www.camboulazet12.fr/;https://www.combret-aveyron.fr/;https://www.curan.fr/;https://www.gages-montrozier.fr/;https://www.peyrusse-le-roc.fr/;https://www.pousthomy.fr/;https://www.saint-beauzely.fr/
s0.wp.com,altro_terzo_parte,https://s0.wp.com,https://s0.wp.com,8,malmerspach.com,https://s0.wp.com,2026-09-16T17:10:28.681832+00:00,https://ablainstnazaire.org/;https://communederolampont.wordpress.com/;https://communedevares.fr/;https://cresus-iledefrance.org/;https://jonquieres-st-vincent.com/;https://malmerspach.com/;https://stcoutantlegrandblog.wordpress.com/;https://villarsetvillenotte.wordpress.com/
s7.addthis.com,altro_terzo_parte,https://s7.addthis.com/js/300/addthis_widget.js#pubid=ra-50938fd76d07c7d8,https://s7.addthis.com/js/300/addthis_widget.js#pubid=ra-50938fd76d07c7d8,8,www.vivy-commune.fr,https://s7.addthis.com/js/300/addthis_widget.js#pubid=ra-50938fd76d07c7d8,2026-09-16T16:46:47.123040+00:00,https://commune-de-courcy.fr/;https://missionlocalevilleneuvois.org/;https://www.ceyssac.fr/;https://www.ch-stlo.fr/;https://www.coolus.fr/;https://www.ereac.fr/;https://www.ville-estaires.fr/;https://www.vivy-commune.fr/
v0.wordpress.com,altro_terzo_parte,https://v0.wordpress.com,https://v0.wordpress.com,8,www.inguiniel.fr,https://v0.wordpress.com,2026-09-16T20:40:21.581028+00:00,http://www.perouse.eu/;https://billom.fr/;https://jonquieres-st-vincent.com/;https://mairie-betheniville.fr/;https://ml-fougeres.com/;https://www.clermont-oise.fr/;https://www.inguiniel.fr/;https://www.segreenanjoubleu.fr/
app.mailjet.com,altro_terzo_parte,https://app.mailjet.com/pas-nc-embedded-v1.js,https://app.mailjet.com/pas-nc-embedded-v1.js,9,apetitspas.net,https://app.mailjet.com/pas-nc-embedded-v1.js,2026-09-16T16:52:58.137139+00:00,https://apetitspas.net/;https://cma-nouvelleaquitaine.fr/;https://via28-asso.fr;https://www.duerne.fr/;https://www.freissinieres.fr/;https://www.lefolgoet.fr/;https://www.pays-ozon.com/;https://www.saintchaptes.com/;https://www.ville-embrun.fr/
challenges.cloudflare.com,captcha,Cloudflare Turnstile,Cloudflare,9,cma-nouvelleaquitaine.fr,https://challenges.cloudflare.com/turnstile/v0/api.js?render=explicit,2026-09-16T16:59:03.007624+00:00,https://bu-28.fr/;https://cma-nouvelleaquitaine.fr/;https://labarthesurleze.com/;https://luynes.fr/;https://mairie-tourtour.fr/;https://www.cm-tarn.fr/;https://www.gosne.fr/;https://www.roquemaure-tarn.fr/;https://www.taillan-medoc.fr/
fonts.jimstatic.com,altro_terzo_parte,https://fonts.jimstatic.com,https://fonts.jimstatic.com,9,www.ville-abergement-la-ronce.fr,https://fonts.jimstatic.com,2026-09-16T20:30:08.393508+00:00,https://ville-poulainville.jimdoweb.com/;https://www.fouquebrune.fr/;https://www.lanuejols-lozere.fr/;https://www.mairie-portets.com/;https://www.mieuxce.fr/;https://www.moyonvillages.fr/;https://www.saintlambertdesbois.fr/;https://www.slve.fr/;https://www.ville-abergement-la-ronce.fr/
wp.me,altro_terzo_parte,https://wp.me/PdrHJE-9,https://wp.me/PdrHJE-9,9,malmerspach.com,https://wp.me/PdrHJE-9,2026-09-16T17:10:28.681832+00:00,http://www.perouse.eu/;https://ablainstnazaire.org/;https://communederolampont.wordpress.com/;https://jonquieres-st-vincent.com/;https://mairie-betheniville.fr/;https://malmerspach.com/;https://ml-fougeres.com/;https://stcoutantlegrandblog.wordpress.com/;https://villarsetvillenotte.wordpress.com/
assets.jimstatic.com,altro_terzo_parte,https://assets.jimstatic.com/web_oldtemplate.css.f0acb6edc14262b766b0.css,https://assets.jimstatic.com/web_oldtemplate.css.f0acb6edc14262b766b0.css,10,levezier.jimdofree.com,https://assets.jimstatic.com/ckies.js.c52961c41c57a9b4f804.js,2026-09-16T17:09:23.364128+00:00,https://levezier.jimdofree.com/;https://ville-poulainville.jimdoweb.com/;https://www.fouquebrune.fr/;https://www.lanuejols-lozere.fr/;https://www.mairie-portets.com/;https://www.mieuxce.fr/;https://www.moyonvillages.fr/;https://www.saintlambertdesbois.fr/;https://www.slve.fr/;https://www.ville-abergement-la-ronce.fr/
c0.wp.com,altro_terzo_parte,https://c0.wp.com/p/jetpack/11.8.6/css/jetpack.css,https://c0.wp.com/p/jetpack/11.8.6/css/jetpack.css,10,mirepeisset.fr,https://c0.wp.com/p/jetpack/11.8.6/modules/contact-form/js/form-styles.js,2026-09-16T17:02:21.694473+00:00,https://communedevares.fr/;https://cresus-iledefrance.org/;https://lagreesaintlaurent.fr/;https://maurens-scopont.fr/;https://mdeauxerrois.com/;https://mirepeisset.fr/;https://mlloiretouraine.org/;https://www.clermont-oise.fr/;https://www.eveux.fr/;https://www.montigny-lencoup.fr/
campagnolv2-2.campagnol.fr,altro_terzo_parte,https://campagnolv2-2.campagnol.fr/wp-content/themes/twentyseventeen-child/assets/images/logo-campagnol-2023.png,https://campagnolv2-2.campagnol.fr/wp-content/themes/twentyseventeen-child/assets/images/logo-campagnol-2023.png,10,www.valromey-sur-seran.fr,https://campagnolv2-2.campagnol.fr/wp-content/themes/twentyseventeen-child/assets/images/logo-campagnol-2023.png,2026-09-16T17:01:40.828803+00:00,https://cauxetsauzens.org/;https://luchapt.fr/;https://mehers.fr/;https://molieres-sur-ceze.fr/;https://oberhergheim.fr/;https://ormenans.fr/;https://oudezeele.fr/;https://ponthevrard.fr/;https://saint-nicolas-du-tertre.fr/;https://valromey-sur-seran.fr/
image.jimcdn.com,altro_terzo_parte,https://image.jimcdn.com,https://image.jimcdn.com,10,levezier.jimdofree.com,https://image.jimcdn.com,2026-09-16T17:09:23.364128+00:00,https://levezier.jimdofree.com/;https://ville-poulainville.jimdoweb.com/;https://www.fouquebrune.fr/;https://www.lanuejols-lozere.fr/;https://www.mairie-portets.com/;https://www.mieuxce.fr/;https://www.moyonvillages.fr/;https://www.saintlambertdesbois.fr/;https://www.slve.fr/;https://www.ville-abergement-la-ronce.fr/
tag.aticdn.net,altro_terzo_parte,https://tag.aticdn.net/piano-analytics.js,https://tag.aticdn.net/piano-analytics.js,10,www.ameli.fr,https://tag.aticdn.net/piano-analytics.js,2026-09-16T16:45:41.563322+00:00,https://www.ameli.fr/;https://www.bourgogne-franche-comte.ars.sante.fr/;https://www.bretagne.ars.sante.fr/;https://www.centre-val-de-loire.ars.sante.fr/;https://www.hauts-de-france.ars.sante.fr/;https://www.mayotte.ars.sante.fr/;https://www.normandie.ars.sante.fr/;https://www.nouvelle-aquitaine.ars.sante.fr/;https://www.paca.ars.sante.fr/;https://www.pays-de-la-loire.ars.sante.fr/
u.jimcdn.com,altro_terzo_parte,https://u.jimcdn.com/cms/o/sd279461794982a91/emotion/crop/header.jpg?t=1310050730,https://u.jimcdn.com/cms/o/sd279461794982a91/emotion/crop/header.jpg?t=1310050730,10,levezier.jimdofree.com,https://u.jimcdn.com/,2026-09-16T17:09:23.364128+00:00,https://levezier.jimdofree.com/;https://ville-poulainville.jimdoweb.com/;https://www.fouquebrune.fr/;https://www.lanuejols-lozere.fr/;https://www.mairie-portets.com/;https://www.mieuxce.fr/;https://www.moyonvillages.fr/;https://www.saintlambertdesbois.fr/;https://www.slve.fr/;https://www.ville-abergement-la-ronce.fr/
cdntag.tarteaucitron.io,altro_terzo_parte,https://cdntag.tarteaucitron.io/load.js?domain=culture.gouv.fr&uuid=cb6c31eaf0d65c6f8768c5734dd1a8df6bfd7780,https://cdntag.tarteaucitron.io/load.js?domain=culture.gouv.fr&uuid=cb6c31eaf0d65c6f8768c5734dd1a8df6bfd7780,11,www.culture.gouv.fr,https://cdntag.tarteaucitron.io/load.js?domain=culture.gouv.fr&uuid=cb6c31eaf0d65c6f8768c5734dd1a8df6bfd7780,2026-09-16T17:05:34.606974+00:00,https://divion.fr/;https://nievre.fr/;https://romille.fr/;https://saizerais.fr/;https://www.bourbourg.fr/;https://www.cdad79.fr/;https://www.culture.gouv.fr/;https://www.mairie-bry.fr/;https://www.ribecourt-dreslincourt.fr/;https://www.sdis79.fr/;https://www.villehoudan.fr/
www.tameteo.com,altro_terzo_parte,https://www.tameteo.com/meteo_Sablons-Europe-France-Isere--1-49853.html,https://www.tameteo.com/meteo_Sablons-Europe-France-Isere--1-49853.html,11,www.commune-sablons.fr,https://www.tameteo.com/meteo_Sablons-Europe-France-Isere--1-49853.html,2026-09-16T16:51:15.372701+00:00,https://levezier.jimdofree.com/;https://longeves85.fr/;https://mairie-mons83.fr/;https://mairie-saintlaurentsursave.fr/fr/index.html;https://mairie-toutens31.fr/fr/index.html;https://www.commune-sablons.fr/;https://www.mairiedesamoens.fr/;https://www.redange.fr/page-d-accueil/;https://www.saintlambertdesbois.fr/;https://www.saintlaurentdupape.fr/;https://www.slve.fr/
www.youtube-nocookie.com,altro_terzo_parte,https://www.youtube-nocookie.com/embed/_4GrgVW3Mu8,https://www.youtube-nocookie.com/embed/_4GrgVW3Mu8,11,www.cdad-eure.fr,https://www.youtube-nocookie.com/embed/_4GrgVW3Mu8,2026-09-16T17:14:28.914968+00:00,https://mio-reunion.re/;https://www.brienangissienne.fr/;https://www.cc-valdamboise.fr/;https://www.cdad-eure.fr/;https://www.cdad-seinemaritime.fr/;https://www.grandchambord.fr/;https://www.liffre-cormier.fr/;https://www.parcduvexin.fr/;https://www.saint-gilles.fr/;https://www.umlp.fr/;https://www.ville-chevilly-larue.fr/
player.vimeo.com,video,Vimeo,Vimeo,12,www.hauteloire.fr,https://player.vimeo.com/video/734020119?h=675a3706ad,2026-09-16T16:56:02.125506+00:00,https://78-92.fr/;https://bompas.fr/;https://www.cc-valdamboise.fr/;https://www.hauteloire.fr/;https://www.lacharente.fr/;https://www.lereflexenotaire.fr/;https://www.saint-pierre-en-auge.fr/;https://www.udaf02.fr/;https://www.udaf41.fr/;https://www.udaf67.fr/;https://www.unaf.fr/;https://www.venterol.net/
purl.org,altro_terzo_parte,https://purl.org/dc/terms/,https://purl.org/dc/terms/,12,www.mouais.fr,https://purl.org/dc/elements/1.1/,2026-09-16T16:55:26.652600+00:00,https://ecrouves.fr/;https://mouais.fr/;https://univ-cotedazur.fr/;https://www.aubervilliers.fr/;https://www.bourgogne-franche-comte.developpement-durable.gouv.fr/;https://www.cio.ac-poitiers.fr/accueil-cio-17173.kjsp;https://www.normandie.developpement-durable.gouv.fr/;https://www.nouvelle-aquitaine.developpement-durable.gouv.fr/;https://www.occitanie.developpement-durable.gouv.fr/;https://www.pays-de-la-loire.developpement-durable.gouv.fr/;https://www.reunion.developpement-durable.gouv.fr/;https://www.villedugosier.fr/
static.addtoany.com,altro_terzo_parte,https://static.addtoany.com/menu/page.js,https://static.addtoany.com/menu/page.js,12,www.conseil-national.medecin.fr,https://static.addtoany.com/menu/page.js,2026-09-16T17:08:01.337501+00:00,https://dordogne.mediatheques.fr/;https://hasparren.fr/;https://www.bourbourg.fr/;https://www.cc-paysdevalois.fr/;https://www.chaource.fr/;https://www.conseil-national.medecin.fr/;https://www.grandlieu.fr/;https://www.haute-garonne.fr/;https://www.infojeunes-paca.fr/;https://www.lamayenne.fr/;https://www.loiret.fr/;https://www.saintleu.re/
static.wixstatic.com,altro_terzo_parte,"https://static.wixstatic.com/media/b2f8a3_f6e364c8e4b94fea8085fa4cc5034a0a~mv2.jpg/v1/fill/w_136,h_42,al_c,q_80,usm_0.66_1.00_0.01,enc_avif,quality_auto/guid'asso.jpg","https://static.wixstatic.com/media/b2f8a3_f6e364c8e4b94fea8085fa4cc5034a0a~mv2.jpg/v1/fill/w_136,h_42,al_c,q_80,usm_0.66_1.00_0.01,enc_avif,quality_auto/guid'asso.jpg",12,www.udaf42.org,https://static.wixstatic.com/media/01ba60_0eb3b55b5c844ae98b34fdebff2c4471%7Emv2.png/v1/fill/w_192%2Ch_192%2Clg_1%2Cusm_0.66_1.00_0.01/01ba60_0eb3b55b5c844ae98b34fdebff2c4471%7Emv2.png,2026-09-16T17:11:53.318076+00:00,https://www.amet.org/;https://www.avignonet38.fr/;https://www.frangy.fr/;https://www.mairie-poligny77.fr/;https://www.missionlocalemedoc.fr/;https://www.mlre-schiltigheim.fr/;https://www.rabastens.fr/;https://www.sainte-ruffine.fr/;https://www.santetravail17.com/;https://www.sexeyauxforges.fr/;https://www.udaf42.org/;https://www.villedieu-le-chateau.fr/
votre-commune.inforoutes.fr,altro_terzo_parte,https://votre-commune.inforoutes.fr/wp-content/themes/twentyseventeen-child/assets/images/logo-campagnol-2023.png,https://votre-commune.inforoutes.fr/wp-content/themes/twentyseventeen-child/assets/images/logo-campagnol-2023.png,12,www.chamelet.fr,https://votre-commune.inforoutes.fr/wp-content/themes/twentyseventeen-child/assets/images/logo-campagnol-2023.png,2026-09-16T16:55:11.521549+00:00,https://arceau.fr/;https://beaujeu04.fr/;https://chamelet.fr/;https://chichee.fr/;https://compains.fr/;https://lavelanetdecomminges.fr/;https://mairie-bengy.fr/;https://mairie-gros-chastang.fr/;https://peyzac-le-moustier-perigord.fr/;https://saint-guinoux.fr/;https://saulnot.fr/;https://voraysurlognon.fr/
browser.sentry-cdn.com,altro_terzo_parte,https://browser.sentry-cdn.com/7.120.3/modulemetadata.es5.min.js,https://browser.sentry-cdn.com/7.120.3/modulemetadata.es5.min.js,13,www.udaf42.org,https://browser.sentry-cdn.com/7.120.3/modulemetadata.es5.min.js,2026-09-16T17:11:53.318076+00:00,https://www.amet.org/;https://www.avignonet38.fr/;https://www.expiredwixdomain.com/?redirectedFor=www.parisot82commune.com;https://www.frangy.fr/;https://www.mairie-poligny77.fr/;https://www.missionlocalemedoc.fr/;https://www.mlre-schiltigheim.fr/;https://www.rabastens.fr/;https://www.sainte-ruffine.fr/;https://www.santetravail17.com/;https://www.sexeyauxforges.fr/;https://www.udaf42.org/;https://www.villedieu-le-chateau.fr/
cdn.elementor.com,altro_terzo_parte,https://cdn.elementor.com,https://cdn.elementor.com,13,www.clavim.asso.fr,https://cdn.elementor.com/a11y/widget.js?api_key=ea11y-1ed6da40-212e-4ef8-a9cb-06036b4bbc33&ver=4.1.4,2026-09-16T16:49:12.270502+00:00,https://aramon.fr/;https://info-jeunes.fr/isere/;https://labarthesurleze.com/;https://mairie-tignes.fr/;https://vergeze.fr/;https://ville-illzach.fr/;https://www.clavim.asso.fr/;https://www.magnet03.fr/;https://www.mairie-ardin.fr/;https://www.therouanne.fr/;https://www.tournan-en-brie.fr/;https://www.ville-lebeausset.fr/;https://www.vosges.fr/
siteassets.parastorage.com,altro_terzo_parte,https://siteassets.parastorage.com/pages/pages/thunderbolt?appDefinitionIdToSiteRevision=%7B%223495efc2-56a9-41e9-bb3c-8c9b3b3ab501%22%3A%22151%22%2C%2214bcded7-0066-7c35-14d7-466cb3f09103%22%3A%221335%22%2C%2214271d6f-ba62-d045-549b-ab972ae1f70e%22%3A%2225%22%2C%2213d21c63-b5ec-5912-8397-c3a5ddb27a97%22%3A%22440%22%7D&beckyExperiments=.DatePickerPortal%2C.EnableCustomCSSVarsForLoginSocialBar%2C.FreemiumBannerOdeditor%2C.LoginBarEnableLoggingInStateInSSR%2C.TextInputAutoFillFix%2C.UseLoginSocialBarCustomMenu%2C.UseNestedLoginSocialBarMenuItems%2C.UseNewLoginBarDropdownMenuAlignment%2C.UseNewLoginSocialBarElementStructure%2C.UseNewLoginSocialBarMemberInitialsAvatar%2C.WixFreeSiteBannerDesktop%2C.WixFreeSiteBannerMobile%2C.addIdAsClassName%2C.buttonUdp%2C.calculateCollapsibleTextLineHeightByFont%2C.dynamicPageLinkTarget%2C.dynamicSlots%2C.fiveGridLineStudioSkins%2C.fixFirefoxLinkBarIntrinsicSizing%2C.isClassNameToRootEnabled%2C.logVsmPlatformDiff%2C.migrateSdkDataMappers%2C.resolveManifestInTB%2C.splitSlotSelectors%2C.stopResolvingInnerSelectors_VAG%2C.svgResolver_2%2C.updateRichTextSemanticClassNamesOnCorvid%2C.useClassnameInResponsiveAppWidget%2C.useImageAvifFormatInNativeProGallery%2C.useWowImageInFastGallery&blocksBuilderManifestGeneratorVersion=1.129.0&contentType=application%2Fjson&dfCk=6&dfVersion=1.5593.0&editorName=Unknown&experiments=dm_masterPageVariablesQueryFixer%2Cdm_migrateOldHoverBoxToNewFixer&externalBaseUrl=https%3A%2F%2Fwww.udaf42.org&fileId=f4b690b3.bundle.min&formFactor=desktop&hasTPAWorkerOnSite=false&hasUserDomainMedia=false&isBuilderComponentModel=false&isClientSdkOnSite=true&isHttps=true&isInSeo=false&isPremiumDomain=true&isUrlMigrated=true&isWixCodeOnPage=false&isWixCodeOnSite=true&language=fr&metaSiteId=361286c0-2d60-4067-a0e9-eb370aafc1b6&module=thunderbolt-platform&originalLanguage=fr&pageId=01ba60_a6ba58e873fab4bbae28c3ac76650360_3692.json&pilerExperiments=specs.piler.useEditorReactComponents&quickActionsMenuEnabled=false®istryLibrariesTopology=%5B%7B%22artifactId%22%3A%22editor-elements%22%2C%22namespace%22%3A%22wixui%22%2C%22url%22%3A%22https%3A%2F%2Fstatic.parastorage.com%2Fservices%2Feditor-elements%2F1.15513.0%22%7D%2C%7B%22artifactId%22%3A%22editor-elements%22%2C%22namespace%22%3A%22dsgnsys%22%2C%22url%22%3A%22https%3A%2F%2Fstatic.parastorage.com%2Fservices%2Feditor-elements%2F1.15513.0%22%7D%5D&remoteWidgetStructureBuilderVersion=1.251.0&siteId=372ea731-bee8-43ae-bb71-4d578b8efb35&siteRevision=3695&staticHTMLComponentUrl=https%3A%2F%2Fwww-udaf42-org.filesusr.com%2F&viewMode=desktop,https://siteassets.parastorage.com/pages/pages/thunderbolt?appDefinitionIdToSiteRevision=%7B%223495efc2-56a9-41e9-bb3c-8c9b3b3ab501%22%3A%22151%22%2C%2214bcded7-0066-7c35-14d7-466cb3f09103%22%3A%221335%22%2C%2214271d6f-ba62-d045-549b-ab972ae1f70e%22%3A%2225%22%2C%2213d21c63-b5ec-5912-8397-c3a5ddb27a97%22%3A%22440%22%7D&beckyExperiments=.DatePickerPortal%2C.EnableCustomCSSVarsForLoginSocialBar%2C.FreemiumBannerOdeditor%2C.LoginBarEnableLoggingInStateInSSR%2C.TextInputAutoFillFix%2C.UseLoginSocialBarCustomMenu%2C.UseNestedLoginSocialBarMenuItems%2C.UseNewLoginBarDropdownMenuAlignment%2C.UseNewLoginSocialBarElementStructure%2C.UseNewLoginSocialBarMemberInitialsAvatar%2C.WixFreeSiteBannerDesktop%2C.WixFreeSiteBannerMobile%2C.addIdAsClassName%2C.buttonUdp%2C.calculateCollapsibleTextLineHeightByFont%2C.dynamicPageLinkTarget%2C.dynamicSlots%2C.fiveGridLineStudioSkins%2C.fixFirefoxLinkBarIntrinsicSizing%2C.isClassNameToRootEnabled%2C.logVsmPlatformDiff%2C.migrateSdkDataMappers%2C.resolveManifestInTB%2C.splitSlotSelectors%2C.stopResolvingInnerSelectors_VAG%2C.svgResolver_2%2C.updateRichTextSemanticClassNamesOnCorvid%2C.useClassnameInResponsiveAppWidget%2C.useImageAvifFormatInNativeProGallery%2C.useWowImageInFastGallery&blocksBuilderManifestGeneratorVersion=1.129.0&contentType=application%2Fjson&dfCk=6&dfVersion=1.5593.0&editorName=Unknown&experiments=dm_masterPageVariablesQueryFixer%2Cdm_migrateOldHoverBoxToNewFixer&externalBaseUrl=https%3A%2F%2Fwww.udaf42.org&fileId=f4b690b3.bundle.min&formFactor=desktop&hasTPAWorkerOnSite=false&hasUserDomainMedia=false&isBuilderComponentModel=false&isClientSdkOnSite=true&isHttps=true&isInSeo=false&isPremiumDomain=true&isUrlMigrated=true&isWixCodeOnPage=false&isWixCodeOnSite=true&language=fr&metaSiteId=361286c0-2d60-4067-a0e9-eb370aafc1b6&module=thunderbolt-platform&originalLanguage=fr&pageId=01ba60_a6ba58e873fab4bbae28c3ac76650360_3692.json&pilerExperiments=specs.piler.useEditorReactComponents&quickActionsMenuEnabled=false®istryLibrariesTopology=%5B%7B%22artifactId%22%3A%22editor-elements%22%2C%22namespace%22%3A%22wixui%22%2C%22url%22%3A%22https%3A%2F%2Fstatic.parastorage.com%2Fservices%2Feditor-elements%2F1.15513.0%22%7D%2C%7B%22artifactId%22%3A%22editor-elements%22%2C%22namespace%22%3A%22dsgnsys%22%2C%22url%22%3A%22https%3A%2F%2Fstatic.parastorage.com%2Fservices%2Feditor-elements%2F1.15513.0%22%7D%5D&remoteWidgetStructureBuilderVersion=1.251.0&siteId=372ea731-bee8-43ae-bb71-4d578b8efb35&siteRevision=3695&staticHTMLComponentUrl=https%3A%2F%2Fwww-udaf42-org.filesusr.com%2F&viewMode=desktop,13,www.udaf42.org,https://siteassets.parastorage.com/pages/pages/thunderbolt?appDefinitionIdToSiteRevision=%7B%223495efc2-56a9-41e9-bb3c-8c9b3b3ab501%22%3A%22151%22%2C%2214bcded7-0066-7c35-14d7-466cb3f09103%22%3A%221335%22%2C%2214271d6f-ba62-d045-549b-ab972ae1f70e%22%3A%2225%22%2C%2213d21c63-b5ec-5912-8397-c3a5ddb27a97%22%3A%22440%22%7D&beckyExperiments=.DatePickerPortal%2C.DisableDocumentScrollWhenLightBoxOpen%2C.EnableCustomCSSVarsForLoginSocialBar%2C.FreemiumBannerOdeditor%2C.LoginBarEnableLoggingInStateInSSR%2C.TextInputAutoFillFix%2C.UseLoginSocialBarCustomMenu%2C.UseNestedLoginSocialBarMenuItems%2C.UseNewLoginBarDropdownMenuAlignment%2C.UseNewLoginSocialBarElementStructure%2C.UseNewLoginSocialBarMemberInitialsAvatar%2C.WixFreeSiteBannerDesktop%2C.WixFreeSiteBannerMobile%2C.a11yContrast%2C.addIdAsClassName%2C.allowWebpAvifTransforms%2C.builderBoxSizingBorderBox%2C.buttonUdp%2C.calculateCollapsibleTextLineHeightByFont%2C.dom_store%2C.dontApplyDacOverridesOnBoBApps%2C.dynamicPageLinkTarget%2C.dynamicSlots%2C.fiveGridLineStudioSkins%2C.fixDocumentLinkInPremiumPreview%2C.fixFirefoxLinkBarIntrinsicSizing%2C.fixRemappedFullNameCompType%2C.imageEncodingAVIF%2C.interactionsUseReactionEffectId%2C.isClassNameToRootEnabled%2C.logVsmFeaturesModuleDiff%2C.motionTimeAnimationsCSS%2C.resolveManifestInTB%2C.responsiveContainerRoleGroup%2C.sectionA11yProps%2C.shouldUseResponsiveImages%2C.splitSlotSelectors%2C.stopResolvingInnerSelectors_VAG%2C.svgResolver_2%2C.updateRichTextSemanticClassNamesOnCorvid%2C.useClassnameInResponsiveAppWidget%2C.useFragmentHrefForTopBottomAnchor%2C.useImageAvifFormatInNativeProGallery%2C.useResponsiveImgClassicFixed%2C.useSvgLoaderFeature%2C.useSvgLoaderFeatureOnBuilderComps%2C.useWowImageInFastGallery%2C.vsmFeaturesModule%2C.vsm_interactions_v1&blocksBuilderManifestGeneratorVersion=1.129.0&contentType=application%2Fjson&deviceType=Desktop&dfCk=6&dfVersion=1.5593.0&disableStaticPagesUrlHierarchy=false&editorName=Unknown&experiments=dm_masterPageVariablesQueryFixer%2Cdm_migrateOldHoverBoxToNewFixer&externalBaseUrl=https%3A%2F%2Fwww.udaf42.org&fileId=0c286202.bundle.min&formFactor=desktop&hasTPAWorkerOnSite=false&hasUserDomainMedia=false&isBuilderComponentModel=false&isClientSdkOnSite=true&isHttps=true&isInSeo=false&isMultilingualEnabled=false&isPremiumDomain=true&isTrackClicksAnalyticsEnabled=false&isUrlMigrated=true&isWixCodeOnPage=false&isWixCodeOnSite=true&language=fr&languageResolutionMethod=QueryParam&metaSiteId=361286c0-2d60-4067-a0e9-eb370aafc1b6&module=thunderbolt-features&originalLanguage=fr&pageId=01ba60_19a2fe4e14e93da5d18227f6f3b41ef1_3695.json&pilerExperiments=specs.piler.useEditorReactComponents&quickActionsMenuEnabled=false®istryLibrariesTopology=%5B%7B%22artifactId%22%3A%22editor-elements%22%2C%22namespace%22%3A%22wixui%22%2C%22url%22%3A%22https%3A%2F%2Fstatic.parastorage.com%2Fservices%2Feditor-elements%2F1.15513.0%22%7D%2C%7B%22artifactId%22%3A%22editor-elements%22%2C%22namespace%22%3A%22dsgnsys%22%2C%22url%22%3A%22https%3A%2F%2Fstatic.parastorage.com%2Fservices%2Feditor-elements%2F1.15513.0%22%7D%5D&remoteWidgetStructureBuilderVersion=1.251.0&siteId=372ea731-bee8-43ae-bb71-4d578b8efb35&siteRevision=3695&staticHTMLComponentUrl=https%3A%2F%2Fwww-udaf42-org.filesusr.com%2F&useSandboxInHTMLComp=false&viewMode=desktop,2026-09-16T17:11:53.318076+00:00,https://www.amet.org/;https://www.avignonet38.fr/;https://www.expiredwixdomain.com/?redirectedFor=www.parisot82commune.com;https://www.frangy.fr/;https://www.mairie-poligny77.fr/;https://www.missionlocalemedoc.fr/;https://www.mlre-schiltigheim.fr/;https://www.rabastens.fr/;https://www.sainte-ruffine.fr/;https://www.santetravail17.com/;https://www.sexeyauxforges.fr/;https://www.udaf42.org/;https://www.villedieu-le-chateau.fr/
web-suivis.arnia-bfc.fr,altro_terzo_parte,https://web-suivis.arnia-bfc.fr/piwik.php?idsite=825&rec=1&url=https://curgy.fr/,https://web-suivis.arnia-bfc.fr/piwik.php?idsite=825&rec=1&url=https://curgy.fr/,13,www.curgy.fr,https://web-suivis.arnia-bfc.fr,2026-09-16T16:46:53.990378+00:00,https://www.arleuf.fr/;https://www.buxy.fr/;https://www.chenoves.fr/;https://www.curgy.fr/;https://www.dennevy.fr/;https://www.fontainesenbourgogne.fr/;https://www.lacharitesurloire.fr/;https://www.mairie-veron.fr/;https://www.molinons.fr/;https://www.perrecy-les-forges.fr/;https://www.pluvet.fr/;https://www.salmaise.fr/;https://www.sassenay.fr/
connect.facebook.net,analytics,Meta Pixel,Meta,14,handicap.paris.fr,https://connect.facebook.net/fr_FR/sdk.js?ver=6b315d579926c0255f0efcd4ee01e172,2026-09-16T16:56:33.091090+00:00,https://drome.famillesrurales.org/;https://handicap.paris.fr/;https://lagorceardeche.com/;https://mairie-saintbonnetdugard.fr/;https://montfrin.fr/;https://www.bouloc-en-quercy82.fr/;https://www.chatillon-sur-indre.fr/;https://www.jonzac-haute-saintonge.com/;https://www.mltouraine.com/;https://www.quimperle-communaute.bzh/;https://www.udaf01.fr/;https://www.udaf33.fr/;https://www.ville-loches.fr/;https://www.ville-montgiscard.fr/
kit.fontawesome.com,altro_terzo_parte,https://kit.fontawesome.com/5c8a78a499.js,https://kit.fontawesome.com/5c8a78a499.js,15,www.ch-moulins-yzeure.fr,https://kit.fontawesome.com/5c8a78a499.js,2026-09-16T16:45:00.779931+00:00,https://association-saintmartin.fr/;https://cussac87.com/;https://saintsulpicedefaleyrens.com/;https://ville-montbrison.fr/;https://www.allauch.com/;https://www.ch-moulins-yzeure.fr/;https://www.codecom-paysdemontmedy.fr/;https://www.isigny-le-buat.fr/;https://www.montarnaud.com/;https://www.petitcaux.fr/;https://www.saintmartindecrau.fr/;https://www.sennecay18.fr/;https://www.tronget.fr/;https://www.ville-loches.fr/;https://www.vosges.fr/
static.parastorage.com,altro_terzo_parte,https://static.parastorage.com/services/pro-gallery-tpa/1.1531.0/WixProGalleryViewerWidget.bundle.min.js,https://static.parastorage.com/services/pro-gallery-tpa/1.1531.0/WixProGalleryViewerWidget.bundle.min.js,16,www.udaf42.org,https://static.parastorage.com/unpkg/core-js-bundle@3.2.1/minified.js,2026-09-16T17:11:53.318076+00:00,https://cuperly.wixsite.com/;https://mairie107.wixsite.com/;https://montgaillard65200.wixsite.com/;https://www.amet.org/;https://www.avignonet38.fr/;https://www.expiredwixdomain.com/?redirectedFor=www.parisot82commune.com;https://www.frangy.fr/;https://www.mairie-poligny77.fr/;https://www.missionlocalemedoc.fr/;https://www.mlre-schiltigheim.fr/;https://www.rabastens.fr/;https://www.sainte-ruffine.fr/;https://www.santetravail17.com/;https://www.sexeyauxforges.fr/;https://www.udaf42.org/;https://www.villedieu-le-chateau.fr/
tarteaucitron.io,altro_terzo_parte,https://tarteaucitron.io/load.js?domain=www.ville-montech.fr&uuid=9e42c3b9036c576fd3b5ec85b3690e782e87c73d,https://tarteaucitron.io/load.js?domain=www.ville-montech.fr&uuid=9e42c3b9036c576fd3b5ec85b3690e782e87c73d,16,www.ville-montech.fr,https://tarteaucitron.io/load.js?domain=www.ville-montech.fr&uuid=9e42c3b9036c576fd3b5ec85b3690e782e87c73d,2026-09-16T16:50:16.432026+00:00,https://clic-cambresis.fr/;https://loiret.chambres-agriculture.fr/;https://mdph.doubs.fr/;https://www.capeb.fr/;https://www.cdad-moselle.justice.fr/;https://www.chambost-longessaigne.com/;https://www.crij.org/fr/;https://www.hautsdefrance.fr/;https://www.jura-nord.com/;https://www.mairie-socx.fr/;https://www.mairiedebetzlechateau.fr/;https://www.monsempronlibos.fr/;https://www.uttenheim.fr/;https://www.ville-eguisheim.fr/;https://www.ville-loches.fr/;https://www.ville-montech.fr/
use.typekit.net,altro_terzo_parte,https://use.typekit.net/njr4upw.css,https://use.typekit.net/njr4upw.css,16,www.ch-moulins-yzeure.fr,https://use.typekit.net/njr4upw.css,2026-09-16T16:45:00.779931+00:00,https://dordogne.mediatheques.fr/;https://mairie-tignes.fr/;https://mairielegrandbornand.com/;https://saintalexandre.fr/;https://vairsurloire.fr/;https://valdesomme.com/;https://www.ch-moulins-yzeure.fr/;https://www.jura.fr/;https://www.lasseube.fr/;https://www.magnet03.fr/;https://www.mairiedevenaco.corsica/;https://www.pnr-foret-orient.fr/;https://www.pontonx.fr/;https://www.saintleu.re/;https://www.tronget.fr/;https://www.ville-notre-dame-doe.fr/
def773hwqc19t.cloudfront.net,altro_terzo_parte,https://def773hwqc19t.cloudfront.net/website/static/loupe.png,https://def773hwqc19t.cloudfront.net/website/static/loupe.png,17,www.scorbe-clairvaux.fr,https://def773hwqc19t.cloudfront.net,2026-09-16T16:57:13.580436+00:00,https://www.cambes33.fr/;https://www.cassuejouls.fr/;https://www.caylus.com/;https://www.chamberet.net/;https://www.chatelaudren-plouagat.fr/;https://www.courlaoux.fr/;https://www.dampierre-jura.fr/;https://www.gesvres53.fr/;https://www.la-marne.fr/;https://www.lacailleresainthilaire.fr/;https://www.logonna-daoulas.bzh/;https://www.nizas32.fr/;https://www.noyellessousbellonne.fr/;https://www.rochespremarieandille.fr/;https://www.saint-christophe-du-bois.fr/;https://www.scorbe-clairvaux.fr/;https://www.wentzwiller.fr/
drfogfql429fi.cloudfront.net,altro_terzo_parte,https://drfogfql429fi.cloudfront.net/intramuros-web/production/_next/static/css/6b832bb1d1f3a401.css,https://drfogfql429fi.cloudfront.net/intramuros-web/production/_next/static/css/6b832bb1d1f3a401.css,17,www.scorbe-clairvaux.fr,https://drfogfql429fi.cloudfront.net/intramuros-web/production/_next/static/chunks/polyfills-42372ed130431b0a.js,2026-09-16T16:57:13.580436+00:00,https://www.cambes33.fr/;https://www.cassuejouls.fr/;https://www.caylus.com/;https://www.chamberet.net/;https://www.chatelaudren-plouagat.fr/;https://www.courlaoux.fr/;https://www.dampierre-jura.fr/;https://www.gesvres53.fr/;https://www.la-marne.fr/;https://www.lacailleresainthilaire.fr/;https://www.logonna-daoulas.bzh/;https://www.nizas32.fr/;https://www.noyellessousbellonne.fr/;https://www.rochespremarieandille.fr/;https://www.saint-christophe-du-bois.fr/;https://www.scorbe-clairvaux.fr/;https://www.wentzwiller.fr/
i0.wp.com,altro_terzo_parte,https://i0.wp.com/mirepeisset.fr/wp-content/uploads/2022/10/plan-village-verso.jpg?resize=1080%2C723&ssl=1,https://i0.wp.com/mirepeisset.fr/wp-content/uploads/2022/10/plan-village-verso.jpg?resize=1080%2C723&ssl=1,17,mirepeisset.fr,https://i0.wp.com,2026-09-16T17:02:21.694473+00:00,https://ablainstnazaire.org/;https://communedevares.fr/;https://cresus-iledefrance.org/;https://federationpeche18.fr/;https://jonquieres-st-vincent.com/;https://mairie-betheniville.fr/;https://mairie-le-perthus.com/;https://maurens-scopont.fr/;https://mdeauxerrois.com/;https://mirepeisset.fr/;https://mlloiretouraine.org/;https://www.clermont-oise.fr/;https://www.dixmont-yonne.fr/;https://www.eveux.fr/;https://www.giremoutiers.fr/;https://www.inguiniel.fr/;https://www.montigny-lencoup.fr/
meteofrance.com,altro_terzo_parte,https://meteofrance.com/widget/prevision/220680##C7CAE8,https://meteofrance.com/widget/prevision/220680##C7CAE8,17,www.grace-uzel.fr,https://meteofrance.com/widget/prevision/220680##C7CAE8,2026-09-16T16:51:21.979056+00:00,http://www.plouractualites.fr/;https://ecrouves.fr/;https://mairie-carresse-cassaber.fr/;https://www.barzun.fr/;https://www.giremoutiers.fr/;https://www.grace-uzel.fr/;https://www.janailhac-mairie.fr/;https://www.lachapellebaton86.fr/;https://www.latronquiere.fr/;https://www.le-mesnil-esnard.fr/;https://www.lissac09.fr/;https://www.plassay.fr/;https://www.pontoise-les-noyon.fr/;https://www.saintmartindebernegoue.fr/fr/;https://www.saintsaturnin.com/;https://www.villedomer.fr/;https://www.vineuilsaintfirmin.fr/fr/
hcaptcha.com,captcha,hCaptcha,hCaptcha,18,www.ch-moulins-yzeure.fr,https://hcaptcha.com,2026-09-16T16:45:00.779931+00:00,https://divion.fr/;https://frevincapelle.fr/;https://greta.ac-normandie.fr/;https://info-jeunes.fr/isere/;https://romille.fr/;https://saintpauldevence.org/;https://saintsulpicedefaleyrens.com/;https://warluzel.fr/;https://www.carcassonne-agglo.fr/;https://www.cc-lacqorthez.fr/;https://www.ch-moulins-yzeure.fr/;https://www.chu-orleans.fr/;https://www.commune-cerise.fr/;https://www.connerre.fr/;https://www.hautes-alpes.fr/;https://www.loperhet.bzh/;https://www.tronget.fr/;https://www.vitrolles13.fr/
www.google-analytics.com,analytics,Google Analytics,Google,18,greta-du-limousin.fr,https://www.google-analytics.com,2026-09-16T17:06:26.642177+00:00,https://cdad14.fr/;https://cresus-iledefrance.org/;https://genas.fr/;https://luynes.fr/;https://mairie-coutevroult.fr/;https://www.cdad-hautsdeseine.justice.fr/;https://www.gages-montrozier.fr/;https://www.greta-du-limousin.fr/;https://www.lemeesurseine.fr/;https://www.liffre-cormier.fr/;https://www.mauregard.fr/;https://www.pnr-foret-orient.fr/;https://www.rivesducouesnon.fr/;https://www.saint-ouen-les-vignes.fr/;https://www.saintmacoux.fr/;https://www.udaf01.fr/;https://www.udaf54.fr/;https://www.vert78930.fr/
www.gstatic.com,sdk_generico,Google (statico),Google,18,www.ville-bergheim.fr,https://www.gstatic.com,2026-09-16T16:55:32.377811+00:00,https://accounts.google.com/v3/signin/identifier?continue=https://sites.google.com/&followup=https://sites.google.com/&osid=1&passive=1209600&service=wise&flowName=WebLiteSignIn&flowEntry=ServiceLogin&dsh=S-2127978638:1789594035562911;https://cdad14.fr/;https://mdph.doubs.fr/;https://saintamanttallende.fr/;https://sites.google.com/view/mairiedelaire/accueil;https://terredes2caps.fr/;https://ville-meru.fr/;https://www.bourbourg.fr/;https://www.carignan-ardennes.fr/;https://www.citou.fr/;https://www.cliccoeuressonne.fr/;https://www.ecordal.fr/;https://www.lemeesurseine.fr/;https://www.pasdecalais.fr/;https://www.saintaubinsurmer.fr/;https://www.ville-bergheim.fr/;https://www.ville-valbonne.fr/;https://www.villehoudan.fr/
campagnolv2-1.campagnol.fr,altro_terzo_parte,https://campagnolv2-1.campagnol.fr/wp-content/themes/twentyseventeen-child/assets/images/logo-campagnol-2023.png,https://campagnolv2-1.campagnol.fr/wp-content/themes/twentyseventeen-child/assets/images/logo-campagnol-2023.png,19,www.malbosc.fr,https://campagnolv2-1.campagnol.fr/wp-content/themes/twentyseventeen-child/assets/images/logo-campagnol-2023.png,2026-09-16T16:48:15.338912+00:00,https://artagnan.fr/;https://cieutat.net/;https://cizay-la-madeleine.fr/;https://fresnay-le-comte.fr/;https://la-benisson-dieu.fr/;https://louvie-juzon.fr/;https://luppe-violles.fr/;https://mairie-bricon.fr/;https://mairie-diconne.fr/;https://mairie-nogaret.fr/;https://mairie-tromborn.fr/;https://malbosc.fr/;https://obies.fr/;https://richebourg78.fr/;https://saint-julien-du-pinet.fr/;https://salornay-sur-guye.fr/;https://sancey.org/;https://strazeele.info/;https://trigance.fr/
files.appli-intramuros.com,altro_terzo_parte,https://files.appli-intramuros.com,https://files.appli-intramuros.com,19,www.scorbe-clairvaux.fr,https://files.appli-intramuros.com/img/city_cover/agglo/208/9ca0d09f07b09055b206b113f04d306a_scorbe-cla.jpg,2026-09-16T16:57:13.580436+00:00,https://www.cambes33.fr/;https://www.cassuejouls.fr/;https://www.caylus.com/;https://www.chamberet.net/;https://www.chatelaudren-plouagat.fr/;https://www.courlaoux.fr/;https://www.dampierre-jura.fr/;https://www.gesvres53.fr/;https://www.intramuros.org/;https://www.la-marne.fr/;https://www.lacailleresainthilaire.fr/;https://www.logonna-daoulas.bzh/;https://www.nizas32.fr/;https://www.noyellessousbellonne.fr/;https://www.rochespremarieandille.fr/;https://www.saint-christophe-du-bois.fr/;https://www.scorbe-clairvaux.fr/;https://www.verteillac.fr/;https://www.wentzwiller.fr/
widget.intramuros.org,altro_terzo_parte,https://widget.intramuros.org/js/5.1.0/actualite.js,https://widget.intramuros.org/js/5.1.0/actualite.js,19,www.lasseube.fr,https://widget.intramuros.org/js/5.1.0/actualite.js,2026-09-16T16:50:08.309441+00:00,https://aramon.fr/;https://conlie.fr/;https://cussac87.com/;https://ecrouves.fr/;https://mairie-carresse-cassaber.fr/;https://mairie-le-burgaud.fr/fr/index.html;https://ville-ansesdarlet.fr/;https://ville-beaurepaire.fr/;https://www.giscos.fr/;https://www.la-baume.fr/Francais;https://www.lasseube.fr/;https://www.leboulay.fr/;https://www.mairie-ardin.fr/;https://www.mairielabastidedeserou.fr/;https://www.moiransenmontagne.fr/;https://www.moyonvillages.fr/;https://www.saintleu.re/;https://www.tronget.fr/;https://www.ville-maurs.fr/
cdn.by.wonderpush.com,altro_terzo_parte,https://cdn.by.wonderpush.com/sdk/1.1/wonderpush-loader.min.js,https://cdn.by.wonderpush.com/sdk/1.1/wonderpush-loader.min.js,20,www.hautes-alpes.fr,https://cdn.by.wonderpush.com/sdk/1.1/wonderpush-loader.min.js,2026-09-16T17:01:30.762403+00:00,https://calade.org/;https://cdg66.fr/;https://mairie-martres-tolosane.fr/;https://saintlaurentdupont.fr/;https://valdesomme.com/;https://www.bailly-romainvilliers.fr/;https://www.carcassonne-agglo.fr/;https://www.carignan-ardennes.fr/;https://www.ch-stlo.fr/;https://www.chu-orleans.fr/;https://www.hautes-alpes.fr/;https://www.jura.fr/;https://www.montdemarsan.fr/;https://www.saintaubinsurmer.fr/;https://www.saintleu.re/;https://www.sequedin.fr/;https://www.taillan-medoc.fr/;https://www.talence.fr/;https://www.vignemont.fr/;https://www.ville-chevilly-larue.fr/
www.facebook.com,altro_terzo_parte,https://www.facebook.com/tr?id=720924753275353&ev=PageView&noscript=1&cd%5Bpage_title%5D=Accueil&cd%5Bpost_type%5D=page&cd%5Bpost_id%5D=19&cd%5Bplugin%5D=PixelYourSite&cd%5Buser_role%5D=guest&cd%5Bevent_url%5D=fncidff.info%2F,https://www.facebook.com/tr?id=720924753275353&ev=PageView&noscript=1&cd%5Bpage_title%5D=Accueil&cd%5Bpost_type%5D=page&cd%5Bpost_id%5D=19&cd%5Bplugin%5D=PixelYourSite&cd%5Buser_role%5D=guest&cd%5Bevent_url%5D=fncidff.info%2F,21,fncidff.info,https://www.facebook.com/tr?id=720924753275353&ev=PageView&noscript=1&cd%5Bpage_title%5D=Accueil&cd%5Bpost_type%5D=page&cd%5Bpost_id%5D=19&cd%5Bplugin%5D=PixelYourSite&cd%5Buser_role%5D=guest&cd%5Bevent_url%5D=fncidff.info%2F,2026-09-16T16:48:45.895038+00:00,https://fedechasseurslandes.com/;https://fncidff.info/;https://hautsdefrance.cci.fr/;https://mairie-les-mollettes.fr/;https://www.cc-valdamboise.fr/;https://www.ceyssac.fr/;https://www.chambost-longessaigne.com/;https://www.chatillon-sur-indre.fr/;https://www.coolus.fr/;https://www.credit-municipal-nimes.fr/;https://www.creil.fr/;https://www.duttlenheim.fr/;https://www.ergersheim.fr/;https://www.jonzac-haute-saintonge.com/;https://www.migne-auxances.fr/;https://www.parcs-naturels-regionaux.fr/;https://www.pons-ville.fr/;https://www.sault-brenaz.org/;https://www.thumeries.fr/;https://www.ville-matoury.fr/;https://www.yvelines.fr/
maps.google.com,altro_terzo_parte,https://maps.google.com,https://maps.google.com,23,villefontaine.fr,https://maps.google.com/maps/api/js?key=AIza_REDACTED&libraries=geometry%2Cplaces%2Cweather%2Cpanoramio%2Cdrawing&language=fr&ver=6.9.7,2026-09-16T16:49:19.105058+00:00,https://broglie-27.fr/;https://laloubiere.fr/;https://mairie-monistrol-sur-loire.fr/;https://mairie-sevenans.fr/;https://ml-fougeres.com/;https://montagnystefelicite.fr/;https://quarrelestombes.fr/;https://salsigne.fr/;https://villefontaine.fr/;https://villerslamontagne.fr/;https://www.aingeray.mairie54.fr/;https://www.cc-desvressamer.fr/;https://www.ccpmb.fr/;https://www.cdad-hautsdeseine.justice.fr/;https://www.inguiniel.fr/;https://www.mairie-neuvecelle.fr/;https://www.pontoise-les-noyon.fr/;https://www.saint-satur.fr/;https://www.saintalbanderoche.fr/;https://www.saintetiennedefougeres.fr/;https://www.vigneulles.mairie54.fr/;https://www.villedomer.fr/;https://www.xures.fr/
translate.google.com,altro_terzo_parte,https://translate.google.com/translate_a/element.js?cb=googleTranslateElementInit2,https://translate.google.com/translate_a/element.js?cb=googleTranslateElementInit2,23,www.departement06.fr,https://translate.google.com/translate_a/element.js?cb=googleTranslateElementInit2,2026-09-16T16:47:23.184298+00:00,http://www.plouractualites.fr/;https://collegien.fr//;https://infos-montagnac.blogspot.com/;https://larivieresaintsauveur.fr/fr/;https://rilhac-rancon.fr/fr/;https://vicsuraisne.fr/fr/;https://www.bernes-sur-oise.fr/fr/;https://www.bordeauxstclair.net/;https://www.caue02.com/fr/portail/378/index.html;https://www.cauvillesurmer.fr/;https://www.ccrlcm.fr/;https://www.chaource.fr/;https://www.crij.org/fr/;https://www.departement06.fr/;https://www.letronquay.fr/;https://www.mairiedesallues.fr/;https://www.pnr-foret-orient.fr/;https://www.riantec.bzh/;https://www.rougemont-doubs.fr/fr/;https://www.umlp.fr/;https://www.urcaue-hautsdefrance.fr/fr/portail/197/index.html;https://www.vendeegrandlittoral.fr/;https://www.ville-valbonne.fr/
stats.wp.com,altro_terzo_parte,https://stats.wp.com/e-202638.js,https://stats.wp.com/e-202638.js,26,mirepeisset.fr,https://stats.wp.com/e-202638.js,2026-09-16T17:02:21.694473+00:00,http://www.perouse.eu/;https://ablainstnazaire.org/;https://billom.fr/;https://chaumont-porcien.fr/;https://communederolampont.wordpress.com/;https://communedevares.fr/;https://cresus-iledefrance.org/;https://cussac87.com/;https://federationpeche18.fr/;https://jonquieres-st-vincent.com/;https://lagreesaintlaurent.fr/;https://mairie-betheniville.fr/;https://malmerspach.com/;https://maurens-scopont.fr/;https://mdeauxerrois.com/;https://mirepeisset.fr/;https://ml-fougeres.com/;https://mlloiretouraine.org/;https://stcoutantlegrandblog.wordpress.com/;https://villarsetvillenotte.wordpress.com/;https://www.clermont-oise.fr/;https://www.eveux.fr/;https://www.giremoutiers.fr/;https://www.inguiniel.fr/;https://www.montigny-lencoup.fr/;https://www.segreenanjoubleu.fr/
www.youtube.com,video,YouTube,Google,33,cdad-ain.fr,https://www.youtube.com/embed/vqVej-7jYFU,2026-09-16T16:59:16.884834+00:00,https://arceau.fr/;https://barjac.fr/;https://cdad-ca-lyon.fr;https://cdad14.fr/;https://commissaire-justice.fr/;https://drome.famillesrurales.org/;https://greta-franche-comte.fr/;https://lepin.fr/;https://mlloiretouraine.org/;https://mondragon.fr/;https://nievre.fr/;https://www.abbeville.fr/;https://www.capeb.fr/;https://www.cdad-2a.com/;https://www.centre-valdeloire.fr/;https://www.chaource.fr/;https://www.cm-tarn.fr/;https://www.combret-aveyron.fr/;https://www.damgan.fr/;https://www.eveux.fr/;https://www.lefolgoet.fr/;https://www.lereflexenotaire.fr/;https://www.logonna-daoulas.bzh/;https://www.mairie-lessy.fr/;https://www.migne-auxances.fr/;https://www.missions-locales-corse.org/;https://www.monsempronlibos.fr/;https://www.paysdelarbresle.fr/;https://www.saint-nicolas-aliermont.fr/;https://www.vendeegrandlittoral.fr/;https://www.vernsurseiche.fr/accueil;https://www.ville-desvres.fr/;https://www.ville-robert.fr/
s.w.org,altro_terzo_parte,https://s.w.org,https://s.w.org,35,www.coulaines.fr,https://s.w.org,2026-09-16T16:53:53.855905+00:00,http://www.tramecourt.fr/;https://lepetitfougeray.fr/;https://rocroi.fr/;https://saint-bonnet-les-oules.fr/;https://www.agglo-lepuyenvelay.fr/;https://www.association-pari.com/;https://www.chateaubourg.fr/;https://www.cm-tarn.fr/;https://www.cote-emeraude.fr/;https://www.coulaines.fr/;https://www.escalquens.fr/;https://www.grussenheim.fr/;https://www.infojeunes-paca.fr/;https://www.le-mesnil-esnard.fr/;https://www.lemeesurseine.fr/;https://www.lhuisserie.fr/;https://www.mairie-barc.fr/;https://www.mairie-longevillesurmer.fr/;https://www.mairiesaintantoninsurbayon.fr/;https://www.marolles-sur-seine.fr/;https://www.martot.fr/;https://www.meucon.fr/;https://www.murs-erigne.fr/;https://www.neufchatelenbray.fr/;https://www.ohain.fr/;https://www.pnr-foret-orient.fr/;https://www.retschwiller.fr/;https://www.saintalbanderoche.fr/;https://www.saintetiennedefougeres.fr/;https://www.vay.fr/;https://www.vendeegrandlittoral.fr/;https://www.verteillac.fr/;https://www.villaz.fr/;https://www.ville-bouilladisse.com/;https://www.yvelines.fr/
maps.googleapis.com,sdk_generico,Google APIs,Google,37,www.clavim.asso.fr,https://maps.googleapis.com/maps/api/js?v=3&key=AIza_REDACTED&ver=4.27.6,2026-09-16T16:49:12.270502+00:00,https://app.panneaupocket.com/ville/1047754700-pailloles-47440;https://cdad-aube.fr/;https://cdad14.fr/;https://cdos64.org/;https://commissaire-justice.fr/;https://drome.famillesrurales.org/;https://federationpeche18.fr/;https://hasparren.fr/;https://info-jeunes-grandest.fr;https://info-jeunes-grandest.fr/;https://la.charente-maritime.fr/;https://missionlocalevilleneuvois.org/;https://mlblois.com/;https://nullemont.fr/;https://prunellidifiumorbu.fr/;https://villefontaine.fr/;https://www.afpa.fr/;https://www.archipel-developpement.fr/;https://www.bouin.fr/;https://www.cc-desvressamer.fr/;https://www.clavim.asso.fr/;https://www.isigny-le-buat.fr/;https://www.le-mesnil-esnard.fr/;https://www.lefolgoet.fr/;https://www.lesgets-mairie.fr/;https://www.mairie-ardin.fr/;https://www.mairie-moulay.fr/;https://www.marolles-sur-seine.fr/;https://www.montegut65.fr/;https://www.neufchatelenbray.fr/;https://www.pont-croix.fr/;https://www.rivesducouesnon.fr/;https://www.sault-brenaz.org/;https://www.venterol.net/;https://www.ville.allennes.fr/;https://www.villehoudan.fr/;https://www.yvelines.fr/
static.neopse.com,altro_terzo_parte,https://static.neopse.com/medias/p/2343/site/77/b3/42/77b3422020d61d95f7192dc4fc95f695ee0fc1f2.png?v=v1,https://static.neopse.com/medias/p/2343/site/77/b3/42/77b3422020d61d95f7192dc4fc95f695ee0fc1f2.png?v=v1,40,saint-saturnin72.fr,https://static.neopse.com/assets/img/favicon/rdc_logo.ico?v=v1,2026-09-16T16:53:31.939780+00:00,https://beaumontsaintcyr.fr/fr/;https://cagnac-les-mines.fr/fr/;https://coetmieux.fr/fr/;https://commune-de-banteux.neopse-site.com/fr/;https://commune-de-lavancia-epercy.neopse-site.com/fr/;https://commune-de-tornac.neopse-site.com/fr/;https://corcoue-sur-logne.fr/fr/;https://fleurieuxsurlarbresle.fr/fr/;https://fuans.fr/fr/;https://gennes25.fr/fr/;https://gouy-les-groseillers.fr/fr/;https://la-foye-monjault.fr/fr/;https://larivieresaintsauveur.fr/fr/;https://luchy.fr/fr/;https://montilliers49.fr/fr/;https://reau.fr/fr/;https://rilhac-rancon.fr/fr/;https://saint-saturnin72.fr/fr/;https://vicsuraisne.fr/fr/;https://villagebeauvoir60.fr/fr/;https://www.bernes-sur-oise.fr/fr/;https://www.bournezeau.fr/fr/;https://www.bromont-lamothe.fr/fr/;https://www.ccpsp24.fr/fr/;https://www.cernoy.fr/fr/;https://www.chavannessurreyssouze.fr/fr/;https://www.creches-sur-saone.com/fr/;https://www.eymet-dordogne.fr/fr/;https://www.lafertemilon.fr/fr/;https://www.lecrocq.fr/fr/;https://www.mortain-bocage.fr/fr/;https://www.rougemont-doubs.fr/fr/;https://www.saint-amand-sur-fion.fr/fr/;https://www.saintarnoultenyvelines.fr/fr/;https://www.saintmartindebernegoue.fr/fr/;https://www.sondernach.fr/fr/;https://www.tourville-en-auge.fr/fr/;https://www.trie-chateau.fr/fr/;https://www.vineuilsaintfirmin.fr/fr/;https://www.vitrolles05.fr/fr/
app.panneaupocket.com,altro_terzo_parte,https://app.panneaupocket.com/ville/904914610,https://app.panneaupocket.com/ville/904914610,41,www.mairieneuvic.fr,https://app.panneaupocket.com/ville/904914610,2026-09-16T16:54:26.482855+00:00,https://arceau.fr/;https://chatel-en-trieves.fr/;https://cieutat.net/;https://fleurieuxsurlarbresle.fr/fr/;https://goersdorf-mitschdorf.fr/;https://mairie-cour-cheverny.fr/;https://mairie-romegoux.fr/;https://mairie-tourtour.fr/;https://mairie-tromborn.fr/;https://saintalexandre.fr/;https://salornay-sur-guye.fr/;https://saubrigues.fr/;https://saulnot.fr/;https://trigance.fr/;https://www.barzun.fr/;https://www.bellac.fr/;https://www.bey01.fr/;https://www.biron64.fr/;https://www.camboulazet12.fr/;https://www.chambost-longessaigne.com/;https://www.commune-cerise.fr/;https://www.franconville54.fr/;https://www.gosne.fr/;https://www.janailhac-mairie.fr/;https://www.landelles.fr/;https://www.limetz-villez.fr/;https://www.mairie-barc.fr/;https://www.mairie-laclayette.fr/;https://www.mairieneuvic.fr/;https://www.marange-zondrange.fr/;https://www.marquette-en-ostrevant.fr/;https://www.perdreauville.fr/accueil/;https://www.plassay.fr/;https://www.raffetot.fr/;https://www.rosselange.fr/;https://www.ruffeylesbeaune.fr/;https://www.saint-louis-en-lisle.fr/;https://www.saintetiennedefougeres.fr/;https://www.saintlambertdesbois.fr/;https://www.sillingy.fr/;https://www.valdalliere.fr/
js.hcaptcha.com,captcha,hCaptcha,hCaptcha,41,saint-saturnin72.fr,https://js.hcaptcha.com/1/api.js?hl=fr&onload=CaptchaCallback&render=explicit,2026-09-16T16:53:31.939780+00:00,https://beaumontsaintcyr.fr/fr/;https://billom.fr/;https://cagnac-les-mines.fr/fr/;https://coetmieux.fr/fr/;https://commune-de-banteux.neopse-site.com/fr/;https://commune-de-lavancia-epercy.neopse-site.com/fr/;https://commune-de-tornac.neopse-site.com/fr/;https://corcoue-sur-logne.fr/fr/;https://fleurieuxsurlarbresle.fr/fr/;https://fuans.fr/fr/;https://gennes25.fr/fr/;https://gouy-les-groseillers.fr/fr/;https://la-foye-monjault.fr/fr/;https://larivieresaintsauveur.fr/fr/;https://luchy.fr/fr/;https://montilliers49.fr/fr/;https://reau.fr/fr/;https://rilhac-rancon.fr/fr/;https://saint-saturnin72.fr/fr/;https://vicsuraisne.fr/fr/;https://villagebeauvoir60.fr/fr/;https://www.bernes-sur-oise.fr/fr/;https://www.bournezeau.fr/fr/;https://www.bromont-lamothe.fr/fr/;https://www.ccpsp24.fr/fr/;https://www.cernoy.fr/fr/;https://www.chavannessurreyssouze.fr/fr/;https://www.creches-sur-saone.com/fr/;https://www.eymet-dordogne.fr/fr/;https://www.lafertemilon.fr/fr/;https://www.lecrocq.fr/fr/;https://www.mortain-bocage.fr/fr/;https://www.rougemont-doubs.fr/fr/;https://www.saint-amand-sur-fion.fr/fr/;https://www.saintarnoultenyvelines.fr/fr/;https://www.saintmartindebernegoue.fr/fr/;https://www.sondernach.fr/fr/;https://www.tourville-en-auge.fr/fr/;https://www.trie-chateau.fr/fr/;https://www.vineuilsaintfirmin.fr/fr/;https://www.vitrolles05.fr/fr/
ajax.googleapis.com,sdk_generico,Google APIs,Google,42,saint-georges-le-flechard.fr,https://ajax.googleapis.com/ajax/libs/jquery/1.6.2/jquery.min.js,2026-09-16T16:47:11.374647+00:00,http://www.lvd82.fr/;http://www.mairie-chatres77.fr;https://78-92.fr/;https://boisme.fr/;https://cdad-aube.fr/;https://cdad-ca-lyon.fr;https://conlie.fr/;https://greta-cfa-aquitaine.fr/;https://pouzolles.fr/;https://saint-georges-le-flechard.fr/;https://station.illiwap.com/fr/public/;https://www.ardon45.fr/;https://www.arsac.fr/;https://www.cdad-hautsdeseine.justice.fr/;https://www.cdad-jura.fr/;https://www.ch-bourges.fr/;https://www.commune-beinheim.fr/;https://www.commune-de-pouilley-francais.fr/;https://www.dauendorf-neubourg.fr/;https://www.evettesalbert.fr/;https://www.franconville54.fr/;https://www.grace-uzel.fr/;https://www.lesgets-mairie.fr/;https://www.manthelan.fr/;https://www.migne-auxances.fr/;https://www.montegut65.fr/;https://www.montet-et-bouxal.fr/;https://www.neufchatelenbray.fr/;https://www.nilvange.fr/;https://www.pontault-combault.fr/;https://www.ribecourt-dreslincourt.fr/;https://www.rouzede.fr/;https://www.saint-dionisy.fr/;https://www.saint-louis-en-lisle.fr/;https://www.saintaubinsurmer.fr/;https://www.segonzac19.fr/;https://www.sequedin.fr/;https://www.vauthiermont.fr/;https://www.ville-loches.fr/;https://www.villehoudan.fr/;https://www.villiersenlieu.fr/;https://www.yvelines.fr/
maxcdn.bootstrapcdn.com,cdn_font,BootstrapCDN,BootstrapCDN,42,ville-beaurepaire.fr,https://maxcdn.bootstrapcdn.com,2026-09-16T16:55:50.620670+00:00,https://cdad-ca-lyon.fr;https://erckartswiller.hanau-lapetitepierre.alsace/;https://jonquieres-st-vincent.com/;https://mairie-de-mexy.fr/;https://mairie-le-burgaud.fr/fr/index.html;https://mairie-saintlaurentsursave.fr/fr/index.html;https://mairie-toutens31.fr/fr/index.html;https://rosieres-en-haye.fr/;https://ville-beaurepaire.fr/;https://ville-ceilhes.fr/;https://www.agglo-lepuyenvelay.fr/;https://www.arc-sud-bretagne.fr/;https://www.bailly-romainvilliers.fr/;https://www.bouin.fr/;https://www.bourgbarre.fr/;https://www.cdad-jura.fr/;https://www.franconville54.fr/;https://www.grandchambord.fr/;https://www.latour-bas-elne.com/;https://www.leboulay.fr/;https://www.liffre-cormier.fr/;https://www.mairie-aixesurvienne.fr/;https://www.mairie-moulay.fr/;https://www.manthelan.fr/;https://www.mauregard.fr/;https://www.missions-locales-corse.org/;https://www.montegut65.fr/;https://www.montet-et-bouxal.fr/;https://www.paysdelandi.com/;https://www.pleucadeuc.fr/;https://www.quimperle-communaute.bzh/;https://www.saint-gilles.fr/;https://www.saint-louis-en-lisle.fr/;https://www.saintaubinsurmer.fr/;https://www.segonzac19.fr/;https://www.talence.fr/;https://www.tarbes.fr/;https://www.thumeries.fr/;https://www.ville-lafleche.fr/;https://www.ville-loches.fr/;https://www.ville-moyenmoutier.fr/;https://www.ville-valbonne.fr/
code.jquery.com,altro_terzo_parte,https://code.jquery.com/ui/1.13.2/themes/hot-sneaks/jquery-ui.css?ver=061ccfa32f4a4726b1702df226ce0231,https://code.jquery.com/ui/1.13.2/themes/hot-sneaks/jquery-ui.css?ver=061ccfa32f4a4726b1702df226ce0231,54,www.mairie-luchon.fr,https://code.jquery.com/ui/1.13.2/jquery-ui.js?ver=061ccfa32f4a4726b1702df226ce0231,2026-09-16T16:43:59.219347+00:00,https://cdad-ca-lyon.fr;https://chaumont-porcien.fr/;https://divion.fr/;https://dordogne.mediatheques.fr/;https://federationpeche18.fr/;https://greta.ac-normandie.fr/;https://handicap.paris.fr/;https://info-jeunes.fr/isere/;https://lapagelocale.com;https://mairie-cour-cheverny.fr/;https://mairie-labernerie.fr/;https://ml-sartrouville.com/;https://rosieres-en-haye.fr/;https://saint-hilaire-aude.fr/;https://sapeurs-pompiers65.fr/;https://univ-cotedazur.fr/;https://www.afpa.fr/;https://www.ajoca.fr/;https://www.alepte.fr/;https://www.archipel-developpement.fr/;https://www.ccpmb.fr/;https://www.condamine.fr/;https://www.cosse-le-vivien.fr/;https://www.criquiers.fr/;https://www.giscos.fr/;https://www.greta-du-limousin.fr/;https://www.haegen.fr/;https://www.isigny-le-buat.fr/;https://www.jura-nord.com/;https://www.juzetdeluchon.com/;https://www.kilstett.fr/;https://www.lapeyratte.fr/accueil.html;https://www.lasseube.fr/;https://www.lavergne-en-quercy.fr/;https://www.lemeesurseine.fr/;https://www.mairie-luchon.fr/;https://www.mairie-montignac33.fr/;https://www.mairie-moulay.fr/;https://www.mauregard.fr/;https://www.montmorot.fr/;https://www.origne33.fr/;https://www.pleucadeuc.fr/;https://www.pnr-foret-orient.fr/;https://www.poitiers.cci.fr/;https://www.pompiersdulot.fr/;https://www.roeschwoog.eu/;https://www.rosselange.fr/;https://www.saint-denis-catus.fr/;https://www.stgeorges79.fr/accueil.html;https://www.touraine.fr/;https://www.ville-riez.fr/;https://www.ville-robert.fr/;https://www.villiersenlieu.fr/;https://www.weckolsheim.fr/
use.fontawesome.com,cdn_font,Font Awesome,Font Awesome,55,www.clavim.asso.fr,https://use.fontawesome.com,2026-09-16T16:49:12.270502+00:00,https://alteralsace.org/;https://bu-28.fr/;https://cotesdarmor.fr/;https://hasparren.fr/;https://lenord.fr/;https://lepin.fr/;https://lercoul-09.fr/;https://mairie-cour-cheverny.fr/;https://mairie-labernerie.fr/;https://mairie-les-mollettes.fr/;https://ml-sartrouville.com/;https://mlblois.com/;https://porte-de-savoie.fr/;https://pouzolles.fr/;https://valdesomme.com/;https://www.arc-sud-bretagne.fr/;https://www.areams.fr/;https://www.barzun.fr/;https://www.bias40.fr/;https://www.borderes-et-lamensans.fr/;https://www.bourgneuf.fr/;https://www.brasles.fr/;https://www.ccpmb.fr/;https://www.ch-bourges.fr/;https://www.clavim.asso.fr/;https://www.coeurhautelande.fr/;https://www.commune-cerise.fr/;https://www.creil.fr/;https://www.gond-pontouvre.fr/;https://www.lamarche88.com/;https://www.lasseube.fr/;https://www.laujuzan.com/;https://www.lefreche.fr/;https://www.liffre-cormier.fr/;https://www.loiret.fr/;https://www.losse.fr/;https://www.mairie-aixesurvienne.fr/;https://www.marcillacsaintquentin.fr/;https://www.maurrin.fr/;https://www.mltouraine.com/;https://www.montussan.fr/;https://www.neufchatelenbray.fr/;https://www.ordredesavocatsdedax.fr/fr/;https://www.pont-croix.fr/;https://www.quimperle-communaute.bzh/;https://www.rivesducouesnon.fr/;https://www.saint-pierre-en-auge.fr/;https://www.saintchaptes.com/;https://www.sdis79.fr/;https://www.st-pardon-de-conques.fr/;https://www.tarbes.fr/;https://www.vignemont.fr/;https://www.ville-chevilly-larue.fr/;https://www.ville-cournonterral.fr/;https://www.ville-maurs.fr/
unpkg.com,cdn_font,unpkg,unpkg,65,www.oye-plage.fr,https://unpkg.com/leaflet@1.9.4/dist/leaflet.js?ver=1.9.4,2026-09-16T16:44:13.909791+00:00,https://ain.cidff.info/;https://brassy80.fr/;https://caullery.fr/;https://charente.cidff.info/;https://divion.fr/;https://favreuil.fr/;https://finistere.cidff.info/;https://fncidff.info/;https://fourcigny.fr/;https://frevincapelle.fr/;https://hautesaone.cidff.info/;https://lenord.fr/;https://mairie-candas.fr/;https://mareuil-caubert.fr/;https://montrecourt.fr/;https://pasdecalais.cidff.info/;https://piana.fr/;https://redene.bzh/;https://territoiredebelfort.cidff.info/;https://ville-de-cormelles-le-royal.fr/;https://www.ajoca.fr/;https://www.arc-et-senans.com/;https://www.areams.fr/;https://www.arleuf.fr/;https://www.blennes.fr/;https://www.bourbourg.fr/;https://www.buxy.fr/;https://www.campagne-landes.fr/;https://www.caue02.com/fr/portail/378/index.html;https://www.ccrlcm.fr/;https://www.cdad-hautsdeseine.justice.fr/;https://www.ch-stlo.fr/;https://www.chenoves.fr/;https://www.connerre.fr/;https://www.curgy.fr/;https://www.dennevy.fr/;https://www.dixmont-yonne.fr/;https://www.fontainesenbourgogne.fr/;https://www.germagny.fr/;https://www.infojeunes-paca.fr/;https://www.kilstett.fr/;https://www.lacharitesurloire.fr/;https://www.mairie-fontenaysurloing.fr/;https://www.mairie-vannes.fr/;https://www.mairie-veron.fr/;https://www.mairie-villeroy.fr/;https://www.molinons.fr/;https://www.montdemarsan.fr/;https://www.montreuil.fr/;https://www.oye-plage.fr/;https://www.perrecy-les-forges.fr/;https://www.pluvet.fr/;https://www.prizy.fr/;https://www.rille.fr/;https://www.rosselange.fr/;https://www.saint-nicolas-aliermont.fr/;https://www.saintpolsurternoise.fr/;https://www.salmaise.fr/;https://www.sassenay.fr/;https://www.sault-brenaz.org/;https://www.taillan-medoc.fr/;https://www.urcaue-hautsdefrance.fr/fr/portail/197/index.html;https://www.villagesdulacdepaladru.fr/;https://www.ville-cournonterral.fr/;https://www.weckolsheim.fr/
cdn.jsdelivr.net,cdn_font,jsDelivr,jsDelivr,78,www.mairie-luchon.fr,https://cdn.jsdelivr.net/npm/daterangepicker/daterangepicker.min.js?ver=061ccfa32f4a4726b1702df226ce0231,2026-09-16T16:43:59.219347+00:00,https://2b.gretacfa.corsica/;https://belleville-en-beaujolais.fr/;https://cdad-ca-lyon.fr;https://cdg66.fr/;https://conlie.fr/;https://drome.famillesrurales.org/;https://lagorceardeche.com/;https://lenord.fr/;https://mairie-labernerie.fr/;https://mairie-saintbonnetdugard.fr/;https://mio-reunion.re/;https://montfleur39.fr/;https://montfrin.fr/;https://romille.fr/;https://saintsulpicedefaleyrens.com/;https://saizerais.fr/;https://station.illiwap.com/fr/public/;https://univ-cotedazur.fr/;https://valdesomme.com/;https://valleederonsard.fr/;https://ville-de-cormelles-le-royal.fr/;https://www.afpa.fr/;https://www.ajoca.fr/;https://www.alepte.fr/;https://www.alsace.eu/;https://www.ambierle.fr/;https://www.ameli.fr/;https://www.anah.gouv.fr/;https://www.banque-france.fr/fr;https://www.blennes.fr/;https://www.caue02.com/fr/portail/378/index.html;https://www.ccpom.fr/;https://www.ccrlcm.fr/;https://www.cdad-nord.justice.fr/;https://www.cdad-pasdecalais.justice.fr/;https://www.codecom-paysdemontmedy.fr/;https://www.commune-beinheim.fr/;https://www.commune-sablons.fr/;https://www.cosse-le-vivien.fr/;https://www.cotedor.fr/;https://www.crous-corse.fr/;https://www.crous-lille.fr/;https://www.crous-lyon.fr/;https://www.crous-normandie.fr/;https://www.crous-poitiers.fr/;https://www.crous-rennes.fr/;https://www.dixmont-yonne.fr/;https://www.dourgne.fr/;https://www.evettesalbert.fr/;https://www.grandchambery.fr/accueil;https://www.grandlieu.fr/;https://www.greta-du-limousin.fr/;https://www.infojeunes-paca.fr/;https://www.isigny-le-buat.fr/;https://www.jura.fr/;https://www.juzetdeluchon.com/;https://www.lamayenne.fr/;https://www.mairie-fontenaysurloing.fr/;https://www.mairie-luchon.fr/;https://www.missions-locales.org/;https://www.mittelhausbergen.fr/;https://www.mortagne-sur-gironde.fr/;https://www.oye-plage.fr/;https://www.rosselange.fr/;https://www.rouzede.fr/;https://www.ruffeylesbeaune.fr/;https://www.saint-nicolas-aliermont.fr/;https://www.saintpolsurternoise.fr/;https://www.saintsaturnin.com/;https://www.urcaue-hautsdefrance.fr/fr/portail/197/index.html;https://www.vauthiermont.fr/;https://www.verel-pragondran.fr/accueil;https://www.via-competences.fr/;https://www.villagesdulacdepaladru.fr/;https://www.ville-matoury.fr/;https://www.villehoudan.fr/;https://www.vosges.fr/;https://www.yvelines.fr/
www.google.com,captcha,Google reCAPTCHA,Google,133,ville-de-cormelles-le-royal.fr,https://www.google.com/recaptcha/api.js?render=6Lfs1I8jAAAAAG3XBFpcYPC674COqtrtyvXzogx8&ver=3.0,2026-09-16T16:46:19.264759+00:00,https://ablainstnazaire.org/;https://alteralsace.org/;https://arcismaillyramerupt.fr/;https://audunleroman.fr/;https://barjac.fr/;https://beaujeu04.fr/;https://boisme.fr/;https://bompas.fr/;https://cdad-ca-lyon.fr;https://cdad14.fr/;https://cizay-la-madeleine.fr/;https://clic-cambresis.fr/;https://fessenheim.fr/;https://fresnay-le-comte.fr/;https://greta-cfa-aquitaine.fr/;https://greta-franche-comte.fr/;https://labbeville.fr/;https://lacroix-barrezencarladez.fr/;https://louvie-juzon.fr/;https://mairie-carresse-cassaber.fr/;https://mairie-coutevroult.fr/;https://mairie-gambsheim.fr/;https://mairie-mons83.fr/;https://mairie-romegoux.fr/;https://mairie-vaux.fr/;https://mairielegrandbornand.com/;https://manduel.fr/;https://mdph.doubs.fr/;https://ml-sartrouville.com/;https://mlloiretouraine.org/;https://nievre.fr/;https://pech.fr/;https://quingey.fr/;https://redene.bzh/;https://saint-benoit-sur-loire.fr/;https://saint-bonnet-les-oules.fr/;https://saint-julien-du-pinet.fr/;https://saintamanttallende.fr/;https://saintecroixenjarez.fr/;https://saintjeandebournay.fr/;https://saintlaurentdupont.fr/;https://saintsulpicedefaleyrens.com/;https://seyssinet-pariset.fr/;https://strazeele.info/;https://trigance.fr/;https://tuffalun.fr/;https://us-en-vexin.fr/;https://valdesomme.com/;https://ville-de-cormelles-le-royal.fr/;https://ville-eurville-bienville.fr/;https://www.alepte.fr/;https://www.allauch.com/;https://www.ambierle.fr/;https://www.ardon45.fr/;https://www.arsac.fr/;https://www.averdon.fr/;https://www.baignes-sainte-radegonde.fr/;https://www.bellac.fr/;https://www.bessieres.fr/;https://www.bias40.fr/;https://www.biron64.fr/;https://www.boisdamont.fr/;https://www.borderes-et-lamensans.fr/;https://www.bourbourg.fr/;https://www.bourgneuf.fr/;https://www.bouzic.fr/;https://www.carignan-ardennes.fr/;https://www.castelmorondalbret.fr/;https://www.caue23.fr/;https://www.cc-paysdevalois.fr/;https://www.cdad-ca-rennes.fr/;https://www.cdad-eure.fr/;https://www.cdad-jura.fr/;https://www.cdad-moselle.justice.fr/;https://www.cdad-nord.justice.fr/;https://www.cdad-seinemaritime.fr/;https://www.ceyssac.fr/;https://www.ch-bourges.fr/;https://www.chambost-longessaigne.com/;https://www.coeurhautelande.fr/;https://www.coolus.fr/;https://www.creil.fr/;https://www.crij.org/fr/;https://www.ereac.fr/;https://www.escalquens.fr/;https://www.flore-habitatjeunes.org/;https://www.grandlieu.fr/;https://www.gunstett.fr/;https://www.haegen.fr/;https://www.infojeunes-paca.fr/;https://www.ipeicc.com/;https://www.juzetdeluchon.com/;https://www.latour-bas-elne.com/;https://www.lefreche.fr/;https://www.logement-seniors.com/;https://www.losse.fr/;https://www.louisfert.fr/;https://www.mairie-barc.fr/;https://www.mairie-saintcyrenval.fr/;https://www.mairiedesallues.fr/;https://www.mairiedesamoens.fr/;https://www.mairieisola.com/;https://www.mairiethaon14.fr/;https://www.maslacq.fr/;https://www.maurrin.fr/;https://www.messery.fr/;https://www.ml-vitry-le-francois.fr/;https://www.mlpaysretz.com/;https://www.mltouraine.com/;https://www.patay.fr/;https://www.pnr-foret-orient.fr/;https://www.ribecourt-dreslincourt.fr/;https://www.rivesducouesnon.fr/;https://www.saintalbanderoche.fr/;https://www.saintaubinsurmer.fr/;https://www.saintjulienlesvillas.fr/;https://www.saintlaurentdupape.fr/;https://www.saintmartindheres.fr/;https://www.saintsaturnin.com/;https://www.salinelles.fr/;https://www.sennecay18.fr/;https://www.sequedin.fr/;https://www.sillingy.fr/;https://www.taponas.fr/;https://www.vernaison.fr/;https://www.vert78930.fr/;https://www.vignemont.fr/;https://www.ville-bergheim.fr/;https://www.ville-moriereslesavignon.fr/;https://www.ville-soreze.fr/;https://www.ville.allennes.fr/;https://www.villehoudan.fr/;https://www.yana-j.fr/
cdnjs.cloudflare.com,cdn_font,cdnjs (Cloudflare),Cloudflare,136,www.mairie-luchon.fr,https://cdnjs.cloudflare.com/ajax/libs/moment.js/2.29.4/moment.min.js?ver=061ccfa32f4a4726b1702df226ce0231,2026-09-16T16:43:59.219347+00:00,https://78-92.fr/;https://beaumontsaintcyr.fr/fr/;https://belleville-en-beaujolais.fr/;https://cagnac-les-mines.fr/fr/;https://cdg66.fr/;https://cio.ac-amiens.fr/;https://coetmieux.fr/fr/;https://commune-de-banteux.neopse-site.com/fr/;https://commune-de-lavancia-epercy.neopse-site.com/fr/;https://commune-de-tornac.neopse-site.com/fr/;https://corcoue-sur-logne.fr/fr/;https://divion.fr/;https://dordogne.mediatheques.fr/;https://fleurieuxsurlarbresle.fr/fr/;https://frevincapelle.fr/;https://fuans.fr/fr/;https://genas.fr/;https://gennes25.fr/fr/;https://gouy-les-groseillers.fr/fr/;https://hautsdefrance.cci.fr/;https://info-jeunes.fr/isere/;https://la-foye-monjault.fr/fr/;https://la.charente-maritime.fr/;https://lagorceardeche.com/;https://larivieresaintsauveur.fr/fr/;https://luchy.fr/fr/;https://mairie-labernerie.fr/;https://mairie-saintbonnetdugard.fr/;https://mlna44.org/;https://montfleur39.fr/;https://montfrin.fr/;https://montilliers49.fr/fr/;https://reau.fr/fr/;https://rilhac-rancon.fr/fr/;https://rosieres-en-haye.fr/;https://saint-saturnin72.fr/fr/;https://samois-sur-seine.fr/;https://tuffalun.fr/;https://vicsuraisne.fr/fr/;https://villagebeauvoir60.fr/fr/;https://ville-sgla.fr/;https://villeneuve01.fr/;https://www.ajoca.fr/;https://www.alepte.fr/;https://www.allauch.com/;https://www.avoudrey.fr/;https://www.bernes-sur-oise.fr/fr/;https://www.bournezeau.fr/fr/;https://www.bouzic.fr/;https://www.bromont-lamothe.fr/fr/;https://www.carcassonne-agglo.fr/;https://www.cartelegue.fr/;https://www.caue02.com/fr/portail/378/index.html;https://www.ccpsp24.fr/fr/;https://www.cdad07.fr/;https://www.cernoy.fr/fr/;https://www.ch-bourges.fr/;https://www.chaource.fr/;https://www.chavannessurreyssouze.fr/fr/;https://www.cm-tarn.fr/;https://www.codecom-paysdemontmedy.fr/;https://www.cosse-le-vivien.fr/;https://www.creches-sur-saone.com/fr/;https://www.creil.fr/;https://www.dixmont-yonne.fr/;https://www.dordogne.fr/;https://www.emploi-des-jeunes53.org/;https://www.essonne.cci.fr/;https://www.eymet-dordogne.fr/fr/;https://www.gard.fr/;https://www.gers.fr/;https://www.grace-uzel.fr/;https://www.grandlieu.fr/;https://www.grandpoitiers.fr/;https://www.haegen.fr/;https://www.herbignac.com/;https://www.intercariforef.org/;https://www.jonzac-haute-saintonge.com/;https://www.jura.fr/;https://www.juzetdeluchon.com/;https://www.kilstett.fr/;https://www.lafertemilon.fr/fr/;https://www.lasseube.fr/;https://www.lavienne86.fr/;https://www.lecrocq.fr/fr/;https://www.letanglaville.fr/;https://www.lieux.gref-bretagne.com/liste-des-lieux;https://www.lissac09.fr/;https://www.logement-seniors.com/;https://www.loperhet.bzh/;https://www.mairie-fontenaysurloing.fr/;https://www.mairie-lelamentin.fr/;https://www.mairie-luchon.fr/;https://www.mairie-moulay.fr/;https://www.mairie-villedavray.fr/;https://www.manthelan.fr/;https://www.mittelhausbergen.fr/;https://www.monsempronlibos.fr/;https://www.montarnaud.com/;https://www.montmorot.fr/;https://www.mortagne-sur-gironde.fr/;https://www.mortain-bocage.fr/fr/;https://www.murs-erigne.fr/;https://www.ordredesavocatsdedax.fr/fr/;https://www.oye-plage.fr/;https://www.parcs-naturels-regionaux.fr/;https://www.paysdelarbresle.fr/;https://www.petitcaux.fr/;https://www.pleucadeuc.fr/;https://www.poitiers.cci.fr/;https://www.roeschwoog.eu/;https://www.roquemaure-tarn.fr/;https://www.rougemont-doubs.fr/fr/;https://www.saferdenormandie.fr/;https://www.saint-amand-sur-fion.fr/fr/;https://www.saint-brieuc.bzh/;https://www.saint-nicolas-aliermont.fr/;https://www.saint-pierre-en-auge.fr/;https://www.saintarnoultenyvelines.fr/fr/;https://www.saintetiennedefougeres.fr/;https://www.saintmartindebernegoue.fr/fr/;https://www.saintpolsurternoise.fr/;https://www.sault-brenaz.org/;https://www.sondernach.fr/fr/;https://www.tourville-en-auge.fr/fr/;https://www.trie-chateau.fr/fr/;https://www.urcaue-hautsdefrance.fr/fr/portail/197/index.html;https://www.villagesdulacdepaladru.fr/;https://www.ville-loches.fr/;https://www.ville-migennes.fr/;https://www.ville-montech.fr/;https://www.ville-robert.fr/;https://www.vineuilsaintfirmin.fr/fr/;https://www.vitrolles05.fr/fr/;https://www.vosges.fr/;https://www.weckolsheim.fr/
www.googletagmanager.com,analytics,Google Tag Manager,Google,232,www.mairie-luchon.fr,https://www.googletagmanager.com/gtag/js?id=GT-MB6QBKQF,2026-09-16T16:43:59.219347+00:00,http://www.bazoches-sur-vesle.fr/;http://www.mairie-gonnevillesurhonfleur.fr/;http://www.marbache.fr/fr/flash-infos.html;http://www.plouractualites.fr/;https://2b.gretacfa.corsica/;https://annuaire.action-sociale.org/;https://archipel-tournefeuille.org/;https://arcismaillyramerupt.fr/;https://audunleroman.fr/;https://billom.fr/;https://boisme.fr/;https://bompas.fr/;https://broglie-27.fr/;https://bu-28.fr/;https://cdad-aube.fr/;https://cdad-ca-lyon.fr;https://cdad-dordogne.fr/;https://cdad-reunion.fr/;https://cdad14.fr/;https://cma-nouvelleaquitaine.fr/;https://collegien.fr//;https://commissaire-justice.fr/;https://communedefleurville.e-monsite.com/;https://communedevares.fr/;https://cubieres-sur-cinoble.fr/;https://douaisis.point-infofamille59.fr/;https://fampoux.fr/;https://fedechasseurslandes.com/;https://fessenheim.fr/;https://fncidff.info/;https://focicchia.corsica/;https://gouy-les-groseillers.fr/fr/;https://grand-langres.fr/;https://gressey.com/;https://greta-franche-comte.fr/;https://greta.ac-normandie.fr/;https://hasparren.fr/;https://kaleido.centres-sociaux.fr/;https://labarthesurleze.com/;https://laloubiere.fr/;https://levezier.jimdofree.com/;https://lurcy.fr/;https://mairie-brossay.fr/fra;https://mairie-labernerie.fr/;https://mairie-martres-tolosane.fr/;https://mairie-monistrol-sur-loire.fr/;https://mairie-romegoux.fr/;https://mairiecoulmiers.fr/;https://mairielegrandbornand.com/;https://mdeauxerrois.com/;https://mdph.doubs.fr/;https://missionlocalevilleneuvois.org/;https://ml-sartrouville.com/;https://mlblois.com/;https://mondragon.fr/;https://montesquiou.org/;https://montfleur39.fr/;https://moustoir-ac.fr/;https://nullemont.fr/;https://paulhac.fr/;https://piana.fr/;https://pouzolles.fr/;https://quingey.fr/;https://saintamanttallende.fr/;https://saintandredeseignanx.fr/;https://saintlaurentdupont.fr/;https://saintpauldevence.org/;https://salsigne.fr/;https://tuffalun.fr/;https://us-en-vexin.fr/;https://vairsurloire.fr/;https://valleederonsard.fr/;https://via28-asso.fr;https://ville-ceilhes.fr/;https://ville-de-cormelles-le-royal.fr/;https://ville-illzach.fr/;https://ville-sgla.fr/;https://villefontaine.fr/;https://www.abbeville.fr/;https://www.agglo-lepuyenvelay.fr/;https://www.alban.ccmav.fr/;https://www.alta-rocca.com/;https://www.ameli.fr/;https://www.apec.fr/;https://www.archeagglo.fr/;https://www.archipel-developpement.fr/;https://www.ardon45.fr/;https://www.auzits.fr/;https://www.banyuls-sur-mer.com/;https://www.bessieres.fr/;https://www.boisdamont.fr/;https://www.camboulazet12.fr/;https://www.capeb.fr/;https://www.carignan-ardennes.fr/;https://www.castelmorondalbret.fr/;https://www.caue02.com/fr/portail/378/index.html;https://www.ccce.fr/;https://www.ccpom.fr/;https://www.ccrlcm.fr/;https://www.cdad-2a.com/;https://www.cdad-guyane.fr/;https://www.cdad-jura.fr/;https://www.cdad-mayenne.fr/;https://www.cdad-moselle.justice.fr/;https://www.cdad06.fr/;https://www.cerema.fr/fr;https://www.ch-bourges.fr/;https://www.chambost-longessaigne.com/;https://www.chaource.fr/;https://www.chatillon-sur-indre.fr/;https://www.chru-nancy.fr/;https://www.chu-lyon.fr/;https://www.cleres.fr/;https://www.clermont-oise.fr/;https://www.cma-idf.fr/;https://www.combret-aveyron.fr/;https://www.commune-cerise.fr/;https://www.condamine.fr/;https://www.coteformations.fr/;https://www.couffe.fr/;https://www.credit-municipal-nimes.fr/;https://www.creil.fr/;https://www.curan.fr/;https://www.durcet.fr/;https://www.epide.fr/;https://www.ffbatiment.fr/;https://www.flore-habitatjeunes.org/;https://www.franconville54.fr/;https://www.gages-montrozier.fr/;https://www.grandchambord.fr/;https://www.grandlieu.fr/;https://www.greta-du-limousin.fr/;https://www.hauteloire.fr/;https://www.infojeune41.org/;https://www.infojeunes-paca.fr/;https://www.intercariforef.org/;https://www.ipeicc.com/;https://www.janailhac-mairie.fr/;https://www.jonzac-haute-saintonge.com/;https://www.labo-terana.fr/;https://www.lamarche88.com/;https://www.latour-bas-elne.com/;https://www.le-mesnil-esnard.fr/;https://www.le-quiou.fr/;https://www.leboulay.fr/;https://www.lemeesurseine.fr/;https://www.lesgets-mairie.fr/;https://www.lhopital-camfrout.fr/;https://www.liffre-cormier.fr/;https://www.logement-seniors.com/;https://www.loperhet.bzh/;https://www.loray.fr/;https://www.lot.fr/;https://www.mairie-antilly.fr/;https://www.mairie-ardin.fr/;https://www.mairie-ibos.fr/;https://www.mairie-lelamentin.fr/;https://www.mairie-lessy.fr/;https://www.mairie-luchon.fr/;https://www.mairie-moulay.fr/;https://www.mairie-saintfrancoislongchamp.fr/;https://www.mairie-socx.fr/;https://www.mairiedevenaco.corsica/;https://www.mairieisola.com/;https://www.martot.fr/;https://www.mauregard.fr/;https://www.missions-locales-corse.org/;https://www.missions-locales.org/;https://www.montegut65.fr/;https://www.montet-et-bouxal.fr/;https://www.montreuil.fr/;https://www.neufchatelenbray.fr/;https://www.nouvelle-aquitaine.fr/;https://www.parcs-naturels-regionaux.fr/;https://www.patay.fr/;https://www.peche17.org/;https://www.peyrusse-le-roc.fr/;https://www.pfastatt.fr/;https://www.pleucadeuc.fr/;https://www.pnr-foret-orient.fr/;https://www.pompiersdulot.fr/;https://www.pons-ville.fr/;https://www.pont-croix.fr/;https://www.pousthomy.fr/;https://www.quimperle-communaute.bzh/;https://www.rahon.fr/;https://www.retschwiller.fr/;https://www.ribecourt-dreslincourt.fr/;https://www.roquemaure-tarn.fr/;https://www.ruffeylesbeaune.fr/;https://www.safer-bretagne.fr/;https://www.saint-andeol-de-vals.fr/;https://www.saint-beauzely.fr/;https://www.saint-louis-en-lisle.fr/;https://www.saint-pierre-en-auge.fr/;https://www.saintalbanderoche.fr/;https://www.saintaubinsurmer.fr/;https://www.saintchaptes.com/;https://www.saintleu.re/;https://www.saintmartindheres.fr/;https://www.saintsaturnin.com/;https://www.segonzac19.fr/;https://www.segreenanjoubleu.fr/;https://www.sequedin.fr/;https://www.smdlyon.fr/;https://www.taillan-medoc.fr/;https://www.talence.fr/;https://www.tarbes.fr/;https://www.thumeries.fr/;https://www.touraine.fr/;https://www.udaf01.fr/;https://www.udaf02.fr/;https://www.udaf13.fr/;https://www.udaf14.fr/;https://www.udaf25.fr/;https://www.udaf2b.fr/;https://www.udaf33.fr/;https://www.udaf41.fr/;https://www.udaf54.fr/;https://www.udaf67.fr/;https://www.udaf91.fr/;https://www.unaf.fr/;https://www.urcaue-hautsdefrance.fr/fr/portail/197/index.html;https://www.varenne-saint-germain.fr/;https://www.vernaison.fr/;https://www.ville-abergement-la-ronce.fr/;https://www.ville-matoury.fr/;https://www.ville-montgiscard.fr/;https://www.ville-moriereslesavignon.fr/;https://www.villedomer.fr/;https://www.villiersenlieu.fr/;https://www.yvelines.fr/
fonts.gstatic.com,cdn_font,Google Fonts,Google,263,www.mairie-luchon.fr,https://fonts.gstatic.com,2026-09-16T16:43:59.219347+00:00,http://www.bazoches-sur-vesle.fr/;http://www.mairie-gonnevillesurhonfleur.fr/;http://www.plouractualites.fr/;https://2b.gretacfa.corsica/;https://ami-prevention.fr/;https://arceau.fr/;https://arcismaillyramerupt.fr/;https://artagnan.fr/;https://beaujeu04.fr/;https://beaumontsaintcyr.fr/fr/;https://belleville-en-beaujolais.fr/;https://broglie-27.fr/;https://bu-28.fr/;https://cagnac-les-mines.fr/fr/;https://cauxetsauzens.org/;https://cdad-dordogne.fr/;https://cdad37.fr/;https://cdg66.fr/;https://cdos64.org/;https://chamelet.fr/;https://chichee.fr/;https://cieutat.net/;https://cizay-la-madeleine.fr/;https://coetmieux.fr/fr/;https://commissaire-justice.fr/;https://commune-de-banteux.neopse-site.com/fr/;https://commune-de-lavancia-epercy.neopse-site.com/fr/;https://commune-de-tornac.neopse-site.com/fr/;https://communedevares.fr/;https://compains.fr/;https://corcoue-sur-logne.fr/fr/;https://crij-mayotte.fr/;https://cussac87.com/;https://dombasle-en-argonne.fr/;https://dordogne.mediatheques.fr/;https://erckartswiller.hanau-lapetitepierre.alsace/;https://esquerdes.fr/;https://etables.fr/;https://fampoux.fr/;https://fedechasseurslandes.com/;https://fessenheim.fr/;https://fleurieuxsurlarbresle.fr/fr/;https://focicchia.corsica/;https://fresnay-le-comte.fr/;https://fuans.fr/fr/;https://genas.fr/;https://gennes25.fr/fr/;https://goersdorf-mitschdorf.fr/;https://gouy-les-groseillers.fr/fr/;https://gressey.com/;https://hasparren.fr/;https://info-jeunes.fr/isere/;https://la-benisson-dieu.fr/;https://la-foye-monjault.fr/fr/;https://labarthesurleze.com/;https://lacroix-barrezencarladez.fr/;https://larivieresaintsauveur.fr/fr/;https://lavelanetdecomminges.fr/;https://le-port-ariege.fr/;https://loiret.chambres-agriculture.fr/;https://louvie-juzon.fr/;https://luchapt.fr/;https://luchy.fr/fr/;https://luppe-violles.fr/;https://luynes.fr/;https://mairie-bengy.fr/;https://mairie-bricon.fr/;https://mairie-coutevroult.fr/;https://mairie-diconne.fr/;https://mairie-gambsheim.fr/;https://mairie-gros-chastang.fr/;https://mairie-labernerie.fr/;https://mairie-nogaret.fr/;https://mairie-romegoux.fr/;https://mairie-tromborn.fr/;https://mairie-vougy.fr/;https://malbosc.fr/;https://manduel.fr/;https://mdeauxerrois.com/;https://mdph.doubs.fr/;https://mehers.fr/;https://mio-reunion.re/;https://mirepeisset.fr/;https://ml-fougeres.com/;https://mlblois.com/;https://mlna44.org/;https://molieres-sur-ceze.fr/;https://mondragon.fr/;https://montilliers49.fr/fr/;https://oberhergheim.fr/;https://obies.fr/;https://ormenans.fr/;https://oudezeele.fr/;https://paulhac.fr/;https://peyzac-le-moustier-perigord.fr/;https://ponthevrard.fr/;https://reau.fr/fr/;https://richebourg78.fr/;https://rilhac-rancon.fr/fr/;https://saint-bonnet-les-oules.fr/;https://saint-guinoux.fr/;https://saint-julien-du-pinet.fr/;https://saint-nicolas-du-tertre.fr/;https://saint-saturnin72.fr/fr/;https://saintamanttallende.fr/;https://saintecroixenjarez.fr/;https://saintjeandebournay.fr/;https://saintlaurentdupont.fr/;https://saizerais.fr/;https://salornay-sur-guye.fr/;https://sancey.org/;https://saulnot.fr/;https://seyssinet-pariset.fr/;https://sognolles-en-montois.fr/;https://strazeele.info/;https://thuir.fr/;https://trigance.fr/;https://vairsurloire.fr/;https://valleederonsard.fr/;https://valromey-sur-seran.fr/;https://vicsuraisne.fr/fr/;https://villagebeauvoir60.fr/fr/;https://ville-ceilhes.fr/;https://ville-illzach.fr/;https://ville-sgla.fr/;https://voraysurlognon.fr/;https://www.agirc-arrco.fr/particuliers/mes_contacts/nous-contacter/agences-retraite/;https://www.ajoca.fr/;https://www.alepte.fr/;https://www.alta-rocca.com/;https://www.arc-sud-bretagne.fr/;https://www.areams.fr/;https://www.baignes-sainte-radegonde.fr/;https://www.banyuls-sur-mer.com/;https://www.bellac.fr/;https://www.bernes-sur-oise.fr/fr/;https://www.bessieres.fr/;https://www.boisdamont.fr/;https://www.bouilland.fr/;https://www.bourgbarre.fr/;https://www.bournezeau.fr/fr/;https://www.bromont-lamothe.fr/fr/;https://www.cambes33.fr/;https://www.cassuejouls.fr/;https://www.caylus.com/;https://www.cc-paysdesaverne.fr/;https://www.ccpsp24.fr/fr/;https://www.cdad-eure.fr/;https://www.cdad-hautsdeseine.justice.fr/;https://www.cdad-seinemaritime.fr/;https://www.cernoy.fr/fr/;https://www.ch-bourges.fr/;https://www.ch-stlo.fr/;https://www.chamberet.net/;https://www.chaource.fr/;https://www.chatelaudren-plouagat.fr/;https://www.chatillon-sur-indre.fr/;https://www.chavannessurreyssouze.fr/fr/;https://www.clavim.asso.fr/;https://www.cosse-le-vivien.fr/;https://www.couffe.fr/;https://www.courlaoux.fr/;https://www.creches-sur-saone.com/fr/;https://www.crouy-sur-ourcq.fr/;https://www.dampierre-jura.fr/;https://www.dourgne.fr/;https://www.essonne.cci.fr/;https://www.eymet-dordogne.fr/fr/;https://www.gesvres53.fr/;https://www.grandchambord.fr/;https://www.hopital-breil-roya.com/;https://www.infojeunes-na.fr/;https://www.inovalys.fr/;https://www.janailhac-mairie.fr/;https://www.jonzac-haute-saintonge.com/;https://www.juzetdeluchon.com/;https://www.la-chapelle-aux-filtzmeens.fr/;https://www.la-marne.fr/;https://www.lacailleresainthilaire.fr/;https://www.lafertemilon.fr/fr/;https://www.laignestgervais.fr/;https://www.lasauniere.fr/;https://www.latour-bas-elne.com/;https://www.le-quiou.fr/;https://www.lecrocq.fr/fr/;https://www.lereflexenotaire.fr/;https://www.lieux.gref-bretagne.com/liste-des-lieux;https://www.liffre-cormier.fr/;https://www.logonna-daoulas.bzh/;https://www.loray.fr/;https://www.louisfert.fr/;https://www.mairie-aixesurvienne.fr/;https://www.mairie-epaignes.fr/;https://www.mairie-ibos.fr/;https://www.mairie-luchon.fr/;https://www.mairie-moulay.fr/;https://www.mairie-saintcyrenval.fr/;https://www.mairiedevenaco.corsica/;https://www.mairieisola.com/;https://www.mairiethaon14.fr/;https://www.mauregard.fr/;https://www.migne-auxances.fr/;https://www.missions-locales-corse.org/;https://www.missionslocalesardeche.fr/;https://www.mittelhausbergen.fr/;https://www.mlgenevois.org/;https://www.mlpaysretz.com/;https://www.moiransenmontagne.fr/;https://www.monsempronlibos.fr/;https://www.mortain-bocage.fr/fr/;https://www.neufchatelenbray.fr/;https://www.nizas32.fr/;https://www.noyellessousbellonne.fr/;https://www.pays-ozon.com/;https://www.paysdelarbresle.fr/;https://www.pleucadeuc.fr/;https://www.pons-ville.fr/;https://www.pontoise-les-noyon.fr/;https://www.quimperle-communaute.bzh/;https://www.rille.fr/;https://www.rochespremarieandille.fr/;https://www.roquemaure-tarn.fr/;https://www.rougemont-doubs.fr/fr/;https://www.ruminghem.fr/;https://www.saint-aignan56.fr/;https://www.saint-amand-sur-fion.fr/fr/;https://www.saint-brieuc.bzh/;https://www.saint-christophe-du-bois.fr/;https://www.saint-gilles.fr/;https://www.saint-nicolas-aliermont.fr/;https://www.saint-soupplets.fr/;https://www.saintarnoultenyvelines.fr/fr/;https://www.saintjulienlesvillas.fr/;https://www.saintmartindebernegoue.fr/fr/;https://www.saintpeydecastets.fr/;https://www.scorbe-clairvaux.fr/;https://www.sdis79.fr/;https://www.sennecay18.fr/;https://www.seraincourt95.fr/;https://www.smdlyon.fr/;https://www.sondernach.fr/fr/;https://www.taillan-medoc.fr/;https://www.talence.fr/;https://www.tarbes.fr/;https://www.thumeries.fr/;https://www.tourville-en-auge.fr/fr/;https://www.trie-chateau.fr/fr/;https://www.tronget.fr/;https://www.unaf.fr/;https://www.vernaison.fr/;https://www.vert78930.fr/;https://www.verteillac.fr/;https://www.ville-bergheim.fr/;https://www.ville-desvres.fr/;https://www.ville-lafleche.fr/;https://www.ville-montgiscard.fr/;https://www.ville-moriereslesavignon.fr/;https://www.ville.allennes.fr/;https://www.villehoudan.fr/;https://www.vineuilsaintfirmin.fr/fr/;https://www.vitrolles05.fr/fr/;https://www.vosges.fr/;https://www.wentzwiller.fr/
gmpg.org,altro_terzo_parte,https://gmpg.org/xfn/11,https://gmpg.org/xfn/11,275,www.ch-moulins-yzeure.fr,https://gmpg.org/xfn/11,2026-09-16T16:45:00.779931+00:00,http://www.perouse.eu/;http://www.tramecourt.fr/;https://ablainstnazaire.org/;https://apetitspas.net/;https://aramon.fr/;https://arceau.fr/;https://archipel-tournefeuille.org/;https://arcismaillyramerupt.fr/;https://artagnan.fr/;https://audunleroman.fr/;https://barjac.fr/;https://beaujeu04.fr/;https://beruges.fr/;https://broglie-27.fr/;https://calade.org/;https://cauxetsauzens.org/;https://cdad14.fr/;https://chamelet.fr/;https://chatel-en-trieves.fr/;https://chichee.fr/;https://cieutat.net/;https://cizay-la-madeleine.fr/;https://clic-cambresis.fr/;https://communederolampont.wordpress.com/;https://compains.fr/;https://conlie.fr/;https://cussac87.com/;https://diebling.fr/;https://divion.fr/;https://douaisis.point-infofamille59.fr/;https://erckartswiller.hanau-lapetitepierre.alsace/;https://etables.fr/;https://fontenelle.fr/;https://fresnay-le-comte.fr/;https://gavrelle.fr/;https://gressey.com/;https://greta-cfa-aquitaine.fr/;https://greta-franche-comte.fr/;https://handicap.paris.fr/;https://haute-marne.fr/;https://ij70.jeunes-bfc.fr/info-jeunes-hericourt/;https://info-jeunes.fr/isere/;https://la-benisson-dieu.fr/;https://labarthesurleze.com/;https://lacheze.bzh/;https://lacroix-barrezencarladez.fr/;https://lagreesaintlaurent.fr/;https://laloubiere.fr/;https://lavelanetdecomminges.fr/;https://lercoul-09.fr/;https://louvie-juzon.fr/;https://luchapt.fr/;https://luppe-violles.fr/;https://lurcy.fr/;https://luynes.fr/;https://machemont.fr/;https://mairie-bengy.fr/;https://mairie-betheniville.fr/;https://mairie-bricon.fr/;https://mairie-carresse-cassaber.fr/;https://mairie-cour-cheverny.fr/;https://mairie-diconne.fr/;https://mairie-gambsheim.fr/;https://mairie-gros-chastang.fr/;https://mairie-les-mollettes.fr/;https://mairie-martres-tolosane.fr/;https://mairie-monistrol-sur-loire.fr/;https://mairie-nogaret.fr/;https://mairie-sevenans.fr/;https://mairie-tignes.fr/;https://mairie-tromborn.fr/;https://mairiecoulmiers.fr/;https://mairielachapelleblanche.fr/;https://malbosc.fr/;https://malmerspach.com/;https://maurens-scopont.fr/;https://mdeauxerrois.com/;https://mehers.fr/;https://mlloiretouraine.org/;https://mlna44.org/;https://molieres-sur-ceze.fr/;https://montagnystefelicite.fr/;https://moustoir-ac.fr/;https://ney-jura.fr/;https://nievre.fr/;https://oberhergheim.fr/;https://obies.fr/;https://ormenans.fr/;https://oudezeele.fr/;https://parfondru.fr/;https://paulhac.fr/;https://paysdeluxeuil.fr/;https://peyzac-le-moustier-perigord.fr/;https://ponthevrard.fr/;https://porte-de-savoie.fr/;https://prunellidifiumorbu.fr/;https://quingey.fr/;https://redene.bzh/;https://richebourg78.fr/;https://rocroi.fr/;https://romille.fr/;https://saint-bonnet-les-oules.fr/;https://saint-goazec.bzh/;https://saint-guinoux.fr/;https://saint-julien-du-pinet.fr/;https://saint-nicolas-du-tertre.fr/;https://saintjeandebournay.fr/;https://saintlaurentdupont.fr/;https://saintpauldevence.org/;https://saizerais.fr/;https://salornay-sur-guye.fr/;https://samois-sur-seine.fr/;https://sancey.org/;https://saulnot.fr/;https://somme-suippe.fr/;https://stcoutantlegrandblog.wordpress.com/;https://strazeele.info/;https://surin79.fr/;https://theil-rabier.fr/;https://trigance.fr/;https://uroc-hautsdefrance.fr/;https://us-en-vexin.fr/;https://valleederonsard.fr/;https://valromey-sur-seran.fr/;https://vergeze.fr/;https://villarsetvillenotte.wordpress.com/;https://ville-ansesdarlet.fr/;https://ville-carros.fr/;https://ville-ceilhes.fr/;https://ville-de-chauray.fr/;https://ville-de-cormelles-le-royal.fr/;https://ville-illzach.fr/;https://villefontaine.fr/;https://villerslamontagne.fr/;https://voraysurlognon.fr/;https://web.reunionprospectivecompetences.org/;https://www.abbeville.fr/;https://www.allauch.com/;https://www.alpedhuez-mairie.fr/;https://www.alta-rocca.com/;https://www.arc-et-senans.com/;https://www.arc-sud-bretagne.fr/;https://www.ardon45.fr/;https://www.areams.fr/;https://www.arel08500.fr/;https://www.arsac.fr/;https://www.auzits.fr/;https://www.badens.fr/;https://www.baignes-sainte-radegonde.fr/;https://www.bailly-romainvilliers.fr/;https://www.bellac.fr/;https://www.boisdamont.fr/;https://www.bouin.fr/;https://www.bouleurs.fr/;https://www.bourgbarre.fr/;https://www.brienangissienne.fr/;https://www.camboulazet12.fr/;https://www.carignan-ardennes.fr/;https://www.caue23.fr/;https://www.cc-desvressamer.fr/;https://www.cc-valdamboise.fr/;https://www.ccce.fr/;https://www.ccpmb.fr/;https://www.cdad-ca-rennes.fr/;https://www.cdad-mayenne.fr/;https://www.cdad07.fr/;https://www.cdad79.fr/;https://www.cdg37.fr/;https://www.ch-moulins-yzeure.fr/;https://www.chaource.fr/;https://www.codecom-paysdemontmedy.fr/;https://www.combret-aveyron.fr/;https://www.commune-sablons.fr/;https://www.connerre.fr/;https://www.cournon-auvergne.fr/;https://www.credit-municipal-nimes.fr/;https://www.curan.fr/;https://www.dixmont-yonne.fr/;https://www.dourgne.fr/;https://www.duerne.fr/;https://www.epinay-sur-seine.fr/;https://www.eveux.fr/;https://www.finistere.fr/;https://www.fncaue.com/;https://www.fontaine-les-coteaux.fr/;https://www.gages-montrozier.fr/;https://www.gosne.fr/;https://www.grandchambord.fr/;https://www.greta-du-limousin.fr/;https://www.harbonnieres.fr/;https://www.infojeunes-paca.fr/;https://www.isigny-le-buat.fr/;https://www.jura.fr/;https://www.labo-terana.fr/;https://www.labreillelespins.com/;https://www.lachapellebaton86.fr/;https://www.ladrome.fr/;https://www.laignestgervais.fr/;https://www.lasauniere.fr/;https://www.lattainville.info/;https://www.le-mesnil-esnard.fr/;https://www.lealvillers.fr/;https://www.lefolgoet.fr/;https://www.liffre-cormier.fr/;https://www.loperhet.bzh/;https://www.magnet03.fr/;https://www.mairie-aixesurvienne.fr/;https://www.mairie-antilly.fr/;https://www.mairie-barc.fr/;https://www.mairie-benagues.fr/;https://www.mairie-castelnau-medoc.fr/;https://www.mairie-laclayette.fr/;https://www.mairie-lessy.fr/;https://www.mairie-saintcyrenval.fr/;https://www.mairiechaulnes.fr/;https://www.mairieisola.com/;https://www.mairiethaon14.fr/;https://www.mauregard.fr/;https://www.missions-locales-corse.org/;https://www.molliensdreuil.fr/;https://www.monfort.fr/;https://www.montaigut-sur-save.com/;https://www.montarnaud.com/;https://www.montdemarsan.fr/;https://www.montigny-lencoup.fr/;https://www.montussan.fr/;https://www.morgny-la-pommeraye.fr/;https://www.murs-erigne.fr/;https://www.neufchatelenbray.fr/;https://www.osselle-routelle.fr/;https://www.paillencourt.fr/;https://www.parcduvexin.fr/;https://www.patay.fr/;https://www.paysdelarbresle.fr/;https://www.pernois.fr/;https://www.petitcaux.fr/;https://www.peyrusse-le-roc.fr/;https://www.plaisancedutouch.fr/;https://www.ploermel.bzh/;https://www.pont-croix.fr/;https://www.pousthomy.fr/;https://www.querrieu.fr/;https://www.quimperle-communaute.bzh/;https://www.remigny.fr/;https://www.retschwiller.fr/;https://www.roquemaure-tarn.fr/;https://www.safer-bretagne.fr/;https://www.sainsenamienois.fr/;https://www.saint-beauzely.fr/;https://www.saint-gilles.fr/;https://www.saintalbanderoche.fr/;https://www.saintetiennedefougeres.fr/;https://www.saintleu.re/;https://www.saintmartindecrau.fr/;https://www.sdis79.fr/;https://www.simetra.fr/;https://www.stbrice87.fr/;https://www.taillan-medoc.fr/;https://www.taponas.fr/;https://www.tarbes.fr/;https://www.therouanne.fr/;https://www.thumeries.fr/;https://www.tournan-en-brie.fr/;https://www.tronget.fr/;https://www.venterol.net/;https://www.verteillac.fr/;https://www.ville-chevilly-larue.fr/;https://www.ville-lafleche.fr/;https://www.ville-lebeausset.fr/;https://www.ville-maurs.fr/;https://www.ville-notre-dame-doe.fr/;https://www.ville-senlis.fr/;https://www.ville-valbonne.fr/;https://www.villehoudan.fr/;https://www.wildersbach.fr/
fonts.googleapis.com,cdn_font,Google Fonts,Google,514,www.mairie-luchon.fr,https://fonts.googleapis.com,2026-09-16T16:43:59.219347+00:00,http://www.bazoches-sur-vesle.fr/;http://www.lvd82.fr/;http://www.mairie-gonnevillesurhonfleur.fr/;http://www.plouractualites.fr/;https://ami-prevention.fr/;https://aramon.fr/;https://arceau.fr/;https://archipel-tournefeuille.org/;https://archives.ariege.fr/;https://arcismaillyramerupt.fr/;https://ariege.fr/;https://artagnan.fr/;https://association-saintmartin.fr/;https://audunleroman.fr/;https://baumelesmessieurs.fr/;https://beaujeu04.fr/;https://beaumontsaintcyr.fr/fr/;https://belleville-en-beaujolais.fr/;https://beruges.fr/;https://billom.fr/;https://boisme.fr/;https://broglie-27.fr/;https://bu-28.fr/;https://cagnac-les-mines.fr/fr/;https://calade.org/;https://cauxetsauzens.org/;https://cdad-aube.fr/;https://cdad-dordogne.fr/;https://cdad37.fr/;https://cdg66.fr/;https://cdos64.org/;https://chamelet.fr/;https://chichee.fr/;https://cieutat.net/;https://cizay-la-madeleine.fr/;https://clic-cambresis.fr/;https://coetmieux.fr/fr/;https://collegien.fr//;https://commissaire-justice.fr/;https://commune-de-banteux.neopse-site.com/fr/;https://commune-de-courcy.fr/;https://commune-de-lavancia-epercy.neopse-site.com/fr/;https://commune-de-tornac.neopse-site.com/fr/;https://compains.fr/;https://conlie.fr/;https://corcoue-sur-logne.fr/fr/;https://crij-mayotte.fr/;https://cussac87.com/;https://dordogne.mediatheques.fr/;https://erckartswiller.hanau-lapetitepierre.alsace/;https://esquerdes.fr/;https://etables.fr/;https://fampoux.fr/;https://fedechasseurslandes.com/;https://federationpeche18.fr/;https://fessenheim.fr/;https://fleurieuxsurlarbresle.fr/fr/;https://fontenelle.fr/;https://forum-assures.ameli.fr/;https://fresnay-le-comte.fr/;https://fuans.fr/fr/;https://gamarde-les-bains.com/;https://gavrelle.fr/;https://genas.fr/;https://gennes25.fr/fr/;https://goersdorf-mitschdorf.fr/;https://gouy-les-groseillers.fr/fr/;https://gressey.com/;https://greta-franche-comte.fr/;https://hasparren.fr/;https://hautsdefrance.cci.fr/;https://ij70.jeunes-bfc.fr/info-jeunes-hericourt/;https://info-jeunes-grandest.fr;https://info-jeunes-grandest.fr/;https://jonquieres-st-vincent.com/;https://la-benisson-dieu.fr/;https://la-foye-monjault.fr/fr/;https://labarthesurleze.com/;https://labbeville.fr/;https://lacroix-barrezencarladez.fr/;https://lagreesaintlaurent.fr/;https://laloubiere.fr/;https://lapagelocale.com;https://larivieresaintsauveur.fr/fr/;https://lavelanetdecomminges.fr/;https://le-port-ariege.fr/;https://lercoul-09.fr/;https://loiret.chambres-agriculture.fr/;https://longeves85.fr/;https://louvie-juzon.fr/;https://luchapt.fr/;https://luchy.fr/fr/;https://luppe-violles.fr/;https://luynes.fr/;https://machemont.fr/;https://mag.agglo-lenslievin.fr/;https://mairie-bengy.fr/;https://mairie-betheniville.fr/;https://mairie-bricon.fr/;https://mairie-brossay.fr/fra;https://mairie-carresse-cassaber.fr/;https://mairie-cour-cheverny.fr/;https://mairie-coutevroult.fr/;https://mairie-de-mexy.fr/;https://mairie-diconne.fr/;https://mairie-gambsheim.fr/;https://mairie-gros-chastang.fr/;https://mairie-labernerie.fr/;https://mairie-le-perthus.com/;https://mairie-les-mollettes.fr/;https://mairie-nogaret.fr/;https://mairie-sevenans.fr/;https://mairie-tignes.fr/;https://mairie-tromborn.fr/;https://mairie-vaux.fr/;https://mairielachapelleblanche.fr/;https://malbosc.fr/;https://manduel.fr/;https://maurens-scopont.fr/;https://mdeauxerrois.com/;https://mdph.doubs.fr/;https://mehers.fr/;https://mercatel.fr/;https://mio-reunion.re/;https://mirepeisset.fr/;https://ml-fougeres.com/;https://ml-sartrouville.com/;https://mlloiretouraine.org/;https://mlna44.org/;https://molieres-sur-ceze.fr/;https://mondragon.fr/;https://montesquiou.org/;https://montilliers49.fr/fr/;https://nievre.fr/;https://nullemont.fr/;https://oberhergheim.fr/;https://obies.fr/;https://ormenans.fr/;https://oudezeele.fr/;https://parfondru.fr/;https://paulhac.fr/;https://paysdeluxeuil.fr/;https://pech.fr/;https://peyzac-le-moustier-perigord.fr/;https://piana.fr/;https://ponthevrard.fr/;https://porte-de-savoie.fr/;https://pouzolles.fr/;https://prunellidifiumorbu.fr/;https://quingey.fr/;https://reau.fr/fr/;https://richebourg78.fr/;https://rilhac-rancon.fr/fr/;https://rocroi.fr/;https://romille.fr/;https://saint-benoit-sur-loire.fr/;https://saint-bonnet-les-oules.fr/;https://saint-guinoux.fr/;https://saint-hilaire-aude.fr/;https://saint-julien-du-pinet.fr/;https://saint-nicolas-du-tertre.fr/;https://saint-saturnin72.fr/fr/;https://saintalexandre.fr/;https://saintamanttallende.fr/;https://saintandredeseignanx.fr/;https://saintjeandebournay.fr/;https://saintjeansaintgermain.fr/;https://saintlaurentdupont.fr/;https://saintpauldevence.org/;https://saizerais.fr/;https://salornay-sur-guye.fr/;https://salsigne.fr/;https://sancey.org/;https://sapeurs-pompiers65.fr/;https://saubrigues.fr/;https://saulnot.fr/;https://seyssinet-pariset.fr/;https://sites.google.com/view/mairiedelaire/accueil;https://sognolles-en-montois.fr/;https://strazeele.info/;https://trigance.fr/;https://tuffalun.fr/;https://us-en-vexin.fr/;https://valleederonsard.fr/;https://valromey-sur-seran.fr/;https://via28-asso.fr;https://vicsuraisne.fr/fr/;https://villagebeauvoir60.fr/fr/;https://ville-ansesdarlet.fr/;https://ville-beaurepaire.fr/;https://ville-ceilhes.fr/;https://ville-de-chauray.fr/;https://ville-illzach.fr/;https://ville-montbrison.fr/;https://ville-saint-gobain.fr/;https://ville-sgla.fr/;https://villefontaine.fr/;https://villeneuve01.fr/;https://voraysurlognon.fr/;https://web.reunionprospectivecompetences.org/;https://www.adswf.fr/;https://www.agglo-lepuyenvelay.fr/;https://www.agirc-arrco.fr/particuliers/mes_contacts/nous-contacter/agences-retraite/;https://www.ajoca.fr/;https://www.alepte.fr/;https://www.allauch.com/;https://www.alta-rocca.com/;https://www.anneyron.fr/;https://www.arc-et-senans.com/;https://www.arc-sud-bretagne.fr/;https://www.areams.fr/;https://www.arel08500.fr/;https://www.arsac.fr/;https://www.association-pari.com/;https://www.auzits.fr/;https://www.baignes-sainte-radegonde.fr/;https://www.bailly-romainvilliers.fr/;https://www.banyuls-sur-mer.com/;https://www.bazet.fr/;https://www.bellac.fr/;https://www.bernes-sur-oise.fr/fr/;https://www.bessieres.fr/;https://www.boisdamont.fr/;https://www.bouilland.fr/;https://www.bouin.fr/;https://www.bouleurs.fr/;https://www.bourgbarre.fr/;https://www.bournezeau.fr/fr/;https://www.bouzic.fr/;https://www.bromont-lamothe.fr/fr/;https://www.bussy-albieux.fr/;https://www.cambes33.fr/;https://www.camboulazet12.fr/;https://www.cartelegue.fr/;https://www.cassuejouls.fr/;https://www.castelmorondalbret.fr/;https://www.caudecoste.fr/;https://www.caylus.com/;https://www.cc-auzon.fr/;https://www.cc-desvressamer.fr/;https://www.cc-paysdesaverne.fr/;https://www.cc-paysdevalois.fr/;https://www.cc-valdamboise.fr/;https://www.ccce.fr/;https://www.ccpom.fr/;https://www.ccpsp24.fr/fr/;https://www.cdad-2a.com/;https://www.cdad-eure.fr/;https://www.cdad-hautsdeseine.justice.fr/;https://www.cdad-seinemaritime.fr/;https://www.cdad06.fr/;https://www.cernoy.fr/fr/;https://www.ch-bourges.fr/;https://www.ch-perpignan.fr/accueil-3.html;https://www.ch-stlo.fr/;https://www.chamberet.net/;https://www.chaource.fr/;https://www.chateauneuflesmartigues.fr/;https://www.chatelaudren-plouagat.fr/;https://www.chatillon-sur-indre.fr/;https://www.chavannessurreyssouze.fr/fr/;https://www.ciez.fr/;https://www.citou.fr/;https://www.cleres.fr/;https://www.clermont-oise.fr/;https://www.cliccoeuressonne.fr/;https://www.cm-tarn.fr/;https://www.codecom-paysdemontmedy.fr/;https://www.combret-aveyron.fr/;https://www.commune-cerise.fr/;https://www.commune-sablons.fr/;https://www.condamine.fr/;https://www.cosse-le-vivien.fr/;https://www.cotedor.fr/;https://www.couetronauperche.fr/;https://www.couffe.fr/;https://www.courlaoux.fr/;https://www.creches-sur-saone.com/fr/;https://www.creil.fr/;https://www.cresserons.fr/;https://www.crous-lille.fr/;https://www.crouy-sur-ourcq.fr/;https://www.curan.fr/;https://www.damgan.fr/;https://www.dammartinsurtigeaux.net/;https://www.dampierre-jura.fr/;https://www.dauendorf-neubourg.fr/;https://www.dixmont-yonne.fr/;https://www.doubs.fr/;https://www.dourgne.fr/;https://www.duerne.fr/;https://www.durcet.fr/;https://www.duttlenheim.fr/;https://www.emploi-des-jeunes53.org/;https://www.ereac.fr/;https://www.ergersheim.fr/;https://www.escalquens.fr/;https://www.essonne.cci.fr/;https://www.essonne.fr/;https://www.eveux.fr/;https://www.eymet-dordogne.fr/fr/;https://www.flore-habitatjeunes.org/;https://www.fncaue.com/;https://www.fresnayleveque.fr/;https://www.gages-montrozier.fr/;https://www.gesvres53.fr/;https://www.giremoutiers.fr/;https://www.gironde.fr/;https://www.givenchy-en-gohelle.fr/;https://www.gond-pontouvre.fr/;https://www.gosne.fr/;https://www.grace-uzel.fr/;https://www.grandchambord.fr/;https://www.grandlieu.fr/;https://www.greta-du-limousin.fr/;https://www.grussenheim.fr/;https://www.gunstett.fr/;https://www.haegen.fr/;https://www.harbonnieres.fr/;https://www.hopital-breil-roya.com/;https://www.iae34.org/;https://www.infojeunes-na.fr/;https://www.infojeunes-paca.fr/;https://www.inovalys.fr/;https://www.intercariforef.org/;https://www.ipeicc.com/;https://www.isula.corsica/;https://www.janailhac-mairie.fr/;https://www.jonquieres34.fr/;https://www.juzetdeluchon.com/;https://www.la-marne.fr/;https://www.lacailleresainthilaire.fr/;https://www.lachapellebaton86.fr/;https://www.lafertemilon.fr/fr/;https://www.laignestgervais.fr/;https://www.lamarche88.com/;https://www.landelles.fr/;https://www.lapeyratte.fr/accueil.html;https://www.laravoire.fr/;https://www.lasauniere.fr/;https://www.lattainville.info/;https://www.le-mesnil-esnard.fr/;https://www.le-quiou.fr/;https://www.lealvillers.fr/;https://www.leboulay.fr/;https://www.lecrocq.fr/fr/;https://www.lefolgoet.fr/;https://www.lemeesurseine.fr/;https://www.lemesnilsaintdenis.fr/;https://www.lereflexenotaire.fr/;https://www.les-caue-occitanie.fr/;https://www.lieux.gref-bretagne.com/liste-des-lieux;https://www.liffre-cormier.fr/;https://www.limetz-villez.fr/;https://www.logonna-daoulas.bzh/;https://www.loiret.fr/;https://www.loperhet.bzh/;https://www.loray.fr/;https://www.louisfert.fr/;https://www.magnet03.fr/;https://www.mairie-aixesurvienne.fr/;https://www.mairie-antilly.fr/;https://www.mairie-ardin.fr/;https://www.mairie-athis-mons.fr/;https://www.mairie-barc.fr/;https://www.mairie-epaignes.fr/;https://www.mairie-eymoutiers.fr/;https://www.mairie-jouetsurlaubois.fr/;https://www.mairie-laclayette.fr/;https://www.mairie-lelamentin.fr/;https://www.mairie-lessy.fr/;https://www.mairie-luchon.fr/;https://www.mairie-moulay.fr/;https://www.mairie-saintfrancoislongchamp.fr/;https://www.mairiedesamoens.fr/;https://www.mairiedevenaco.corsica/;https://www.mairieisola.com/;https://www.mairieneuvic.fr/;https://www.mairiesaintantoninsurbayon.fr/;https://www.mairiethaon14.fr/;https://www.manche.fr/;https://www.manthelan.fr/;https://www.marange-zondrange.fr/;https://www.marcillacsaintquentin.fr/;https://www.marolles-sur-seine.fr/;https://www.marquette-en-ostrevant.fr/;https://www.martot.fr/;https://www.mauregard.fr/;https://www.messery.fr/;https://www.migne-auxances.fr/;https://www.missions-locales-corse.org/;https://www.mittelhausbergen.fr/;https://www.ml-vitry-le-francois.fr/;https://www.mlgenevois.org/;https://www.mltouraine.com/;https://www.moiransenmontagne.fr/;https://www.monfort.fr/;https://www.monsempronlibos.fr/;https://www.montaigut-sur-save.com/;https://www.montmorot.fr/;https://www.montussan.fr/;https://www.mortagne-sur-gironde.fr/;https://www.mortain-bocage.fr/fr/;https://www.murs-erigne.fr/;https://www.neufchatelenbray.fr/;https://www.nizas32.fr/;https://www.noyellessousbellonne.fr/;https://www.parnac.fr/;https://www.pays-ozon.com/;https://www.paysdelandi.com/;https://www.paysdelarbresle.fr/;https://www.pernant.fr/;https://www.peyrusse-le-roc.fr/;https://www.pfastatt.fr/;https://www.pleucadeuc.fr/;https://www.plouguenast-langast.fr/;https://www.pnr-foret-orient.fr/;https://www.poitiers.cci.fr/;https://www.polminhac.fr/;https://www.pomeys.fr/;https://www.pont-croix.fr/;https://www.pontduchateau.fr/;https://www.pontoise-les-noyon.fr/;https://www.pousthomy.fr/;https://www.querrieu.fr/;https://www.quimperle-communaute.bzh/;https://www.rahon.fr/;https://www.remigny.fr/;https://www.retschwiller.fr/;https://www.ribecourt-dreslincourt.fr/;https://www.rille.fr/;https://www.rivage84.fr/;https://www.rochespremarieandille.fr/;https://www.roquemaure-tarn.fr/;https://www.rosselange.fr/;https://www.rougemont-doubs.fr/fr/;https://www.roye.eu/;https://www.ruminghem.fr/;https://www.saferdenormandie.fr/;https://www.saint-aignan56.fr/;https://www.saint-amand-sur-fion.fr/fr/;https://www.saint-beauzely.fr/;https://www.saint-brieuc.bzh/;https://www.saint-christophe-du-bois.fr/;https://www.saint-gilles.fr/;https://www.saint-glen.com/;https://www.saint-nicolas-aliermont.fr/;https://www.saint-soupplets.fr/;https://www.saintalbanderoche.fr/;https://www.saintarnoultenyvelines.fr/fr/;https://www.saintetiennedefougeres.fr/;https://www.saintleu.re/;https://www.saintmartindebernegoue.fr/fr/;https://www.saintpeydecastets.fr/;https://www.saintsaturnin.com/;https://www.saintvictoret.fr/;https://www.sarrebourg.fr/;https://www.saulge.fr/;https://www.scorbe-clairvaux.fr/;https://www.sdis79.fr/;https://www.sequedin.fr/;https://www.sillingy.fr/;https://www.sondernach.fr/fr/;https://www.stbrice87.fr/;https://www.stgeorges79.fr/accueil.html;https://www.taillan-medoc.fr/;https://www.taponas.fr/;https://www.tarbes.fr/;https://www.tarn.fr/;https://www.thieulin.com/;https://www.thouare.fr/;https://www.thumeries.fr/;https://www.touraine.fr/;https://www.tournan-en-brie.fr/;https://www.tourville-en-auge.fr/fr/;https://www.trie-chateau.fr/fr/;https://www.tronget.fr/;https://www.usson-en-forez.fr/;https://www.uttenheim.fr/;https://www.valdalliere.fr/;https://www.varenne-saint-germain.fr/;https://www.vaucluse.fr/;https://www.venterol.net/;https://www.vernaison.fr/;https://www.vernsurseiche.fr/accueil;https://www.vert78930.fr/;https://www.verteillac.fr/;https://www.villaz.fr/;https://www.ville-bergheim.fr/;https://www.ville-de-jarnac.fr/;https://www.ville-desvres.fr/;https://www.ville-eguisheim.fr/;https://www.ville-estaires.fr/;https://www.ville-grande-synthe.fr/;https://www.ville-lafleche.fr/;https://www.ville-lebeausset.fr/;https://www.ville-lepassage.fr/;https://www.ville-loches.fr/;https://www.ville-montgiscard.fr/;https://www.ville-moriereslesavignon.fr/;https://www.ville-notre-dame-doe.fr/;https://www.ville-riom-es-montagnes.fr/;https://www.ville-saint-ay.fr/;https://www.ville-soreze.fr/;https://www.ville-tavaux.fr/;https://www.ville-toucy.fr/;https://www.ville.allennes.fr/;https://www.villehoudan.fr/;https://www.vineuilsaintfirmin.fr/fr/;https://www.vitrolles05.fr/fr/;https://www.vosges.fr/;https://www.wentzwiller.fr/;https://www.xaintrie-val-dordogne.fr/;https://www.zoufftgen.fr/
