hostname,comune,regione,codice_ipa,http_status_classificazione,http_errore_classificazione,tipo_ente_rilevato,punteggio_top,categorie_rilevate_punteggi,pagina_probabilmente_bloccata,probabile_non_pubblico,segnali_non_pubblico_rilevati,tempo_download_pagina_ms,peso_pagina_kb,pagina_troncata
www.ville-fontaineleport.fr,Fontaine-le-Port,77,00007e4d-264c-43a0-b0b7-7f3b7dd995ab,200,,comune,4,comune:4,False,False,,449.0,125.9,False
auvergne-rhone-alpes.dreets.gouv.fr,Villeurbanne,69,0001e12f-03c3-42d1-b1b2-84cdccc7787a,200,,regione,1,regione:1,False,False,,171.5,45.6,False
www.smartagenda.fr,Villeurbanne,69,0001e12f-03c3-42d1-b1b2-84cdccc7787a,200,,comune,1,comune:1;polizia:1,False,False,,250.7,77.7,False
www.france-services.gouv.fr,Nézignan-l’évêque,34,0002884d-c249-408c-b460-9b26fdb86264,200,,comune,2,comune:2,False,True,forma_societaria:as,214.8,75.9,False
villaines-la-gonais.fr,Villaines-la-Gonais,72,000429a7-4ce5-4173-8f7e-80da7c8e7702,,ConnectTimeout,non_classificato,0,,False,False,,,,False
www.gendarmerie.interieur.gouv.fr,Pays de Belvès,24,0004fdb6-a766-42f3-9584-beacbfce37ba,403,,non_classificato,0,,True,False,,163.3,5.5,False
www.ac-paris.fr,Paris,75,00051cef-131f-441e-946e-3aae4dc1dfe6,403,,non_classificato,0,,True,False,,193.4,5.4,False
mairie13.paris.fr,Paris,75,00053c80-6183-4252-a5dd-b4831440c7d0,200,,comune,4,comune:4;scuola:1;polizia:1,False,False,,93.2,334.6,False
www.paris.fr,Paris,75,00053c80-6183-4252-a5dd-b4831440c7d0,200,,comune,5,comune:5;polizia:1,False,False,,105.1,351.5,False
www.vendee-enfance.fr,Luçon,85,0005e928-da1b-444b-b18a-7984ddd644e8,200,,provincia,1,provincia:1;polizia:1,False,False,,263.3,39.4,False
coisesaintjeanpiedgauthier.fr,Coise-Saint-Jean-Pied-Gauthier,73,0007006a-18a1-41cc-b5d8-adea0962070e,200,,comune,1,comune:1;polizia:1,False,False,,444.7,155.4,False
www.capemploi-09-31comminges.com,Foix,09,00072009-d8d1-4610-9339-31210dfbb931,200,,polizia,1,polizia:1;ministero:1,False,False,,2031.1,55.4,False
vernouensologne.e-monsite.com,Vernou-en-Sologne,41,0007750e-66d8-456f-8d24-c87131965ef7,200,,comune,2,comune:2,False,False,,1676.0,82.0,False
www.leuville.fr,Leuville-sur-Orge,91,00090adf-5d8f-4b6b-b69e-6f7a4461309e,200,,non_classificato,0,,False,False,,370.4,0.2,False
www.martinique.gouv.fr,Le Lamentin,972,000992d9-0a32-4123-ac4d-1e37b7c024aa,,ConnectionError,non_classificato,0,,False,False,,,,False
www.ecologie.gouv.fr,Le Lamentin,972,000992d9-0a32-4123-ac4d-1e37b7c024aa,200,,ministero,6,ministero:6;polizia:1,False,False,,173.2,101.3,False
point-justice46.blogspot.com,SAINT GÉRY-VERS,46,000af594-31ee-475b-9cf9-b058b1335322,200,,giustizia,2,giustizia:2;provincia:1,False,False,,840.4,77.7,False
www.mairie-luchon.fr,Bagnères-de-Luchon,31,000b23e6-22a5-450c-9198-11de9308e147,200,,comune,2,comune:2;scuola:2;polizia:2;regione:1,False,False,,1722.8,340.7,False
www.aveyron.gouv.fr,Rodez,12,000b626e-e8f5-4f40-820c-5c8df80fdb9b,,ConnectionError,non_classificato,0,,False,False,,,,False
www.oye-plage.fr,Oye-Plage,62,000bb8c1-2165-49fc-8c13-3f14c2ee899a,200,,comune,3,comune:3;regione:3;polizia:2;scuola:1,False,False,,1086.7,580.6,False
bda.cd08.fr,Charleville-Mézières,08,000bfebc-93f2-447c-81b7-0f209d6d9b10,403,,non_classificato,0,,True,False,,112.6,5.4,False
www.france-services.gouv.fr,Villefontaine,38,000c92d1-df17-4cb0-8617-95170d615d35,200,,comune,2,comune:2,False,True,forma_societaria:as,214.8,75.9,False
www.banque-france.fr,Toulouse,31,000cf58d-a2eb-48af-a74c-bd41e842d74e,200,,regione,2,regione:2;sanita:1;polizia:1,False,False,,169.8,360.8,False
www.communedeverderonne.fr,Verderonne,60,000e1df5-ae69-4a43-a52b-f6061bcc3707,200,,comune,4,comune:4,False,False,,361.3,639.3,False
www.manche.gouv.fr,Saint-Lô,50,000e6dd1-94d4-4b8c-b6fd-034a41a83daf,,ConnectionError,non_classificato,0,,False,False,,,,False
ville-saint-gobain.fr,Saint-Gobain,02,000e7ffe-1892-4a65-a809-62677c07d6b2,200,,comune,4,comune:4,False,False,,1846.9,196.9,False
www.ch-moulins-yzeure.fr,Moulins,03,000ee7b2-a669-44f0-9e6f-837fa7d912da,200,,sanita,9,sanita:9;polizia:1,False,False,,143.0,104.0,False
regny.fr,Régny,42,0010693d-600f-49ac-b624-6a99a0a4ccb1,503,,non_classificato,0,,False,False,,125.1,4.6,False
www.valdoise.fr,Menucourt,95,00112363-10d0-496a-9545-1aafc722c3c6,200,,provincia,1,provincia:1;regione:1;scuola:1;vigili_fuoco:1,False,False,,287.1,111.4,False
www.anact.fr,Lille,59,00129980-483d-49d9-b382-55051a1d5c76,200,,non_classificato,0,,False,False,,122.3,2.0,False
www.udaf16.org,Angoulême,16,0012b54a-ea83-458a-93b2-bf9faf8f1be6,200,,polizia,1,polizia:1,False,False,,262.7,128.5,False
www.poitiers.fr,Poitiers,86,001367f7-71e2-4a7a-a33e-01c35e5a170e,200,,comune,5,comune:5;scuola:2;polizia:2,False,False,,213.2,274.4,False
www.ameli.fr,Saint-Chamond,42,0013acca-7fde-46bb-b599-298c1e0add68,200,,comune,1,comune:1,False,False,,173.1,86.8,False
forum-assures.ameli.fr,Saint-Chamond,42,0013acca-7fde-46bb-b599-298c1e0add68,200,,sanita,2,sanita:2;ministero:2,False,False,,375.5,204.9,False
ville-de-cormelles-le-royal.fr,Cormelles-le-Royal,14,0014711a-533e-4a1b-83ae-66e4d4c5d58b,200,,comune,1,comune:1;polizia:1,False,False,,342.1,170.3,False
lurcy.fr,Lurcy,01,00175ddb-02d3-40e3-92e3-f0be5e66aa52,200,,comune,4,comune:4;provincia:1,False,False,,1585.0,106.1,False
www.epercieux-saint-paul.fr,Épercieux-Saint-Paul,42,0017f1ed-68af-4ade-9d00-83990b5a2dc6,200,,comune,3,comune:3;provincia:3;regione:3;scuola:1,False,False,,449.8,41.1,False
www.vivy-commune.fr,Vivy,49,001a9d22-9383-48a1-9caa-b679fc7bf75d,200,,comune,4,comune:4,False,True,forma_societaria:as,767.2,167.6,False
www.curgy.fr,Curgy,71,001c2e78-286c-4673-82d3-e90627f4afff,200,,comune,4,comune:4,False,False,,209.7,37.3,False
www.gendarmerie.interieur.gouv.fr,Castets,40,001e33aa-1a71-4e91-893e-bce1bd42c55f,403,,non_classificato,0,,True,False,,163.3,5.5,False
saint-georges-le-flechard.fr,Saint-Georges-le-Fléchard,53,001ef9c8-fd52-4a98-a467-41ca69ba67c8,200,,comune,4,comune:4,False,False,,157.3,28.8,False
www.gendarmerie.interieur.gouv.fr,Meyrargues,13,001f11f1-9d36-4022-9580-2e5a3675008d,403,,non_classificato,0,,True,False,,163.3,5.5,False
www.departement06.fr,Roquebillière,06,001faa97-55aa-4556-82e3-33e102e7e7af,200,,provincia,4,provincia:4;polizia:1;vigili_fuoco:1,False,False,,243.5,208.2,False
maigne72.fr,Maigné,72,00206ac5-c48b-4e01-a319-dc729a59ff32,,ConnectTimeout,non_classificato,0,,False,False,,,,False
www.levernet09.fr,Le Vernet,09,002244f6-d8f3-4af9-8a37-96f705ee6c25,200,,non_classificato,0,,False,False,,207.1,6.8,False
www.france-services.gouv.fr,Lusignan,86,002278c7-337c-493f-87b8-e72ae0243725,200,,comune,2,comune:2,False,True,forma_societaria:as,214.8,75.9,False
www.gendarmerie.interieur.gouv.fr,Pontrieux,22,00243613-c283-419f-8a4b-5e936f4b7cd6,403,,non_classificato,0,,True,False,,163.3,5.5,False
quingey.fr,Quingey,25,00247f13-734e-4814-8241-6c95f96ed9f1,200,,comune,4,comune:4;polizia:1,False,False,,993.6,97.4,False
www.bij-brest.org,Brest,29,0024e453-aa3c-49bf-9b1c-52048c62e361,200,,non_classificato,0,,False,False,,197.1,31.0,False
www.couetronauperche.fr,Couëtron-au-Perche,41,002595d9-2c78-40b8-afa9-f1d0e1874c76,200,,comune,4,comune:4;regione:1,False,False,,172.0,46.8,False
hautecourtromaneche.grandbourg.fr,Hautecourt-Romanèche,01,00260669-16f9-42a2-836a-aad822c8e1c1,200,,scuola,2,scuola:2;comune:1,False,True,forma_societaria:eurl;forma_societaria:as,214.5,47.8,False
www.malbosc.fr,Malbosc,07,0028f394-8012-4902-9773-300d08e9678a,200,,comune,6,comune:6;provincia:1;regione:1;polizia:1,False,False,,672.4,178.9,False
caullery.fr,Caullery,59,002bd2aa-dcbb-49d9-8bbe-d52fde8d1124,200,,comune,3,comune:3,False,False,,191.6,13.1,False
www.impots.gouv.fr,Paris Cedex 09,75,002ea11b-dddb-435f-94dd-f8a048d47d33,200,,non_classificato,0,,False,False,,113.8,290.0,False
gavrelle.fr,Gavrelle,62,0030c6d2-a58b-4695-b249-efa5aee36990,200,,comune,4,comune:4,False,False,,145.2,31.9,False
hautesaone.cidff.info,Vesoul,70,00313f9c-4a61-47a1-a43d-3886c7e374e4,200,,non_classificato,0,,False,False,,912.1,81.9,False
fncidff.info,Vesoul,70,00313f9c-4a61-47a1-a43d-3886c7e374e4,200,,scuola,1,scuola:1,False,False,,321.1,208.4,False
www.morgny-la-pommeraye.fr,Morgny-la-Pommeraye,76,0031a50b-74fc-4ceb-971d-9f3d78ecc617,200,,comune,4,comune:4;polizia:1,False,False,,130.9,118.9,False
www.justice.gouv.fr,LE MANS,72,0032c88a-df2d-4925-a7a2-a8e041753465,200,,ministero,6,ministero:6;polizia:1,False,False,,199.3,79.4,False
www.paris.fr,Paris,75,0033f09d-3080-4f4e-8ff8-00e941dcca5f,200,,comune,5,comune:5;polizia:1,False,False,,105.1,351.5,False
www.mairie-espinasses.fr,Espinasses,05,00359d25-e836-4cf9-917e-b1ede0c8184d,200,,comune,3,comune:3,False,False,,306.3,40.0,False
www.clavim.asso.fr,Issy-les-Moulineaux,92,00361aba-b124-42f6-8f7a-eebd8f9874fa,200,,scuola,4,scuola:4;polizia:1,False,False,,175.2,169.6,False
villefontaine.fr,Villefontaine,38,003711ad-9d26-4401-bc92-ecda352d73bf,200,,comune,4,comune:4;polizia:3;scuola:1,False,False,,1234.9,323.0,False
www.lapeyratte.fr,La Peyratte,79,00381a3a-aa41-44f8-94b4-975ffbc3f2fd,200,,comune,4,comune:4;provincia:1;regione:1,False,False,,1853.2,32.5,False
mairie-diconne.fr,Diconne,71,0039638b-6eac-4236-83fe-8ce151677d84,200,,comune,4,comune:4;scuola:1;polizia:1,False,False,,448.2,225.3,False
www.ville-avrille.fr,Avrillé,49,003ba948-ebb2-4617-9652-7d407415b762,200,,comune,4,comune:4;regione:1;polizia:1,False,False,,1165.3,635.0,False
mlna44.org,Nozay,44,003bd154-965f-43d3-a351-42216a67d118,200,,polizia,1,polizia:1,False,False,,178.3,124.9,False
www.intercariforef.org,Sainte-Marie,972,003c9a99-b033-4773-a1a6-a6bc593255b1,200,,regione,1,regione:1;polizia:1,False,False,,458.4,41.9,False
web.reunionprospectivecompetences.org,Sainte-Marie,972,003c9a99-b033-4773-a1a6-a6bc593255b1,200,,polizia,1,polizia:1,False,False,,1426.3,274.8,False
www.lasseube.fr,Lasseube,64,003d25ac-ac8d-4f74-8e19-ee26d59c31c2,200,,comune,4,comune:4;provincia:3;regione:3;scuola:2;polizia:1,False,False,,240.2,74.1,False
www.banque-france.fr,Saint-Germain-en-Laye,78,003d6f3e-7b92-47d0-b372-dc9241aeaf89,200,,regione,2,regione:2;sanita:1;polizia:1,False,False,,169.8,360.8,False
www.ville-montech.fr,Montech,82,003e31ef-2746-47e4-b7e9-758f21120d6a,200,,comune,2,comune:2;scuola:2;polizia:2,False,True,forma_societaria:ag,744.6,93.0,False
www.allennes.fr,Allennes-les-Marais,59,003e590b-2518-42d8-b206-0424f4132234,200,,regione,3,regione:3;comune:1;polizia:1,False,False,,3135.2,259.0,False
www.epd-grugny.fr,Grugny,76,003f539d-3244-4112-ac08-b43a6807c9cb,200,,non_classificato,0,,False,False,,154.4,15.3,False
www.pour-les-personnes-agees.gouv.fr,Grugny,76,003f539d-3244-4112-ac08-b43a6807c9cb,200,,sanita,2,sanita:2;polizia:1,False,False,,182.8,200.0,False
www.nouvelle-aquitaine.ars.sante.fr,Bordeaux,33,00404640-c3f6-4e68-ba40-6cc88f865eff,200,,sanita,5,sanita:5;regione:3;polizia:3;scuola:1;ministero:1,False,False,,93.1,173.3,False
www.isere.fr,Barraux,38,0041a995-efcc-4e2b-969d-4a4b78581d4a,200,,provincia,4,provincia:4;polizia:1,False,False,,196.5,163.4,False
www.saint-barth-saint-martin.gouv.fr,Saint-Barthélémy,977,0041bcc7-48d3-42fd-92d4-990595e77fda,,ConnectionError,non_classificato,0,,False,False,,,,False
www.impots.gouv.fr,Cagnes-sur-Mer,06,0042ca7e-dca7-4255-952a-b85afce34c47,200,,non_classificato,0,,False,False,,113.8,290.0,False
www.crij.org,Toulouse,31,0044c609-7d48-4c80-8466-9fc33b7edda0,200,,non_classificato,0,,False,True,forma_societaria:as,318.2,100.9,False
www.commune-sablons.fr,Sablons,38,004574cd-10b3-4aa7-80f5-b64c2bee15eb,200,,comune,4,comune:4;polizia:1,False,False,,776.3,295.5,False
www.france-services.gouv.fr,Aix-d'Angillon,18,0046a0f6-4219-49a7-b30a-9d40e024339c,200,,comune,2,comune:2,False,True,forma_societaria:as,214.8,75.9,False
www.grace-uzel.fr,Grâce-Uzel,22,004733b9-0ac8-41cf-bdaa-7b06ae7c4abd,200,,comune,1,comune:1;polizia:1,False,False,,127.1,19.0,False
www.france-services.gouv.fr,Cazaubon,32,0047d400-cccd-4b1a-9c60-1cbe59c19c16,200,,comune,2,comune:2,False,True,forma_societaria:as,214.8,75.9,False
www.caudecoste.fr,Caudecoste,47,004859d4-f52d-43cb-a92f-d58974c06fca,200,,comune,3,comune:3,False,False,,174.6,42.9,False
www.mairie-eymoutiers.fr,Eymoutiers,87,0048ac97-3adb-4cba-81f5-a6e9d99c3906,200,,comune,1,comune:1;scuola:1,False,False,,144.5,161.2,False
www.ameli.fr,La Roche-sur-Yon,85,0048ba2c-2f72-4caf-9cc7-dbecd4160996,200,,comune,1,comune:1,False,False,,173.1,86.8,False
forum-assures.ameli.fr,La Roche-sur-Yon,85,0048ba2c-2f72-4caf-9cc7-dbecd4160996,200,,sanita,2,sanita:2;ministero:2,False,False,,375.5,204.9,False
www.ambierle.fr,Ambierle,42,004950d0-a0e5-47a0-8ee1-945a354f8657,200,,comune,1,comune:1;polizia:1;vigili_fuoco:1,False,False,,448.1,598.4,False
rhone.fr,Gleizé,69,004964ae-19d4-46cd-aab8-8a40843af30a,200,,non_classificato,0,,False,False,,127.6,0.2,False
www.gendarmerie.interieur.gouv.fr,Saint-Agrève,07,004d8a6f-d056-49f9-86ac-5e280977b1e1,403,,non_classificato,0,,True,False,,163.3,5.5,False
normandie.urssaf.fr,Caen,14,004ea3d2-3979-44f6-a20a-e35f1c0c7add,,ConnectionError,non_classificato,0,,False,False,,,,False
www.peche17.org,Saintes,17,004ef847-be01-4abd-a765-3a0d58666e84,200,,non_classificato,0,,False,False,,410.1,57.7,False
www.hauts-de-seine.gouv.fr,Saint-Germain-en-Laye,92,004f9707-cf89-4df7-8ff1-ecaa13f35708,,ConnectionError,non_classificato,0,,False,False,,,,False
pech.fr,Pech,09,0051789c-5dbe-4998-96ca-91a5e9ee0e9a,200,,comune,1,comune:1,False,False,,113.1,9.3,False
www.pernant.fr,Pernant,02,0052eef5-f5eb-4ad7-9e80-465be1d80ac4,200,,comune,4,comune:4,False,False,,397.6,44.8,False
saint-goazec.bzh,Saint-Goazec,29,00543980-5cd0-4c5f-8107-0da480b33339,200,,comune,6,comune:6,False,False,,141.4,145.3,False
www.pons-ville.fr,Pons,17,005487fa-0a79-4d61-9bf3-ab63bdbd302b,200,,comune,5,comune:5;polizia:1,False,False,,262.3,758.9,False
www.bouilland.fr,Bouilland,21,0057b80d-235f-436d-b1c5-74f9b8e1c9c2,200,,comune,3,comune:3;regione:3,False,False,,170.8,3.6,False
www.paillencourt.fr,Paillencourt,59,005914ad-9d7f-403e-b25d-3aa5fd05eb0f,200,,comune,2,comune:2;polizia:1,False,False,,586.0,83.9,False
www.france-services.gouv.fr,Saint-Jean-Bonnefonds,42,0059cca2-60f3-46ea-914a-cb40d0ad1632,200,,comune,2,comune:2,False,True,forma_societaria:as,214.8,75.9,False
www.lotetgaronne.fr,Nérac,47,005a18e4-b2f7-4151-a2cf-0f66f542aa6f,200,,provincia,4,provincia:4;polizia:2;comune:1;scuola:1,False,False,,301.8,386.0,False
www.gunstett.fr,Gunstett,67,005b5ecc-34e3-4349-a25c-7611bc121340,200,,comune,7,comune:7;regione:1;polizia:1,False,False,,121.5,157.3,False
fresnay-le-comte.fr,Fresnay-le-Comte,28,005c99b4-f870-4120-a9cc-f96f06b01d27,200,,comune,1,comune:1;regione:1,False,False,,665.8,149.9,False
www.seinemaritime.net,Maromme,76,006182d5-1588-468c-8f1c-7a6e53877dc9,200,,non_classificato,0,,False,False,,152.6,0.0,False
www.alepte.fr,Villepinte,93,0062501b-2cc7-4de4-b140-b31d7446f969,200,,comune,1,comune:1;polizia:1,False,False,,208.3,32.8,False
france-renov.gouv.fr,Villepinte,93,0062501b-2cc7-4de4-b140-b31d7446f969,200,,polizia,1,polizia:1,False,False,,176.1,92.7,False
www.tarn.fr,Graulhet,81,0063d700-399f-4469-9fa5-e0d86626380d,418,,non_classificato,0,,False,False,,106.0,40.7,False
apetitspas.net,Ruisseauville,62,00641145-c587-4f4e-9ec5-4d55cdce26cd,200,,non_classificato,0,,False,False,,404.1,104.5,False
france-renov.gouv.fr,Ruisseauville,62,00641145-c587-4f4e-9ec5-4d55cdce26cd,200,,polizia,1,polizia:1,False,False,,176.1,92.7,False
www.bouzic.fr,Bouzic,24,00669473-1031-4a89-bd98-f009968cee23,200,,comune,6,comune:6;regione:1;polizia:1,False,False,,212.5,333.8,False
www.mairie-brulon.fr,Brûlon,72,006929f7-1454-4039-81e7-65dbe9f40f75,200,,comune,3,comune:3;polizia:2,False,False,,638.4,587.2,False
www.weckolsheim.fr,Weckolsheim,68,006bcd26-40e6-4e7a-a553-0d5d0ccf6156,200,,comune,4,comune:4;polizia:1,False,False,,166.3,15.6,False
quarrelestombes.fr,Quarré-les-Tombes,89,006c3199-cea4-4845-bad5-93989274fcc8,200,,comune,3,comune:3;provincia:2;scuola:2;regione:1;sanita:1;polizia:1,False,False,,141.4,279.4,False
www.caf.fr,Tournefeuille,31,006c5c9e-cfdc-42e5-b6a5-5795b5a40e1d,200,,non_classificato,0,,False,False,,627.1,13.6,False
ruminghem.fr,Ruminghem,62,006d99a4-5335-4ff5-9bb3-85d40eccdeda,200,,comune,4,comune:4;regione:1;polizia:1,False,False,,2725.9,187.7,False
www.impots.gouv.fr,Nanterre,92,006e20e8-eabb-4f38-b4c0-70f6c9b81626,200,,non_classificato,0,,False,False,,113.8,290.0,False
porte-de-savoie.fr,Porte-de-Savoie,73,006fd833-1a6c-4130-a7cf-72e76f537aa1,200,,comune,3,comune:3,False,False,,1163.0,63.7,False
www.ameli.fr,Bagneux,92,0071056e-adc8-46f6-9696-0385b2217087,200,,comune,1,comune:1,False,False,,173.1,86.8,False
forum-assures.ameli.fr,Bagneux,92,0071056e-adc8-46f6-9696-0385b2217087,200,,sanita,2,sanita:2;ministero:2,False,False,,375.5,204.9,False
saint-saturnin72.fr,Saint-Saturnin,72,00712d09-f598-40f8-acda-e26555bf8b16,200,,comune,4,comune:4;sanita:2;polizia:1,False,True,forma_societaria:spa,207.6,82.5,False
www.wallis-et-futuna.gouv.fr,Uvéa - Wallis-et-Futuna,986,00715248-e91a-45b4-83b7-a243bb49b8af,,ConnectionError,non_classificato,0,,False,False,,,,False
saintpierredeschamps.fr,Saint-Pierre-des-Champs,11,00719b91-28c7-4cf8-95cd-eb9f22c437e7,200,,non_classificato,0,,False,False,,361.7,0.2,False
www.riantec.bzh,Riantec,56,0071ab67-9680-408b-bcea-96550e47754c,200,,comune,4,comune:4;polizia:1,False,False,,729.6,345.8,False
www.impots.gouv.fr,Limoges,87,00729758-81e0-4623-873b-ec7972627415,200,,non_classificato,0,,False,False,,113.8,290.0,False
www.labastidedanjou.fr,Labastide-d'Anjou,11,00740a40-765b-488b-940e-a6550d00eb5e,200,,non_classificato,0,,False,False,,124.8,3.6,False
www.coulaines.fr,Coulaines,72,00740cf6-1b3a-462f-bd15-273fe1c7da92,200,,comune,3,comune:3;polizia:1,False,False,,899.5,193.6,False
aquitaine.urssaf.fr,Agen,47,007764e8-78cb-488e-911c-32e39006ade3,,ConnectionError,non_classificato,0,,False,False,,,,False
www.ameli.fr,Capdenac-Gare,12,007a3061-4ea3-40ca-8dc3-78bddf4dab7b,200,,comune,1,comune:1,False,False,,173.1,86.8,False
forum-assures.ameli.fr,Capdenac-Gare,12,007a3061-4ea3-40ca-8dc3-78bddf4dab7b,200,,sanita,2,sanita:2;ministero:2,False,False,,375.5,204.9,False
www.sondernach.fr,Sondernach,68,007b97ed-e4c0-4818-b12f-83f7890e28d4,200,,comune,4,comune:4;polizia:1,False,False,,219.1,72.8,False
www.via28.asso.fr,Chartres,28,007bc746-9236-4bb8-aeb1-fc06bf91367b,200,,provincia,1,provincia:1;polizia:1,False,False,,2094.9,248.4,False
www.associations.gouv.fr,Saint-Pierre-et-Miquelon,975,007cc0d6-e0d4-49fa-8ffd-6348a5e249d0,200,,ministero,2,ministero:2,False,False,,302.8,130.9,False
www.france-services.gouv.fr,Concarneau,29,007cd405-26d7-4738-aa55-efe687ea8586,200,,comune,2,comune:2,False,True,forma_societaria:as,214.8,75.9,False
formulaires.mesdemarches.cca.bzh,Concarneau,29,007cd405-26d7-4738-aa55-efe687ea8586,200,,non_classificato,0,,False,False,,1141.3,20.6,False
www.metropoledebourgogne.cci.fr,Charolles,71,007ff08a-9afb-4a54-8395-16df9a997218,403,,non_classificato,0,,True,False,,163.9,5.5,False
www.areams.fr,Palluau,85,00808bfb-f9a7-4a18-b6c8-6147db3c4de3,200,,scuola,1,scuola:1,False,False,,546.2,139.9,False
www.mairieneuvic.fr,Neuvic,24,0082a71b-3c67-4121-a677-4e5c26c37cce,200,,comune,1,comune:1;scuola:1,False,False,,1025.7,99.9,False
www.cdad07.fr,LARGENTIÈRE,07,0083fa29-c018-471d-9699-4f864ac6eadc,200,,ministero,2,ministero:2;polizia:1;giustizia:1,False,False,,195.5,121.5,False
www.bey01.fr,Bey,01,0085143a-73ae-46ab-a0ad-859b9ccba7dd,200,,comune,4,comune:4,False,False,,325.8,737.9,False
www.loray.fr,Loray,25,00865adf-67d9-4391-9cd9-d56752c49d4b,200,,comune,1,comune:1;regione:1;polizia:1,False,False,,196.4,91.3,False
www.gendarmerie.interieur.gouv.fr,Saint-Vincent-sur-Jabron,04,0086d132-e7f2-4548-a20e-bf15c46852dd,403,,non_classificato,0,,True,False,,163.3,5.5,False
aveyron.fr,Espalion,12,00872019-4f80-4a47-a43f-6cbcbb94321f,200,,non_classificato,0,,False,False,,125.7,0.2,False
www.gendarmerie.interieur.gouv.fr,Prat-Bonrepaux,09,00885457-4bce-4eda-bc23-8c36770d4023,403,,non_classificato,0,,True,False,,163.3,5.5,False
paysdelaloire.urssaf.fr,Le Mans,72,0088ef8f-56fd-4cf6-ab3c-1bc657a39d0d,,ConnectionError,non_classificato,0,,False,False,,,,False
www.mairie-vannes.fr,Vannes,56,00898afe-3d5f-475a-86dd-4336d52b43bf,200,,comune,5,comune:5;polizia:1,False,False,,269.8,308.7,False
mairie-gambsheim.fr,Gambsheim,67,0089fd70-8943-4f2e-a1e5-2331957b9936,200,,comune,6,comune:6;polizia:1;vigili_fuoco:1,False,False,,1981.9,251.6,False
www.baumelesmessieurs.fr,Baume-les-Messieurs,39,008a9ce6-5b23-4351-a984-bda33a4aed84,200,,comune,1,comune:1;polizia:1,False,False,,1591.5,215.4,False
corcoue-sur-logne.fr,Corcoué-sur-Logne,44,008b5615-ce44-4ccc-8724-a135fc036906,200,,comune,4,comune:4;polizia:1,False,True,forma_societaria:spa,209.0,79.8,False
mairie-vougy.fr,Vougy,74,008da96e-908b-403f-8450-dfad31cb2f3c,200,,comune,3,comune:3;regione:1;polizia:1,False,False,,741.6,57.4,False
www.pontonx.fr,Pontonx-sur-l'Adour,40,008ee515-734c-4c15-9f34-8c7715e3c01e,200,,comune,3,comune:3,False,False,,790.9,57.2,False
www.thieulin.com,Le Thieulin,28,008efe5f-545c-4843-95ec-7269236a6527,200,,non_classificato,0,,False,False,,137.5,5.3,False
www.ville-senlis.fr,Senlis,60,008f5894-89da-4652-b93d-da5ed4af84f9,200,,comune,4,comune:4;sanita:1;polizia:1,False,False,,632.4,133.4,False
www.reseau-canope.fr,Évry,91,00928ccd-6c57-4610-9b06-e1fbd543c77f,200,,ministero,6,ministero:6;scuola:2;polizia:1,False,False,,738.0,151.4,False
www.chamelet.fr,Chamelet,69,0092b93d-e4e6-4ecc-8526-cd020730cc16,200,,comune,1,comune:1,False,False,,600.7,142.4,False
www.justice.gouv.fr,LA ROCHELLE,17,00935fda-1472-4837-b78f-395cb83f555d,200,,ministero,6,ministero:6;polizia:1,False,False,,199.3,79.4,False
www.lieux.gref-bretagne.com,Retiers,35,0093de77-be23-453e-a30c-9715117e7722,200,,polizia,1,polizia:1,False,False,,439.7,18.6,False
missionlocalevilleneuvois.org,Villeneuve-sur-Lot,47,00953b3f-58a3-419b-b81d-e9930160ca70,200,,scuola,1,scuola:1,False,False,,428.4,38.5,False
www.rocquefort.fr,Rocquefort,76,00957610-2b95-47c2-a9ef-fca59e417677,,ConnectionError,non_classificato,0,,False,False,,,,False
www.mouais.fr,Mouais,44,009576aa-94f8-4863-aea4-f5f622269a03,200,,comune,3,comune:3,False,False,,392.5,76.9,False
www.france-services.gouv.fr,Vigneulles-lès-Hattonchâtel,55,00990027-435a-47de-8cd5-8ff29f6dc07f,200,,comune,2,comune:2,False,True,forma_societaria:as,214.8,75.9,False
www.ville-bergheim.fr,Bergheim,68,009b0b49-6284-48bc-ade5-514195f76633,200,,comune,4,comune:4;polizia:2,False,False,,199.9,237.3,False
ville-beaurepaire.fr,Beaurepaire,38,009b60e7-f004-4e4b-a6bc-9dffe4a4dbbd,200,,comune,5,comune:5;polizia:2;provincia:1;regione:1,False,True,forma_societaria:as,1744.0,219.5,False
www.hauteloire.fr,Brioude,43,009d6ce7-4dd4-4722-aaf9-a65db0e51a83,200,,provincia,1,provincia:1,False,False,,164.3,17.6,False
www.sanxay.fr,Sanxay,86,009f869f-0894-4ed2-a817-7013b77803b6,,ConnectTimeout,non_classificato,0,,False,False,,,,False
handicap.paris.fr,Paris,75,00a066cb-ebf9-4de3-9a14-30dffb30d81a,200,,comune,1,comune:1,False,False,,2550.4,58.1,False
mdph.doubs.fr,Paris,75,00a066cb-ebf9-4de3-9a14-30dffb30d81a,200,,polizia,1,polizia:1,False,False,,146.6,86.7,False
www.villedomer.fr,Villedômer,37,00a2972c-72be-4864-87bc-90bf0d674de9,200,,comune,4,comune:4;regione:1;polizia:1,False,False,,467.3,162.6,False
www.masecurite.interieur.gouv.fr,Montivilliers,76,00a38e16-cd9d-4716-8e7b-2a593d0b88bc,200,,ministero,2,ministero:2;polizia:1,False,False,,192.1,133.2,False
www.udaf67.fr,Strasbourg,67,00a3a887-ac71-4645-80a7-511a3015ac56,200,,polizia,1,polizia:1,False,False,,178.8,122.9,False
www.messery.fr,Messery,74,00a6cf3e-cfd2-4ad3-90fb-569162491195,200,,comune,4,comune:4,False,False,,1951.4,1376.8,False
erckartswiller.hanau-lapetitepierre.alsace,Erckartswiller,67,00a8cc58-6252-4132-bf32-02ffb4ae540d,200,,comune,3,comune:3,False,False,,238.5,271.4,False
www.scorbe-clairvaux.fr,Scorbé-Clairvaux,86,00a90691-83c0-478a-b9aa-d07f4117b76a,200,,comune,3,comune:3;polizia:1,False,True,forma_societaria:sas,790.1,122.0,False
sancey.org,Sancey,25,00aa5757-40c8-464f-9492-8d4cb1b362a4,200,,comune,6,comune:6;polizia:2;regione:1,False,False,,576.5,154.2,False
www.masecurite.interieur.gouv.fr,Nîmes,30,00aa85e9-ea52-46f5-b183-8ac96b267121,200,,ministero,2,ministero:2;polizia:1,False,False,,192.1,133.2,False
varennes-sur-seine.fr,Varennes-sur-Seine,77,00ac2ecb-969f-4568-868b-31a6adad325e,200,,comune,7,comune:7;regione:1,False,False,,405.3,86.2,False
www.france-services.gouv.fr,Pleurtuit,35,00ac62f7-5c5d-415f-bb55-220c1c299e02,200,,comune,2,comune:2,False,True,forma_societaria:as,214.8,75.9,False
www.baignes-sainte-radegonde.fr,Baignes-Sainte-Radegonde,16,00ad6543-1a5d-4a05-8e5c-4e88881976af,200,,comune,4,comune:4,False,False,,176.5,125.5,False
haute-marne.fr,Chamarandes-Choignes,52,00ade4f6-a63e-4083-9392-78ddcfec0be3,200,,provincia,4,provincia:4;scuola:1;polizia:1,False,False,,180.3,170.3,False
www.onisep.fr,Foix,09,00af1901-2d42-45d8-9290-460098189e93,200,,scuola,2,scuola:2;polizia:1,False,False,,284.3,150.0,False
www.infojeunes-na.fr,Saintes,17,00b0ee16-2de7-4ec7-9a42-b415476f221c,200,,regione,1,regione:1,False,False,,506.7,113.7,False
www.bourgbarre.fr,Bourgbarré,35,00b13527-5824-4786-8666-d4f9e54950bf,200,,comune,4,comune:4;polizia:2;regione:1;scuola:1,False,False,,247.5,501.0,False
www.alta-rocca.com,Levie,2A,00b4106d-21c4-4544-a4e8-2cd16e80491e,200,,scuola,1,scuola:1;polizia:1,False,False,,181.3,273.7,False
www.st-pardon-de-conques.fr,Saint-Pardon-de-Conques,33,00b5739d-f6ff-420a-9244-749e0f01773c,200,,comune,4,comune:4;provincia:3;regione:3,False,False,,571.2,16.7,False
www.zoufftgen.fr,Zoufftgen,57,00b71c98-8ed9-4177-9bf7-d2092412ef5f,403,,non_classificato,0,,False,False,,290.6,73.4,False
mairie-gros-chastang.fr,Gros-Chastang,19,00b905c5-5c01-4afa-a74d-375c89697675,200,,comune,2,comune:2,False,False,,403.4,136.5,False
www.haulchin.fr,Haulchin,59,00ba47dc-a917-45da-9ec3-8715e8ad8e31,200,,comune,2,comune:2;polizia:1,False,False,,609.1,67.3,False
hautsdefrance.cci.fr,Saint-Quentin,02,00bdf2f9-9724-4171-83d8-a08b338953b5,200,,regione,3,regione:3;camera_commercio:3;polizia:1,False,False,,1076.2,149.5,False
www.pays-de-la-loire.developpement-durable.gouv.fr,Saint-Barthélémy-d'Anjou,49,00bfd8ab-8721-4db6-92fc-bd23a68f2b13,,ReadTimeout,non_classificato,0,,False,False,,,,False
www.csn.notaires.fr,Toulon,83,00c69961-4f82-4a00-94ae-3a18fca4d97b,200,,scuola,1,scuola:1;polizia:1,False,False,,234.9,117.0,False
rosieres-en-haye.fr,Rosières-en-Haye,54,00c81048-188c-49f2-a5d6-a942132573dc,200,,comune,2,comune:2,False,False,,240.1,11.9,False
montrecourt.fr,Montrécourt,59,00c8e245-f83e-49e8-a17c-66dbd8646be5,200,,comune,4,comune:4;regione:1,False,False,,135.2,10.6,False
www.cdad-pasdecalais.justice.fr,BAPAUME,62,00c9bd78-cac7-495e-a429-f910eecf572d,200,,provincia,3,provincia:3;polizia:1;giustizia:1,False,False,,180.5,59.0,False
www.credit-municipal-nimes.fr,Nîmes,30,00ca594d-96f8-4b56-8aba-332ee6136719,200,,non_classificato,0,,False,False,,162.1,252.7,False
www.isula.corsica,Ajaccio,2A,00ca62e4-5ac8-4607-a80d-0a1856260cd8,200,,polizia,1,polizia:1,False,False,,184.8,96.2,False
www.petit-rederching.fr,Petit-Réderching,57,00cdf91e-9eb9-4920-8b59-052ec959be69,200,,comune,4,comune:4,False,False,,147.7,23.3,False
www.mairie-tonneins.fr,Tonneins,47,00ce7f69-ae2f-4e69-b841-a959f69284fa,200,,comune,4,comune:4;sanita:3;polizia:1,False,False,,229.3,42.4,False
www.thouare.fr,Thouaré-sur-Loire,44,00d09a69-0c1e-4a56-9bdc-f8f9a02ceec9,418,,non_classificato,0,,False,False,,177.8,40.8,False
saintsulpicedefaleyrens.com,Saint-Sulpice-de-Faleyrens,33,00d163c2-7e7d-4cc0-ad79-84bed8cb7720,200,,comune,3,comune:3;polizia:1,False,False,,342.1,297.5,False
www.mltouraine.com,Tours,37,00d27ccf-45fe-4100-bfcf-890c44e216fb,200,,comune,1,comune:1,False,True,forma_societaria:as,236.8,88.1,False
www.cdad07.fr,LA VOULTE-SUR-RHÔNE,07,00d42c00-44b8-49bb-8f44-a48640b15d6f,200,,ministero,2,ministero:2;polizia:1;giustizia:1,False,False,,195.5,121.5,False
www.gendarmerie.interieur.gouv.fr,Vic-le-Comte,63,00d585d2-a6e9-4ea0-9bc3-d31a556694fc,403,,non_classificato,0,,True,False,,163.3,5.5,False
www.association-saintmartin.fr,Digne-les-Bains,04,00d5e309-cb34-4412-acc9-18e1c77f3405,200,,polizia,1,polizia:1,False,False,,1005.8,181.8,False
www.pour-les-personnes-agees.gouv.fr,Digne-les-Bains,04,00d5e309-cb34-4412-acc9-18e1c77f3405,200,,sanita,2,sanita:2;polizia:1,False,False,,182.8,200.0,False
cma-nouvelleaquitaine.fr,Poitiers,86,00d64c74-de04-4279-a7f7-53170254144d,200,,regione,1,regione:1;polizia:1,False,False,,117.5,314.3,False
78-92.fr,Levallois-Perret,92,00d68a07-fb0d-4c44-af7b-e6c96e3347f3,200,,non_classificato,0,,False,False,,310.7,20.4,False
www.rdv-solidarites.fr,Levallois-Perret,92,00d68a07-fb0d-4c44-af7b-e6c96e3347f3,200,,polizia,1,polizia:1,False,False,,205.1,11.0,False
cdad-ain.fr,BOURG EN BRESSE,01,00d77ccc-a7c7-4a89-8447-39913590d21f,200,,sanita,2,sanita:2;ministero:2;giustizia:2;provincia:1;polizia:1,False,False,,274.8,46.5,False
www.yvelines.gouv.fr,Rambouillet,78,00da594e-60ff-4590-928e-8b09065d7276,,ConnectionError,non_classificato,0,,False,False,,,,False
www.unaf.fr,Maubeuge,59,00ddbb39-29c1-44d5-ace5-4d1d7992ce04,200,,ministero,2,ministero:2;regione:1;polizia:1,False,False,,138.1,193.3,False
www.pour-les-personnes-agees.gouv.fr,Reygade,19,00df164c-39ec-48c5-afb3-7881878b7126,200,,sanita,2,sanita:2;polizia:1,False,False,,182.8,200.0,False
www.ac-orleans-tours.fr,Areines,41,00dfcd3b-8581-46b0-ab82-1bd3d342da7a,403,,non_classificato,0,,True,False,,198.1,5.4,False
www.gendarmerie.interieur.gouv.fr,Ambarès-et-Lagrave,33,00e09c08-82b1-400a-a7e9-7a8fcae34e57,403,,non_classificato,0,,True,False,,163.3,5.5,False
fontenelle.fr,Fontenelle,90,00e17d85-0ced-4e30-aac4-f164cac6ec0e,200,,comune,1,comune:1,False,False,,381.4,67.9,False
www.forpro-creteil.org,Vitry-sur-Seine,94,00e2a76d-2c25-4ccc-8b61-94b355523a41,,ConnectTimeout,non_classificato,0,,False,False,,,,False
www.ain.fr,Bourg-en-Bresse,01,00e3e79d-caa0-44cb-8212-4ccb20db66ef,200,,non_classificato,0,,False,False,,136.4,4.9,False
lercoul-09.fr,Lercoul,09,00e4c0a6-2afd-4c4b-9bf1-d2d3d5eeee8d,200,,comune,3,comune:3;provincia:1;regione:1,False,False,,846.2,37.9,False
www.cdad-nord.justice.fr,WATTRELOS,59,00e63bdd-fd68-452d-b5ef-4f14e7b09397,200,,provincia,3,provincia:3;comune:1;regione:1;giustizia:1,False,False,,391.6,77.6,False
www.montpellier-jeunes-emploi.fr,Montpellier,34,00e70922-2943-4af1-8ea7-66e59b8ad04d,,ConnectTimeout,non_classificato,0,,False,False,,,,False
www.jura.cci.fr,Lons-le-Saunier,39,00e79902-9a62-4e3f-87df-552e2ee636d7,403,,non_classificato,0,,True,False,,146.3,5.5,False
www.mairie-anse.fr,Anse,69,00e7de19-e262-4ce8-b43f-b391eeb67abf,200,,comune,3,comune:3;polizia:1,False,False,,183.1,47.6,False
www.roye.eu,Roye,80,00e82c7d-fdf6-4507-b4c5-3731e2b0e535,200,,provincia,3,provincia:3;regione:3;comune:2,False,False,,761.9,91.3,False
villagebeauvoir60.fr,Beauvoir,60,00e87108-1339-49e9-8864-759f95a2cf91,200,,comune,4,comune:4;polizia:1,False,False,,170.6,67.7,False
certines.grandbourg.fr,Certines,01,00ed650a-5747-46e3-9e77-51e157449215,200,,comune,1,comune:1,False,True,forma_societaria:as,197.0,49.5,False
www.france-services.gouv.fr,Montsauche-les-Settons,58,00f0dff5-fecc-4311-b06a-0de06a46c0ec,200,,comune,2,comune:2,False,True,forma_societaria:as,214.8,75.9,False
www.pas-de-calais.gouv.fr,Arras,62,00f2d2ab-bc14-4b38-9891-c9410e9e8e8d,,ConnectionError,non_classificato,0,,False,False,,,,False
www.terredes2caps.fr,Marquise,62,00f5bbfd-f0d5-49bd-9b33-abda3aa5aab3,200,,non_classificato,0,,False,False,,511.4,1405.4,False
www.grandlyon.com,Feyzin,69,00fa2324-c030-46df-ac51-37bf77d06580,200,,polizia,1,polizia:1,False,False,,231.7,65.9,False
www.education.gouv.fr,Saint-Flour,15,00fac0d6-f1c3-42b1-a8be-4aab3dd133ec,403,,non_classificato,0,,True,False,,138.8,5.4,False
www.ajoca.fr,Lannion,22,00fac585-cbfb-43e1-942f-c6563f167bb6,200,,polizia,1,polizia:1,False,False,,320.5,82.6,False
www.saint-amand-sur-fion.fr,Saint-Amand-sur-Fion,51,00fba191-6985-4912-b589-5a7eed5fe269,200,,comune,4,comune:4;polizia:1,False,False,,229.4,65.2,False
www.douane.gouv.fr,La Roche-sur-Yon,85,00fbb9c2-d018-4b9a-ae3f-b7fa9d1efca7,200,,non_classificato,0,,False,False,,407.5,178.8,False
www.mairiesaintantoninsurbayon.fr,Saint-Antonin-sur-Bayon,13,00fbd6d6-89a6-4509-a0b5-51299b7750d1,200,,comune,4,comune:4,False,False,,231.2,30.7,False
www.ville-cesson.fr,Cesson,77,00fbd9e4-8590-45d1-9df9-1c46cc363d19,200,,comune,4,comune:4,False,False,,645.2,47.9,False
www.gers.fr,Auch,32,00fc8294-eea2-40cf-883f-f7c37e95dd4f,200,,provincia,3,provincia:3;scuola:1;polizia:1,False,False,,1927.1,563.5,False
france-renov.gouv.fr,Auch,32,00fc8294-eea2-40cf-883f-f7c37e95dd4f,200,,polizia,1,polizia:1,False,False,,176.1,92.7,False
www.gendarmerie.interieur.gouv.fr,Concarneau,29,00fedf17-faf6-43f1-9463-2bd413b2fb06,403,,non_classificato,0,,True,False,,163.3,5.5,False
www.merkwiller-pechelbronn.com,Merkwiller-Pechelbronn,67,010176c6-0464-403f-8f18-076d724c530b,500,,non_classificato,0,,False,False,,1331.0,1.4,False
www.masecurite.interieur.gouv.fr,Les Ulis,91,0101e4f9-d020-4739-833f-727d17eb1950,200,,ministero,2,ministero:2;polizia:1,False,False,,192.1,133.2,False
www.france-services.gouv.fr,Brécey,50,010261a9-bc34-4f2d-8888-45b939791a95,200,,comune,2,comune:2,False,True,forma_societaria:as,214.8,75.9,False
missionslocales-bfc.fr,Beaune,21,01058c31-0b89-40d5-9632-986575c0bf6c,200,,regione,1,regione:1;polizia:1,False,True,forma_societaria:as,190.2,294.1,False
ville-de-chauray.fr,Chauray,79,0105ca41-ae42-41f0-99de-a42cc5beeb56,200,,comune,4,comune:4,False,True,forma_societaria:as,172.5,882.2,False
www.france-services.gouv.fr,Mulhouse,68,0106259f-9fad-4c63-879e-92b9d455b35d,200,,comune,2,comune:2,False,True,forma_societaria:as,214.8,75.9,False
www.ecologie.gouv.fr,Colombier-Saugnieu,69,01064ba2-21a7-46a2-8334-9a9f8c1e15ea,200,,ministero,6,ministero:6;polizia:1,False,False,,173.2,101.3,False
machemont.fr,Machemont,60,01071888-879c-42f0-803d-ecb9d1b622f7,200,,comune,3,comune:3,False,False,,338.4,76.7,False
www.ceilloux.fr,Ceilloux,63,010772ad-a145-4758-ad05-da797b1e7e81,200,,non_classificato,0,,False,False,,130.8,3.6,False
www.hautes-alpes.fr,Gap,05,01080170-68f5-4bc8-9b4e-870634d2c34f,200,,provincia,4,provincia:4;polizia:1,False,False,,549.4,333.5,False
www.cicas.agirc-arrco.fr,Charleville-Mézières,08,01080c41-c155-4d19-bc49-57d4e2cb1241,200,,non_classificato,0,,False,False,,1546.8,159.6,False
www.remigny.fr,Remigny,71,0109c496-44aa-4938-af91-d7f568225e03,200,,comune,4,comune:4,False,False,,239.0,88.3,False
www.valromey-sur-seran.fr,Valromey-sur-Séran,01,010bc821-195d-4b2b-acae-7484f098b046,200,,comune,3,comune:3;polizia:1,False,False,,4563.1,164.4,False
www.villiersenlieu.fr,Villiers-en-Lieu,52,010c6500-f194-4dfc-b887-d90712c0537e,200,,comune,3,comune:3,False,False,,229.4,19.5,False
www.rouffignac17.fr,Rouffignac,17,01135e18-7971-4849-8c87-a850ce516728,,ConnectTimeout,non_classificato,0,,False,False,,,,False
www.harbonnieres.fr,Harbonnières,80,01140fab-32a4-4b20-a770-4de09570ad26,200,,comune,3,comune:3;scuola:1,False,False,,1044.6,62.0,False
mirepeisset.fr,Mirepeisset,11,01153e46-95d1-422e-b778-15a9a5d30645,200,,comune,4,comune:4;polizia:1,False,False,,201.8,195.7,False
www.mairie-marsanne.fr,Marsanne,26,0115be34-9d65-445e-ae24-1405e2a74a2b,200,,comune,3,comune:3,False,False,,414.5,17.5,False
www.fontainesenbourgogne.fr,Fontaines,71,011679ef-1a50-4808-b3d4-0a9f169a94e2,200,,comune,3,comune:3;scuola:1,False,False,,226.8,58.9,False
www.adswf.fr,Wallis-et-Futuna,986,0116dc54-0b12-4504-ab5c-7d66c17e823e,200,,sanita,3,sanita:3;polizia:1,False,True,forma_societaria:sia,1194.2,46.9,False
www.ameli.fr,Saint-Laurent-du-Maroni,973,0117c8be-6d5d-4efd-82b9-1ff6b3733969,200,,comune,1,comune:1,False,False,,173.1,86.8,False
forum-assures.ameli.fr,Saint-Laurent-du-Maroni,973,0117c8be-6d5d-4efd-82b9-1ff6b3733969,200,,sanita,2,sanita:2;ministero:2,False,False,,375.5,204.9,False
www.impots.gouv.fr,Saint-Alban,31,011a1aba-1403-4490-8f42-42583b5aa800,200,,non_classificato,0,,False,False,,113.8,290.0,False
www.fontaine-les-coteaux.fr,Fontaine-les-Coteaux,41,011a6314-32d5-467c-903e-e9502d167473,200,,comune,4,comune:4;polizia:1,False,False,,985.5,118.2,False
commune-de-banteux.neopse-site.com,Banteux,59,011c138d-dfb1-4de3-9829-a49b2baec99a,200,,comune,4,comune:4;polizia:1,False,False,,253.2,83.2,False
station.illiwap.com,Auxelles-Bas,90,011c1dbc-298f-48b7-aa74-b8b47acab459,200,,non_classificato,0,,False,False,,323.9,1953.1,True
www.peyrusse-le-roc.fr,Peyrusse-le-Roc,12,011dc7a3-cbd9-49de-968f-a476b8c6286e,200,,comune,6,comune:6,False,False,,113.9,83.6,False
lapagelocale.fr,Pontiacq-Viellepinte,64,011e2d9d-38d7-47d2-8883-66948db2c960,200,,comune,4,comune:4,False,False,,361.4,35.0,False
www.impots.gouv.fr,Nice,06,011ed7ed-58e7-480d-b861-7572c2d7f893,200,,non_classificato,0,,False,False,,113.8,290.0,False
www.corse-du-sud.gouv.fr,Ajaccio,2A,01203cad-7d17-49c7-96ce-9fdc48ee3cef,,ConnectionError,non_classificato,0,,False,False,,,,False
www.departement06.fr,Nice,06,01204095-eb69-460f-bad0-9668667687f4,200,,provincia,4,provincia:4;polizia:1;vigili_fuoco:1,False,False,,243.5,208.2,False
archives06.fr,Nice,06,01204095-eb69-460f-bad0-9668667687f4,200,,non_classificato,0,,False,False,,230.7,45.4,False
www.somme.fr,Montdidier,80,0120a0a5-94e2-4d93-a55b-5cbf9f91c4ba,403,,non_classificato,0,,True,False,,176.4,4.5,False
www.pour-les-personnes-agees.gouv.fr,Montdidier,80,0120a0a5-94e2-4d93-a55b-5cbf9f91c4ba,200,,sanita,2,sanita:2;polizia:1,False,False,,182.8,200.0,False
cizay-la-madeleine.fr,Cizay-la-Madeleine,49,01210d76-0cc3-4ab2-9179-b6845e60d968,200,,comune,2,comune:2;polizia:1,False,False,,474.3,179.0,False
www.banyuls-sur-mer.com,Banyuls-sur-Mer,66,012142c3-364d-45b0-9796-3b3f0a932597,200,,comune,3,comune:3,False,False,,820.8,321.6,False
france-renov.gouv.fr,Cornimont,88,01217e25-5bd3-47c1-a0cb-b3d889ddc024,200,,polizia,1,polizia:1,False,False,,176.1,92.7,False
mairie-martres-tolosane.fr,Martres-Tolosane,31,0121aef3-2394-4489-82c0-84b83dd31e0d,200,,comune,3,comune:3;polizia:1,False,False,,4390.6,560.2,False
cauxetsauzens.org,Caux-et-Sauzens,11,0122986e-5bb0-41b8-ab76-7e3088a48dbc,200,,comune,5,comune:5;polizia:1,False,False,,418.2,167.9,False
www.masecurite.interieur.gouv.fr,Saint-Lô,50,01239a02-9bad-44a0-99bd-5f30d0b4fbf0,200,,ministero,2,ministero:2;polizia:1,False,False,,192.1,133.2,False
www.savoie.fr,Chambéry,73,0123b8fa-3d14-4813-bacb-b62fff4a7204,200,,provincia,1,provincia:1;scuola:1,False,False,,181.2,67.0,False
www.associations-dunkerque.org,Dunkerque,59,0123e6e7-6e57-4c17-ae37-78f7e391357d,,ConnectionError,non_classificato,0,,False,False,,,,False
www.montarnaud.com,Montarnaud,34,01248285-2756-4568-a5aa-5217d9ff879a,200,,comune,1,comune:1;polizia:1,False,False,,738.0,230.5,False
www.saint-christophe-du-bois.fr,Saint-Christophe-du-Bois,49,01251261-f02b-412f-80be-98641a6d5692,200,,comune,3,comune:3;polizia:2,False,True,forma_societaria:sas,546.0,135.9,False
grand-langres.fr,Langres,52,01251cd6-df46-4602-a4b4-ade8b5aa5d97,200,,comune,2,comune:2;polizia:1,False,False,,2945.4,304.1,False
chassille.fr,Chassillé,72,0125710b-315d-4f43-9120-813d872f1687,,ConnectTimeout,non_classificato,0,,False,False,,,,False
belleville-en-beaujolais.fr,Belleville-en-Beaujolais,69,01261a92-edae-4783-9c2d-ef135c1a4112,200,,comune,4,comune:4;regione:1;polizia:1,False,False,,128.6,278.0,False
www.france-services.gouv.fr,Valensole,04,01275332-2ce9-4df3-9f27-5c55c965efe4,200,,comune,2,comune:2,False,True,forma_societaria:as,214.8,75.9,False
www.impots.gouv.fr,Pointe-à-Pitre,971,0127a1c3-ae46-4ced-8a97-aa57e1c7f783,200,,non_classificato,0,,False,False,,113.8,290.0,False
www.france-services.gouv.fr,Merlevenez,56,01285ee4-5f70-46cb-b7e6-b3cbfd350801,200,,comune,2,comune:2,False,True,forma_societaria:as,214.8,75.9,False
lescout.fr,Lescout,81,0129e2c2-3ba0-4c2a-995a-a6f1f7424d70,,ReadTimeout,non_classificato,0,,False,False,,,,False
saintlaurentdupont.fr,Saint-Laurent-du-Pont,38,012a12dd-e814-40f2-b6ed-92edc52cf72d,200,,comune,7,comune:7,False,False,,217.3,736.9,False
www.paris.fr,Paris,75,012a40e5-86cd-431f-9fc5-54826c4105bd,200,,comune,5,comune:5;polizia:1,False,False,,105.1,351.5,False
www.touraine.fr,Chinon,37,012b74a9-6cc6-4b70-97c3-ef70f7d82281,200,,provincia,3,provincia:3;scuola:1;polizia:1,False,False,,479.5,61.9,False
seinesaintdenis.fr,Bobigny,93,012bd5bc-7ddd-4c92-bbd9-49d7fbbd6395,,ConnectTimeout,non_classificato,0,,False,False,,,,False
www.ville-notre-dame-doe.fr,Notre-Dame-d'Oé,37,012d2ff6-e562-40d4-8726-e7a36962180b,200,,comune,4,comune:4,False,False,,1360.5,568.9,False
www.coolus.fr,Coolus,51,01309946-7bc8-46a4-9ab3-4820d65d2bb2,200,,comune,1,comune:1,False,False,,713.5,14.3,False
www.jeunes-ca.fr,Reims,51,0130a20a-1527-4498-95c7-636a5ae440fe,200,,regione,3,regione:3;comune:2;scuola:2;sanita:1;polizia:1,False,False,,348.0,238.9,False
www.unaf.fr,Belfort,90,01316bef-f340-4e29-bf5f-50b717286496,200,,ministero,2,ministero:2;regione:1;polizia:1,False,False,,138.1,193.3,False
www.architectes.org,Pau,64,013188f9-284f-4cda-9ff8-91c38240e966,200,,non_classificato,0,,False,False,,198.8,610.3,False
charentes.msa.fr,L'Ile d'Espagnac,16,01319ed7-147d-493c-a355-ce1124bb3595,200,,regione,1,regione:1,False,True,forma_societaria:as,539.9,296.9,False
www.haut-rhin.gouv.fr,Colmar,68,0131ba73-eeba-4549-9743-c2cc1f809e07,,ConnectionError,non_classificato,0,,False,False,,,,False
www.briennon.fr,Briennon,42,0132e681-9966-48a7-ad1a-40717e0b0755,,ReadTimeout,non_classificato,0,,False,False,,,,False
www.inpi.fr,Besançon,25,0133caa3-f74c-4355-9ae0-65b574237a3a,200,,regione,1,regione:1,False,False,,192.7,159.4,False
www.enseignementsup-recherche.gouv.fr,Strasbourg,67,01369df1-4f12-4c43-971e-c37dcb4ebdbe,403,,non_classificato,0,,True,False,,162.6,5.5,False
www.culture.gouv.fr,Perpignan,66,0136b414-8ce3-4c8f-920f-4c4576ab7237,200,,ministero,6,ministero:6;regione:1;polizia:1,False,False,,150.4,194.0,False
www.tregueux.bzh,Trégueux,22,0136e149-0c4b-4e27-bade-a4212e1b5863,200,,comune,4,comune:4;provincia:1;polizia:1,False,False,,609.4,416.8,False
www.france-services.gouv.fr,Anse-Bertrand,971,01371cad-9f88-43db-8e3e-11c8a23eec5c,200,,comune,2,comune:2,False,True,forma_societaria:as,214.8,75.9,False
www.gendarmerie.interieur.gouv.fr,Pauillac,33,01371ee4-815a-496d-acfa-7610c8caa4f4,403,,non_classificato,0,,True,False,,163.3,5.5,False
www.gendarmerie.interieur.gouv.fr,Aramits,64,0137a7e3-5346-4ecc-8e40-387586937c7a,403,,non_classificato,0,,True,False,,163.3,5.5,False
www.gendarmerie.interieur.gouv.fr,Trie-sur-Baïse,65,0137b5b9-087e-446d-a42f-351c599866e1,403,,non_classificato,0,,True,False,,163.3,5.5,False
www.doubs.fr,Audincourt,25,013851d2-8fc9-4c8b-b352-093b989b0f6a,418,,non_classificato,0,,False,False,,153.2,49.2,False
www.ameli.fr,Porto-Vecchio,2A,013893ca-fbbd-4320-9e91-63d49f816aea,200,,comune,1,comune:1,False,False,,173.1,86.8,False
forum-assures.ameli.fr,Porto-Vecchio,2A,013893ca-fbbd-4320-9e91-63d49f816aea,200,,sanita,2,sanita:2;ministero:2,False,False,,375.5,204.9,False
www.clic-cambresis.fr,Cambrai,59,0138a0a2-9139-430e-a8e8-268494508f0c,200,,provincia,1,provincia:1;polizia:1,False,False,,976.3,709.3,False
www.pour-les-personnes-agees.gouv.fr,Cambrai,59,0138a0a2-9139-430e-a8e8-268494508f0c,200,,sanita,2,sanita:2;polizia:1,False,False,,182.8,200.0,False
www.francetravail.fr,Mulhouse,68,013993c0-85c2-48b6-8911-58baad91502c,200,,non_classificato,0,,False,False,,340.0,22.7,False
www.camboulazet12.fr,Camboulazet,12,0139cf1d-fbab-478d-a68d-75d05ca04306,200,,comune,6,comune:6,False,False,,123.4,87.8,False
www.france-services.gouv.fr,Pointe-à-Pitre,971,013aa054-0b2d-447a-a7a0-194f006a248a,200,,comune,2,comune:2,False,True,forma_societaria:as,214.8,75.9,False
www.lecrocq.fr,Le Crocq,60,013cfcc2-afd4-426d-bd7f-95a8cba047c6,200,,polizia,1,polizia:1,False,False,,181.4,61.0,False
www.saint-nicolas-aliermont.fr,Saint-Nicolas-d'Aliermont,76,013d8050-5495-4c69-9e5c-a44d3e7053b0,200,,comune,5,comune:5;provincia:3;regione:1;scuola:1;polizia:1,False,False,,138.0,53.6,False
www.bessieres.fr,Bessières,31,013e99db-fa62-4ef8-bed3-f7c597b425e3,200,,comune,2,comune:2;polizia:1,False,False,,176.8,259.6,False
www.gendarmerie.interieur.gouv.fr,Vivonne,86,013eb088-0683-479b-a281-cba67d4f3db7,403,,non_classificato,0,,True,False,,163.3,5.5,False
www.gendarmerie.interieur.gouv.fr,Saint-Georges-du-Vièvre,27,0141afbe-3d4c-4db9-982f-3874da32dd21,403,,non_classificato,0,,True,False,,163.3,5.5,False
www.impots.gouv.fr,Orange,84,0141d120-3ebc-49d8-9c3a-d27727b16278,200,,non_classificato,0,,False,False,,113.8,290.0,False
www.pays-de-la-loire.ars.sante.fr,Angers,49,01420561-c343-4cb5-b6fa-202e76cd7659,200,,sanita,5,sanita:5;polizia:3;provincia:1;regione:1,False,False,,172.3,125.2,False
www.ariege.gouv.fr,Foix,09,01454c43-5bbe-4683-9e7f-b8a601785e7e,,ConnectionError,non_classificato,0,,False,False,,,,False
www.nouvelle-aquitaine.fr,Bordeaux,33,0146c276-6f46-4c31-9351-a43174e6e618,200,,regione,4,regione:4;scuola:1;polizia:1,False,False,,2197.4,183.6,False
www.aisne.com,Gauchy,02,0147fa03-a563-46ce-b74c-ec583e14d965,200,,provincia,4,provincia:4,False,False,,154.5,67.6,False
www.gendarmerie.interieur.gouv.fr,Coulonges-sur-l'Autize,79,0148701b-d4d1-4e48-9151-ebfaaa792e83,403,,non_classificato,0,,True,False,,163.3,5.5,False
www.moselle.gouv.fr,Metz,57,01489657-4a16-4c4c-92df-f8b6ba07e72b,,ConnectionError,non_classificato,0,,False,False,,,,False
www.vigneulles.mairie54.fr,Vigneulles,54,0148db8f-1a87-499f-ac0e-586afdf7a4ea,200,,comune,4,comune:4,False,False,,775.6,26.8,False
greta-du-limousin.fr,Guéret,23,014964c3-0743-42ec-a909-321609644786,200,,comune,1,comune:1;polizia:1,False,False,,2270.2,90.7,False
www.cc-kaysersberg.fr,Kaysersberg Vignoble,68,014a1917-1af0-4106-8007-b8bed9d63d09,,SSLError,non_classificato,0,,False,False,,,,False
alteralsace.org,Kaysersberg Vignoble,68,014a1917-1af0-4106-8007-b8bed9d63d09,200,,scuola,3,scuola:3,False,False,,2045.9,183.1,False
france-renov.gouv.fr,Kaysersberg Vignoble,68,014a1917-1af0-4106-8007-b8bed9d63d09,200,,polizia,1,polizia:1,False,False,,176.1,92.7,False
www.dourgne.fr,Dourgne,81,014a3059-b12f-47e6-a2fc-afd8c9b34fca,200,,comune,4,comune:4;polizia:1,False,False,,116.0,117.9,False
www.villedugosier.fr,Le Gosier,971,014a7481-aef5-4ec4-addd-2828c7119990,200,,comune,1,comune:1;regione:1;scuola:1;sanita:1;polizia:1,False,False,,440.9,164.3,False
www.bouleurs.fr,Bouleurs,77,014aa2d0-16e3-4261-93dd-68ba3e7c69f4,200,,comune,4,comune:4;polizia:1,False,False,,1141.2,307.0,False
lemerevillois.fr,Le Mérévillois,91,014bb39a-edf3-4629-aced-f17b77f9472f,503,,comune,2,comune:2;polizia:1,False,True,forma_societaria:sas,183.6,48.2,False
www.caf.fr,Mulhouse,68,014c3a40-66d1-45b0-b702-511ad0215a7c,200,,non_classificato,0,,False,False,,627.1,13.6,False
cdad-aube.fr,PONT-SAINTE-MARIE,10,014e6163-1c1d-4598-b468-445ae139c80d,200,,comune,3,comune:3;polizia:3;giustizia:3;universita:2;provincia:1;vigili_fuoco:1,False,False,,1445.4,129.3,False
www.onac-vg.fr,Albi,81,014e7729-258d-4f64-9413-b7a9f808efbb,200,,non_classificato,0,,False,False,,140.5,0.2,False
lepin.fr,Le Pin,44,014f1e93-7bc0-4e3e-9ea8-4b945a960470,200,,comune,2,comune:2;polizia:1,False,False,,698.7,63.7,False
fncidff.info,Metz,57,01505139-a728-4f76-b0d1-1277e28a4830,200,,scuola,1,scuola:1,False,False,,321.1,208.4,False
www.mairielabastidedeserou.fr,La Bastide-de-Sérou,09,01515157-916d-4e2b-9335-436a1e6284e9,200,,comune,3,comune:3,False,False,,176.8,49.7,False
www.france-services.gouv.fr,Noisy-le-Grand,93,01531f98-9c4e-4135-997f-3c5182f52fc0,200,,comune,2,comune:2,False,True,forma_societaria:as,214.8,75.9,False
france-renov.gouv.fr,La Châtaigneraie,85,0154b4fd-bb8e-4829-a42c-022b361c08d2,200,,polizia,1,polizia:1,False,False,,176.1,92.7,False
www.xures.fr,Xures,54,0155027f-da24-45c0-a32d-200d7c32c93e,200,,comune,4,comune:4,False,False,,1132.2,22.3,False
www.brasles.fr,Brasles,02,0157c8f0-1987-4ad3-af58-903db7d8dd1d,200,,comune,4,comune:4;regione:1,False,False,,213.2,24.6,False
www.avioth.fr,Avioth,55,01597703-c70f-41a5-bc33-f4f0a536f48c,200,,non_classificato,0,,False,False,,132.3,3.4,False
www.saone-et-loire.gouv.fr,Louhans‑Châteaurenaud,71,0159b2fb-6ff5-4ca6-a223-3e7248f884cb,,ConnectionError,non_classificato,0,,False,False,,,,False
www.culture.gouv.fr,Dijon,21,015ae980-0d19-4f35-ad87-c0f44b29352a,200,,ministero,6,ministero:6;regione:1;polizia:1,False,False,,150.4,194.0,False
www.sdis79.fr,Chauray,79,015b6c74-dfb4-4555-9bcb-726698787b3b,200,,vigili_fuoco,4,vigili_fuoco:4,False,False,,1294.8,112.1,False
www.lasauniere.fr,La Saunière,23,015c9442-fcfd-4961-a550-e1ee7b01bc3d,200,,provincia,3,provincia:3;regione:3;comune:2;polizia:1,False,False,,215.3,591.4,False
www.sengager.fr,Orléans,45,015cbe99-26d3-4a43-a95b-03069b20ebcf,200,,polizia,1,polizia:1,False,False,,253.7,1953.1,True
lamarinerecrute.gouv.fr,Orléans,45,015cbe99-26d3-4a43-a95b-03069b20ebcf,200,,non_classificato,0,,False,False,,119.9,4.9,False
devenir-aviateur.gouv.fr,Orléans,45,015cbe99-26d3-4a43-a95b-03069b20ebcf,200,,scuola,1,scuola:1,False,False,,255.0,131.9,False
mlloiretouraine.org,Amboise,37,015fb895-ff4b-4a2b-ae69-eca956f0d8e4,200,,provincia,1,provincia:1;scuola:1,False,True,forma_societaria:as,235.6,256.3,False
www.ac-toulouse.fr,Muret,31,0160e29f-3846-411d-9664-c671791610ce,403,,non_classificato,0,,True,False,,188.7,5.4,False
www.jura.fr,Lons-le-Saunier,39,01612010-abd1-48ef-a0f1-d920061406ef,200,,provincia,3,provincia:3;comune:1;scuola:1;polizia:1,False,True,forma_societaria:lda,127.3,114.8,False
www.conseil-national.medecin.fr,Epagny Metz-Tessy,74,01612e4e-9e86-4a96-8b4b-3e7777ac3a1e,200,,polizia,1,polizia:1,False,False,,260.4,73.7,False
www.gendarmerie.interieur.gouv.fr,Dompierre-sur-Besbre,03,01629233-a1f1-457a-8a7c-e01d95f902ff,403,,non_classificato,0,,True,False,,163.3,5.5,False
www.france-services.gouv.fr,Villiers-le-Bel,95,016329ec-673a-4eba-b982-a263788ce68e,200,,comune,2,comune:2,False,True,forma_societaria:as,214.8,75.9,False
www.gendarmerie.interieur.gouv.fr,Gavray-sur-Sienne,50,016501d5-f40b-44f4-ac03-834aa4c71ab6,403,,non_classificato,0,,True,False,,163.3,5.5,False
www.impots.gouv.fr,Mont-de-Marsan,40,01664bdc-890a-47fe-acf4-3846889f7f73,200,,non_classificato,0,,False,False,,113.8,290.0,False
www.landelles.fr,Landelles,28,01667551-5204-4d12-ac0e-a077ee2e6ce1,200,,comune,4,comune:4,False,False,,257.4,52.4,False
www.conseil-national.medecin.fr,Tarbes,65,016729c7-e723-44b9-a5cd-84a72359fd09,200,,polizia,1,polizia:1,False,False,,260.4,73.7,False
conseil65.ordre.medecin.fr,Tarbes,65,016729c7-e723-44b9-a5cd-84a72359fd09,200,,provincia,3,provincia:3;regione:1;polizia:1,False,False,,331.3,53.8,False
www.plouguenast-langast.fr,Plouguenast-Langast,22,0168fb48-905d-41e0-bd32-d24de8213a30,200,,comune,4,comune:4;scuola:1,False,False,,420.6,136.7,False
saintandredeseignanx.fr,Saint-André-de-Seignanx,40,016a6348-db94-46f9-9419-f253a03718c8,200,,comune,1,comune:1,False,False,,1147.0,303.8,False
www.impots.gouv.fr,Bourges Cedex,18,016bf800-8dac-49fd-a86f-a86e8b3a6ac3,200,,non_classificato,0,,False,False,,113.8,290.0,False
www.doubs.fr,Pontarlier,25,016c9cb1-83d2-42ed-9451-5dbd83aa23b9,418,,non_classificato,0,,False,False,,153.2,49.2,False
www.wildersbach.fr,Wildersbach,67,016ed4e4-e0fe-40ef-ba11-732ad80a647a,200,,comune,4,comune:4,False,True,forma_societaria:as,140.3,138.9,False
www.cadastre.gouv.fr,Argentan,61,016f7c27-79af-4897-9378-927da03737d8,200,,ministero,6,ministero:6,False,False,,145.0,1.0,False
www.france-services.gouv.fr,Prémery,58,017093aa-ea5a-4de7-aa46-e723fd6ce7f7,200,,comune,2,comune:2,False,True,forma_societaria:as,214.8,75.9,False
www.rochespremarieandille.fr,Roches-Prémarie-Andillé,86,0170d47a-e2a1-4847-80db-423cb7bb21fd,200,,comune,3,comune:3;polizia:1,False,True,forma_societaria:sas,594.9,136.3,False
theil-rabier.fr,Theil-Rabier,16,01716927-0b94-4135-96c5-6777d5cb3243,200,,comune,4,comune:4,False,False,,222.0,7.2,False
www.yana-j.fr,Cayenne,973,01721f5c-6c96-49d3-ac7e-8e593d4d15bf,200,,non_classificato,0,,False,False,,994.0,59.2,False
www.france-services.gouv.fr,Bar-le-Duc,55,0174dccf-3c64-4307-a20e-169e23e7de08,200,,comune,2,comune:2,False,True,forma_societaria:as,214.8,75.9,False
www.lefreche.fr,Le Frêche,40,01758324-2bdc-4aff-95e7-20da0e45f2d0,200,,provincia,3,provincia:3;comune:1,False,False,,950.3,68.4,False
voraysurlognon.fr,Voray-sur-l'Ognon,70,0175d6a1-4ef7-4939-8efd-1b0bb9963dc8,200,,polizia,1,polizia:1,False,False,,393.4,134.2,False
www.ameli.fr,Ermont,95,01769d68-0b3c-4b02-899a-24035b81c05d,200,,comune,1,comune:1,False,False,,173.1,86.8,False
forum-assures.ameli.fr,Ermont,95,01769d68-0b3c-4b02-899a-24035b81c05d,200,,sanita,2,sanita:2;ministero:2,False,False,,375.5,204.9,False
mairie-le-burgaud.fr,Le Burgaud,31,0176a509-c193-4277-aef9-745f61ccf36e,200,,comune,1,comune:1,False,False,,225.1,36.1,False
levezier.jimdofree.com,Le Vézier,51,0176b91a-ca97-461c-9c02-3daf67ed7817,200,,comune,4,comune:4;provincia:1;regione:1;polizia:1,False,False,,243.4,18.2,False
favreuil.fr,Favreuil,62,01778a67-0459-4faf-a5f6-30594a08a78c,200,,comune,4,comune:4,False,False,,194.5,27.9,False
www.anah.gouv.fr,Nancy,54,01790c8b-5485-4075-834d-c8ac950330b2,200,,comune,1,comune:1;polizia:1,False,False,,184.0,84.2,False
www.auzits.fr,Auzits,12,017a0e88-434d-4f65-8597-d1b2d6f94a67,200,,comune,4,comune:4,False,False,,129.1,80.9,False
lacheze.bzh,La Chèze,22,017b00e1-6c61-4c40-b7a5-bfc6cf15a8e2,200,,comune,3,comune:3,False,False,,1654.6,5.2,False
www.montaigut-sur-save.com,Montaigut-sur-Save,31,017be128-9fe4-44a4-bb9d-8ca44e78b5f5,200,,comune,3,comune:3;polizia:1,False,False,,1529.8,107.7,False
www.gendarmerie.interieur.gouv.fr,Mana,973,017caffb-e81b-49f0-916f-b31d0ba4253f,403,,non_classificato,0,,True,False,,163.3,5.5,False
malmerspach.com,Malmerspach,68,017dea16-094a-43b0-a664-aa86c51e3595,200,,comune,2,comune:2;regione:1,False,False,,86.6,112.9,False
www.cdad-nord.justice.fr,HAUBOURDIN,59,0181e2e5-a5d0-4989-9661-62b66171bcfc,200,,provincia,3,provincia:3;comune:1;regione:1;giustizia:1,False,False,,391.6,77.6,False
www.manche.fr,Valognes,50,0184496b-ffcd-4075-9dc8-7b4843a002b1,200,,provincia,4,provincia:4;scuola:1;polizia:1,False,False,,640.4,173.6,False
www.pour-les-personnes-agees.gouv.fr,Ribeauvillé,68,018563c2-4489-4bfb-aeeb-1d2cf7ed4bbd,200,,sanita,2,sanita:2;polizia:1,False,False,,182.8,200.0,False
www.ac-toulouse.fr,Foix,09,0185a49f-3572-475f-b45c-483a643bccb0,403,,non_classificato,0,,True,False,,188.7,5.4,False
www.ameli.fr,Caen,14,01870a5d-e0a6-4b7c-9b98-b60d051d394e,200,,comune,1,comune:1,False,False,,173.1,86.8,False
forum-assures.ameli.fr,Caen,14,01870a5d-e0a6-4b7c-9b98-b60d051d394e,200,,sanita,2,sanita:2;ministero:2,False,False,,375.5,204.9,False
chatel-en-trieves.fr,Châtel-en-Trièves,38,018918d9-11ed-46a5-a89c-f848f1984bd5,200,,comune,6,comune:6,False,False,,1117.8,98.0,False
www.udaf13.fr,Marseille,13,018ba7fe-61ac-448c-9872-21e8f3c102a4,200,,polizia,1,polizia:1,False,False,,163.8,118.4,False
www.saintsimon15.fr,Saint-Simon,15,018bc9ff-2272-4ae2-b9e6-77bf961713e5,200,,comune,2,comune:2,False,False,,1456.5,62.9,False
ville-carros.fr,Carros,06,018c0d5e-e4d6-4fa5-aad2-e2590265e4e3,200,,comune,6,comune:6;polizia:2,False,False,,217.1,329.6,False
salsigne.fr,Salsigne,11,018ced7c-d2af-4a0c-af8b-8b39fe070a12,200,,comune,4,comune:4;provincia:1,False,False,,785.4,183.0,False
www.lattainville.info,Lattainville,60,018d9a3f-8110-4b2a-bdad-a4c26887f483,200,,comune,1,comune:1;regione:1,False,False,,448.1,16.2,False
isere.fr,Villard-de-Lans,38,0192e1af-cff8-4268-8316-740df46bccac,200,,provincia,4,provincia:4;polizia:1,False,False,,336.7,163.4,False
www.pour-les-personnes-agees.gouv.fr,Villard-de-Lans,38,0192e1af-cff8-4268-8316-740df46bccac,200,,sanita,2,sanita:2;polizia:1,False,False,,182.8,200.0,False
www.ville-robert.fr,Le Robert,972,01932559-8255-4be7-8c40-5bbb60c9466f,200,,polizia,3,polizia:3;scuola:2;comune:1;vigili_fuoco:1,False,True,forma_societaria:as,1938.7,698.6,False
www.gendarmerie.interieur.gouv.fr,We,988,0193801a-58cd-42d4-82f4-01288a380cf0,403,,non_classificato,0,,True,False,,163.3,5.5,False
www.mairie-lecluse.fr,Lécluse,59,0195f1c8-91b6-4dd1-a9ea-f019122c5093,200,,comune,2,comune:2;regione:1,False,False,,812.9,63.2,False
www.ameli.fr,Bagnères-de-Bigorre,65,01969a79-5780-4d7e-94d6-299f7868cb4a,200,,comune,1,comune:1,False,False,,173.1,86.8,False
forum-assures.ameli.fr,Bagnères-de-Bigorre,65,01969a79-5780-4d7e-94d6-299f7868cb4a,200,,sanita,2,sanita:2;ministero:2,False,False,,375.5,204.9,False
www.gendarmerie.interieur.gouv.fr,Ailly-le-Haut-Clocher,80,0196da2e-9983-48bc-8f21-be96680222a4,403,,non_classificato,0,,True,False,,163.3,5.5,False
cdad-aube.fr,TROYES,10,019705ce-06c6-4d42-b80d-37b9875d3d2a,200,,comune,3,comune:3;polizia:3;giustizia:3;universita:2;provincia:1;vigili_fuoco:1,False,False,,1445.4,129.3,False
www.cernoy.fr,Cernoy,60,01988b19-efd7-4c9b-8653-572ede40bae3,200,,comune,4,comune:4;provincia:1;regione:1;polizia:1,False,False,,188.4,83.2,False
www.impots.gouv.fr,Longwy,54,0198cbd8-d722-4923-975d-1c791d24caca,200,,non_classificato,0,,False,False,,113.8,290.0,False
www.val-de-marne.gouv.fr,Créteil,94,019b2e5f-1a2d-489f-8394-3f4fdbb75281,,ConnectionError,non_classificato,0,,False,False,,,,False
www.envermeu.fr,Envermeu,76,019b8f4f-f53d-4658-9b8a-d3d33b8f9294,200,,comune,3,comune:3,False,False,,401.9,73.5,False
www.udaf91.fr,Les Molières,91,019d8d82-df32-4b9d-85c6-9aeb04cbc694,200,,polizia,1,polizia:1,False,False,,166.9,135.2,False
www.udaf2b.fr,Bastia,2B,019e29f7-9220-44e1-97b0-38f89a8e13ab,200,,polizia,1,polizia:1,False,False,,178.5,107.0,False
www.auvergnerhonealpes.fr,Lyon,69,01a06679-b382-4843-a8d8-ce487db7237a,200,,non_classificato,0,,False,False,,137.8,1.5,False
oise.fr,Crépy-en-Valois,60,01a16fe8-dab5-4faa-97e6-16c4b0fb5abc,403,,non_classificato,0,,True,False,,92.9,4.5,False
www.bu-28.fr,Bû,28,01a2a9c7-22b7-4898-bd0c-b182505acfc1,200,,comune,1,comune:1;scuola:1;polizia:1,False,False,,1423.0,149.6,False
www.gendarmerie.interieur.gouv.fr,La Souterraine,23,01a3a5e6-1278-4474-91c1-7a32323db688,403,,non_classificato,0,,True,False,,163.3,5.5,False
www.saintmartindheres.fr,Saint-Martin-d'Hères,38,01a41c41-5723-49d3-9300-554d11a024c7,200,,comune,4,comune:4;polizia:2;regione:1;scuola:1,False,False,,831.8,278.4,False
www.espace-citoyens.net,Saint-Martin-d'Hères,38,01a41c41-5723-49d3-9300-554d11a024c7,200,,non_classificato,0,,False,False,,190.2,1.2,False
www.sainsenamienois.fr,Sains-en-Amiénois,80,01a4be39-6fe1-4c47-8698-f2cbd818d433,200,,comune,2,comune:2,False,False,,216.6,131.4,False
www.masecurite.interieur.gouv.fr,Goussainville,95,01a4ec1e-fb34-4e95-a836-f0929b30b0a2,200,,ministero,2,ministero:2;polizia:1,False,False,,192.1,133.2,False
www1.ac-grenoble.fr,Valence,26,01a63b97-3d22-4e8a-88ff-c722058912a9,403,,non_classificato,0,,True,False,,216.5,5.4,False
www.mairie-acyenmultien.fr,Acy-en-Multien,60,01a65d70-13bc-4904-94f5-18c51ef87a28,200,,comune,3,comune:3;provincia:1,False,False,,151.2,51.8,False
www.gendarmerie.interieur.gouv.fr,Châtillon-en-Diois,26,01a66e7d-833d-4161-9662-186c7a1f4b03,403,,non_classificato,0,,True,False,,163.3,5.5,False
www.udaf42.org,Saint-Chamond,42,01a6babb-60a3-4a41-835d-096fede3d633,200,,polizia,1,polizia:1,False,False,,126.4,1247.6,False
www.trie-chateau.fr,Trie-Château,60,01a74c54-2625-4e03-af1c-3197ae391911,200,,comune,3,comune:3;polizia:1,False,False,,368.4,86.0,False
www.onac-vg.fr,Saint-Lô,50,01a7679c-12a1-43f9-8013-e7481af73af1,200,,non_classificato,0,,False,False,,140.5,0.2,False
www.combret-aveyron.fr,Combret,12,01a76b79-f6cc-49e2-930a-df099fc3a4a8,200,,comune,6,comune:6,False,False,,151.0,100.0,False
www.montfort-sur-argens.fr,Montfort-sur-Argens,83,01a7a78a-e426-476e-ae5e-37640e2ced6c,200,,comune,7,comune:7;polizia:1;vigili_fuoco:1,False,False,,1076.6,218.9,False
www.oise.gouv.fr,Beauvais,60,01a86f85-fdd6-4ce4-ab03-93d1a0e39aaf,,ConnectionError,non_classificato,0,,False,False,,,,False
www.impots.gouv.fr,Montmorency,95,01ac4cf4-1b08-49f0-9a4f-21d896d74d30,200,,non_classificato,0,,False,False,,113.8,290.0,False
www.duttlenheim.fr,Duttlenheim,67,01ad4fe8-ad01-4f23-9274-cc1fb325cca8,200,,comune,4,comune:4,False,False,,1056.2,34.5,False
www.lacharente.fr,Chalais,16,01ad618c-aca3-47ca-86bb-21dfe3bc1caa,200,,provincia,4,provincia:4;comune:1;scuola:1,False,False,,315.7,69.4,False
www.bourbourg.fr,Bourbourg,59,01ad82f9-0a14-4b88-9f2d-9c65cf4dfeee,200,,comune,5,comune:5;polizia:2;regione:1,False,False,,212.7,308.0,False
dombasle-en-argonne.fr,Dombasle-en-Argonne,55,01ad87b8-354d-4d24-91fb-284ed175148a,200,,comune,3,comune:3,False,False,,1282.7,163.6,False
www.creil.fr,Creil,60,01aee5bf-a750-4444-b8eb-93ef8fe69a59,200,,comune,4,comune:4;regione:3,False,False,,153.2,50.5,False
www.plouractualites.fr,Plourac'h,22,01b39604-670f-40d4-8ede-7c35fcd8bd4a,200,,comune,3,comune:3;polizia:2;provincia:1;regione:1,False,False,,1157.7,206.7,False
rocroi.fr,Rocroi,08,01b3e93c-6a88-4019-9e44-71f42b7d31ff,200,,comune,6,comune:6,False,True,forma_societaria:sia,149.8,181.0,False
www.cosse-le-vivien.fr,Cossé-le-Vivien,53,01b7e810-90ff-4dfa-a467-b9be24656065,200,,comune,3,comune:3;scuola:1,False,False,,1150.4,194.0,False
www.impots.gouv.fr,Pézenas,34,01b8ce99-1102-495c-8e19-b33e37f4320f,200,,non_classificato,0,,False,False,,113.8,290.0,False
www.nord.gouv.fr,Cambrai,59,01b9081c-4866-42bf-869f-0d277d018e5a,,ConnectionError,non_classificato,0,,False,False,,,,False
www.associations.gouv.fr,Cambrai,59,01b9081c-4866-42bf-869f-0d277d018e5a,200,,ministero,2,ministero:2,False,False,,302.8,130.9,False
www.france-services.gouv.fr,Paris,75,01b974e7-e03e-40c8-a53d-7f8b5755637b,200,,comune,2,comune:2,False,True,forma_societaria:as,214.8,75.9,False
www.stgeorges79.fr,Saint-Georges-de-Noisné,79,01b9e192-2561-4c6c-b300-5d76f088af56,200,,comune,6,comune:6;provincia:1;regione:1,False,False,,781.3,34.7,False
www.intramuros.org,Cornillé-les-Caves,49,01bb3852-1268-4412-8bfb-de207ff29e6c,200,,non_classificato,0,,False,False,,268.4,2.1,False
www.france-services.gouv.fr,Lavoncourt,70,01bbf717-5842-4c2d-ae78-2e4851aa99dd,200,,comune,2,comune:2,False,True,forma_societaria:as,214.8,75.9,False
www.vosges.fr,Épinal,88,01bc7763-8ec3-4bf3-916e-d884ccce8256,200,,provincia,4,provincia:4;scuola:1,False,False,,355.4,227.7,False
www.fraize.eu,Fraize,88,01bd311e-c11e-40dd-9818-2501cb591a1b,200,,comune,5,comune:5;scuola:1,False,False,,302.3,816.8,False
www.gendarmerie.interieur.gouv.fr,Saint-Laurent-en-Grandvaux,39,01be0109-ecc0-418b-be73-4b3fd38ece69,403,,non_classificato,0,,True,False,,163.3,5.5,False
www.ville-bonneuil.fr,Bonneuil-sur-Marne Cedex,94,01befebc-084e-4b13-ba83-fa49ee6e8ee8,200,,comune,3,comune:3;polizia:1,False,False,,366.9,161.3,False
cdad-dordogne.fr,MAUZAC-ET-GRAND-CASTANG,24,01bf845b-a8f5-4588-a84c-47087a25dafc,200,,provincia,3,provincia:3;sanita:2;giustizia:2;comune:1,False,True,forma_societaria:ag,1047.9,73.4,False
www.caf.fr,Toulouse,31,01c1b8d5-05c2-48fc-9f57-d56e50f44919,200,,non_classificato,0,,False,False,,627.1,13.6,False
somme-suippe.fr,Somme-Suippe,51,01c4dcba-841d-4cad-8469-0b2e7068fa29,200,,comune,1,comune:1;polizia:1,False,False,,700.1,103.0,False
www.cher.gouv.fr,Bourges,18,01c4e5cc-9bd0-4bc8-a39b-3eba2819868f,,ConnectionError,non_classificato,0,,False,False,,,,False
www.saint-martin-de-fontenay.fr,Saint-Martin-de-May,14,01c5bff6-9eb8-4111-97cb-6752f4d3fd7a,,ConnectionError,non_classificato,0,,False,False,,,,False
www.ameli.fr,Orange,84,01c632d2-fa63-4eaf-9787-14a5128846de,200,,comune,1,comune:1,False,False,,173.1,86.8,False
forum-assures.ameli.fr,Orange,84,01c632d2-fa63-4eaf-9787-14a5128846de,200,,sanita,2,sanita:2;ministero:2,False,False,,375.5,204.9,False
www.lealvillers.fr,Léalvillers,80,01c731b9-3cc4-4038-b454-689d4b622c97,200,,comune,4,comune:4,False,False,,1899.8,133.0,False
www.peaule.fr,Péaule,56,01c7d5f3-e213-468d-b126-150fbf5ba1b8,200,,comune,3,comune:3;polizia:1,False,False,,1048.9,226.3,False
www.agglo-lepuyenvelay.fr,Le Puy-en-Velay,43,01c91802-fe88-4a64-aa64-163271b93f0e,200,,comune,1,comune:1;polizia:1,False,False,,1269.6,219.0,False
www.gendarmerie.interieur.gouv.fr,Céret,66,01c91bf5-7863-4d77-be8c-62582231dded,403,,non_classificato,0,,True,False,,163.3,5.5,False
www.lefolgoet.fr,Le Folgoët,29,01c98395-e16f-473c-956a-42e1ad68fe30,200,,comune,1,comune:1,False,False,,1389.1,117.9,False
www.impots.gouv.fr,Dole,39,01cb453f-d281-424d-8c14-35a2ae5faa1a,200,,non_classificato,0,,False,False,,113.8,290.0,False
cio.ac-amiens.fr,Creil,60,01cee0d3-f8ee-4a22-85f7-a12c2b210756,200,,non_classificato,0,,False,False,,156.4,4.3,False
fessenheim.fr,Fessenheim,68,01cf3283-380b-4dc7-87e1-ff714249449d,200,,comune,5,comune:5;scuola:2;regione:1;polizia:1,False,True,forma_societaria:spa;forma_societaria:as,165.0,211.3,False
www.ordredesavocatsdedax.fr,Dax,40,01cf607b-f717-49e2-a3cd-8f124c4711fd,200,,polizia,1,polizia:1,False,False,,417.2,33.5,False
www.mairie-lecluse.fr,Lécluse,59,01d0ac78-8e14-47d8-a41d-4be5baadf988,200,,comune,2,comune:2;regione:1,False,False,,812.9,63.2,False
mairie-nogaret.fr,Nogaret,31,01d19b3c-3fd0-4513-bb23-ce14f946f468,200,,comune,3,comune:3;polizia:1,False,False,,374.6,132.5,False
diebling.fr,Diebling,57,01d21a72-9b85-43d9-818d-339aad0b188b,200,,comune,1,comune:1;polizia:1,False,False,,743.2,51.3,False
www.reseau-canope.fr,Mont-de-Marsan,40,01d4eb68-69a6-4329-91aa-57e98c5877c7,200,,ministero,6,ministero:6;scuola:2;polizia:1,False,False,,738.0,151.4,False
www.bourgogne-franche-comte.developpement-durable.gouv.fr,Dijon Cedex,21,01d5e6f9-b0d2-4965-a3fc-cc221ea9beba,200,,regione,1,regione:1;ministero:1,False,False,,576.8,58.8,False
www.ffbatiment.fr,La Roche-sur-Yon,85,01d64db9-a9dc-4c5c-8d66-ce91160f27d3,200,,non_classificato,0,,False,False,,4875.3,320.8,False
www1.ac-grenoble.fr,Chambéry,73,01d6b5cb-ea31-4c2f-8b3d-f5ca5043632e,403,,non_classificato,0,,True,False,,216.5,5.4,False
parfondru.fr,Parfondru,02,01d6cd23-7d68-40d5-bac1-d70d57ec6213,200,,comune,3,comune:3,False,False,,84.1,42.5,False
www.correze.gouv.fr,Tulle,19,01d76906-79d5-4569-8abc-f804fe9bb2e5,,ConnectionError,non_classificato,0,,False,False,,,,False
www.impots.gouv.fr,Nancy,54,01d79a29-68d8-4302-a4af-3511501f4eec,200,,non_classificato,0,,False,False,,113.8,290.0,False
accueil.banque-france.fr,Perpignan,66,01d800e9-2e2b-4d8c-a0d7-b4745db12941,200,,non_classificato,0,,False,False,,211.3,15.2,False
www.alban.ccmav.fr,Alban,81,01d8ea7e-994e-43a9-b0b6-f2b367babfce,200,,comune,6,comune:6;regione:1,False,False,,226.2,27.6,False
www.caf.fr,Morlaix,29,01da084a-fc36-4de8-9f31-786f3f719b57,200,,non_classificato,0,,False,False,,627.1,13.6,False
www.ville-loches.fr,Loches,37,01da19a9-85a6-4719-a8e0-12daa90f6e0a,200,,comune,5,comune:5;sanita:3;polizia:2,False,False,,459.6,84.5,False
www.gendarmerie.interieur.gouv.fr,Léognan,33,01dc6f93-0e82-457c-80a9-7a11f5d32cfb,403,,non_classificato,0,,True,False,,163.3,5.5,False
mairielegrandbornand.com,Le Grand-Bornand,74,01dcb479-11eb-4fbc-8d39-9a13778cd38b,200,,comune,3,comune:3;polizia:1,False,False,,215.9,67.9,False
www.rosselange.fr,Rosselange,57,01dd8143-0f76-4208-9dce-41460252bf92,200,,comune,5,comune:5;provincia:3;regione:3;polizia:1,False,False,,212.4,27.8,False
www.gendarmerie.interieur.gouv.fr,La Chaise-Dieu,43,01ddc700-a860-48f5-b0ec-7b8593539ad6,403,,non_classificato,0,,True,False,,163.3,5.5,False
valleederonsard.fr,Vallée-de-Ronsard,41,01df15a2-8756-42ce-85ed-ec59bdd9effe,200,,comune,1,comune:1;provincia:1;polizia:1;vigili_fuoco:1,False,False,,973.6,115.7,False
www.thoissey.fr,Thoissey,01,01e00c9f-2c53-46e5-824b-0584f8ac4858,404,,non_classificato,0,,False,False,,135.5,0.0,False
www.gendarmerie.interieur.gouv.fr,Clermont-Ferrand,63,01e15c81-8670-4a0f-aa3a-6611d545209e,403,,non_classificato,0,,True,False,,163.3,5.5,False
www.ville-tavaux.fr,Tavaux,39,01e56bd3-dcf4-412a-912f-9ed8115e72fd,200,,comune,5,comune:5;regione:1,False,False,,290.5,54.4,False
paulhac.fr,Paulhac,31,01e72f1e-d181-4c5d-8f7c-256367e120cb,200,,comune,6,comune:6;polizia:2,False,False,,1827.4,305.8,False
www.cdad-eure.fr,ÉPAIGNES,27,01e80488-59b0-4ee5-9a90-71a4a890bdbf,200,,provincia,3,provincia:3;polizia:3,False,False,,800.9,29.3,False
www.departement06.fr,Grasse,06,01e956ab-f8a3-4fdc-934c-e1841bf1f1c6,200,,provincia,4,provincia:4;polizia:1;vigili_fuoco:1,False,False,,243.5,208.2,False
louvie-juzon.fr,Louvie-Juzon,64,01e9a841-1b1a-4920-a49d-8f5222b16f26,200,,comune,1,comune:1,False,False,,472.3,156.0,False
mairie-auriol.fr,Auriol,13,01ec7f75-cd19-4ec5-9551-c0f3ee5622e1,200,,non_classificato,0,,False,False,,642.1,0.2,False
www.moiransenmontagne.fr,Moirans-en-Montagne,39,01ee6f92-fa57-4aa6-a84e-5033479db408,200,,comune,2,comune:2;regione:1;polizia:1,False,False,,415.6,35.3,False
www.douane.gouv.fr,Saint-Pierre-et-Miquelon,974,01eeba2f-7d9e-4f0f-86b1-52674cfde51a,200,,non_classificato,0,,False,False,,407.5,178.8,False
calade.org,Sommières,30,01ef4714-698c-401d-939a-8ebc759ee811,200,,non_classificato,0,,False,False,,2765.0,107.8,False
www.pontault-combault.fr,Pontault-Combault,77,01f10665-d439-46ba-94f3-a227530e46c9,200,,comune,5,comune:5,False,False,,165.2,61.9,False
www.ville-moyenmoutier.fr,Moyenmoutier,88,01f1213d-2daa-477f-aac7-344eebc99ed5,200,,comune,9,comune:9,False,False,,359.7,19.6,False
ponthevrard.fr,Ponthévrard,78,01f14860-676e-402b-9c0f-842dbbd3f663,200,,comune,1,comune:1;scuola:1;polizia:1,False,False,,425.4,182.7,False
www.avoudrey.fr,Avoudrey,25,01f2bf4d-013c-45a4-a71b-4353322f3922,200,,comune,1,comune:1;regione:1,False,False,,284.0,22.8,False
www.francetravail.fr,Angoulême,16,01f49b5c-8d9b-448b-b7fb-3e9530909ba3,200,nan,non_classificato,0,nan,False,False,nan,340.0,22.7,False
www.france-services.gouv.fr,Saint-Denis,974,01f60676-c470-4fb3-a554-41601caf242b,200,nan,comune,2,comune:2,False,True,forma_societaria:as,214.8,75.9,False
cagnac-les-mines.fr,Cagnac-les-Mines,81,01f66daf-e715-48f3-8bf2-b4190bcaf0fd,200,,comune,4,comune:4;polizia:1,False,False,,274.3,75.4,False
www.ameli.fr,Sainte-Rose,971,01f7f734-1354-41e5-9b50-135a8c83886a,200,nan,comune,1,comune:1,False,False,nan,173.1,86.8,False
forum-assures.ameli.fr,Sainte-Rose,971,01f7f734-1354-41e5-9b50-135a8c83886a,200,nan,sanita,2,sanita:2;ministero:2,False,False,nan,375.5,204.9,False
www.douane.gouv.fr,Ecole Valentin,25,01fb0a75-4f31-44b7-953d-85027bff29ba,200,nan,non_classificato,0,nan,False,False,nan,407.5,178.8,False
beaujeu04.fr,Beaujeu,04,01fbe8f5-f977-4647-887f-27e7f3d89e45,200,,comune,3,comune:3;polizia:1,False,False,,442.7,174.9,False
www.mairie-castelnau-medoc.fr,Castelnau-de-Médoc,33,01fe838e-0747-4481-964d-c74ddb2d7fba,200,,comune,6,comune:6;polizia:1,False,False,,364.8,267.8,False
www.mairie-ibos.fr,Ibos,65,01ffc8b4-befb-47ba-9fde-f361c12ad297,200,,comune,3,comune:3,False,False,,1485.2,247.2,False
www.conseil-national.medecin.fr,Cayenne,973,0200668c-2f63-4ed4-9bae-c861085790d9,200,nan,polizia,1,polizia:1,False,False,nan,260.4,73.7,False
www.averdon.fr,Averdon,41,0200ce10-5f98-4540-bb1c-4abb3104a65c,200,,comune,1,comune:1,False,False,,883.1,16.0,False
www.xeuilley.fr,Xeuilley,54,02010230-fd07-4591-a66e-08df8208a16f,200,,comune,3,comune:3;provincia:3;regione:3,False,False,,349.3,36.4,False
www.villagesdulacdepaladru.fr,Villages du Lac de Paladru,38,02014029-8ab7-4452-8361-14168de23921,200,,comune,4,comune:4;polizia:1,False,False,,1290.2,399.2,False
www.mairie-toutens31.fr,Toutens,31,0203f32d-7e9a-4ca8-8963-604cc172cd0c,200,,comune,1,comune:1;scuola:1,False,False,,612.3,68.4,False
www.mairielebignon.fr,Le Bignon,44,0204c0d5-f842-4f5c-a9a0-812d4d0ad31c,200,,comune,4,comune:4;polizia:1,False,False,,612.8,520.4,False
www.grandlieu.fr,La Chevrolière,44,020578c8-e284-44af-bb35-44054bd624cc,200,,polizia,1,polizia:1,False,False,,150.4,99.5,False
www.fresnayleveque.fr,Fresnay-l'Évêque,28,02069166-356e-4278-865b-6af7ecd8b38f,200,,comune,6,comune:6;scuola:1,False,False,,225.9,59.9,False
www.france-services.gouv.fr,Bouillant,971,0206c371-b663-44eb-95c6-98c0c0c6299a,200,nan,comune,2,comune:2,False,True,forma_societaria:as,214.8,75.9,False
www.udaf14.fr,Condé en Normandie,14,02082ca3-0bec-4cb3-a320-abf137ec84fa,200,,polizia,1,polizia:1,False,False,,175.4,113.1,False
www.udaf41.fr,Blois,41,0208493c-eac5-4fa5-81b9-cce5caf4404d,200,,ministero,2,ministero:2;polizia:1,False,False,,163.4,125.0,False
www.lissac09.fr,Lissac,09,0209334f-00d6-4584-91cc-aa75b9dd5c91,200,,comune,4,comune:4;sanita:2;provincia:1;scuola:1,False,False,,1061.5,94.2,False
www.saintlaurentdupape.fr,Saint-Laurent-du-Pape,07,0209b7da-4db5-49a1-b13d-7f8592991197,200,,comune,4,comune:4,False,False,,438.4,18.3,False
www.gendarmerie.interieur.gouv.fr,Clary,59,020a923f-68c4-4933-9d6d-ee0c65d06240,403,nan,non_classificato,0,nan,True,False,nan,163.3,5.5,False
saintpauldevence.org,Saint-Paul-de-Vence,06,020ab328-eb64-4691-8f93-f44d9154c98e,200,,comune,6,comune:6,False,False,,112.3,107.8,False
www.blotzheim.fr,Blotzheim,68,020cb854-d5e6-4e52-aaf1-470f3de7d7ce,200,,comune,3,comune:3,False,False,,147.3,0.8,False
www.montet-et-bouxal.fr,Montet-et-Bouxal,46,020cd8b9-3e91-400d-aa29-f84ac0ed9fe8,200,,comune,4,comune:4;polizia:2,False,False,,261.0,33.2,False
www.commune-cerise.fr,Cerisé,61,020d9d2c-5e69-45be-ac04-16f55f3c13a3,200,,comune,7,comune:7;polizia:1,False,True,forma_societaria:as,1392.1,56.1,False
www.tourville-en-auge.fr,Tourville-en-Auge,14,020e3004-4bec-476f-a231-9622d640bc3a,200,,comune,4,comune:4;polizia:1,False,False,,275.6,75.5,False
www.banque-france.fr,Lille Cedex,59,020e67fa-92a4-4693-8105-26d3aacae77e,200,nan,regione,2,regione:2;sanita:1;polizia:1,False,False,nan,169.8,360.8,False
www.caf.fr,Allonnes,72,020ebe08-4986-4870-992e-0cf5f062553f,200,nan,non_classificato,0,nan,False,False,nan,627.1,13.6,False
www.facebook.com,Chemillé-sur-Dême,37,020f4a97-3b62-4bb7-8ae8-e5295df8c943,200,,non_classificato,0,,False,False,,483.1,395.7,False
www.isere.fr,Voiron,38,0210eb45-9443-46f1-9d42-cd35c7d3b3c9,200,nan,provincia,4,provincia:4;polizia:1,False,False,nan,196.5,163.4,False
www.pour-les-personnes-agees.gouv.fr,Voiron,38,0210eb45-9443-46f1-9d42-cd35c7d3b3c9,200,nan,sanita,2,sanita:2;polizia:1,False,False,nan,182.8,200.0,False
www.impots.gouv.fr,Auch,32,0213392c-2b0e-4ad0-b889-6f7ba991956c,200,nan,non_classificato,0,nan,False,False,nan,113.8,290.0,False
www.lavilleauxdames.fr,La Ville-aux-Dames,37,02134be5-7669-4356-ac58-b3d31aec1834,200,,comune,3,comune:3;polizia:1,False,False,,490.4,540.1,False
gennes25.fr,Gennes,25,0213b613-94c2-44e7-9ca0-2c9fdd6a677e,200,,comune,4,comune:4;polizia:1,False,False,,227.3,74.9,False
www.gendarmerie.interieur.gouv.fr,Ottange,57,02164fbd-4dc7-4a9e-89bb-218042e0e694,403,nan,non_classificato,0,nan,True,False,nan,163.3,5.5,False
loiret.chambres-agriculture.fr,Orléans,45,0216619f-0586-418f-bf4e-46008310f4b6,200,,regione,1,regione:1,False,False,,700.6,118.9,False
mairie-vaux.fr,Vaux,03,0218996b-97ca-4257-bb54-5351c7717e10,200,,comune,3,comune:3,False,False,,136.7,223.8,False
www.pour-les-personnes-agees.gouv.fr,Créteil,94,021bd095-a9d5-4c80-a287-9538859b1aae,200,nan,sanita,2,sanita:2;polizia:1,False,False,nan,182.8,200.0,False
www.stbrice87.fr,Saint-Brice-sur-Vienne,87,021be9df-dfde-4217-a808-283897a3a54b,200,,scuola,2,scuola:2;comune:1,False,True,forma_societaria:as,498.2,157.8,False
www.masecurite.interieur.gouv.fr,Dijon,21,021cc0e7-48f1-42c2-8846-2eb62494e646,200,nan,ministero,2,ministero:2;polizia:1,False,False,nan,192.1,133.2,False
saintjeansaintgermain.fr,Saint-Jean-Saint-Germain,37,021d36e5-ffb1-4c4c-b20c-b6e98824b436,200,,comune,3,comune:3;regione:1,False,False,,367.7,53.7,False
www.unaf.fr,Les Sables-d'Olonne,85,021d4f2c-0cae-4d68-9c74-9bbafd710200,200,nan,ministero,2,ministero:2;regione:1;polizia:1,False,False,nan,138.1,193.3,False
greta-du-limousin.fr,Limoges,87,021d8a79-da6b-41dc-b72b-04aad56792d7,200,nan,comune,1,comune:1;polizia:1,False,False,nan,2270.2,90.7,False
www.beruges.fr,Béruges,86,021f2dda-a95a-4731-8eb3-8a3eaf894f13,200,,comune,2,comune:2,False,False,,1581.9,118.4,False
www.sommieres.fr,Sommières,30,021f3cae-62e9-47d9-9398-fb295811de91,200,,comune,5,comune:5;polizia:1,False,False,,810.3,62.2,False
www.connerre.fr,Connerré,72,022207d3-aff5-4678-ab3a-dc57b18b7b09,200,,comune,7,comune:7;polizia:2,False,True,forma_societaria:as,656.5,81.2,False
www.loir-et-cher.gouv.fr,Blois,41,02222213-557c-41af-95d2-a946901ee071,,ConnectionError,non_classificato,0,,False,False,,,,False
www.commune-de-pouilley-francais.fr,Pouilley-Français,25,0222cce5-f945-45f8-ae1a-14ae3e1e2ea2,200,,comune,6,comune:6;polizia:1,False,False,,118.9,39.9,False
www.ville-abergement-la-ronce.fr,Abergement-la-Ronce,39,022447b2-145c-4513-85ec-6e2f667ecb08,200,,comune,1,comune:1;polizia:1,False,False,,237.4,75.1,False
www.ml-vitry-le-francois.fr,Vitry-le-François,51,02245452-444a-43e4-b1af-c44f446397f7,200,,polizia,1,polizia:1,False,True,forma_societaria:sarl,3468.8,139.4,False
www.impots.gouv.fr,Niort,79,0224fbe3-4727-4946-9eb8-1923c36b714f,200,nan,non_classificato,0,nan,False,False,nan,113.8,290.0,False
mairie-labernerie.fr,La Bernerie-en-Retz,44,022572a6-e94d-4dbe-b53b-978629a6f5dd,200,,comune,4,comune:4;polizia:2,False,False,,255.9,404.9,False
www.vendeegrandlittoral.fr,Talmont-Saint-Hilaire,85,0227038f-6954-476a-bafc-51690ebdd247,200,,comune,1,comune:1,False,False,,619.9,90.2,False
www.france-services.gouv.fr,Troyes,10,02272bf5-f7aa-4f44-90c6-1fd5be8c7f93,200,nan,comune,2,comune:2,False,True,forma_societaria:as,214.8,75.9,False
www.echirolles.fr,Échirolles,38,0227b028-6606-453d-b3ed-66c7e8e953ab,200,,polizia,2,polizia:2;comune:1,False,False,,186.1,79.4,False
www.raffetot.fr,Raffetot,76,0228e76e-44c8-44b1-8fa2-50918590dd43,200,,comune,4,comune:4;scuola:1,False,False,,349.4,636.5,False
www.frevincapelle.fr,Frévin-Capelle,62,02294a20-5f37-4260-83f5-c42e00fc8634,200,,comune,7,comune:7,False,False,,1913.6,75.1,False
www.impots.gouv.fr,Pontarlier Cedex,25,0229fe8c-f543-4a3f-95dc-7b952855459d,200,nan,non_classificato,0,nan,False,False,nan,113.8,290.0,False
ecrouves.fr,Écrouves,54,022d9384-b715-402b-b7f4-e60f7c70128b,200,,comune,2,comune:2,False,False,,170.0,72.2,False
www.impots.gouv.fr,Saint-Etienne Cedex 2,42,022e47dc-78fa-44b5-9164-5d624dcd7b6c,200,nan,non_classificato,0,nan,False,False,nan,113.8,290.0,False
www.mauregard.fr,Mauregard,77,022e9b87-7501-4523-951e-a657323655e4,200,,comune,4,comune:4;scuola:1,False,False,,182.7,95.6,False
www.mairie-portets.fr,Portets,33,02314735-5d5a-419a-bbad-d079836030ec,200,,comune,3,comune:3;polizia:1,False,False,,498.0,73.6,False
www.impots.gouv.fr,Vitry-le-François Cedex,51,02314e09-532d-42fb-a49c-420dbc4ab430,200,nan,non_classificato,0,nan,False,False,nan,113.8,290.0,False
www.ville-eguisheim.fr,Eguisheim,68,02323854-c2d2-4bc0-a301-fbc931e6ed11,200,,comune,1,comune:1,False,False,,538.2,58.9,False
montgaillard65200.wixsite.com,Montgaillard,65,023411d3-1a32-46db-ae76-20d19bc1de64,404,,non_classificato,0,,False,False,,146.2,2.4,False
www.noizay.net,Noizay,37,02350b1a-5dc1-47b6-9f67-956fb5b0557c,200,,comune,1,comune:1,False,False,,243.5,46.6,False
www.champs-marchal.org,Champs-sur-Tarentaine-Marchal,15,02358418-93b4-4e30-97ec-847b1acd3fe0,200,,comune,1,comune:1;regione:1;polizia:1,False,False,,343.4,129.4,False
www.villedieu-le-chateau.fr,Villedieu-le-Château,41,0236c918-b212-40d3-b911-79b18f55d8a1,200,,comune,3,comune:3,False,False,,128.7,817.5,False
www.saintvictoret.fr,Saint-Victoret,13,023787cf-2804-4869-9926-6de74800ed10,418,,non_classificato,0,,False,False,,203.5,40.8,False
www.france-services.gouv.fr,Paris,75,023961a5-bc7a-4bc7-ba1b-f59e02cfb895,200,nan,comune,2,comune:2,False,True,forma_societaria:as,214.8,75.9,False
www.france-services.gouv.fr,Rémilly,57,023c45c1-7460-441e-a673-1c538f14448d,200,nan,comune,2,comune:2,False,True,forma_societaria:as,214.8,75.9,False
www.crous-lille.fr,Aulnoy-lez-Valenciennes,59,023c65b6-9605-4692-9e16-680e767fb966,200,,comune,1,comune:1;scuola:1,False,False,,338.6,514.5,False
www.dauendorf-neubourg.fr,Dauendorf,67,023f1a9e-6c84-4c0f-97d4-98c53749e6c3,200,,comune,2,comune:2;polizia:1,False,False,,182.6,26.2,False
laloubiere.fr,La Loubière,12,02411e35-4eab-4fc3-b3b0-2242fe65bb62,200,,comune,4,comune:4;provincia:1;polizia:1,False,False,,688.3,141.8,False
www.masecurite.interieur.gouv.fr,Rennes,35,0241c7da-7eaf-4c80-a191-5b3a83a0da9f,200,nan,ministero,2,ministero:2;polizia:1,False,False,nan,192.1,133.2,False
www.creuse.gouv.fr,Guéret,23,02446682-5093-465e-a51d-dc9b00c23b1f,,ConnectionError,non_classificato,0,,False,False,,,,False
www.associations.gouv.fr,Guéret,23,02446682-5093-465e-a51d-dc9b00c23b1f,200,nan,ministero,2,ministero:2,False,False,nan,302.8,130.9,False
www.mortain-bocage.fr,Mortain-Bocage,50,02463bbf-e7cf-45d8-9f49-e5a0826c4824,200,,comune,5,comune:5;polizia:1,False,False,,193.4,80.5,False
www.egalite-femmes-hommes.gouv.fr,Basse-Terre,971,02464076-7459-47cb-9a00-70b20e0c34a7,200,,ministero,3,ministero:3,False,False,,194.8,50.3,False
www.guadeloupe.gouv.fr,Basse-Terre,971,02464076-7459-47cb-9a00-70b20e0c34a7,,ConnectionError,non_classificato,0,,False,False,,,,False
www.egalite-femmes-hommes.gouv.fr,Basse-Terre,971,02464076-7459-47cb-9a00-70b20e0c34a7,200,,ministero,3,ministero:3,False,False,,194.8,50.3,False
www.mairie-villedavray.fr,Ville-d'Avray,92,024a2a40-0c08-4bda-a0cd-36cadf73a802,200,,comune,2,comune:2;polizia:2;provincia:1;regione:1,False,False,,483.5,133.3,False
www.lereflexenotaire.fr,Lille,59,024a9e4c-3c7c-48d1-a365-45db4af3a777,200,,comune,2,comune:2,False,False,,686.9,246.2,False
www.mairie-bancourt.fr,Bancourt,62,024b36e2-719a-47bd-839d-dbc74f48fd3c,200,,comune,4,comune:4,False,False,,952.0,44.9,False
www.francetravail.fr,Fort-de-France,972,024b45c5-4a9d-4961-b94e-09f7168a9279,200,nan,non_classificato,0,nan,False,False,nan,340.0,22.7,False
www.gendarmerie.interieur.gouv.fr,Oloron-Sainte-Marie,64,024cdf2b-979b-40f4-ae3f-08e112c5f4b1,403,nan,non_classificato,0,nan,True,False,nan,163.3,5.5,False
www.impots.gouv.fr,Rouen,76,024d1f76-8eaa-4e32-9a5d-fee2a9f14a47,200,nan,non_classificato,0,nan,False,False,nan,113.8,290.0,False
www.france-services.gouv.fr,Cour-Cheverny,41,024d39b2-cc48-421b-8487-7e4ca010848d,200,nan,comune,2,comune:2,False,True,forma_societaria:as,214.8,75.9,False
mairie-cour-cheverny.fr,Cour-Cheverny,41,024d39b2-cc48-421b-8487-7e4ca010848d,200,,comune,3,comune:3;polizia:1,False,False,,205.0,144.3,False
www.parisot82commune.com,Parisot,82,024f53d3-934e-46fe-9629-903d7bc99344,404,,non_classificato,0,,False,False,,259.9,517.9,False
www.redange.fr,Rédange,57,024fa34c-b479-4e71-8101-299b0fb7aa5b,200,,comune,4,comune:4;regione:1;scuola:1;polizia:1,False,False,,267.7,50.9,False
www.seine-et-marne.gouv.fr,Melun,77,0251cc3c-84d8-42a0-ad51-25753955260e,,ConnectionError,non_classificato,0,,False,False,,,,False
www.nievre.gouv.fr,Nevers,58,02524187-0c41-4ec4-87b8-a0e2dff015af,,ConnectionError,non_classificato,0,,False,False,,,,False
saintjeandebournay.fr,Saint-Jean-de-Bournay,38,02549682-ffbe-4fe2-9cf9-ad503f74fce1,200,,comune,4,comune:4;polizia:1,False,False,,1737.4,180.3,False
cernay86.fr,Cernay,86,0254fbd3-860a-4fc4-98b3-332a4b8ced33,,ConnectionError,non_classificato,0,,False,False,,,,False
mairie-lessy.fr,Lessy,57,02550cc0-b442-4ee7-a699-c3c551b8cd36,200,,comune,6,comune:6;regione:1;scuola:1,False,False,,1443.9,97.0,False
www.saint-dionisy.fr,Saint-Dionisy,30,025789c0-c4fc-4200-8337-4524b28d83ad,200,,comune,1,comune:1,False,False,,154.5,32.7,False
www.ville-seyssinet-pariset.fr,Seyssinet-Pariset,38,0258c4db-d79e-4e59-9dce-eec664dfc359,200,,comune,5,comune:5;scuola:2,False,False,,1961.7,384.8,False
sainteterre.fr,Sainte-Terre,33,02595999-9301-4af0-8727-6ef66c8c4bca,200,,comune,5,comune:5;provincia:1;polizia:1;vigili_fuoco:1,False,False,,313.2,173.6,False
www.udaf91.fr,Limours,91,02595f7a-fe8a-4447-a094-c54684d68041,200,nan,polizia,1,polizia:1,False,False,nan,166.9,135.2,False
www.impots.gouv.fr,Créteil Cedex,94,025a57de-18f9-4e1f-b55f-c2d9f792f388,200,nan,non_classificato,0,nan,False,False,nan,113.8,290.0,False
www.impots.gouv.fr,Créteil Cedex,94,025a57de-18f9-4e1f-b55f-c2d9f792f388,200,nan,non_classificato,0,nan,False,False,nan,113.8,290.0,False
www.ameli.fr,Cluses,74,025b6ccb-e6e1-46d6-8034-7b71e3596fe4,200,nan,comune,1,comune:1,False,False,nan,173.1,86.8,False
forum-assures.ameli.fr,Cluses,74,025b6ccb-e6e1-46d6-8034-7b71e3596fe4,200,nan,sanita,2,sanita:2;ministero:2,False,False,nan,375.5,204.9,False
www.france-services.gouv.fr,Penvénan,22,025d23ce-71dd-4c6f-b0d0-bdf7690807d5,200,nan,comune,2,comune:2,False,True,forma_societaria:as,214.8,75.9,False
www.saint-bonnet-les-oules.fr,Saint-Bonnet-les-Oules,42,025d9541-5634-43b0-972c-8d8944284658,200,,comune,1,comune:1;provincia:1;sanita:1,False,True,forma_societaria:kg,1849.0,52.2,False
ccrlp.fr,Bollène,84,025ee915-63dd-4149-9256-7d79c19ca540,500,,non_classificato,0,,False,False,,314.8,2.6,False
www.gesvres53.fr,Gesvres,53,02615e43-40ae-4923-800e-5116fedeeabf,200,,comune,3,comune:3;polizia:1,False,True,forma_societaria:sas,568.7,114.6,False
mairie107.wixsite.com,Fontenay-sur-Eure,28,0262d4d0-fbef-4ed3-aebe-be919de9b7ea,404,,non_classificato,0,,False,False,,221.0,2.4,False
www.lhopital-camfrout.fr,L'Hôpital-Camfrout,29,0262d85f-2b47-456d-9d13-2cad5c55ad48,200,,comune,6,comune:6;sanita:3;polizia:1,False,False,,287.8,210.0,False
www.peyzac-le-moustier-perigord.fr,Peyzac-le-Moustier,24,0263916b-acf4-4591-ad03-cf93d3c66fa4,200,,comune,4,comune:4;polizia:1,False,False,,700.9,191.1,False
www.murs-erigne.fr,Mûrs-Erigné,49,0264aea0-6e7b-4827-b385-34ff9acc0b6c,200,,comune,5,comune:5;polizia:1,False,False,,4279.1,119.8,False
www.cdad-hautsdeseine.justice.fr,CHÂTENAY-MALABRY,92,02660f5d-add3-4a25-967d-e915a4d30788,200,,comune,3,comune:3;provincia:3;ministero:2;giustizia:1,False,False,,1710.6,143.9,False
federationpeche18.fr,Bourges,18,02681293-38e8-4ce4-baa0-0ea006f7bec5,200,,non_classificato,0,,False,False,,1913.4,38.1,False
www.impots.gouv.fr,Alençon,61,026b5bf5-0504-442d-8181-63252ccfdbf1,200,nan,non_classificato,0,nan,False,False,nan,113.8,290.0,False
www.impots.gouv.fr,Alençon,61,026b5bf5-0504-442d-8181-63252ccfdbf1,200,nan,non_classificato,0,nan,False,False,nan,113.8,290.0,False
www.chu-nancy.fr,Nancy,54,026c73bd-a580-422e-820b-046414d1bd27,200,,sanita,11,sanita:11;comune:1;polizia:1,False,False,,514.1,133.3,False
www.paris.fr,Paris,75,026d98ba-e12c-4e2e-90ef-5a9278021636,200,nan,comune,5,comune:5;polizia:1,False,False,nan,105.1,351.5,False
www.dordogne.gouv.fr,Périgueux,24,026dcc26-803d-4d9a-a62e-7ceb6b13346a,,ConnectionError,non_classificato,0,,False,False,,,,False
www.valromey-sur-seran.fr,Valromey-sur-Séran,01,026fa51e-6c1f-4d96-8fe2-1d24b5eb46d6,200,nan,comune,3,comune:3;polizia:1,False,False,nan,4563.1,164.4,False
www.gendarmerie.interieur.gouv.fr,Saint-Germain-Laval,42,026fd2d9-53ae-4c0d-a2d9-27c544ed736a,403,nan,non_classificato,0,nan,True,False,nan,163.3,5.5,False
www.ville-embrun.fr,Embrun,05,02706b15-58d5-4891-814c-07e9759049db,200,,comune,3,comune:3;provincia:1;regione:1,False,False,,143.0,126.6,False
cdad-reunion.fr,SAINT-BENOÎT,974,02747e79-5190-4cdb-95ee-35f409b8c658,200,,provincia,3,provincia:3,False,False,,1642.4,79.4,False
www.biron64.fr,Biron,64,0274bfb4-15e6-41f9-9c27-34a658f95ce0,200,,provincia,2,provincia:2;comune:1;regione:1,False,False,,760.4,23.5,False
www.saintmartindecrau.fr,Saint-Martin-de-Crau,13,02755aba-1dfd-433b-939a-cbd57aa1e217,200,,comune,3,comune:3;polizia:1,False,False,,907.7,152.3,False
www.cdad-seinemaritime.fr,JUMIÈGES,76,02775e1f-7622-4aa7-aec7-a719c15d35c1,200,,polizia,4,polizia:4;provincia:3;comune:1,False,False,,719.3,73.7,False
www.masecurite.interieur.gouv.fr,Noisy-le-Grand,93,027761ac-d076-4cde-99dd-348baa686d14,200,nan,ministero,2,ministero:2;polizia:1,False,False,nan,192.1,133.2,False
www.lamenitre.fr,La Ménitré,49,0277b310-ff17-4e09-8180-cff8f1f5bd5e,200,,comune,1,comune:1;scuola:1;polizia:1,False,False,,831.3,365.1,False
www.normandie.developpement-durable.gouv.fr,Saint-Lô,50,027880bd-e953-4d65-9955-9e098f10fb65,200,,ministero,6,ministero:6;regione:3;polizia:3,False,False,,463.8,81.4,False
www.germagny.fr,Germagny,71,02789bc9-4efa-44d4-81d4-cdcdf4d4dc4b,200,,comune,4,comune:4,False,False,,234.1,31.3,False
www.udaf40.com,Dax,40,027a33d3-008a-4a20-b7b2-439bab9b1ba0,,ConnectionError,non_classificato,0,,False,False,,,,False
www.cdos64.org,Pau,64,027cc8ca-1ad1-40f3-8a14-951e6eefc2ae,200,,comune,1,comune:1;universita:1,False,False,,861.1,301.2,False
www.isigny-le-buat.fr,Isigny-le-Buat,50,027d3c36-8037-4523-acac-d9e2e5e5503e,200,,comune,1,comune:1;scuola:1;polizia:1,False,False,,167.1,171.0,False
2b.gretacfa.corsica,Bastia,2B,027d6ee6-eac1-4e93-9f51-51cfe8192676,200,,scuola,1,scuola:1,False,False,,1131.2,54.2,False
www.france-services.gouv.fr,Autun,71,027e3f48-c09c-4004-a37a-2b880dd34325,200,nan,comune,2,comune:2,False,True,forma_societaria:as,214.8,75.9,False
www.france-services.gouv.fr,Floirac,33,027eae50-f304-4849-bacf-a61d502dcb0f,200,nan,comune,2,comune:2,False,True,forma_societaria:as,214.8,75.9,False
www.peronnas.fr,Péronnas,01,027f6af1-ff5f-42ec-96d4-78748dd6a1ea,200,,comune,4,comune:4;polizia:2,False,False,,267.9,63.7,False
www.gendarmerie.interieur.gouv.fr,Romans-sur-Isère,26,027fdd1c-2348-4e66-b20a-52e68dc38987,403,nan,non_classificato,0,nan,True,False,nan,163.3,5.5,False
labbeville.fr,Labbeville,95,0282582f-e29f-45e1-9b5e-30943a30faeb,200,,comune,4,comune:4;provincia:1;regione:1;scuola:1;polizia:1,False,False,,1283.7,218.5,False
saintecroixenjarez.fr,Sainte-Croix-en-Jarez,42,0286ce79-b384-4575-a856-4d0f02dafac8,200,,comune,4,comune:4;provincia:1,False,False,,785.6,233.7,False
www.montegut65.fr,Montégut,65,02888b3b-ce7f-4a83-b0b2-36dc86a49ed4,200,,polizia,2,polizia:2;comune:1,False,False,,249.2,36.2,False
www.ribecourt-dreslincourt.fr,Ribécourt-Dreslincourt,60,0288da35-55ec-4c6f-a1b0-bd976f2a8fb5,200,,comune,6,comune:6;sanita:2;regione:1;scuola:1;polizia:1,False,False,,392.9,126.7,False
www.polminhac.fr,Polminhac,15,0289334a-a9c4-4d57-b28b-581175e37148,200,,comune,6,comune:6;regione:1,False,False,,275.2,60.8,False
www.ameli.fr,Pointe-Noire,971,0289e367-7c92-4ffb-89e1-bd7a6a1123e9,200,nan,comune,1,comune:1,False,False,nan,173.1,86.8,False
forum-assures.ameli.fr,Pointe-Noire,971,0289e367-7c92-4ffb-89e1-bd7a6a1123e9,200,nan,sanita,2,sanita:2;ministero:2,False,False,nan,375.5,204.9,False
www.gendarmerie.interieur.gouv.fr,Saint-Chinian,34,028bcfbc-e0c7-4436-9e2e-fdd76269d3af,403,nan,non_classificato,0,nan,True,False,nan,163.3,5.5,False
www.associations.gouv.fr,Sarrebourg,57,028c5e5a-3394-4d6b-92a2-69a86953f5d5,200,nan,ministero,2,ministero:2,False,False,nan,302.8,130.9,False
www.inguiniel.fr,Inguiniel,56,028cd6a9-bfff-42ec-b4a4-317f87c2a0e4,200,,comune,1,comune:1,False,False,,1501.9,211.5,False
www.mairie-athis-mons.fr,Athis-Mons,91,028ea836-d7c8-428e-9b8f-2cb5bf49cf59,418,,comune,3,comune:3,False,False,,173.6,49.2,False
www.mairie-jumeauville.fr,Jumeauville,78,028f0b45-60e3-4ab1-a9ca-0894d2590d79,200,,comune,3,comune:3;scuola:2;provincia:1;regione:1,False,False,,141.6,34.5,False
www.cresus-iledefrance.org,Paris,75,028fd39a-c326-4954-8488-68c7a364ff21,200,,regione,1,regione:1,False,False,,356.5,119.2,False
www.patrimoines-martinique.org,Fort-de-France,972,0291a8f5-ce5b-4776-9697-768e7ec7bed8,200,,polizia,1,polizia:1,False,False,,435.6,55.5,False
www.aingeray.mairie54.fr,Aingeray,54,02928a81-f202-4190-a03e-11f9450fb291,200,,comune,3,comune:3,False,True,forma_societaria:ag,843.1,32.2,False
www.chasse-nature-occitanie.fr,Montauban,82,029898c3-6a18-4091-9e03-e9345076e5c4,200,,non_classificato,0,,False,False,,729.9,89.0,False
www.villaz.fr,Villaz,74,0298b1f8-f9ec-4704-86be-0fa7baf687cb,200,,comune,3,comune:3;scuola:1,False,False,,594.6,117.2,False
goersdorf-mitschdorf.fr,Goersdorf,67,0298fa63-b3fd-4b6b-9aef-c8d429a2a2eb,200,,comune,4,comune:4;polizia:1,False,False,,1264.1,173.0,False
www.selestat.fr,Sélestat,67,0299b926-8a27-45fc-b8ec-fa912c9aac1e,200,,comune,4,comune:4;polizia:2;scuola:1,False,False,,638.7,135.0,False
www.laignestgervais.fr,Laigné-en-Belin,72,0299c75d-416d-4baf-a86d-681d40a0b963,200,,comune,5,comune:5;polizia:1,False,False,,194.6,300.1,False
www.pailloles.fr,Pailloles,47,0299f484-90e4-4a11-9776-f451e7ec0b75,200,,comune,4,comune:4;provincia:1;polizia:1,False,False,,548.5,65.4,False
www.plaisancedutouch.fr,Plaisance-du-Touch,31,029d86c1-42d9-4e78-a3a9-567b13dbc498,200,,comune,5,comune:5;polizia:2,False,False,,228.8,281.7,False
www.crij.org,Plaisance-du-Touch,31,029d86c1-42d9-4e78-a3a9-567b13dbc498,200,nan,non_classificato,0,nan,False,True,forma_societaria:as,318.2,100.9,False
www.finistere.fr,Ploudalmézeau,29,029da63f-8b9d-495f-bc87-d4f23e0b3038,200,,provincia,3,provincia:3;polizia:1,False,False,,255.7,163.7,False
mairie-coutevroult.fr,Coutevroult,77,029dbdfb-bd5d-4cd9-975e-a9423ef7b7d7,200,,comune,3,comune:3;scuola:1,False,False,,163.6,1220.7,False
www.sengager.fr,Perpignan,66,029dc8e1-b21e-45bc-8515-8d3beac916ae,200,nan,polizia,1,polizia:1,False,False,nan,253.7,1953.1,True
lamarinerecrute.gouv.fr,Perpignan,66,029dc8e1-b21e-45bc-8515-8d3beac916ae,200,nan,non_classificato,0,nan,False,False,nan,119.9,4.9,False
devenir-aviateur.gouv.fr,Perpignan,66,029dc8e1-b21e-45bc-8515-8d3beac916ae,200,nan,scuola,1,scuola:1,False,False,nan,255.0,131.9,False
www.mairie-lelamentin.fr,Le Lamentin,972,029e81ab-67d0-4fad-85ec-f8ac9212ce31,200,,comune,3,comune:3;polizia:1,False,False,,3156.9,345.0,False
www.france-services.gouv.fr,Quarré-les-Tombes,89,02a1bd6f-e94f-4ef2-abc1-c02140c53f54,200,nan,comune,2,comune:2,False,True,forma_societaria:as,214.8,75.9,False
www.masecurite.interieur.gouv.fr,Tergnier,02,02a2395d-16f4-436b-9d43-e9771e781e42,200,nan,ministero,2,ministero:2;polizia:1,False,False,nan,192.1,133.2,False
mairie-tromborn.fr,Tromborn,57,02a2b6aa-e489-464e-a1b6-7f363c7dad9b,200,,comune,3,comune:3;polizia:1,False,False,,427.1,140.8,False
www.gendarmerie.interieur.gouv.fr,Samer,62,02a34ce0-4f16-4c76-9221-8ffa69737686,403,nan,non_classificato,0,nan,True,False,nan,163.3,5.5,False
obies.fr,Obies,59,02a54440-7c15-4df5-84d1-8063cc1cd6bc,200,,comune,3,comune:3,False,False,,464.7,142.2,False
www.impots.gouv.fr,Tulle Cedex,19,02a61dd2-e278-417a-9e2d-0215d754a968,200,nan,non_classificato,0,nan,False,False,nan,113.8,290.0,False
www.ac-reunion.fr,Saint-Denis,11,02a63f59-6c5e-4799-b4c9-3a0e59446e51,403,,non_classificato,0,,True,False,,344.4,5.4,False
www.mairie-saintcyrenval.fr,Saint-Cyr-en-Val,45,02a6ef41-06d8-470b-8ea1-f0e428b7b363,200,,comune,6,comune:6;polizia:1,False,False,,702.9,100.4,False
www.asso.nordnet.fr,Pas-en-Artois,62,02a76e03-1dcd-46da-9b18-1d98a7837814,,ConnectionError,non_classificato,0,,False,False,,,,False
mlblois.com,Blois,41,02a78876-2c40-4749-ad4a-7ae0ceb24745,200,,comune,1,comune:1;polizia:1,False,True,forma_societaria:ab,1314.3,314.8,False
reau.fr,Réau,77,02a98718-7feb-48d2-a9ba-1d21aba1ac45,200,,comune,4,comune:4;regione:1;scuola:1;polizia:1,False,False,,375.6,112.4,False
www.arc-et-senans.com,Arc-et-Senans,25,02a98d03-72a8-415f-8f91-23e411822b6d,200,,comune,1,comune:1;polizia:1,False,False,,623.5,155.0,False
www.afpa.fr,Saint-Jean-de-Védas,34,02aa69ac-ae6e-415c-9f11-233de0f7189a,200,,regione,2,regione:2;polizia:1,False,False,,222.9,200.1,False
lacroix-barrezencarladez.fr,Lacroix-Barrez,12,02ac94d0-9337-4140-ac68-c9247bf67f30,200,,comune,4,comune:4;regione:1,False,False,,2005.2,161.8,False
brassy80.fr,Brassy,80,02ac9a41-916e-4fc6-bea0-39bce765c464,200,,comune,4,comune:4,False,False,,194.0,10.1,False
www.france-services.gouv.fr,Graçay,18,02acd1f4-f681-4e3b-8d6f-8524a9de4225,200,nan,comune,2,comune:2,False,True,forma_societaria:as,214.8,75.9,False
www.etouvans.fr,Étouvans,25,02acda58-1638-4a20-98be-ac87ef01934e,200,,comune,1,comune:1,False,False,,472.7,83.6,False
www.mei-mvs.com,Chatelet-en-Brie,77,02aed432-ff48-4585-8706-42710cf7bcc0,200,,non_classificato,0,,False,False,,62.1,0.8,False
saint-hilaire-aude.fr,Saint-Hilaire,11,02af6d17-032a-48d5-b851-43ca89cc43ca,200,,comune,2,comune:2;ministero:2;provincia:1;regione:1;scuola:1;sanita:1;polizia:1,False,True,forma_societaria:ag,485.1,103.6,False
www.commune-beinheim.fr,Beinheim,67,02afef13-298b-4675-8f38-f7690a37a753,200,,comune,3,comune:3,False,False,,180.8,83.2,False
www.ac-versailles.fr,Sarcelles,95,02afff03-51be-44fe-8be2-6c390ad97d2b,403,,non_classificato,0,,True,False,,165.8,5.4,False
www.thusy.fr,Thusy,74,02b0ffa4-6ed3-469d-adcd-9bb92c97c6bb,200,,comune,3,comune:3,False,False,,460.0,38.5,False
www.laravoire.fr,La Ravoire,73,02b11039-4c15-4fe4-a855-b470ac6586f0,200,,comune,4,comune:4;polizia:2;scuola:1,False,False,,1230.9,275.4,False
www.ville-riez.fr,Riez,04,02b14966-0acc-448d-b073-e7d90a8baef5,200,,comune,3,comune:3,False,False,,154.4,197.1,False
www.vert78930.fr,Vert,78,02b3ca7d-4ec2-475f-ba9d-fcbdb5af4c2f,200,,comune,6,comune:6;polizia:1,False,False,,196.7,69.5,False
www.gendarmerie.interieur.gouv.fr,Saint-Quentin,02,02b72db4-a086-4fcb-919d-cc971192ae46,403,nan,non_classificato,0,nan,True,False,nan,163.3,5.5,False
www.codecom-paysdemontmedy.fr,Montmédy,55,02b7cd56-40ec-4dc0-8ae1-4fec71f46257,200,,polizia,1,polizia:1,False,False,,1002.2,41.4,False
www.mairiefrance.fr,Saint-Hippolyte,37,02b9e2e6-bf81-4cf9-a721-a6deb9373ac6,200,,comune,3,comune:3;polizia:1,False,False,,7228.6,14.3,False
www.creches-sur-saone.com,Crêches-sur-Saône,71,02ba6cdf-6202-477d-a68f-cb0003db2876,200,,comune,4,comune:4;regione:2;provincia:1;polizia:1,False,False,,194.7,114.8,False
www.francetravail.fr,Paris,75,02bb7f9c-af67-4bfa-b602-45ece0fa9cb7,200,nan,non_classificato,0,nan,False,False,nan,340.0,22.7,False
www.latronquiere.fr,Latronquière,46,02bc2402-2337-4398-8841-d672df539d90,200,,comune,3,comune:3;scuola:1;polizia:1,False,False,,270.4,443.9,False
www.france-services.gouv.fr,Vivonne,86,02bd3f2e-cfb8-4ff7-869f-6e75579347df,200,nan,comune,2,comune:2,False,True,forma_societaria:as,214.8,75.9,False
www.logement-seniors.com,Plouzané,29,02bf2db0-7493-453c-8071-b315f9008722,200,,sanita,2,sanita:2;regione:1,False,True,forma_societaria:sarl,292.5,248.1,False
www.pour-les-personnes-agees.gouv.fr,Plouzané,29,02bf2db0-7493-453c-8071-b315f9008722,200,nan,sanita,2,sanita:2;polizia:1,False,False,nan,182.8,200.0,False
www.france-services.gouv.fr,Vermenton,89,02bfea74-3306-40ab-a354-3e5f62f78916,200,nan,comune,2,comune:2,False,True,forma_societaria:as,214.8,75.9,False
www.manthelan.fr,Manthelan,37,02c2277e-d085-4822-b76d-3813870abfb1,200,,comune,3,comune:3;regione:1,False,False,,219.5,49.8,False
www.saintpeydecastets.fr,Saint-Pey-de-Castets,33,02c67c61-786f-42f2-8aaa-9b92e4deb607,503,,non_classificato,0,,False,False,,447.4,3.5,False
www.gendarmerie.interieur.gouv.fr,Saran,45,02cad200-9ebe-4c54-8266-86c6fe913b79,403,nan,non_classificato,0,nan,True,False,nan,163.3,5.5,False
www.mairiedevenaco.corsica,Venaco,2B,02cc9462-a666-415e-8681-07c082a9a44f,200,,comune,3,comune:3,False,False,,190.2,35.0,False
www.associations.gouv.fr,Yzeure,03,02cc98e5-1940-4f0c-a52e-81d9f6ae5491,200,nan,ministero,2,ministero:2,False,False,nan,302.8,130.9,False
www.francetravail.fr,Bayonne,64,02cce1a5-f7c1-4cd1-b67c-32403a59e3c3,200,nan,non_classificato,0,nan,False,False,nan,340.0,22.7,False
www.mairiechaulnes.fr,Chaulnes,80,02ccec14-2d46-4463-bdbd-5d1e0bb60ef1,200,,comune,3,comune:3;provincia:2;polizia:2;scuola:1,False,True,forma_societaria:as,1467.2,143.3,False
www.saint-aubin-de-blaye.fr,Saint-Aubin-de-Blaye,33,02cef5c7-d208-4e11-b5e9-66526cb44430,200,,comune,2,comune:2,False,False,,219.6,30.6,False
www.missionslocalesardeche.fr,Aubenas,07,02cf224d-1cdf-465f-9e85-f1458b5f4057,200,,non_classificato,0,,False,False,,1319.4,110.3,False
www.impots.gouv.fr,Châlons-en-Champagne,51,02d15382-be2c-41a6-8709-eedbc291c270,200,nan,non_classificato,0,nan,False,False,nan,113.8,290.0,False
www.juzetdeluchon.com,Juzet-de-Luchon,31,02d38012-553a-4359-8c36-a5f5d542c4bc,200,,comune,4,comune:4,False,True,forma_societaria:sarl,130.5,29.5,False
www.alsace.eu,Obernai,67,02d43fab-88a8-4856-ac1b-1347351095f0,200,,regione,1,regione:1;scuola:1,False,False,,131.8,69.3,False
www.pour-les-personnes-agees.gouv.fr,Courcelles-lès-Lens,62,02d4e92a-5840-4398-a76b-a39655b47d8f,200,nan,sanita,2,sanita:2;polizia:1,False,False,nan,182.8,200.0,False
www.mairie-montignac33.fr,Montignac,33,02d5ed0e-fcf0-415b-b272-3290f48631fa,200,,comune,3,comune:3;polizia:1,False,False,,366.2,32.6,False
www.roeschwoog.eu,Rœschwoog,67,02d6c01a-c560-43a2-a466-ba15360d8eb8,200,,comune,5,comune:5;polizia:1,False,False,,233.2,17.2,False
mairielachapelleblanche.fr,La Chapelle-Blanche,73,02d6c382-cc7a-40ac-85ca-9eefbfd09a7b,200,,comune,2,comune:2,False,False,,509.9,46.9,False
www.mairie-veron.fr,Véron,89,02d86227-d678-40e7-9cd4-2edca38aac3c,200,,comune,4,comune:4,False,False,,252.7,47.8,False
www.lvd82.fr,Montauban,82,02da4bf2-e0e7-4ba8-bab3-3accb0a59561,200,,provincia,1,provincia:1,False,False,,287.0,29.0,False
www.chru-strasbourg.fr,Strasbourg,67,02da5fc3-f26e-45f9-b345-e17e223519da,200,,sanita,4,sanita:4;polizia:1,False,False,,1786.7,169.1,False
www.saint-glen.com,Saint-Glen,22,02db071c-8f6f-45fd-8e46-3f0e93788f5c,200,,comune,4,comune:4,False,False,,363.4,87.7,False
www.bordeauxstclair.net,Bordeaux-Saint-Clair,76,02db19ed-0bc6-4f72-b81c-17084285b376,200,,comune,1,comune:1,False,False,,300.4,56.0,False
billom.fr,Billom,63,02db2342-1227-49bd-8d36-668923f61608,200,,comune,4,comune:4;polizia:2;sanita:1,False,False,,197.8,339.2,False
www.police-nationale.interieur.gouv.fr,Dijon,21,02db3712-1025-4b8e-ade0-afa93eebc0c6,403,,non_classificato,0,,True,False,,182.4,5.5,False
www.fncaue.com,Amiens,80,02dc4d8c-a94e-4f4f-811f-5e73bdcd772e,200,,regione,1,regione:1;polizia:1,False,False,,434.4,62.2,False
www.urcaue-hautsdefrance.fr,Amiens,80,02dc4d8c-a94e-4f4f-811f-5e73bdcd772e,200,,regione,1,regione:1,False,False,,1096.6,115.9,False
station.illiwap.com,Suarce,90,02dd0930-1221-4688-bd4b-0f2206014c93,200,nan,non_classificato,0,nan,False,False,nan,323.9,1953.1,True
www.carsat-alsacemoselle.fr,Strasbourg,67,02dd7a4e-5d43-476c-af51-cad839c7af66,200,,non_classificato,0,,False,False,,358.2,132.1,False
hasparren.fr,Hasparren,64,02de8f11-b4ed-421f-8e58-34a51417f751,200,,comune,3,comune:3;scuola:1;polizia:1,False,False,,230.6,173.2,False
www.franconville54.fr,Franconville,54,02df556d-b19c-4de1-aa0c-bfcc2f1eb7c0,200,,polizia,2,polizia:2;comune:1,False,False,,269.4,38.5,False
avmp-32.fr,NIMES,30,02df8ffd-327d-4ef9-8e8f-207779ad5667,200,,sanita,4,sanita:4;polizia:1;giustizia:1,False,False,,1863.5,88.4,False
montesquiou.org,Montesquiou,32,02e11522-110c-4c3d-a18d-be22a6ac14ba,200,,comune,4,comune:4;scuola:1,False,False,,2459.7,131.1,False
www.masecurite.interieur.gouv.fr,Sin-le-Noble,59,02e3510c-6c1f-427a-8c38-81ef507c3c49,200,nan,ministero,2,ministero:2;polizia:1,False,False,nan,192.1,133.2,False
www.france-services.gouv.fr,La Garde,83,02e4bcd3-4e41-4cf2-a877-477fb7b9145e,200,nan,comune,2,comune:2,False,True,forma_societaria:as,214.8,75.9,False
www.pleucadeuc.fr,Pleucadeuc,56,02e50116-109b-4a77-9695-8936af7325c0,200,,comune,3,comune:3;scuola:1,False,False,,386.4,54.6,False
www.francetravail.fr,Corbeil-Essonnes,91,02e51199-aa9a-435d-9c97-54be15a75c4c,200,nan,non_classificato,0,nan,False,False,nan,340.0,22.7,False
seinesaintdenis.fr,La Courneuve,93,02e5241c-17a6-4996-894b-18f7cdf7f9de,nan,ConnectTimeout,non_classificato,0,nan,False,False,nan,nan,nan,False
www.france-services.gouv.fr,Paris,75,02e5ec2e-61ba-4dc4-9444-88e71cba489e,200,nan,comune,2,comune:2,False,True,forma_societaria:as,214.8,75.9,False
www.plouvain.fr,Plouvain,62,02e865a5-e768-404b-a820-14fdda890a5d,200,,comune,4,comune:4;scuola:1,False,False,,274.2,74.3,False
www.rille.fr,Rillé,37,02e9276f-fe85-45fc-93d9-45cec8f24a25,200,,comune,2,comune:2;scuola:1,False,False,,1620.9,115.0,False
vairsurloire.fr,Vair-sur-Loire,44,02eb5293-b3c7-41bb-beae-f613dc4abbe8,200,,comune,3,comune:3;polizia:1,False,False,,2512.0,517.7,False
www.ac-paris.fr,Paris,75,02eb7b4a-c3f0-47cc-bd76-169dbbd49a89,403,nan,non_classificato,0,nan,True,False,nan,193.4,5.4,False
www.france-services.gouv.fr,Ronchamp,70,02ebf5a1-a719-4d0a-acc2-971202c46055,200,nan,comune,2,comune:2,False,True,forma_societaria:as,214.8,75.9,False
mairie-mons83.fr,Mons,83,02ecbb45-db71-45c4-ac69-6b219cc9c370,200,,comune,3,comune:3;regione:1;polizia:1,False,False,,1220.7,104.8,False
noyelleslesvermelles.fr,Noyelles-lès-Vermelles,62,02ee630b-133b-4796-9d78-099a58a9c08b,200,,comune,1,comune:1;polizia:1,False,False,,122.4,72.1,False
www.mairieisola.com,Isola,06,02ee79f1-d15f-4a08-afbf-878a13d0f32b,200,,comune,4,comune:4;polizia:2;provincia:1;regione:1,False,False,,827.1,141.8,False
www.cauvillesurmer.fr,Cauville-sur-Mer,76,02ee8ca7-bb9e-40ee-93c9-ea5a1951ab42,200,,comune,1,comune:1,False,False,,275.3,79.0,False
hauts-de-france.dreets.gouv.fr,Amiens,80,02ef0e1f-cf02-4a46-bd5f-a9b3e12e7b28,200,,ministero,2,ministero:2;regione:1;polizia:1,False,False,,203.7,253.9,False
www.mlpaysretz.com,Saint-Brevin-les-Pins,44,02ef6d09-1a4a-48c7-88f0-eb7ab839073f,200,,comune,1,comune:1;polizia:1,False,False,,1521.7,268.4,False
www.ameli.fr,Valserhône,01,02efac90-3a03-460a-a629-05a68ceda35d,200,nan,comune,1,comune:1,False,False,nan,173.1,86.8,False
forum-assures.ameli.fr,Valserhône,01,02efac90-3a03-460a-a629-05a68ceda35d,200,nan,sanita,2,sanita:2;ministero:2,False,False,nan,375.5,204.9,False
www.france-services.gouv.fr,Combs-la-Ville,77,02f0a28a-8ed1-4dbd-a1d1-d4c06d1d8787,200,nan,comune,2,comune:2,False,True,forma_societaria:as,214.8,75.9,False
www.ariege.gouv.fr,Foix,09,02f0cd6c-39a8-4804-abca-db83f1dbf3fb,nan,ConnectionError,non_classificato,0,nan,False,False,nan,nan,nan,False
www.ariege.gouv.fr,Foix,09,02f0cd6c-39a8-4804-abca-db83f1dbf3fb,nan,ConnectionError,non_classificato,0,nan,False,False,nan,nan,nan,False
www.mairiedesamoens.fr,Samoëns,74,02f38f75-af30-4532-a575-13f705036558,200,,comune,5,comune:5;polizia:2,False,True,forma_societaria:as,2790.6,159.3,False
la.charente-maritime.fr,La Rochelle,17,02f4ce8b-876b-42ed-9d53-a2c9670a5a45,200,,provincia,3,provincia:3;vigili_fuoco:1,False,False,,191.4,374.0,False
www.douane.gouv.fr,Carcassonne,11,02f59151-a22e-4ddb-aee8-bb2b55a33ded,200,nan,non_classificato,0,nan,False,False,nan,407.5,178.8,False
www.parnac.fr,Parnac,46,02f6776a-7e8d-487c-80f9-5fe810940b79,200,,comune,4,comune:4,False,False,,287.9,93.1,False
www.ville-piennes.com,Piennes,54,02faaf75-4223-44aa-ba9a-496b881fdc47,200,,non_classificato,0,,False,False,,224.4,2.9,False
www.essonne.cci.fr,Orsay,91,02fabd75-3cc3-4ac5-a134-f659da874529,200,,camera_commercio,3,camera_commercio:3,False,False,,555.4,47.0,False
www.haute-garonne.fr,Belberaud,31,02fc38f6-498c-480e-aa11-5294c2300a86,200,,comune,1,comune:1;provincia:1,False,False,,228.4,733.3,False
mairie-bricon.fr,Bricon,52,02fdc4a9-213f-47ed-93ee-699b978c3e87,200,,comune,3,comune:3;polizia:1;vigili_fuoco:1,False,False,,4631.4,148.0,False
www.morvillars.fr,Morvillars,90,02fefbf4-2181-41bd-aa3c-4f53b0175a5c,200,,comune,4,comune:4;scuola:2,False,False,,1542.7,41.0,False
www.gendarmerie.interieur.gouv.fr,Oisseau-le-Petit,72,03044ac5-dd43-4cca-8f43-800a893c6b20,403,nan,non_classificato,0,nan,True,False,nan,163.3,5.5,False
www.carignan-ardennes.fr,Carignan,08,03055815-5bdc-49c6-9fc5-0954bc55064f,200,,comune,5,comune:5;polizia:2;scuola:1,False,False,,521.1,155.6,False
www.douane.gouv.fr,Pauillac,33,030692bf-f792-4ee8-a421-d70a1a62fb7a,200,nan,non_classificato,0,nan,False,False,nan,407.5,178.8,False
www.gendarmerie.interieur.gouv.fr,La Grand-Combe,30,03072595-12f5-4dc4-9083-fa054383fe36,403,nan,non_classificato,0,nan,True,False,nan,163.3,5.5,False
www.departement06.fr,Nice,06,0307b69a-8eb5-4a47-ac7c-310a74f6d993,200,nan,provincia,4,provincia:4;polizia:1;vigili_fuoco:1,False,False,nan,243.5,208.2,False
www.impots.gouv.fr,Bordeaux Cedex,33,0309a6a4-9bb2-4273-a72d-5eda0c17f32f,200,nan,non_classificato,0,nan,False,False,nan,113.8,290.0,False
www.gendarmerie.interieur.gouv.fr,La Salvetat-sur-Agout,34,030e5faf-ba92-4c37-afa9-6c572901bc88,403,nan,non_classificato,0,nan,True,False,nan,163.3,5.5,False
www.finistere.fr,Brest,29,030edf08-389a-40da-912a-331e1f55d1ab,200,,provincia,3,provincia:3;polizia:1,False,False,,255.7,163.7,False
barjac.fr,Barjac,30,0310b167-de7a-4cce-8fee-0c6aa8300747,200,,comune,5,comune:5;polizia:1,False,False,,234.0,93.2,False
www.cdad-moselle.justice.fr,PHALSBOURG,57,0313922c-1527-4da0-90eb-d96f154b58bd,200,,provincia,4,provincia:4;ministero:2;polizia:1;giustizia:1,False,False,,1286.1,70.6,False
www.gendarmerie.interieur.gouv.fr,Pontonx-sur-l'Adour,40,0315240b-6543-4e29-a42c-def6d8125ac6,403,nan,non_classificato,0,nan,True,False,nan,163.3,5.5,False
www.pernois.fr,Pernois,80,0315624f-72e2-491b-9e58-190035c69cbf,200,,comune,4,comune:4;provincia:1,False,False,,2463.9,121.8,False
annuaire.action-sociale.org,Nancy,54,03160614-7a06-43b4-8bbf-4bf00c0ef115,200,,polizia,1,polizia:1,False,False,,264.4,15.0,False
www.pour-les-personnes-agees.gouv.fr,Nancy,54,03160614-7a06-43b4-8bbf-4bf00c0ef115,200,nan,sanita,2,sanita:2;polizia:1,False,False,nan,182.8,200.0,False
www.cicas.agirc-arrco.fr,Paris,75,0316e1e4-6003-4054-98bf-d563d72473ac,200,nan,non_classificato,0,nan,False,False,nan,1546.8,159.6,False
www.cdad-jura.fr,MOISSEY,39,031a8cef-1491-42dc-8ee9-23bede0ccd0b,200,,ministero,2,ministero:2;provincia:1;polizia:1,False,False,,129.6,33.3,False
www.antezant.wix.com,Antezant-la-Chapelle,17,031d64cf-2cec-47bc-9393-31d032fad5e7,409,,non_classificato,0,,False,False,,70.8,6.3,False
www.magnet03.fr,Magnet,03,031dbe7e-4eac-4f29-ac03-76109a5d892c,200,,comune,5,comune:5;provincia:1,False,False,,3417.6,421.9,False
maurens-scopont.fr,Maurens-Scopont,81,031e0d53-66ce-4802-b869-9a39a585ab61,200,,comune,1,comune:1;regione:1,False,False,,748.9,211.2,False
www.oudezeele.fr,Oudezeele,59,031ecc74-cf50-4761-b800-f8b857ded603,200,,comune,1,comune:1;polizia:1,False,False,,901.8,164.0,False
www.ain.gouv.fr,Belley,01,031f5a1d-d412-420a-ad48-61ca896d1ad6,,ConnectionError,non_classificato,0,,False,False,,,,False
www.ain.gouv.fr,Belley,01,031f5a1d-d412-420a-ad48-61ca896d1ad6,,ConnectionError,non_classificato,0,,False,False,,,,False
www.impots.gouv.fr,Grenoble,38,031ff4dd-d742-4964-a1a3-524c1399e35a,200,nan,non_classificato,0,nan,False,False,nan,113.8,290.0,False
www.mairie-groslay.fr,Groslay,95,0320dee1-8f14-4b87-8efd-e15803849a59,200,,comune,4,comune:4;scuola:1;vigili_fuoco:1,False,False,,299.6,74.6,False
www.haute-garonne.gouv.fr,Toulouse,31,0321520a-b982-461c-9c04-dc1df363c212,,ConnectionError,non_classificato,0,,False,False,,,,False
occitanie.dreets.gouv.fr,Toulouse,31,0321520a-b982-461c-9c04-dc1df363c212,200,,regione,1,regione:1;polizia:1;ministero:1,False,True,forma_societaria:sas,230.5,150.6,False
www.smartagenda.fr,Toulouse,31,0321520a-b982-461c-9c04-dc1df363c212,200,nan,comune,1,comune:1;polizia:1,False,False,nan,250.7,77.7,False
www.les-caue-occitanie.fr,Mende,48,032188e7-3e5e-4f7b-a120-72cfb67b840d,200,,regione,1,regione:1,False,False,,149.6,70.9,False
www.cidff01.fr,Bourg-en-Bresse,01,0323279e-6b64-46dc-afc7-bb971923df91,200,,comune,1,comune:1,False,False,,1247.9,120.8,False
fncidff.info,Bourg-en-Bresse,01,0323279e-6b64-46dc-afc7-bb971923df91,200,nan,scuola,1,scuola:1,False,False,nan,321.1,208.4,False
www.facebook.com,Macouba,972,0323a7a7-8ec6-412d-91b0-3c799b503c6a,200,,non_classificato,0,,False,False,,483.1,395.7,False
www.alligny-en-morvan.fr,Alligny-en-Morvan,58,0323aac5-727a-4e48-899f-71a131fe5a39,200,,comune,3,comune:3;provincia:1;regione:1,False,False,,261.8,35.6,False
www.justice.gouv.fr,LAON,02,032735ee-a58d-4ab5-afef-15137df0c0c7,200,nan,ministero,6,ministero:6;polizia:1,False,False,nan,199.3,79.4,False
www.caf.fr,Marseille,13,032770b8-7b21-45ed-a6ba-536c026bf32a,200,nan,non_classificato,0,nan,False,False,nan,627.1,13.6,False
www.bretagne.cci.fr,Quimper Cedex,29,03288c2e-7777-491d-a5f2-626de0d27bf2,403,,non_classificato,0,,True,False,,153.3,5.5,False
www.nord.gouv.fr,Lille,59,0328b0dc-ff14-4e7b-ae17-74b319da33ce,nan,ConnectionError,non_classificato,0,nan,False,False,nan,nan,nan,False
www.letanglaville.fr,L'Étang-la-Ville,78,032affd4-6724-402f-bdc5-3d2e4583e0f7,200,,comune,2,comune:2;scuola:2;polizia:1,False,False,,280.2,180.5,False
www.cdad-nord.justice.fr,MAUBEUGE,59,032bdcca-9d90-4bcd-97a7-a4473ca04f68,200,nan,provincia,3,provincia:3;comune:1;regione:1;giustizia:1,False,False,nan,391.6,77.6,False
www.chamblet.fr,Chamblet,03,032e072d-1485-4a5e-937c-b66dede9cebd,200,,comune,3,comune:3;regione:1,False,False,,103.2,31.9,False
www.pousthomy.fr,Pousthomy,12,0331574f-7714-488f-841f-d6e584ae1dbd,200,,comune,6,comune:6,False,False,,173.4,86.5,False
www.saint-yvoine.fr,Saint-Yvoine,63,03316368-318c-496c-a9ee-35a638ddd22d,200,,non_classificato,0,,False,False,,135.0,3.6,False
www.intramuros.org,Susmiou,64,03326347-9969-464c-8a13-1c1160241c20,200,nan,non_classificato,0,nan,False,False,nan,268.4,2.1,False
www.mairie-de-collegien.fr,Collégien,77,03328750-c1f3-4150-8da6-a448328de154,200,,comune,3,comune:3;scuola:2;polizia:2,False,False,,476.7,136.7,False
www.gendarmerie.interieur.gouv.fr,Morne-à-l'Eau,971,03346b20-52a0-42e3-8906-c8971821c681,403,nan,non_classificato,0,nan,True,False,nan,163.3,5.5,False
www.mairie-eurre.com,Eurre,26,03350cbd-2f5c-44a7-bbf2-a7799a020c48,200,,comune,6,comune:6,False,False,,203.9,51.3,False
www.villerslachevre.fr,Villers-la-Chèvre,54,033854aa-c980-4730-8855-9df6e4893e31,200,,comune,3,comune:3;regione:1;scuola:1,False,False,,280.6,13.2,False
www.molliensdreuil.fr,Molliens-Dreuil,80,03388be5-d6af-4a30-8835-ce3d646f3d0d,200,,comune,2,comune:2,False,False,,3416.1,132.0,False
www.ceyssac.fr,Ceyssac,43,03389ca8-de8c-4ccf-95be-ec44ec69115a,200,,comune,3,comune:3,False,False,,7193.7,25.6,False
www.mairie-poligny77.fr,Poligny,77,03391104-43b6-487a-850a-938704d51fb3,200,,comune,4,comune:4,False,False,,135.2,588.1,False
cdad-dordogne.fr,PÉRIGUEUX,24,03392bf3-6563-4f70-af80-c710f25b4dc6,200,nan,provincia,3,provincia:3;sanita:2;giustizia:2;comune:1,False,True,forma_societaria:ag,1047.9,73.4,False
www.mairie-veyremonton.fr,Veyre-Monton,63,033954ca-b817-486a-9ba0-a6b42286911c,404,,non_classificato,0,,False,False,,105.1,0.0,False
www.sequedin.fr,Sequedin,59,033a5ecd-bc10-45a9-ba55-dd08be39d91e,200,,comune,7,comune:7;polizia:1,False,True,forma_societaria:as,2357.4,226.4,False
mondragon.fr,Mondragon,84,033b7083-90f0-4b15-93ce-e851f852995f,200,,comune,4,comune:4;polizia:1,False,False,,256.0,605.6,False
www.caf.fr,Audincourt,25,033c9ba8-146e-4743-9db1-f544e84ff0bc,200,nan,non_classificato,0,nan,False,False,nan,627.1,13.6,False
www.haute-garonne.gouv.fr,Toulouse,31,033e3313-5242-4ed5-a723-c62d704c479a,,ConnectionError,non_classificato,0,,False,False,,,,False
www.polynesie-francaise.gouv.fr,"Papeete, Tahiti",987,033eb240-c7bb-4794-b73c-49af10a29150,,ConnectionError,non_classificato,0,,False,False,,,,False
www.police-nationale.interieur.gouv.fr,"Papeete, Tahiti",987,033eb240-c7bb-4794-b73c-49af10a29150,403,,non_classificato,0,,True,False,,182.4,5.5,False
www.levauvray.fr,Saint-Pierre-du-Vauvray,27,033f73a4-6887-4e70-be3e-24232f11ef1f,200,,comune,1,comune:1;scuola:1;giustizia:1,False,False,,741.4,389.6,False
www.paca.ars.sante.fr,Marseille,13,033f8b6b-2fe1-4cd2-9517-80da6d9b7e89,200,,sanita,6,sanita:6;polizia:3;provincia:1;regione:1,False,False,,138.0,205.9,False
www.ameli.fr,Vitrolles,13,03402359-5e2e-4bba-927f-6360ddd0e655,200,nan,comune,1,comune:1,False,False,nan,173.1,86.8,False
forum-assures.ameli.fr,Vitrolles,13,03402359-5e2e-4bba-927f-6360ddd0e655,200,nan,sanita,2,sanita:2;ministero:2,False,False,nan,375.5,204.9,False
www.eragny-sur-epte.fr,Éragny-sur-Epte,60,03403fc0-c2cd-4bee-92f7-63adaa4f918f,200,,comune,6,comune:6,False,False,,194.4,52.4,False
poggio-mezzana.fr,Poggio-Mezzana,2B,03412148-5f87-4325-bc10-e93c60e0487b,200,,comune,2,comune:2,False,False,,397.9,38.2,False
www.maretz.fr,Maretz,59,03415ec8-2fc4-43b1-abef-8fb77f959529,403,,non_classificato,0,,True,False,,127.7,4.5,False
mairie-les-mollettes.fr,Les Mollettes,73,0342d1d9-8c16-405e-99f1-393a029d74f0,200,,comune,4,comune:4;regione:1,False,False,,800.4,45.6,False
www.lot-et-garonne.gouv.fr,Agen,47,03440455-74af-4afb-b338-afb6bf335ebb,,ConnectionError,non_classificato,0,,False,False,,,,False
www.ville-grande-synthe.fr,Grande-Synthe,59,034b2f30-2c4d-4988-bfd2-93326a597c14,418,,non_classificato,0,,False,False,,246.0,49.2,False
www.centre-val-de-loire.ars.sante.fr,Orléans,45,034bd53f-54ae-45d4-9ed8-86c738797460,200,,sanita,5,sanita:5;regione:3;polizia:3,False,False,,138.7,134.4,False
www.dixmont-yonne.fr,Dixmont,89,034f4324-81b2-42b0-9a27-11d1984f7f8e,200,,comune,2,comune:2,False,False,,2190.4,107.9,False
cotesdarmor.fr,Saint-Brieuc,22,034fb235-b8c5-4429-95f5-131a65258cc9,200,,polizia,3,polizia:3;provincia:1;scuola:1,False,False,,159.3,70.0,False
www.impots.gouv.fr,Morlaix,29,0351ed26-3369-4ee8-ab89-93cacc63a3b4,200,nan,non_classificato,0,nan,False,False,nan,113.8,290.0,False
www.associations.gouv.fr,Uvea,986,03522692-ee65-4d3c-9270-f77dca495be2,200,nan,ministero,2,ministero:2,False,False,nan,302.8,130.9,False
uroc-hautsdefrance.fr,Saint-André-Lez-Lille,59,03537c7c-4a0c-47d1-bff0-52b488883ee3,200,,polizia,1,polizia:1,False,False,,311.8,181.3,False
uroc-hautsdefrance.fr,Saint-André-Lez-Lille,59,03537c7c-4a0c-47d1-bff0-52b488883ee3,200,,polizia,1,polizia:1,False,False,,311.8,181.3,False
www.nouvelle-aquitaine.developpement-durable.gouv.fr,Agen,47,03555ee5-a6b7-4c60-9157-b657a5874b9e,200,,regione,1,regione:1;polizia:1,False,False,,679.8,64.6,False
www.gendarmerie.interieur.gouv.fr,Gassin,83,03559a1e-765c-4c95-8017-8e209c0e96b8,403,nan,non_classificato,0,nan,True,False,nan,163.3,5.5,False
la-riviere-saint-sauveur.neopse-site.fr,La Rivière-Saint-Sauveur,14,0355cf4b-2db0-4825-900d-a4e0eeaf72db,200,,comune,2,comune:2;polizia:1,False,False,,456.3,97.1,False
www.migne-auxances.fr,Migné-Auxances,86,0356a92d-686e-4611-b792-47b9a7387d83,200,,scuola,2,scuola:2;comune:1,False,False,,275.5,134.4,False
www.saulge.fr,Saulgé,86,03573278-ce33-4b98-9149-42922c157e92,200,,comune,9,comune:9;sanita:1;polizia:1,False,False,,915.4,275.1,False
www.lemeesurseine.fr,Le Mée-sur-Seine,77,035841d0-8724-4289-a27c-c0ce58a7d492,200,,polizia,3,polizia:3;comune:2,False,False,,538.8,148.3,False
www.mairiedebetzlechateau.fr,Betz-le-Château,37,0358b978-55cf-476d-9bcf-e9614003c4fd,200,,comune,3,comune:3,False,False,,150.5,21.2,False
www.mairie-monistrol-sur-loire.fr,Monistrol-sur-Loire,43,0359443e-b2d1-4c36-8377-36d61047fd67,200,,comune,5,comune:5;polizia:2;provincia:1;scuola:1,False,False,,561.6,144.0,False
www.giremoutiers.fr,Giremoutiers,77,035a56e3-e273-4f07-afcc-5f5257e409dd,200,,comune,1,comune:1;polizia:1,False,False,,698.6,74.2,False
www.masecurite.interieur.gouv.fr,Saint-Paul-lès-Dax,40,035af0ef-0c74-40f8-9310-5456df425b59,200,nan,ministero,2,ministero:2;polizia:1,False,False,nan,192.1,133.2,False
www.udaf54.fr,Custines,54,035b85ff-89f9-4aa6-b846-062596b2db1b,200,,polizia,1,polizia:1,False,False,,141.3,133.5,False
www.cma-idf.fr,Paris,75,035d4b69-c93b-4393-bcff-3838473bb550,200,,polizia,1,polizia:1,False,False,,209.9,200.8,False
www.chooz.com,Chooz,08,03601ad4-afd6-46a5-9e21-96fcb508767f,200,,comune,3,comune:3;polizia:1,False,False,,178.4,164.3,False
www.ville-matoury.fr,Matoury,973,036558fa-9d95-42c4-a2ce-fa3ee49ec482,200,,comune,6,comune:6;polizia:1,False,False,,133.8,302.2,False
www.ney-jura.fr,Ney,39,03658d93-959f-4def-8f28-fb41be688285,200,,comune,6,comune:6;provincia:1,False,False,,1176.2,87.5,False
www.france-services.gouv.fr,La Gacilly,56,03677533-07e1-4f3d-8e56-0ab2af414d75,200,nan,comune,2,comune:2,False,True,forma_societaria:as,214.8,75.9,False
www.abbeville.fr,Abbeville,80,03679d50-bd76-4ee5-941f-6d680b6bc044,200,,comune,2,comune:2;polizia:1,False,False,,2766.7,451.7,False
sermaise49.fr,Sermaise,49,03692b85-1b15-4c16-97de-ccb8b4702634,,ConnectTimeout,non_classificato,0,,False,False,,,,False
www.ameli.fr,Kourou,973,036d3249-bf17-4213-b684-5ef0ce4b3f97,200,nan,comune,1,comune:1,False,False,nan,173.1,86.8,False
forum-assures.ameli.fr,Kourou,973,036d3249-bf17-4213-b684-5ef0ce4b3f97,200,nan,sanita,2,sanita:2;ministero:2,False,False,nan,375.5,204.9,False
www.mdeauxerrois.com,Auxerre,89,036d8819-807f-4601-aaf7-243d5f25d13d,200,,polizia,1,polizia:1,False,False,,1918.1,242.9,False
www.bussy-albieux.fr,Bussy-Albieux,42,036e10ad-48d6-433a-89e8-b4d3b0faa142,200,,comune,2,comune:2;regione:1,False,False,,177.5,20.0,False
www.fouquebrune.fr,Fouquebrune,16,036f1f4b-a63e-4498-a1a6-c2c99be172de,200,,comune,3,comune:3;polizia:1,False,False,,225.9,54.5,False
www.saint-cirgues.correze.net,Saint-Cirgues-la-Loutre,19,03701759-26fc-4aeb-9e1a-19c8d0de404a,,ReadTimeout,non_classificato,0,,False,False,,,,False
www.cartelegue.fr,Cartelègue,33,03711dbc-6ab2-4203-95ac-a97530e33c1a,200,,comune,4,comune:4,False,False,,1845.2,41.3,False
audunleroman.fr,Audun-le-Roman,54,0372a166-b077-42d3-bc35-52c0c9bb4647,200,,comune,3,comune:3;polizia:1,False,False,,1465.7,210.9,False
www.slve.fr,Saint-Léon-sur-Vézère,24,0372c5f6-786e-4c0b-aaa9-6fd7bf45f847,200,,sanita,2,sanita:2;comune:1;polizia:1,False,False,,179.3,44.8,False
cdad79.fr,THOUARS,79,03742aaf-7ebe-424e-9321-f584d63c1067,200,,provincia,4,provincia:4;giustizia:1,False,False,,344.0,122.5,False
www.france-services.gouv.fr,Montrevault-sur-Evre,49,03762909-be5e-4342-bc7e-39fa5930155f,200,nan,comune,2,comune:2,False,True,forma_societaria:as,214.8,75.9,False
focicchia.corsica,Focicchia,2B,03764e24-d4ab-4581-ad9a-63b9f3a13d5a,200,,comune,3,comune:3;regione:1,False,False,,1060.4,211.6,False
www.saintmartindoney.fr,Saint-Martin-d'Oney,40,0376f214-362d-46c1-976b-b6b382e10b7d,200,,comune,4,comune:4;scuola:1,False,False,,290.8,79.8,False
www.cerema.fr,Aix-en-Provence,13,0377e349-6029-46a6-aa5e-510ddb8ef9de,200,,polizia,3,polizia:3;regione:1,False,False,,2967.1,156.8,False
www.pfastatt.fr,Pfastatt,68,03782cce-7092-41c2-bb3b-d345818c3883,200,,comune,4,comune:4;sanita:3;polizia:2,False,True,forma_societaria:spa;forma_societaria:as,813.7,38.1,False
www.egalite-femmes-hommes.gouv.fr,Montauban,82,037a2532-3aa5-450b-857f-194fa037144a,200,,ministero,3,ministero:3,False,False,,194.8,50.3,False
www.ressons-sur-matz.fr,Ressons-sur-Matz,60,037b1940-c50d-4f2e-a0ab-e90d8fc28cab,200,,comune,3,comune:3,False,False,,589.7,82.5,False
www.chenove.fr,Gevrey-Chambertin,21,037c69cf-463e-4780-b1fa-ba0c1306c741,200,,comune,4,comune:4,False,False,,322.1,59.0,False
www.chateauneuflesmartigues.fr,Châteauneuf-les-Martigues,13,037d4f2f-a7fa-4da7-81a4-4c47925a92d0,418,,non_classificato,0,,False,False,,194.5,49.2,False
www.neufchatelenbray.fr,Neufchâtel-en-Bray,76,037e0dcc-5165-4206-8c28-c124f2796316,200,,comune,1,comune:1;vigili_fuoco:1,False,False,,206.7,72.2,False
www.rivage84.fr,Courthézon,84,037f90e1-54ca-43e1-8019-ae5dfc973aa0,200,,non_classificato,0,,False,False,,204.2,14.3,False
www.pour-les-personnes-agees.gouv.fr,Courthézon,84,037f90e1-54ca-43e1-8019-ae5dfc973aa0,200,nan,sanita,2,sanita:2;polizia:1,False,False,nan,182.8,200.0,False
www.caf.fr,Ambert,63,0380554f-1bdc-4256-bacb-8f28ff94c497,200,nan,non_classificato,0,nan,False,False,nan,627.1,13.6,False
www.dammartinsurtigeaux.net,Dammartin-sur-Tigeaux,77,03836c51-8833-4c57-8d42-9d6476f58ab2,200,,comune,1,comune:1;scuola:1,False,False,,650.4,82.8,False
www.missionlocalemedoc.fr,Lesparre-Médoc,33,03837abf-b7e4-46f4-a0c9-40493b7ffa34,200,,non_classificato,0,,False,False,,170.7,1334.4,False
www.entraigues63.fr,Entraigues,63,03845a72-d3a3-4fee-8344-76ee741ab9b1,200,,non_classificato,0,,False,False,,149.5,3.6,False
www.la-devise.fr,La Devise,17,038523b1-2101-4685-802e-cce32d32ec81,200,,comune,3,comune:3;regione:1,False,False,,1096.7,68.8,False
www.bompas.fr,Bompas,66,0386b046-1e5e-44f3-82ea-1a2eb4060646,200,,comune,5,comune:5;polizia:1,False,False,,1518.1,54.1,False
www.deux-sevres.cci.fr,Parthenay,79,0387ca10-cde8-4db0-a21d-1c2dddc87427,403,,non_classificato,0,,True,False,,191.3,5.5,False
www.uttenheim.fr,Uttenheim,67,03880e00-a258-47e1-a8d2-c8f68d500e31,200,,comune,1,comune:1,False,False,,280.5,92.5,False
www.emploi-des-jeunes53.org,Laval,53,0389d8e4-9307-4318-9733-5003188f549c,200,,non_classificato,0,,False,False,,284.3,39.2,False
mareuil-caubert.fr,Mareuil-Caubert,80,038b5d06-8f07-4ded-b513-6384ce221007,200,,comune,3,comune:3;regione:1;scuola:1,False,False,,189.5,19.6,False
www.cm-tarn.fr,Cunac,81,038d7278-9395-49cb-8864-aee39a460d0c,200,,polizia,1,polizia:1,False,False,,1121.1,110.8,False
www.ville-lepassage.fr,Le Passage,47,038d8c8d-6d62-47e9-b15b-dd293459ac7c,200,,comune,2,comune:2;scuola:1;polizia:1,False,False,,8203.2,142.1,False
www.haute-garonne.fr,La Salvetat-Saint-Gilles,31,038ffe7d-e6d8-42bd-b7f5-93caa66be58c,200,,comune,1,comune:1;provincia:1,False,False,,228.4,733.3,False
www.gendarmerie.interieur.gouv.fr,Farébersviller,57,03911110-c91f-4ae1-8472-90a94d6a728d,403,nan,non_classificato,0,nan,True,False,nan,163.3,5.5,False
www.pluvet.fr,Pluvet,21,03917c27-4ce2-444e-ac93-8e4a8b4b9ec7,200,,comune,6,comune:6,False,False,,252.2,42.8,False
www.wentzwiller.fr,Wentzwiller,68,0392a4ef-3221-4ca5-bd33-84ef571637b5,200,,polizia,2,polizia:2;comune:1,False,True,forma_societaria:sas,796.5,151.9,False
www.saintchaptes.com,Saint-Chaptes,30,0394a916-d29f-482a-8a03-9ceacaaf3905,200,,comune,4,comune:4,False,False,,195.9,27.2,False
www.credit-municipal-nimes.fr,Béziers,34,0395c74d-3ec5-41b4-a674-77dea23546cf,200,nan,non_classificato,0,nan,False,False,nan,162.1,252.7,False
www.credit-municipal-nimes.fr,Béziers,34,0395c74d-3ec5-41b4-a674-77dea23546cf,200,nan,non_classificato,0,nan,False,False,nan,162.1,252.7,False
warluzel.fr,Warluzel,62,0395f093-9b98-476c-83e7-450b90f43b73,200,,comune,4,comune:4,False,False,,506.2,54.6,False
www.apec.fr,Amiens,80,03975ee3-c1e3-49ef-b499-dd4848799c3b,200,,regione,1,regione:1;polizia:1,False,False,,170.6,64.1,False
grand-est.dreets.gouv.fr,Charleville-Mézières,08,0397f22e-d223-4b83-8639-06c0412e0e8f,200,,ministero,2,ministero:2;regione:1;polizia:1,False,False,,210.2,60.5,False
www.smartagenda.fr,Charleville-Mézières,08,0397f22e-d223-4b83-8639-06c0412e0e8f,200,nan,comune,1,comune:1;polizia:1,False,False,nan,250.7,77.7,False
www.courlaoux.fr,Courlaoux,39,039ba430-79b0-4922-b00b-25f13ed8fbf7,200,,comune,4,comune:4;regione:1;polizia:1,False,True,forma_societaria:sas,898.7,152.2,False
www.ville-migennes.fr,Migennes,89,039d139e-5b69-4277-b3f9-aabb210f781b,200,,comune,5,comune:5;polizia:3,False,False,,361.8,85.7,False
cdg66.fr,Perpignan,66,039d3eec-38ba-4cf4-bbb6-d86cc31b97ae,200,,comune,1,comune:1;polizia:1;vigili_fuoco:1,False,False,,1471.3,273.8,False
www.allauch.com,Allauch,13,03a04ac2-84e4-4247-ab80-df8cc1d0a9d2,200,,sanita,3,sanita:3;polizia:3;comune:2;scuola:2,False,False,,204.3,177.7,False
languedoc.msa.fr,Bagnols-sur-Cèze,30,03a1c4db-53e8-464f-9890-c33f036b337d,200,,regione,1,regione:1,False,False,,448.4,273.2,False
archives.sarthe.fr,Le Mans,72,03a30636-fc0a-42c1-aed5-3c3c0b2f82c6,200,,non_classificato,0,,False,False,,139.9,0.2,False
www.seine-et-marne.fr,Coulommiers,77,03a42bfd-4a4c-4319-b6ec-71c35f2f26b7,200,,provincia,6,provincia:6;sanita:2;regione:1;scuola:1;polizia:1;camera_commercio:1,False,False,,589.2,1385.2,False
www.ville-de-jarnac.fr,Jarnac,16,03a44ce0-f76d-46b0-a9b5-025ce723c543,200,,comune,5,comune:5;polizia:1,False,False,,482.2,84.6,False
www.justice.fr,TOULOUSE,31,03a4d81a-806e-4938-90f0-27f56c97492e,200,,ministero,2,ministero:2;giustizia:1,False,False,,297.7,968.7,False
www.caf.fr,Bar-le-Duc Cedex,55,03a5e528-7a39-4d19-aa14-db4155d36768,200,nan,non_classificato,0,nan,False,False,nan,627.1,13.6,False
fuans.fr,Fuans,25,03a7ac0b-4c4a-4596-8186-706c287fc639,200,,comune,3,comune:3;polizia:1,False,False,,231.9,53.7,False
coetmieux.fr,Coëtmieux,22,03a7aeaa-b3c0-4469-9467-955df544625e,200,,comune,2,comune:2;polizia:1,False,False,,199.0,81.8,False
www.mission-locale-cournon.com,Lempdes,63,03a87f01-f113-4aae-8c5d-279238f3bb08,200,,non_classificato,0,,False,False,,938.8,148.6,False
www.justice.fr,AVRANCHES,50,03aa2409-0b18-49b5-ad4c-e39a49566327,200,,ministero,2,ministero:2;giustizia:1,False,False,,297.7,968.7,False
www.udaf16.org,Ruffec,16,03ac0c3c-d802-4eb2-9ec2-c7ec4602b0c7,200,nan,polizia,1,polizia:1,False,False,nan,262.7,128.5,False
www.carcassonne-agglo.fr,Carcassonne,11,03ad4bc6-785f-4857-a955-6417151d37f2,200,,polizia,1,polizia:1,False,False,,803.0,229.0,False
www.chavannessurreyssouze.fr,Chavannes-sur-Reyssouze,01,03b1eaa3-93a7-4268-9c83-a6715fc47295,200,,comune,2,comune:2;polizia:1,False,False,,281.6,83.8,False
www.caf.fr,Lannion,22,03b51bf1-9e89-4384-b85d-009127d418f6,200,nan,non_classificato,0,nan,False,False,nan,627.1,13.6,False
www.france-services.gouv.fr,Thiron-Gardais,28,03b5efa6-9843-4dcb-a126-4c8db59efcdd,200,nan,comune,2,comune:2,False,True,forma_societaria:as,214.8,75.9,False
charmes-la-cote.fr,Charmes-la-Côte,54,03b5f4c7-f14c-4f8f-aa0c-7de741b5d9a4,200,,comune,3,comune:3,False,False,,100.6,0.5,False
www.caf.fr,Roubaix,59,03b786a7-1d8f-4072-8423-0bec0cccc115,200,nan,non_classificato,0,nan,False,False,nan,627.1,13.6,False
www.pons-ville.fr,Pons,17,03b82b4a-24a1-4bcc-824f-435f74d2d7e5,200,nan,comune,5,comune:5;polizia:1,False,False,nan,262.3,758.9,False
www.ameli.fr,Mamers,72,03b85bcd-3724-4d74-b593-63056491b7ff,200,nan,comune,1,comune:1,False,False,nan,173.1,86.8,False
forum-assures.ameli.fr,Mamers,72,03b85bcd-3724-4d74-b593-63056491b7ff,200,nan,sanita,2,sanita:2;ministero:2,False,False,nan,375.5,204.9,False
www.dennevy.fr,Dennevy,71,03b92778-343d-4128-9cf5-e0dbcf0613d8,200,,comune,4,comune:4,False,False,,206.4,35.0,False
www.gironde.gouv.fr,Bordeaux,33,03ba0b47-7bd0-4e68-9a14-4125b9ae0484,,ConnectionError,non_classificato,0,,False,False,,,,False
chassenon.fr,Chassenon,16,03bd7799-fb02-4cb5-9e9f-5bf52faaab42,404,,non_classificato,0,,False,False,,148.5,0.0,False
www.patay.fr,Patay,45,03c12780-e1b4-4a02-9c76-d6c99c6eb7c6,200,,comune,4,comune:4;polizia:1,False,True,forma_societaria:as,1027.5,93.6,False
ville-eurville-bienville.fr,Eurville-Bienville,52,03c18ceb-ff5b-4a4a-95c6-1f13e09040f7,200,,comune,4,comune:4;regione:3;provincia:1,False,False,,1256.5,125.1,False
www.lannoy-cuillere.sitew.fr,Lannoy-Cuillère,60,03c1d9bc-f9cf-4aac-9d98-cb919471bdc4,200,,comune,4,comune:4;provincia:3;regione:3;polizia:1,False,False,,592.9,404.5,False
www.sengager.fr,Saint-Lô,50,03c382a6-64c3-490a-a964-e9ea574f39cf,200,nan,polizia,1,polizia:1,False,False,nan,253.7,1953.1,True
lamarinerecrute.gouv.fr,Saint-Lô,50,03c382a6-64c3-490a-a964-e9ea574f39cf,200,nan,non_classificato,0,nan,False,False,nan,119.9,4.9,False
devenir-aviateur.gouv.fr,Saint-Lô,50,03c382a6-64c3-490a-a964-e9ea574f39cf,200,nan,scuola,1,scuola:1,False,False,nan,255.0,131.9,False
www.gages-montrozier.fr,Montrozier,12,03c622a8-2c1c-413b-b884-ec5ce8ff8013,200,,comune,6,comune:6,False,False,,177.1,92.5,False
www.vaucluse.fr,L'Isle-sur-la-Sorgue,84,03c7d6cd-795c-4f48-aa8e-eefad50abc65,418,,non_classificato,0,,False,False,,168.9,40.8,False
www.tarbes.fr,Tarbes,65,03c7fd17-3ca3-42b4-b312-29988aef86e8,200,,comune,5,comune:5;polizia:1,False,False,,239.4,308.6,False
www.pour-les-personnes-agees.gouv.fr,Doué-en-Anjou,49,03c94de7-01b2-45a9-afe1-b7fc807a8918,200,nan,sanita,2,sanita:2;polizia:1,False,False,nan,182.8,200.0,False
www.gendarmerie.interieur.gouv.fr,Figari,2A,03c954c6-1e61-4fd8-8bd1-63693286d066,403,nan,non_classificato,0,nan,True,False,nan,163.3,5.5,False
www.afpa.fr,Créteil,94,03c9d188-3914-4ede-a3f2-586b729a402b,200,,regione,2,regione:2;polizia:1,False,False,,222.9,200.1,False
www.trenal.fr,Trenal,39,03ca433a-49d5-4258-a2d3-c4ea2903c1b5,,ConnectTimeout,non_classificato,0,,False,False,,,,False
www.pouzolles.fr,Pouzolles,34,03cbbb82-5de1-4aea-9279-76141e387014,200,,comune,3,comune:3;polizia:2,False,False,,1738.8,484.7,False
www.france-services.gouv.fr,Juillan,65,03cd9e27-f77c-4510-ac55-2b7a009c229b,200,nan,comune,2,comune:2,False,True,forma_societaria:as,214.8,75.9,False
www.gendarmerie.interieur.gouv.fr,Pontcharra,38,03d071cf-a79a-44ad-92b4-6fad8cf141ba,403,nan,non_classificato,0,nan,True,False,nan,163.3,5.5,False
www.chaource.fr,Chaource,10,03d19950-37af-41d5-ad4e-e5ef1c0e706c,200,,comune,2,comune:2;scuola:2;provincia:1,False,False,,266.4,443.9,False
www.banque-france.fr,Evry Cedex,91,03d1a1b3-3f27-4b51-a724-fa12e80cab95,200,nan,regione,2,regione:2;sanita:1;polizia:1,False,False,nan,169.8,360.8,False
www.france-services.gouv.fr,Agde,34,03d205ef-f9a2-4285-ac6b-db4b9b5b01a5,200,nan,comune,2,comune:2,False,True,forma_societaria:as,214.8,75.9,False
www.france-services.gouv.fr,Reuilly,36,03d23554-c5f1-4f1c-9d75-633647e07bfb,200,nan,comune,2,comune:2,False,True,forma_societaria:as,214.8,75.9,False
www.gendarmerie.interieur.gouv.fr,Écommoy,72,03d444e1-10b9-4495-b081-a30660d9fee5,403,nan,non_classificato,0,nan,True,False,nan,163.3,5.5,False
www.eymet-dordogne.fr,Eymet,24,03d4754c-b726-4ad1-8238-ca38b54d28d2,200,,comune,3,comune:3;polizia:1,False,False,,209.6,60.7,False
www.gendarmerie.interieur.gouv.fr,Yerville,76,03d487ba-a5cb-48e8-a704-bca90aad591f,403,nan,non_classificato,0,nan,True,False,nan,163.3,5.5,False
mehers.fr,Méhers,41,03d51b67-a3a8-4d79-bbe9-5457baaef7f9,200,,comune,3,comune:3;polizia:1,False,False,,442.3,153.6,False
www.tornac.fr,Tornac,30,03d6366a-2fbe-4e20-a74c-85867d45040b,200,,comune,5,comune:5;polizia:2,False,False,,415.3,106.5,False
www.gendarmerie.interieur.gouv.fr,Wissembourg,67,03d81e5c-89e2-4736-ab9d-0f3e71a07c31,403,nan,non_classificato,0,nan,True,False,nan,163.3,5.5,False
www.rhone.fr,Saint-Symphorien-sur-Coise,69,03d8bf49-87fc-482c-87b5-d83815a95be3,200,,non_classificato,0,,False,False,,187.7,0.2,False
www.impots.gouv.fr,Nîmes Cedex 9,30,03d8f55f-fe5d-492d-92db-6f1239cce046,200,nan,non_classificato,0,nan,False,False,nan,113.8,290.0,False
www.france-services.gouv.fr,Melisey,70,03d9be05-2cc5-4d73-8428-c7b0df197973,200,nan,comune,2,comune:2,False,True,forma_societaria:as,214.8,75.9,False
www.masecurite.interieur.gouv.fr,Saint-Max,54,03d9f735-67bf-4b72-ab5e-5134baa00c6f,200,nan,ministero,2,ministero:2;polizia:1,False,False,nan,192.1,133.2,False
www.mairie-ardin.fr,Ardin,79,03da526d-9d18-45d2-904d-1a5df430c35e,200,,comune,3,comune:3;polizia:1,False,False,,1641.4,231.3,False
www.hautsdefrance.fr,Soissons,02,03da59a4-4e2c-458f-a3d8-c710acde22b1,200,,regione,4,regione:4;comune:1;scuola:1,False,False,,468.7,86.8,False
www.hautsdefrance.fr,Soissons,02,03da59a4-4e2c-458f-a3d8-c710acde22b1,200,,regione,4,regione:4;comune:1;scuola:1,False,False,,468.7,86.8,False
www.france-services.gouv.fr,Le Montet,03,03da85d8-0cfd-4045-a797-9deb16f1409b,200,nan,comune,2,comune:2,False,True,forma_societaria:as,214.8,75.9,False
www.crous-rennes.fr,Quimper,29,03da99f8-16f9-45aa-bd3c-1a93ce03284d,200,,scuola,1,scuola:1,False,False,,368.3,423.9,False
montagnystefelicite.fr,Montagny-Sainte-Félicité,60,03dae091-b52e-474d-8051-2eec29400186,200,,comune,1,comune:1,False,False,,3043.7,98.6,False
www.cc-paysdevalois.fr,Montagny-Sainte-Félicité,60,03dae091-b52e-474d-8051-2eec29400186,200,,polizia,1,polizia:1,False,False,,805.5,294.0,False
vergeze.fr,Vergèze,30,03db0a37-6a74-4f7d-9974-b2c71fc190d0,200,,comune,5,comune:5;polizia:3;scuola:1,False,False,,177.8,524.4,False
www.cdg08.fr,Charleville-Mézières,08,03dc5cff-ab93-4c76-930d-8779737d1325,200,,comune,3,comune:3;universita:2;provincia:1;regione:1,False,False,,424.3,98.3,False
fourcigny.fr,Fourcigny,80,03dc5d77-779e-4302-9ff5-a7a8071e237c,200,,comune,4,comune:4,False,False,,193.5,11.7,False
www.pimms.org,Issy-l’Evêque,71,03df81c3-5dc6-4aea-88fd-2cca4d326170,200,,non_classificato,0,,False,False,,253.4,80.8,False
www.unaf.fr,Cayenne,973,03dfbcb5-fe2c-4bc8-904e-7a4255b24d25,200,nan,ministero,2,ministero:2;regione:1;polizia:1,False,False,nan,138.1,193.3,False
esquerdes.fr,Esquerdes,62,03e0b5c4-ab01-4022-8241-f3f7a0e295a8,200,,scuola,1,scuola:1;polizia:1,False,True,forma_societaria:as,1719.2,213.9,False
www.villehoudan.fr,Houdan,78,03e2deb1-788c-4cf2-862a-03e5d08d6d61,200,,comune,3,comune:3;scuola:2;sanita:1;polizia:1,False,False,,644.5,313.9,False
www.verel-pragondran.fr,Verel-Pragondran,73,03e36fc0-d74a-476a-9d58-a2e0a698db7f,200,,comune,4,comune:4;polizia:1,False,False,,269.3,54.9,False
www.maslacq.fr,Maslacq,64,03e3e1f5-0df8-4988-b10c-8102d56c2340,200,,comune,3,comune:3;provincia:2;scuola:2;regione:1,False,False,,1066.2,43.6,False
www.cdad-guyane.fr,CAYENNE,973,03e506da-dda2-4423-bb93-e603942ed672,200,,scuola,1,scuola:1;polizia:1;giustizia:1,False,False,,94.1,59.7,False
molieres-sur-ceze.fr,Molières-sur-Cèze,30,03e64804-e5ab-457b-abdd-90ff8303b33b,200,,polizia,2,polizia:2;comune:1,False,False,,437.6,172.3,False
www.reunion.developpement-durable.gouv.fr,Saint-Denis,974,03e7874d-9414-4d1e-8a97-15948af4ad11,200,,polizia,3,polizia:3;regione:1,False,False,,1431.1,46.9,False
www.gendarmerie.interieur.gouv.fr,Morschwiller-le-Bas,68,03e79e1a-18a4-4c39-ab29-2271e57aedf0,403,nan,non_classificato,0,nan,True,False,nan,163.3,5.5,False
www.le-quiou.fr,Le Quiou,22,03ecc017-9235-4a53-b432-9b95e8d67df2,200,,comune,1,comune:1;polizia:1,False,False,,271.0,210.2,False
www.vendee-senior.fr,La Roche-sur-Yon,85,03ed4007-28eb-489d-b165-7e737378081f,200,,polizia,1,polizia:1,False,False,,1915.4,44.2,False
www.guadeloupe.gouv.fr,Basse-Terre,971,03eda8c8-4363-49c8-bfbd-b507e7d22bb0,,ConnectionError,non_classificato,0,,False,False,,,,False
www.conlie.fr,Conlie,72,03ee8567-2073-4f5c-b053-e12d1683a6e5,200,,comune,5,comune:5;provincia:1;regione:1;scuola:1,False,False,,1291.0,281.9,False
www.conlie.fr,Conlie,72,03ee8567-2073-4f5c-b053-e12d1683a6e5,200,,comune,5,comune:5;provincia:1;regione:1;scuola:1,False,False,,1291.0,281.9,False
longeves85.fr,Longèves,85,03ee98ca-e0e9-49d2-9a66-88c631c17802,200,,comune,2,comune:2;polizia:1,False,False,,169.8,89.9,False
saint-sauveur60.fr,Saint-Sauveur,60,03f06ab0-e989-4525-b05a-95b5cb0a1f2d,200,,comune,1,comune:1;provincia:1;polizia:1,False,False,,714.8,55.8,False
www.duerne.fr,Duerne,69,03f1050d-1fb6-40b0-b367-410788bcad9a,200,,comune,4,comune:4;regione:1;polizia:1,False,True,forma_societaria:a.s.,1691.8,226.2,False
www.cnfpt.fr,Basse-Terre,971,03f173fc-d5fd-4bc7-a49f-cf3e949b2506,200,,comune,1,comune:1,False,False,,248.3,100.1,False
www.coeurhautelande.fr,Sabres,40,03f19b56-01e1-4d56-9fd1-4e76039783b1,200,,provincia,1,provincia:1,False,True,forma_societaria:sas,1111.4,116.8,False
www.france-services.gouv.fr,Viverols,63,03f51484-119b-48ab-802a-a9bebd65d847,200,nan,comune,2,comune:2,False,True,forma_societaria:as,214.8,75.9,False
www.caf.fr,Caudry,59,03f569aa-2563-4a4e-9ff1-533a95e4dc82,200,nan,non_classificato,0,nan,False,False,nan,627.1,13.6,False
www.mairie-espinasses.fr,Espinasses,05,03f88c0c-6ebe-4a38-974e-28fafa00ec9f,200,nan,comune,3,comune:3,False,False,nan,306.3,40.0,False
www.conseil-national.medecin.fr,Bar-le-Duc,55,03f89144-6689-48fa-94ab-4eeb160ec642,200,nan,polizia,1,polizia:1,False,False,nan,260.4,73.7,False
www.lavergne-en-quercy.fr,Lavergne,46,03fa3feb-9ae2-495b-a2e4-4e8bc4ac5a51,200,,comune,2,comune:2,False,False,,336.8,85.7,False
www.ville-saintaignan.com,Saint-Aignan,41,03fafee4-bd1b-42d4-8961-7c4f94f0e798,200,,comune,6,comune:6;sanita:3,False,False,,443.9,35.4,False
www.monsempronlibos.fr,Monsempron-Libos,47,03fcd273-67db-4a39-a043-3b44a8fc4a1f,200,,comune,5,comune:5;regione:1,False,False,,879.2,34.8,False
www.saone-et-loire.gouv.fr,Mâcon,71,03fcf221-c824-4888-8046-f28dff6e43b2,nan,ConnectionError,non_classificato,0,nan,False,False,nan,nan,nan,False
ville-montbrison.fr,Montbrison,42,03fd56a0-44c5-4397-86eb-1a1d6b57cff4,200,,comune,4,comune:4,False,False,,695.4,86.1,False
www.gendarmerie.interieur.gouv.fr,Le Lauzet-Ubaye,04,03fe1d6d-8579-4cce-a14c-364ec7ba8522,403,nan,non_classificato,0,nan,True,False,nan,163.3,5.5,False
www.association-pari.com,Valence,26,03fe77df-2e56-456d-beba-3b9761f969cf,200,,non_classificato,0,,False,False,,171.9,39.2,False
www.gendarmerie.interieur.gouv.fr,Yssingeaux,43,03fe97c1-81c0-4130-91ee-06dc7be3bfa9,403,nan,non_classificato,0,nan,True,False,nan,163.3,5.5,False
ville-sgla.fr,Saint-Germain-lès-Arpajon,91,03feb7c1-0466-4f72-9ae1-2e4c14de2c9b,200,,comune,5,comune:5;provincia:1;polizia:1,False,True,forma_societaria:spa,3452.6,729.2,False
www.flore-habitatjeunes.org,Le Mans,72,03fefb68-f7af-4081-8a05-4eba832e3ac6,200,,polizia,1,polizia:1,False,False,,228.1,126.0,False
www.salmaise.fr,Salmaise,21,03ffbc98-0ead-45d4-b1d5-4a920b7dabe0,200,,comune,4,comune:4,False,False,,193.9,39.0,False
www.giscos.fr,Giscos,33,04004e87-7b7c-4f7f-9dba-14a676998460,200,,comune,1,comune:1;provincia:1;scuola:1,False,False,,274.1,44.5,False
www.fedechasseurslandes.com,Pontonx-sur-l'Adour,40,0400f350-562d-4134-a2e2-07c24bf22ee8,200,,provincia,1,provincia:1;scuola:1;polizia:1,False,True,forma_societaria:ag,956.3,369.0,False
www.paysdelandi.com,Landivisiau,29,04041aa2-4bc8-4955-ac5b-e58a74a8c2ef,200,,polizia,1,polizia:1,False,False,,185.1,163.9,False
www.hopital-breil-roya.com,Breil-sur-Roya,06,04044591-ff7f-47c3-be2f-1ab90fabffa4,200,,sanita,6,sanita:6;polizia:1,False,False,,2810.8,295.2,False
www.pour-les-personnes-agees.gouv.fr,Breil-sur-Roya,06,04044591-ff7f-47c3-be2f-1ab90fabffa4,200,nan,sanita,2,sanita:2;polizia:1,False,False,nan,182.8,200.0,False
www.vaucluse.fr,Bollène,84,0407f544-4743-441b-9d59-a1c4918fcd64,418,,non_classificato,0,,False,False,,168.9,40.8,False
www.mairiehardinvast.fr,Hardinvast,50,040b2225-8039-44e0-a8a9-a7ecd2229bba,200,,non_classificato,0,,False,False,,129.8,0.0,False
www.gironde.gouv.fr,Bordeaux,33,040b380a-0cc9-4476-99b1-0e225c70969c,,ConnectionError,non_classificato,0,,False,False,,,,False
www.mortagne-sur-gironde.fr,Mortagne-sur-Gironde,17,040b8581-396c-45e4-9f8d-c1ec89da5097,200,,comune,1,comune:1,False,False,,277.0,114.9,False
www.gendarmerie.interieur.gouv.fr,Le Mont-Dore,988,040c3032-6ddd-4c30-ac34-ee9d2a838dc3,403,nan,non_classificato,0,nan,True,False,nan,163.3,5.5,False
www.ruffeylesbeaune.fr,Ruffey-lès-Beaune,21,040ec3d4-38a2-469e-801e-a7430063a8db,200,,comune,4,comune:4,False,False,,418.8,63.0,False
www.gendarmerie.interieur.gouv.fr,Salazie,974,040edc38-babf-482d-81a0-1ac66f3663d4,403,nan,non_classificato,0,nan,True,False,nan,163.3,5.5,False
www.onisep.fr,Lille,59,0410ffec-5172-4a84-a5ea-e0d98a398d04,200,nan,scuola,2,scuola:2;polizia:1,False,False,nan,284.3,150.0,False
www.lot.fr,Gourdon,46,0411050f-9745-4471-a61f-36476a820423,200,,scuola,1,scuola:1,False,False,,435.9,62.4,False
www.pont-croix.fr,Pont-Croix,29,041439a4-0d94-43ba-a79f-541969218e88,200,,comune,3,comune:3,False,False,,1502.7,197.8,False
www.voujeaucourt.fr,Voujeaucourt,25,041456c5-938c-4f90-9ef5-99e4864d7e55,200,,non_classificato,0,,False,False,,2125.9,0.2,False
www.puy-de-dome.cci.fr,Ambert,63,04151b96-072f-4013-8af4-deacfd1c5b6d,403,,non_classificato,0,,True,False,,164.9,5.5,False
www.epide.fr,Montry,77,0415e4bf-d4be-4618-afc3-2e33a6dbddd6,200,,polizia,1,polizia:1,False,False,,331.8,178.2,False
www.yvelines.fr,Trappes,78,041641b0-d209-482c-87b2-6a95ab727ef2,200,,provincia,4,provincia:4;scuola:1;polizia:1,False,False,,332.4,106.3,False
www.oise.gouv.fr,Beauvais,60,0417c71d-2c8f-4626-955f-52df3c6e77ef,nan,ConnectionError,non_classificato,0,nan,False,False,nan,nan,nan,False
oberhergheim.fr,Oberhergheim,68,04197285-0446-4099-a269-c9f274229561,200,,comune,3,comune:3;regione:1;polizia:1;vigili_fuoco:1,False,False,,571.0,203.4,False
commissaire-justice.fr,Dijon,21,041c85eb-82f4-4f77-a565-9b8bedbe42cb,200,,universita,2,universita:2;ministero:2;scuola:1;polizia:1,False,False,,3257.6,549.0,False
www.tarn.fr,Albi,81,04200a4f-bf22-4c7f-8dcc-7851b8c8031c,418,nan,non_classificato,0,nan,False,False,nan,106.0,40.7,False
www.iledefrance-villejuif.cnrs.fr,Villejuif,94,0420533f-9de9-4946-a942-b0b654fbfe00,200,,non_classificato,0,,False,False,,265.5,53.9,False
www.touraine.fr,Sainte-Maure-de-Touraine,37,042147ea-0aa5-4aca-836f-5cfc55f2db3c,200,nan,provincia,3,provincia:3;scuola:1;polizia:1,False,False,nan,479.5,61.9,False
www.gendarmerie.interieur.gouv.fr,Poissons,52,04224e1f-c377-4911-ba66-c3d272b16e25,403,nan,non_classificato,0,nan,True,False,nan,163.3,5.5,False
www.bromont-lamothe.fr,Bromont-Lamothe,63,0422624c-0450-42c0-9e32-f27f366914a2,200,,comune,4,comune:4;polizia:1,False,False,,197.4,79.6,False
www.mairie-gonnevillesurhonfleur.fr,Gonneville-sur-Honfleur,14,042283bb-62a6-42eb-bc17-f3d55e814cb1,200,,comune,4,comune:4,False,False,,453.6,54.3,False
www.wallis-et-futuna.gouv.fr,Wallis et Futuna,986,0422e3a3-66ee-44b0-aef7-0da9ea74eb6d,nan,ConnectionError,non_classificato,0,nan,False,False,nan,nan,nan,False
www.haegen.fr,Haegen,67,0424a81d-ef3f-45d9-85fb-ed32922dd01c,200,,comune,4,comune:4,False,False,,647.1,26.5,False
www.betton.fr,Betton,35,0429cbd8-834c-420b-a542-a25ce21adfaa,200,,comune,6,comune:6;scuola:1;polizia:1,False,False,,497.6,87.7,False
www.intramuros.org,Lisle-en-Barrois,55,042b2cea-5ce2-4d3b-b910-960736ee3f35,200,nan,non_classificato,0,nan,False,False,nan,268.4,2.1,False
www.vaucluse.fr,Avignon,84,042bc213-5d8a-4e94-af9c-5b64addd622f,418,,non_classificato,0,,False,False,,168.9,40.8,False
www.gendarmerie.interieur.gouv.fr,Coubert,77,042c540c-ecce-43b6-b0eb-1eaade375ac9,403,nan,non_classificato,0,nan,True,False,nan,163.3,5.5,False
www.ac-nice.fr,Menton,06,042dfe9f-22c0-4c54-9ddc-0f597c37d699,403,,non_classificato,0,,True,False,,202.0,5.4,False
www.haute-vienne.fr,Nantiat,87,042e4160-e7fd-4979-91e5-c1b51067af99,200,,provincia,3,provincia:3;polizia:1,False,False,,284.8,72.5,False
www.pour-les-personnes-agees.gouv.fr,Nantiat,87,042e4160-e7fd-4979-91e5-c1b51067af99,200,nan,sanita,2,sanita:2;polizia:1,False,False,nan,182.8,200.0,False
www.simetra.fr,Biarritz,64,042f6293-1e03-40d0-99b0-23c54c364e5c,200,,non_classificato,0,,False,False,,492.3,130.9,False
www.somme.gouv.fr,Abbeville,80,0430301e-223f-442a-9b14-ca32ac85a31d,,ConnectionError,non_classificato,0,,False,False,,,,False
www.somme.gouv.fr,Abbeville,80,0430301e-223f-442a-9b14-ca32ac85a31d,,ConnectionError,non_classificato,0,,False,False,,,,False
www.nouvelle-caledonie.gouv.fr,Lifou,988,04306e8f-9b53-47b2-8b2d-b0489db0bb2e,,ConnectionError,non_classificato,0,,False,False,,,,False
www.ville-valbonne.fr,Valbonne,06,0431434f-3efe-4d98-9015-8ae751d8ced1,200,,comune,8,comune:8;polizia:1,False,False,,255.9,708.3,False
www.perdreauville.fr,Perdreauville,78,04326776-2538-4541-bfc8-b20d7508719b,200,,provincia,3,provincia:3;regione:3;comune:2;scuola:2,False,False,,522.8,24.5,False
www.impots.gouv.fr,Clermont-Ferrand,63,04327071-05f9-4b30-a0b5-41c8a9b3dd22,200,nan,non_classificato,0,nan,False,False,nan,113.8,290.0,False
www.gendarmerie.interieur.gouv.fr,Dourgne,81,0432f221-93e6-428a-b4d6-aa167180484a,403,nan,non_classificato,0,nan,True,False,nan,163.3,5.5,False
www.nievre.fr,La Charité-sur-Loire,58,043470aa-e519-47c0-8078-7fd80612bc8e,200,,provincia,3,provincia:3;regione:1,False,False,,2685.0,313.1,False
www.pour-les-personnes-agees.gouv.fr,La Charité-sur-Loire,58,043470aa-e519-47c0-8078-7fd80612bc8e,200,nan,sanita,2,sanita:2;polizia:1,False,False,nan,182.8,200.0,False
www.masecurite.interieur.gouv.fr,Meyzieu,69,043623e4-de34-45f7-8cc7-1327f5812bc8,200,nan,ministero,2,ministero:2;polizia:1,False,False,nan,192.1,133.2,False
www.massifdusancy.fr,BESSE ET ST ANASTAISE,63,0436657b-f3de-4c34-a3cb-0c21dc53c78a,200,,non_classificato,0,,False,False,,85.8,19.3,False
www.alpedhuez-mairie.fr,Alpe-d'Huez,38,04377c5a-d015-49d3-a0e5-02f65062fe01,200,,comune,3,comune:3,False,False,,1237.7,60.8,False
www.lachapellebaton86.fr,La Chapelle-Bâton,86,0438647d-8133-42ac-a633-c7fd1a252d5e,200,,comune,1,comune:1;provincia:1;polizia:1,False,False,,556.0,124.7,False
www.gendarmerie.interieur.gouv.fr,Quiberon,56,043a069e-40ca-463f-aab2-91c11e69a78e,403,nan,non_classificato,0,nan,True,False,nan,163.3,5.5,False
drome.famillesrurales.org,Valence,26,043af482-e735-4d90-8652-1999394efd87,200,,non_classificato,0,,False,False,,399.8,41.9,False
www.ville-riom-es-montagnes.fr,Riom-ès-Montagnes,15,043b68a6-8f6a-42fc-910d-d574d4d61f68,200,,comune,2,comune:2;provincia:1;regione:1;scuola:1;polizia:1,False,True,forma_societaria:kg,549.9,265.6,False
www.vezelin-sur-loire.fr,Vézelin-sur-Loire,42,043c9af3-6615-4a70-aede-6d2f40708d8c,200,,comune,4,comune:4,False,False,,232.8,46.7,False
www.caba.fr,Aurillac,15,043db1ce-a865-4d71-b1ac-c188793066d5,200,,comune,1,comune:1;sanita:1;polizia:1,False,False,,2253.3,265.7,False
www.associations.gouv.fr,Dijon Cedex,21,043e061e-eebc-4eca-8f26-45338bb081f8,200,nan,ministero,2,ministero:2,False,False,nan,302.8,130.9,False
www.labo-terana.fr,Nevers,58,043e4123-c726-4b01-85b6-32da9a86f9d0,200,,polizia,1,polizia:1,False,False,,158.5,41.0,False
www.labo-terana.fr,Nevers,58,043e4123-c726-4b01-85b6-32da9a86f9d0,200,,polizia,1,polizia:1,False,False,,158.5,41.0,False
www.fromental.fr,Fromental,87,043f828c-0f0d-4a93-96ed-6e86265258d8,404,,non_classificato,0,,False,False,,114.9,0.0,False
www.france-services.gouv.fr,Henrichemont,18,0440552f-d22e-45a2-8ca9-469b7d48a23b,200,nan,comune,2,comune:2,False,True,forma_societaria:as,214.8,75.9,False
www.ville-le-marclet.fr,Ville-le-Marclet,80,04416dce-040c-42b3-9f31-6a5242d40615,503,,non_classificato,0,,False,False,,167.3,2.6,False
www.ville-toucy.fr,Toucy,89,04423995-c45f-4e19-8fb1-0fba8c872ca6,404,,comune,8,comune:8;provincia:3;scuola:2,False,False,,259.3,33.4,False
www.crouy-sur-ourcq.fr,Crouy-sur-Ourcq,77,0442aaa9-7cea-4864-a9ec-987e5c689e22,200,,comune,4,comune:4;provincia:1;regione:1,False,False,,404.3,41.2,False
www.gendarmerie.interieur.gouv.fr,Nevers,58,0442dec7-2f32-4392-a7be-9cf9766fa3e6,403,nan,non_classificato,0,nan,True,False,nan,163.3,5.5,False
www.france-services.gouv.fr,Phalsbourg,57,0443377b-9fd9-44e3-beba-1042e17c6ed4,200,nan,comune,2,comune:2,False,True,forma_societaria:as,214.8,75.9,False
fondettes.fr,Fondettes,37,04447d25-bb65-4547-a03d-06e3b9e2f5b1,200,,comune,3,comune:3,False,False,,6917.3,50.8,False
ami-prevention.fr,Paris,75,0446595e-0150-4732-a0fc-bad4bf5284e9,200,,comune,1,comune:1;polizia:1,False,False,,802.6,166.1,False
www.clermont-oise.fr,Clermont,60,0446c6f2-3dca-44b2-93fb-e9be752fb724,200,,comune,6,comune:6;polizia:2,False,False,,3338.6,175.5,False
www.apec.fr,Toulon,83,04484d36-5231-41f1-ba5e-3917d019e820,200,,regione,1,regione:1;polizia:1,False,False,,170.6,64.1,False
www.grandpoitiers.fr,Poitiers,86,04491afa-57c3-4a9f-a76a-0ab3465fbc5f,200,,comune,1,comune:1;regione:1;scuola:1;polizia:1,False,False,,621.9,292.5,False
www.grandpoitiers.fr,Poitiers,86,04491afa-57c3-4a9f-a76a-0ab3465fbc5f,200,,comune,1,comune:1;regione:1;scuola:1;polizia:1,False,False,,621.9,292.5,False
www.anah.gouv.fr,Poitiers,86,04491afa-57c3-4a9f-a76a-0ab3465fbc5f,200,nan,comune,1,comune:1;polizia:1,False,False,nan,184.0,84.2,False
cussac87.com,Cussac,87,044993e0-06c3-4cde-b218-c3dec41b82f3,200,,comune,2,comune:2,False,False,,234.0,277.6,False
thuir.fr,Thuir,66,0449ce02-4e82-4311-a94b-e3822b2c44c3,200,,comune,6,comune:6;regione:1;polizia:1,False,False,,3550.0,883.7,False
www.freissinieres.fr,Freissinières,05,044b9dc2-ed2d-4d9d-b83e-0fc8ef423e47,200,,comune,4,comune:4,False,False,,916.9,32.1,False
www.saferdenormandie.fr,Caen,14,044eab28-c22e-470f-8702-83ca962da25e,200,,polizia,1,polizia:1,False,False,,245.5,41.9,False
www.vienne.gouv.fr,Poitiers,86,044f4ada-e551-426d-8c62-6d7b19f5d21a,,ConnectionError,non_classificato,0,,False,False,,,,False
www.vienne.gouv.fr,Poitiers,86,044f4ada-e551-426d-8c62-6d7b19f5d21a,,ConnectionError,non_classificato,0,,False,False,,,,False
saulnot.fr,Saulnot,70,0452a5f0-48fe-4767-9653-eb801d447c27,200,,comune,2,comune:2;polizia:1,False,False,,560.2,248.6,False
www.laujuzan.com,Laujuzan,32,0452bd83-8c0f-4104-b54a-0c1cae9fe01c,200,,comune,4,comune:4;provincia:1,False,False,,153.6,66.8,False
www.gendarmerie.interieur.gouv.fr,Landivy,53,0452e902-80c7-4a5b-bcef-4a416151e550,403,nan,non_classificato,0,nan,True,False,nan,163.3,5.5,False
www.defense.gouv.fr,Angers Cedex,49,045447f2-f708-48a1-b43b-c69114c7bed8,200,,ministero,6,ministero:6;regione:1;polizia:1,False,False,,281.3,92.3,False
www.mairie-socx.fr,Socx,59,0454e023-72f9-49c2-a2e6-6eeb218fe0ee,200,,comune,4,comune:4;polizia:1,False,False,,144.9,150.7,False
saintamanttallende.fr,Saint-Amant-Tallende,63,0457d7d8-c1f9-4321-9fad-7d9440b46f4b,200,,comune,4,comune:4,False,False,,1229.2,173.3,False
ablainstnazaire.org,Ablain-Saint-Nazaire,62,0458a427-ac70-4f04-885f-2bfe34658d6a,200,,comune,1,comune:1,False,False,,105.5,111.1,False
www.bretagne.ars.sante.fr,Vannes,56,045b6b37-6f71-4837-974a-f64f4c84df83,200,,sanita,7,sanita:7;ministero:2;regione:1;polizia:1,False,False,,95.4,137.9,False
www.cnfpt.fr,Lons-le-Saunier,39,045ba7f9-da1a-4fdb-8a2a-fd2e70a35b46,200,,comune,1,comune:1,False,False,,248.3,100.1,False
www.rahon.fr,Rahon,39,045c2a5c-9962-4153-9d40-d34815cd2e32,200,,comune,3,comune:3,False,False,,730.4,753.5,False
www.traverseres.fr,Traversères,32,045db791-65e5-47ea-a827-ce12787ffa4c,404,,non_classificato,0,,False,False,,124.7,0.0,False
www.benesse-les-dax.fr,Bénesse-lès-Dax,40,0461475c-2bbd-47f3-8317-8bb6c23968a8,200,,comune,6,comune:6;scuola:2,False,False,,327.7,44.4,False
www.caue02.com,Laon,02,0462e424-6e9c-47ff-be37-475e817fddfe,200,,non_classificato,0,,False,False,,1095.4,119.3,False
www.lesourn.fr,Le Sourn,56,04634913-5774-4481-9a4e-a3516fa88662,200,,non_classificato,0,,False,False,,147.3,0.4,False
www.arc-sud-bretagne.fr,Muzillac,56,0464fb2d-960f-421f-8e61-6344a42868c8,200,,polizia,1,polizia:1,False,True,forma_societaria:as,232.5,298.4,False
daaf.guadeloupe.agriculture.gouv.fr,Basse-Terre,971,04667811-c34a-466d-9e05-cc6d5d2412da,,ConnectTimeout,non_classificato,0,,False,False,,,,False
www.vaucluse.fr,Montfavet,84,0466b2c7-0820-47a8-931b-0ddb95e9d44d,418,,non_classificato,0,,False,False,,168.9,40.8,False
www.maurrin.fr,Maurrin,40,046997d0-620b-4f10-8816-50603f09c077,200,,comune,4,comune:4;provincia:1;scuola:1;vigili_fuoco:1,False,True,forma_societaria:as,315.7,75.2,False
www.deux-sevres.cci.fr,Melle,79,0469b59a-5d09-4102-9edb-596fa46d9cbb,403,,non_classificato,0,,True,False,,191.3,5.5,False
smdlyon.fr,Lyon,69,0469f099-835c-46df-a3b4-2eb377ede0b2,200,,polizia,1,polizia:1,False,False,,1201.4,41.3,False
www.pour-les-personnes-agees.gouv.fr,Lyon,69,0469f099-835c-46df-a3b4-2eb377ede0b2,200,nan,sanita,2,sanita:2;polizia:1,False,False,nan,182.8,200.0,False
www.fleurines.fr,Fleurines,60,046b0a2f-1389-4402-9fbc-bb4b3e8c30be,200,,comune,3,comune:3,False,False,,2237.9,34.0,False
www.saintmartinlapallu.fr,Saint-Martin-la-Pallu,86,046b45f3-93b4-4e22-a7d0-6486c0b7a40b,,ConnectTimeout,non_classificato,0,,False,False,,,,False
laire-doubs.fr,Laire,25,046b6005-25d7-4e78-ac5f-9b8d6b4e4701,200,,comune,2,comune:2;regione:1,False,False,,407.4,180.2,False
www.ville-samer.fr,Samer,62,046ca20b-c51d-4c84-84e6-001ad734eca6,200,,comune,3,comune:3,False,False,,300.8,4.4,False
www.yvelines.fr,Buc Cedex,78,046d0e8b-e504-475b-af3c-8faec008c5f9,200,,provincia,4,provincia:4;scuola:1;polizia:1,False,False,,332.4,106.3,False
tuffalun.fr,Tuffalun,49,046d619f-50bc-44e4-be3b-8b708a4ab570,200,,comune,6,comune:6,False,False,,1084.0,177.4,False
rilhac-rancon.fr,Rilhac-Rancon,87,0471e954-b92b-497c-8cc4-79a623bc4342,200,,comune,4,comune:4;polizia:1,False,False,,214.1,111.8,False
www.vauthiermont.fr,Vauthiermont,90,047282c6-94f4-41be-a96c-8a89068dc996,200,,comune,3,comune:3,False,False,,1928.6,83.2,False
www.masecurite.interieur.gouv.fr,Aubervilliers,93,0473aacf-9e17-47c7-8b2a-defc67c1c5c0,200,nan,ministero,2,ministero:2;polizia:1,False,False,nan,192.1,133.2,False
mercatel.fr,Mercatel,62,04740682-69e7-463c-8a50-5c730b2c16de,200,,comune,1,comune:1,False,False,,240.7,42.6,False
www.broglie-27.fr,Broglie,27,04771ee0-f686-439e-8eb6-7582ddce92b8,200,,comune,7,comune:7,False,False,,3215.9,222.9,False
www.sault-brenaz.org,Sault-Brénaz,01,04792451-cd0a-40b8-8206-c645892953e1,200,,comune,4,comune:4,False,False,,164.2,113.0,False
www.haute-corse.gouv.fr,Bastia,2B,0479d69a-ba9e-48bf-ac68-a420c7ddfd3e,,ConnectionError,non_classificato,0,,False,False,,,,False
www.ariege.fr,Mirepoix,09,047a181d-d5f3-4596-8b68-f6b4e2542eb3,418,,non_classificato,0,,False,False,,172.4,40.8,False
www.facebook.com,Thimonville,57,047a537f-7e63-47bb-9363-52f11b7b217f,200,,non_classificato,0,,False,False,,483.1,395.7,False
www.pasdecalais.fr,Montreuil-sur-Mer,62,047df5e9-37a9-45a7-b763-6d7eee48b590,200,,polizia,3,polizia:3;provincia:1,False,False,,260.9,215.5,False
www.aisne.gouv.fr,Vervins,02,047ea91f-e849-4ace-8970-87e92af5248b,,ConnectionError,non_classificato,0,,False,False,,,,False
www.aisne.gouv.fr,Vervins,02,047ea91f-e849-4ace-8970-87e92af5248b,,ConnectionError,non_classificato,0,,False,False,,,,False
www.ipeicc.com,Montpellier,34,048087f4-0ec6-4e2a-9c32-108999df81a6,200,,universita,1,universita:1,False,False,,319.8,36.8,False
www.seine-et-marne.fr,Fontainebleau,77,0482c624-c721-43f2-b96b-76d51e9794d2,200,,provincia,6,provincia:6;sanita:2;regione:1;scuola:1;polizia:1;camera_commercio:1,False,False,,589.2,1385.2,False
www.gendarmerie.interieur.gouv.fr,Nemours,77,0483af31-7109-425b-b0f8-78f6149dd0f2,403,nan,non_classificato,0,nan,True,False,nan,163.3,5.5,False
www.cdad-2a.com,PORTO-VECCHIO,2A,0484b850-ddb5-4c5d-926c-aa6402c19eaf,200,,provincia,3,provincia:3;ministero:2,False,False,,424.7,51.9,False
www.rabastens.fr,Rabastens,81,0484c0d1-afeb-4d4e-bc46-14c88e779c98,200,,comune,3,comune:3,False,False,,207.2,668.2,False
www.france-services.gouv.fr,Bandraboua,976,04864071-5d70-4667-acf1-b748355031ae,200,nan,comune,2,comune:2,False,True,forma_societaria:as,214.8,75.9,False
www.caf.fr,Sarcelles,95,04865ac6-3879-434d-9005-d721e665d8a6,200,nan,non_classificato,0,nan,False,False,nan,627.1,13.6,False
www.seinemaritime.fr,Rouen,76,048bbe68-04e0-455b-840d-565954c396c3,200,,provincia,3,provincia:3;scuola:1;polizia:1,False,False,,167.0,218.1,False
www.espace-citoyens.net,Tsingoni,976,048c7342-6d9c-4693-9c0a-ca0edeb991b3,200,nan,non_classificato,0,nan,False,False,nan,190.2,1.2,False
www.cdad-jura.fr,CHAUSSIN,39,048de52d-3c5a-4eed-b606-674f67cc10bb,200,,ministero,2,ministero:2;provincia:1;polizia:1,False,False,,129.6,33.3,False
www.usson-en-forez.fr,Usson-en-Forez,42,048e410e-ca21-4260-a0bc-48e68ec1b375,200,,comune,4,comune:4;provincia:3,False,False,,393.3,85.3,False
www.ac-limoges.fr,Guéret,23,048e95cc-6d14-4516-9c45-d0b9e5eda62f,403,,non_classificato,0,,True,False,,177.4,5.4,False
saint-guinoux.fr,Saint-Guinoux,35,04902b28-293a-4069-bd7b-8eec8f38b3a8,200,,comune,1,comune:1;polizia:1,False,False,,587.3,204.9,False
www.lacharente.fr,La Rochefoucauld-en-Angoumois,16,049115a2-617d-4d5d-b586-70b590d7524b,200,nan,provincia,4,provincia:4;comune:1;scuola:1,False,False,nan,315.7,69.4,False
ormenans.fr,Ormenans,70,0493ca22-8f80-43e6-a0f4-fffabfccb910,200,,comune,1,comune:1;polizia:1,False,False,,465.9,172.8,False
www.ville-crehange.fr,Créhange,57,0494e701-c3ba-47aa-9ed0-5fc5d67243ec,404,,non_classificato,0,,False,False,,123.1,0.0,False
www.gironde.fr,Langon,33,0499b253-1233-4b95-a5f4-3a8be40603b3,200,,provincia,4,provincia:4,False,False,,305.6,70.1,False
www.gironde.fr,Langon,33,0499b253-1233-4b95-a5f4-3a8be40603b3,200,,provincia,4,provincia:4,False,False,,305.6,70.1,False
www.saintsaturnin.com,Saint-Saturnin-lès-Avignon,84,049abdd0-591c-4442-a817-b0115584d8a2,200,,comune,4,comune:4;polizia:2,False,False,,185.9,32.3,False
www.lefouilloux.fr,Le Fouilloux,17,049ad732-c4ec-4981-a7a3-d51bc0668d0b,404,,non_classificato,0,,False,False,,104.5,0.0,False
www.pomeys.fr,Pomeys,69,049b0278-ba1f-4dea-bb11-4343ef188783,200,,comune,3,comune:3;scuola:1,False,False,,796.2,51.5,False
www.vernaison.fr,Vernaison,69,049b1448-fa80-4af4-9d1e-68a6fc906854,200,,comune,4,comune:4;polizia:1,False,False,,149.8,176.2,False
www.gendarmerie.interieur.gouv.fr,Cluny,71,049bb2c7-384a-49c4-a78d-7c71be868b2e,403,nan,non_classificato,0,nan,True,False,nan,163.3,5.5,False
www.haute-garonne.fr,Toulouse,31,049c7ff8-92a6-4018-9975-767e9827d540,200,,comune,1,comune:1;provincia:1,False,False,,228.4,733.3,False
www.pour-les-personnes-agees.gouv.fr,Toulouse,31,049c7ff8-92a6-4018-9975-767e9827d540,200,nan,sanita,2,sanita:2;polizia:1,False,False,nan,182.8,200.0,False
www.verchainmaugre.fr,Verchain-Maugré,59,049e9afd-9127-48a4-a448-843569025716,200,,comune,2,comune:2,False,False,,1043.6,59.2,False
www.isere.gouv.fr,Grenoble,38,04a0cac1-9c12-46e0-b274-4925262b5072,,ConnectionError,non_classificato,0,,False,False,,,,False
www.mairie-saintlaurentsursave.fr,Saint-Laurent-sur-Save,31,04a20580-e0eb-4398-aae8-8c58ed85c6f3,200,,comune,1,comune:1,False,False,,365.3,51.2,False
www.mairie-petit-caux.fr,Petit-Caux,76,04a35442-0d83-4cf9-be8e-cec52cb81abf,200,,comune,5,comune:5;scuola:1;polizia:1,False,False,,2930.6,509.7,False
www.france-services.gouv.fr,Saint-Mihiel,55,04a36604-1f6a-4736-83ad-a0e85ba46a82,200,nan,comune,2,comune:2,False,True,forma_societaria:as,214.8,75.9,False
archives.ariege.fr,Foix,09,04a38b1e-196b-4ce3-a2a4-daeb8ac0a2e4,418,,non_classificato,0,,False,False,,98.9,49.2,False
ariege.fr,Foix,09,04a38b1e-196b-4ce3-a2a4-daeb8ac0a2e4,418,,non_classificato,0,,False,False,,75.9,40.7,False
www.france-services.gouv.fr,Pertuis,84,04a4ed75-a935-4721-88e6-f3a27a61016c,200,nan,comune,2,comune:2,False,True,forma_societaria:as,214.8,75.9,False
www.france-services.gouv.fr,Saugues,43,04a6b3f0-7344-42f8-be68-d394730bb4c0,200,nan,comune,2,comune:2,False,True,forma_societaria:as,214.8,75.9,False
www.clicnordestenjou.com,Baugé-en-Anjou,49,04a74db5-d086-4b79-9d7c-a9089ae49403,,ConnectionError,non_classificato,0,,False,False,,,,False
www.pour-les-personnes-agees.gouv.fr,Baugé-en-Anjou,49,04a74db5-d086-4b79-9d7c-a9089ae49403,200,nan,sanita,2,sanita:2;polizia:1,False,False,nan,182.8,200.0,False
www.cote-emeraude.fr,Pleurtuit,35,04a79dc2-838c-4a79-b3fa-b0bc8efab3a3,200,,polizia,1,polizia:1,False,False,,594.4,115.8,False
www.intramuros.org,Rezonville-Vionville,57,04a8d5e4-4893-443a-ae2c-5a933e8fcc4e,200,nan,non_classificato,0,nan,False,False,nan,268.4,2.1,False
www.gendarmerie.interieur.gouv.fr,Saint-Vaast-la-Hougue,50,04a94fdb-f37c-4fbd-bf3e-d6da64c8ac08,403,nan,non_classificato,0,nan,True,False,nan,163.3,5.5,False
www.justice.fr,NIMES,30,04a9d47a-4d36-4375-b14c-4fd180fb248e,200,,ministero,2,ministero:2;giustizia:1,False,False,,297.7,968.7,False
www.occitanie.developpement-durable.gouv.fr,Montpellier,34,04ac46f1-8483-4f88-b53b-bee3dda57b06,200,,regione,1,regione:1,False,False,,638.2,57.9,False
www.lemesnilsaintdenis.fr,Le Mesnil-Saint-Denis Cedex,78,04aca484-7308-4454-ac43-6bbdee72ce9e,418,,non_classificato,0,,False,False,,186.9,40.8,False
molinons.fr,Molinons,89,04ae55a1-8c09-4f84-baae-3aee1767bfe1,200,,comune,6,comune:6,False,False,,374.4,29.5,False
luchapt.fr,Luchapt,86,04af73a0-f64c-408a-8204-7b7449d3ade2,200,,comune,4,comune:4;provincia:1;polizia:1,False,False,,382.5,131.3,False
www.loiret.fr,Jargeau,45,04b01b3c-74e6-4244-b65d-6dfd3a2572c5,200,,provincia,3,provincia:3;scuola:1,False,False,,1068.7,77.2,False
www.aisne.gouv.fr,Saint-Quentin,02,04b021d0-12b4-4095-a1f6-c427ce570580,,ConnectionError,non_classificato,0,,False,False,,,,False
greta.ac-normandie.fr,Dieppe Cedex,76,04b1b102-470f-454a-b8f2-77b85a95d116,200,,regione,1,regione:1,False,False,,3215.6,158.4,False
www.impots.gouv.fr,Montpellier,34,04b298e6-a7eb-475f-82f4-5d93392d93d3,200,nan,non_classificato,0,nan,False,False,nan,113.8,290.0,False
www.intercariforef.org,Clermont-Ferrand,63,04b2a8d3-844d-4421-a4f2-be88bd9a4d74,200,nan,regione,1,regione:1;polizia:1,False,False,nan,458.4,41.9,False
www.via-competences.fr,Clermont-Ferrand,63,04b2a8d3-844d-4421-a4f2-be88bd9a4d74,200,,regione,1,regione:1;scuola:1;polizia:1,False,False,,280.0,187.0,False
www.coteformations.fr,Clermont-Ferrand,63,04b2a8d3-844d-4421-a4f2-be88bd9a4d74,200,,scuola,2,scuola:2;ministero:2;regione:1;polizia:1,False,True,forma_societaria:as,377.8,111.7,False
www.france-services.gouv.fr,Saint-Ouen-l'Aumône,95,04b3d7c4-a449-429d-9e14-74e65d74cc5b,200,nan,comune,2,comune:2,False,True,forma_societaria:as,214.8,75.9,False
www.francetravail.fr,Chalon-sur-Saône,71,04b3fcce-3d7a-4040-932b-dff70a98e826,200,nan,non_classificato,0,nan,False,False,nan,340.0,22.7,False
www.mairie-benagues.fr,Benagues,09,04b46cb7-455a-41b8-8a5f-c89286630404,200,,comune,6,comune:6;polizia:1,False,False,,301.3,142.9,False
www.sainte-anne972.fr,Sainte-Anne,972,04b7d5c8-f0b3-4c93-97e8-8fca136990eb,404,,non_classificato,0,,False,False,,92.7,0.0,False
www.impots.gouv.fr,Lamentin,971,04b8ac61-314c-4b8e-b216-9ab1811a0a7e,200,nan,non_classificato,0,nan,False,False,nan,113.8,290.0,False
arleuf.fr,Arleuf,58,04bcab6d-760d-49c0-b3e4-69b7a3f56175,200,,comune,1,comune:1,False,False,,338.7,39.4,False
www.nievre.franceolympique.com,Nevers,58,04be5c3d-a5fd-4c58-aeca-6ad29ed03264,,ConnectionError,non_classificato,0,,False,False,,,,False
www.vay.fr,Vay,44,04bf7887-a177-4d7a-a5c1-022e05cad486,200,,comune,3,comune:3,False,False,,411.2,83.6,False
www.meurthe-et-moselle.gouv.fr,Lunéville,54,04c11441-066f-43eb-a43b-8c241bf01320,,ConnectionError,non_classificato,0,,False,False,,,,False
www.var.fr,Draguignan,83,04c234e1-8e2b-4767-b5b3-47d240bc85c4,403,,non_classificato,0,,True,False,,143.7,0.4,False
www.masecurite.interieur.gouv.fr,Conflans-Sainte-Honorine,78,04c4e2a8-22b4-4ee5-a6f8-6c490a6b62f6,200,nan,ministero,2,ministero:2;polizia:1,False,False,nan,192.1,133.2,False
www.almont-les-junies.fr,Almont-les-Junies,12,04c5324a-0785-417b-b868-0086568501ec,200,,non_classificato,0,,False,False,,149.8,3.8,False
www.curan.fr,Curan,12,04c6b4c9-eb13-4fc7-9e32-6433ead530c6,200,,comune,6,comune:6,False,False,,113.9,79.8,False
www.pont-a-vendin.fr,Pont-à-Vendin,62,04ca1a47-6b85-44ef-b9ae-f975e8934a2a,404,,non_classificato,0,,False,False,,126.3,0.0,False
ml-fougeres.com,Fougères,35,04ca91b8-f100-441d-a275-2e205b6d567b,200,,polizia,1,polizia:1,False,False,,1798.2,124.3,False
moustoir-ac.fr,Moustoir-Ac,56,04cbcb09-f703-46a4-b14c-c2782baf7c1f,200,,comune,4,comune:4,False,False,,163.4,348.3,False
www.ffbatiment.fr,Lezennes,59,04cc4eff-0cf5-43e5-9aab-3dee10eb08f0,200,nan,non_classificato,0,nan,False,False,nan,4875.3,320.8,False
www.france-services.gouv.fr,Giat,63,04cc81fa-3146-4b5b-af3e-a8ad8c011393,200,nan,comune,2,comune:2,False,True,forma_societaria:as,214.8,75.9,False
www.vosges.gouv.fr,Épinal,88,04cc9b1f-f441-4f92-a86f-c361cb49629a,,ConnectionError,non_classificato,0,,False,False,,,,False
www.saintlambertdesbois.fr,Saint-Lambert-des-Bois,78,04ce446c-bdf7-483f-b3df-b417742ac0b0,200,,comune,2,comune:2;provincia:1;regione:1;polizia:1,False,False,,191.1,62.7,False
www.yonne.gouv.fr,Auxerre,89,04d0318e-2217-44e1-9e87-c07b3d24e037,,ConnectionError,non_classificato,0,,False,False,,,,False
www.cio.ac-poitiers.fr,La Rochelle,17,04d044dd-82f6-47ff-b1dd-c88e042e3080,200,,scuola,1,scuola:1,False,False,,551.8,43.0,False
www.cc-macs.org,Saint-Vincent-de-Tyrosse,40,04d10a79-1573-4e01-9279-22ba46ff80ef,200,,polizia,1,polizia:1,False,False,,273.7,109.6,False
www.aphp.fr,Créteil,94,04d2ba59-5ce6-44fd-8cc6-56248e983080,200,,sanita,3,sanita:3;polizia:1,False,False,,288.9,320.5,False
www.breville-les-monts.fr,Bréville-les-Monts,14,04d3be5a-b9fd-4e41-8e96-4735f086729b,404,,non_classificato,0,,False,False,,148.9,0.0,False
www.insee.fr,Marseille,13,04d4f053-7926-4ee0-9f79-24115d21d123,200,,polizia,1,polizia:1,False,False,,219.6,62.8,False
www.ergersheim.fr,Ergersheim,67,04d63b2a-b993-4a22-8e59-de4383ee01ea,200,,comune,4,comune:4;regione:3;polizia:1,False,False,,1015.6,30.5,False
www.impots.gouv.fr,Meaux Cedex,77,04d6eaa6-d76c-4493-8d79-260cf2492a60,200,nan,non_classificato,0,nan,False,False,nan,113.8,290.0,False
www.impots.gouv.fr,Meaux Cedex,77,04d6eaa6-d76c-4493-8d79-260cf2492a60,200,nan,non_classificato,0,nan,False,False,nan,113.8,290.0,False
www.saint-ouen-les-vignes.fr,Saint-Ouen-les-Vignes,37,04d81957-30c0-42d5-8339-229fefb0b167,200,,comune,3,comune:3;polizia:1,False,False,,160.8,119.4,False
www.framerville-rainecourt.fr,Framerville-Rainecourt,80,04d999b2-0379-4b16-9505-d80f2d8b108e,,ConnectionError,non_classificato,0,,False,False,,,,False
www.pour-les-personnes-agees.gouv.fr,Sartène,2A,04dbbe56-c9ed-401f-a26a-1900f8be5548,200,nan,sanita,2,sanita:2;polizia:1,False,False,nan,182.8,200.0,False
www.touraine.fr,Neuillé-Pont-Pierre,37,04dc7710-61bf-493f-8fb1-844ae854b142,200,nan,provincia,3,provincia:3;scuola:1;polizia:1,False,False,nan,479.5,61.9,False
www.bazoches-sur-vesle.fr,Bazoches-et-Saint-Thibaut,02,04dd8f24-a74b-4f4d-9cd9-02a3c71f16d6,200,,comune,3,comune:3;provincia:1;regione:1,False,False,,524.4,53.8,False
www.monfort.fr,Monfort,32,04e022c6-cce2-4057-861a-179ed143cf5b,200,,comune,4,comune:4,False,True,forma_societaria:spa,452.6,78.4,False
luppe-violles.fr,Luppé-Violles,32,04e337f1-fa16-4e44-92d9-4ff63b3f9e10,200,,comune,2,comune:2;polizia:1,False,False,,384.8,134.2,False
www.impots.gouv.fr,Valserhône,01,04e39397-c0d2-44f4-b619-78ac504e3959,200,nan,non_classificato,0,nan,False,False,nan,113.8,290.0,False
www.gendarmerie.interieur.gouv.fr,Forcalquier,04,04ea8b95-595e-4e27-a0db-f8713368659b,403,nan,non_classificato,0,nan,True,False,nan,163.3,5.5,False
www.castets.fr,Castets,40,04ec21e3-3459-426a-958f-5cf79f4997c7,200,,comune,5,comune:5,False,False,,347.9,79.9,False
www.pour-les-personnes-agees.gouv.fr,Périgueux,24,04ec929b-6b21-49d6-aece-e2d063197303,200,nan,sanita,2,sanita:2;polizia:1,False,False,nan,182.8,200.0,False
www.saintleu.re,Saint-Leu,974,04ef57f5-87ab-4096-8331-233dde880eae,200,,comune,1,comune:1;polizia:1,False,False,,1656.9,240.4,False
greta-franche-comte.fr,Pontarlier,25,04eff5e0-1452-4004-8487-fd0e4bd3ea7b,200,,scuola,2,scuola:2;polizia:1,False,False,,182.5,373.0,False
www.taponas.fr,Taponas,69,04f012f7-516b-42c3-b409-00e72b6e3012,200,,comune,6,comune:6;polizia:1,False,False,,202.8,97.5,False
www.gendarmerie.interieur.gouv.fr,Aspres-sur-Buëch,05,04f0a201-aa87-4f69-91a0-65d3a97461fa,403,nan,non_classificato,0,nan,True,False,nan,163.3,5.5,False
www.afpa.fr,Béziers,34,04f0c3e8-5656-4b15-a5ba-3c84a95878d0,200,,regione,2,regione:2;polizia:1,False,False,,222.9,200.1,False
www.gendarmerie.interieur.gouv.fr,Neuvy-le-Roi,37,04f32c34-c5bf-4870-9a80-14a2ba9c7e94,403,nan,non_classificato,0,nan,True,False,nan,163.3,5.5,False
www.egalite-femmes-hommes.gouv.fr,Cayenne,973,04f371a7-ec65-4811-b559-85c21fd53ed7,200,,ministero,3,ministero:3,False,False,,194.8,50.3,False
www.egalite-femmes-hommes.gouv.fr,Cayenne,973,04f371a7-ec65-4811-b559-85c21fd53ed7,200,,ministero,3,ministero:3,False,False,,194.8,50.3,False
www.saintalbanderoche.fr,Saint-Alban-de-Roche,38,04f3d9b2-d69c-4b66-ae78-1bee841a78f2,200,,comune,4,comune:4;polizia:1,False,False,,2184.5,136.2,False
compains.fr,Compains,63,04f55305-d217-460d-acdf-24868da01526,200,,comune,1,comune:1,False,False,,410.6,166.5,False
www.perrecy-les-forges.fr,Perrecy-les-Forges,71,04f6a74b-bdb2-497a-9715-d539f7b7441a,200,,comune,5,comune:5,False,False,,228.1,38.8,False
www.saint-chef.fr,Saint-Chef,38,04f7f078-4401-43a4-ab77-f5e2fc30f7cd,200,,comune,6,comune:6,False,False,,282.8,7.2,False
www.france-services.gouv.fr,Alleins,13,04f9f846-049f-4c9c-8bfe-124f4132485a,200,nan,comune,2,comune:2,False,True,forma_societaria:as,214.8,75.9,False
www.gendarmerie.interieur.gouv.fr,Ajaccio,2A,04fbe27b-dd8a-4bfc-8fee-a999613cc9e8,403,nan,non_classificato,0,nan,True,False,nan,163.3,5.5,False
www.letronquay.fr,Le Tronquay,27,04fc269d-c034-4478-9793-2e612ecc8656,200,,comune,1,comune:1,False,False,,588.9,539.3,False
www.oise.fr,Senlis,60,04fcae9e-ee56-4820-b1fe-8afead397e22,403,,non_classificato,0,,True,False,,83.4,4.5,False
www.pour-les-personnes-agees.gouv.fr,Senlis,60,04fcae9e-ee56-4820-b1fe-8afead397e22,200,nan,sanita,2,sanita:2;polizia:1,False,False,nan,182.8,200.0,False
www.impots.gouv.fr,Bernay,27,04fef114-4b4f-45ed-8cf5-96a0d16f2dc6,200,nan,non_classificato,0,nan,False,False,nan,113.8,290.0,False
www.ville-lebeausset.fr,Le Beausset,83,05011c38-0660-41f5-8586-0ab152e4704b,200,,comune,4,comune:4,False,False,,3675.4,649.9,False
www.infojeunes-paca.fr,Le Beausset,83,05011c38-0660-41f5-8586-0ab152e4704b,200,,ministero,2,ministero:2;regione:1,False,False,,1676.3,133.8,False
www.impots.gouv.fr,Verneuil-sur-Avre Cedex,27,05023ec0-da3e-4778-8e42-f45a0ee8e59c,200,nan,non_classificato,0,nan,False,False,nan,113.8,290.0,False
www.sainte-ruffine.fr,Sainte-Ruffine,57,0503ede5-c989-448c-bbd6-eee6d57617bb,200,,comune,2,comune:2;regione:1,False,True,forma_societaria:sarl,155.0,588.3,False
www.lacharitesurloire.fr,La Charité-sur-Loire,58,05045db4-7ead-49e1-86e5-26173d62a2ec,200,,comune,4,comune:4;polizia:2;provincia:1;regione:1,False,False,,229.4,93.3,False
www.bellac.fr,Bellac,87,05048df5-ab1e-4f43-a455-c8ced1c64459,200,,comune,5,comune:5;polizia:1,False,False,,185.5,110.6,False
www.dampierre-jura.fr,Dampierre,39,05053d12-ed46-45fb-9976-e5b7fad19c46,200,,comune,3,comune:3;polizia:2,False,True,forma_societaria:sas,388.5,135.0,False
www.ac-versailles.fr,Sainte-Geneviève-des-Bois,91,0505661b-8141-408d-9da7-5423acefa12b,403,,non_classificato,0,,True,False,,165.8,5.4,False
www.gendarmerie.interieur.gouv.fr,Drusenheim,67,050957a0-7a66-4987-9ffe-1a06a934f0c6,403,nan,non_classificato,0,nan,True,False,nan,163.3,5.5,False
lagorceardeche.com,Lagorce,07,0509b9ed-7222-4a60-8f09-25fd1fb52f36,200,,comune,3,comune:3;scuola:2,False,False,,728.5,89.4,False
www.leffarmor.fr,Saint-Gilles-les-Bois,22,050a2c3a-1c71-4e58-8ce4-d8a6ee5dfc83,200,,comune,1,comune:1;provincia:1;polizia:1,False,False,,308.4,121.1,False
vicsuraisne.fr,Vic-sur-Aisne,02,050bc4f2-cff7-4eaf-879e-eded38fdad23,200,,comune,6,comune:6;polizia:1,False,False,,178.6,51.3,False
www.touraine.fr,Saint-Pierre-des-Corps,37,050d7c63-c891-4367-a518-5cc7e9db9172,200,nan,provincia,3,provincia:3;scuola:1;polizia:1,False,False,nan,479.5,61.9,False
la-benisson-dieu.fr,La Bénisson-Dieu,42,050dad2c-8d5c-4c7f-be0b-a18e25287ba5,200,,comune,1,comune:1;polizia:1,False,False,,458.5,125.6,False
www.mlgenevois.org,Annemasse,74,050e3fee-a0bf-41bc-8418-16d2d1d2a166,200,,provincia,3,provincia:3;polizia:1,False,False,,217.6,369.2,False
www.castelmorondalbret.fr,Caumont,33,050e66b5-766f-4fb3-9e7c-8daad2112589,200,,comune,2,comune:2;polizia:1,False,False,,615.1,143.8,False
www.xaintrie-val-dordogne.fr,Argentat,19,050e8103-0d98-4604-a210-c2e876d03b3b,200,,comune,1,comune:1;scuola:1,False,False,,576.3,236.5,False
www.perouse.eu,Pérouse,90,050ff3c6-dbcf-4c80-a4bb-4cae6e229009,200,,comune,1,comune:1,False,False,,6108.0,60.3,False
www.ac-paris.fr,Paris,75,0510efc5-8f08-466f-ab48-1c60f207d26c,403,nan,non_classificato,0,nan,True,False,nan,193.4,5.4,False
www.ville-soreze.fr,Sorèze,81,05117187-99ac-4d19-b89f-3c185640aa7c,200,,comune,4,comune:4;polizia:2;ministero:2;regione:1,False,False,,1176.6,338.8,False
www.pour-les-personnes-agees.gouv.fr,Hérouville-Saint-Clair,14,05135a16-8a6e-4d18-8345-3bb547baa83e,200,nan,sanita,2,sanita:2;polizia:1,False,False,nan,182.8,200.0,False
www.cdg37.fr,Tours,37,05137d4d-7fe7-42f4-83f2-296d3cf906be,200,,comune,1,comune:1;provincia:1;polizia:1,False,False,,838.2,158.2,False
www.ledoulieu.fr,Le Doulieu,59,0513f445-9cf8-49d7-80ab-b6f161680736,200,,non_classificato,0,,False,False,,10514.4,0.2,False
www.missions-locales-corse.org,L'Île-Rousse,2B,05165b92-3d20-4d94-bd5f-9597c9b27190,200,,polizia,1,polizia:1,False,False,,197.3,223.6,False
www.chamberet.net,Chamberet,19,0516b096-dddd-46e7-8532-0a29353b1ff9,200,,comune,3,comune:3;polizia:1,False,True,forma_societaria:sas,138.5,160.3,False
www.roquemaure-tarn.fr,Roquemaure,81,0517516d-b8ea-483a-936c-1b5e0f6917b8,200,,comune,4,comune:4,False,False,,530.5,62.8,False
www.sexeyauxforges.fr,Sexey-aux-Forges,54,0517c7a0-d596-4861-9b7d-f2a05dd2e493,200,,comune,1,comune:1,False,False,,1170.8,515.0,False
www.finistere.gouv.fr,Quimper,29,051845c9-5cb5-4098-8c76-00a796150935,,ConnectionError,non_classificato,0,,False,False,,,,False
www.conseil-national.medecin.fr,Guichainville,27,0519a1ff-46c2-4945-8a81-50ed46ea9e85,200,nan,polizia,1,polizia:1,False,False,nan,260.4,73.7,False
www.france-services.gouv.fr,Le Pont-de-Claix,38,051be69a-cbbd-4604-9b12-8ebfeb930741,200,nan,comune,2,comune:2,False,True,forma_societaria:as,214.8,75.9,False
www.lamarche88.com,Lamarche,88,051c6bac-81e9-42a6-8e22-2b7c527fde1e,200,,comune,3,comune:3;scuola:1;sanita:1,False,False,,1349.2,81.4,False
www.culture.gouv.fr,Avignon,84,051c7473-cc7e-4b6d-b728-ff5074a49d98,200,nan,ministero,6,ministero:6;regione:1;polizia:1,False,False,nan,150.4,194.0,False
www.mairie-bry.fr,Bry,59,051d1568-25f2-43f8-a20d-ad98b508580b,200,,comune,4,comune:4;scuola:1;polizia:1,False,False,,537.8,184.9,False
www.gendarmerie.interieur.gouv.fr,Chevreuse,78,051d3b68-6af2-47ea-a14a-7aa670675a6f,403,nan,non_classificato,0,nan,True,False,nan,163.3,5.5,False
www.rivesducouesnon.fr,Rives-du-Couesnon,35,051d3d02-7607-4a33-9b0b-b28b6153afe8,200,,comune,2,comune:2;polizia:1,False,False,,179.0,150.2,False
www.civrac-de-blaye.fr,Civrac-de-Blaye,33,051e03c8-8e37-4e62-8750-00dc84067200,200,,comune,1,comune:1,False,False,,288.0,18.7,False
www.france-services.gouv.fr,Lantriac,43,051e1d4e-8c3c-4fd5-a645-13aa52135486,200,nan,comune,2,comune:2,False,True,forma_societaria:as,214.8,75.9,False
www.ville-aiguillon.fr,Aiguillon,47,05203ef5-b1cf-46a4-9a9a-1d19ceb113bc,200,,non_classificato,0,,False,False,,128.7,3.6,False
www.hauts-de-seine.frsolidarites,Châtenay-Malabry,92,05206600-0ce3-4255-87e0-c4658211fd77,,ConnectionError,non_classificato,0,,False,False,,,,False
www.pour-les-personnes-agees.gouv.fr,Châtenay-Malabry,92,05206600-0ce3-4255-87e0-c4658211fd77,200,nan,sanita,2,sanita:2;polizia:1,False,False,nan,182.8,200.0,False
ml-sartrouville.com,Sartrouville,78,05227e96-da49-4f03-a9a4-1456abe0d890,200,,non_classificato,0,,False,False,,464.6,21.8,False
www.vignemont.fr,Vignemont,60,0525300b-f8e8-4c24-af77-fa1d41e6b6dc,200,,comune,4,comune:4,False,False,,173.4,65.0,False
www.chaspuzac.fr,Chaspuzac,43,0525797c-7ea4-48ff-bab5-dba5f621f5f1,200,,comune,3,comune:3,False,False,,292.6,97.2,False
www.meucon.fr,Meucon,56,05278296-0502-495b-bb6c-7a8baaeba0f3,200,,comune,3,comune:3,False,False,,507.0,97.8,False
romille.fr,Romillé,35,0529be3b-b1b6-4ae9-8caf-4e28cf74bd1c,200,,comune,4,comune:4;polizia:1,False,False,,191.6,196.2,False
www.grandchambery.fr,Chambéry,73,052be6ab-fa3e-45e7-b740-8e31a52abf06,200,,comune,1,comune:1;polizia:1,False,False,,274.3,90.7,False
www.france-services.gouv.fr,Marseille,13,052c8d9a-df90-4ec3-9c73-8f30288e9fa4,200,nan,comune,2,comune:2,False,True,forma_societaria:as,214.8,75.9,False
www.france-services.gouv.fr,Saint-Genix-les-Villages,73,052cefca-01e1-4f54-8955-f4962ba6732a,200,nan,comune,2,comune:2,False,True,forma_societaria:as,214.8,75.9,False
www.verteillac.fr,Verteillac,24,052d0107-bc50-4410-9220-a1cc93f6666a,200,,comune,4,comune:4;sanita:3;scuola:1;polizia:1,False,False,,1409.1,131.4,False
www.villeneuve01.fr,Villeneuve,01,052e55d2-c238-476d-bbc1-ce31dfe04245,,ReadTimeout,non_classificato,0,,False,False,,,,False
hautsdefrance.cci.fr,Lens,62,052f2c1b-d4a2-4164-946c-4c596e208edd,200,nan,regione,3,regione:3;camera_commercio:3;polizia:1,False,False,nan,1076.2,149.5,False
montfrin.fr,Montfrin,30,052f4cf1-2a57-49ba-b6e0-ff4daf1a99bf,200,,comune,6,comune:6;polizia:1,False,False,,674.7,123.3,False
www.givenchy-en-gohelle.fr,Givenchy-en-Gohelle,62,0531c0c3-5926-42b2-a7c8-d94de7f1eca6,200,,comune,4,comune:4;regione:3,False,False,,259.5,53.9,False
www.saintdizantdugua.fr,Saint-Dizant-du-Gua,17,0531c0e9-a130-44fd-9b43-ec8bc5769844,,ConnectTimeout,non_classificato,0,,False,False,,,,False
www.janailhac-mairie.fr,Janailhac,87,053209de-e3a9-4dde-a57a-3d4ae161bac2,200,,comune,4,comune:4;scuola:1;polizia:1,False,False,,1605.3,93.9,False
www.gendarmerie.interieur.gouv.fr,Bagnols-sur-Cèze,30,0533094c-eb39-4a6c-8bac-a1496173ac9b,403,nan,non_classificato,0,nan,True,False,nan,163.3,5.5,False
www.etables.fr,Étables,07,0534327a-ec00-4963-a1c8-e5a0a477eac4,200,,comune,1,comune:1,False,False,,1996.9,120.8,False
www.cahuzac-sur-vere.fr,Cahuzac-sur-Vère,81,0536ed74-285d-4eb9-a098-875d1f524c1d,200,,non_classificato,0,,False,False,,136.2,0.5,False
www.grandlyon.com,Saint-Fons,69,05372af0-141c-475c-847e-cf752f2a085e,200,nan,polizia,1,polizia:1,False,False,nan,231.7,65.9,False
www.lesgets-mairie.fr,Les Gets,74,05377fed-8521-412d-a3c6-0d99a92f9141,200,,comune,4,comune:4;polizia:3;regione:1,False,False,,210.7,39.0,False
surin79.fr,Surin,79,0538ac32-a9e3-4e53-9665-f2be2bd1e22a,200,,comune,4,comune:4,False,False,,1975.1,67.1,False
isere.info-jeunes.fr,Grenoble,38,0538b9dc-3abe-446e-97b0-db85b6919557,200,,regione,1,regione:1,False,False,,1703.8,233.1,False
lenord.fr,Lille,59,053a07fd-dc11-47d4-89ac-bf206fcd7001,200,,polizia,3,polizia:3;provincia:1;scuola:1,False,False,,1874.2,92.2,False
www.ijhericourt.com,Héricourt,70,053a2d01-f0ff-4286-a890-488d680e21a6,200,,polizia,1,polizia:1,False,False,,405.6,146.1,False
www.cg33.fr,Castelnau-de-Médoc,33,053b0e82-6423-43a6-95ab-6cbff593ec92,,ConnectionError,non_classificato,0,,False,False,,,,False
www.bolleville76.fr,Bolleville,76,053b265f-7672-4de1-8da7-88cae2f4218a,200,,comune,4,comune:4,False,False,,185.9,17.1,False
ville-meru.fr,Méru,60,053c0ede-a2b2-4ff9-9e13-e0301534ee95,200,,comune,5,comune:5;polizia:3;provincia:1,False,False,,189.3,160.2,False
douaisis.point-infofamille59.fr,Lille,59,053d93ff-438c-466d-bc00-d22dc8a97feb,200,,comune,1,comune:1;polizia:1,False,False,,3190.1,710.8,False
www.ccrlp.fr,Bollène,84,053e0e63-ded0-4b06-acef-11502193b3c8,500,,non_classificato,0,,False,False,,508.4,2.6,False
www.origne33.fr,Origne,33,053fa7b8-9136-4bfa-91dd-656557739245,200,,scuola,2,scuola:2;comune:1,False,False,,274.6,45.0,False
www.ccpsp24.fr,Eymet,24,0540eef8-e105-4932-acfc-f93a9d7c5b79,200,,polizia,2,polizia:2,False,False,,189.0,112.6,False
www.ch-perpignan.fr,Perpignan,66,0541b786-0690-4cd0-8327-fc448747174e,200,,sanita,10,sanita:10;comune:1;polizia:1,False,False,,981.3,73.1,False
maelis.info,Caulaincourt,02,054235b7-b159-4d5c-b9bc-d808a2634a69,200,,non_classificato,0,,False,False,,152.3,12.7,False
www.impots.gouv.fr,Caluire-et-Cuire,69,05437283-33c9-43c1-ba4d-573097a1dee1,200,nan,non_classificato,0,nan,False,False,nan,113.8,290.0,False
bordeaux.cour-administrative-appel.fr,Bordeaux,33,0544984a-3646-4010-bc7a-6b4636cc6292,200,,non_classificato,0,,False,False,,5648.5,1216.4,False
www.liffre-cormier.fr,La Bouëxière,35,05464f28-c15c-4efc-a2e0-7232a9eddff5,200,,comune,1,comune:1;scuola:1;polizia:1,False,False,,334.0,319.3,False
www.bourgneuf.fr,Bourgneuf,17,0546bf84-92c8-4092-b7b2-b07bc04fddde,200,,comune,4,comune:4;polizia:1,False,False,,426.1,236.8,False
boisme.fr,Boismé,79,0548af1e-dd69-4ca6-a3b1-435bafc83bab,200,,comune,6,comune:6;provincia:4;polizia:1,False,False,,515.3,98.4,False
www.rouzede.com,Rouzède,16,054a46af-3421-4456-af86-2dd1a2dec67d,200,,comune,3,comune:3,False,False,,2764.3,73.2,False
www.bruaysurescaut.fr,Bruay-sur-l'Escaut,59,054d7965-96ce-427e-a4d4-4e33f0a3d0fa,200,,comune,3,comune:3;polizia:2,False,False,,898.8,94.5,False
www.valdemarne.fr,Alfortville,94,054f55a8-d46c-4dba-a6ab-de438b267443,,ConnectTimeout,non_classificato,0,,False,False,,,,False
www.chambost-longessaigne.com,Chambost-Longessaigne,69,054f7f53-bd7b-46fd-8717-11e6c369ec97,200,,comune,3,comune:3;provincia:1,False,False,,200.3,97.1,False
www.rhone.fr,Thizy-les-Bourgs,69,05501bff-1734-42bb-96f8-c5ece1f73d7d,200,,non_classificato,0,,False,False,,187.7,0.2,False
www.ccce.fr,Cattenom,57,0550a892-efd8-44a6-8d9a-462b245dc85f,200,,polizia,1,polizia:1,False,False,,1954.1,138.8,False
www.seine-et-marne.fr,Provins,77,05514ead-b456-4517-b65a-82ad8599ddee,200,,provincia,6,provincia:6;sanita:2;regione:1;scuola:1;polizia:1;camera_commercio:1,False,False,,589.2,1385.2,False
www.ville-bassens.fr,Bassens,33,05550d5e-fd6d-41aa-8115-9f76e05f0aac,200,,comune,5,comune:5;polizia:2,False,True,forma_societaria:ab,244.4,170.0,False
greta-cfa-aquitaine.fr,Périgueux,24,055531c8-4a90-4726-be98-73ee2fec2691,200,,polizia,1,polizia:1,False,False,,296.8,169.5,False
www.aveyron.gouv.fr,Rodez,12,0557abbf-c358-434d-a15c-821f70a2c786,nan,ConnectionError,non_classificato,0,nan,False,False,nan,nan,nan,False
www.arel08500.fr,Revin,08,0558d96e-322a-416f-ba9e-cd0b11c9fa3a,200,,comune,1,comune:1;provincia:1;regione:1,False,False,,883.3,124.5,False
info-jeunes-grandest.fr,Revin,08,0558d96e-322a-416f-ba9e-cd0b11c9fa3a,200,,regione,3,regione:3;comune:2;scuola:2;sanita:1;polizia:1,False,False,,168.5,238.9,False
dimenc.gouv.nc,Nouméa,988,055b66a0-c1d0-45ec-ae06-0c385e6cd9da,200,,polizia,1,polizia:1,False,False,,2030.5,183.3,False
www.impots.gouv.fr,Paris,75,055e4301-23fb-4b3f-8079-24902da96d4d,200,nan,non_classificato,0,nan,False,False,nan,113.8,290.0,False
www.bas-rhin.gouv.fr,Strasbourg,67,055f1867-4a9c-476f-8058-23f380b4c5cb,,ConnectionError,non_classificato,0,,False,False,,,,False
www.salornay-sur-guye.fr,Salornay-sur-Guye,71,055f67a1-0b43-49a3-a37d-8a120c40b5c0,200,,comune,2,comune:2;polizia:1,False,False,,925.8,154.6,False
www.lagreesaintlaurent.fr,La Grée-Saint-Laurent,56,05605d56-cc3a-402d-a2b9-51433fc0168b,200,,comune,4,comune:4,False,False,,1539.9,57.1,False
www.justice.gouv.fr,MELUN,77,05605da0-3979-46fd-b65c-c3ca2a2ad4b2,200,nan,ministero,6,ministero:6;polizia:1,False,False,nan,199.3,79.4,False
www.justice.gouv.fr,ANNECY,74,056077dc-338c-4a09-86f6-ddb8228c26a9,200,nan,ministero,6,ministero:6;polizia:1,False,False,nan,199.3,79.4,False
www.orly-sur-morin.fr,Orly-sur-Morin,77,056083a7-555f-481b-b107-2f76a8e203d1,200,,comune,1,comune:1,False,False,,437.4,49.1,False
www.pompiersdulot.fr,Cahors,46,056323d9-a40c-4559-b8fe-2cf589b37ec6,200,,non_classificato,0,,False,False,,144.4,33.2,False
www.boncourt.fr,Boncourt,02,05646bfc-9d47-4f6f-84e2-043e2e114f3d,200,,comune,2,comune:2,False,True,forma_societaria:ab,851.2,76.5,False
www.impots.gouv.fr,Balma,31,05651df4-2fbe-4d30-b49e-450e0a2b1394,200,nan,non_classificato,0,nan,False,False,nan,113.8,290.0,False
www.france-services.gouv.fr,Vorey,43,05679631-b460-4985-84c3-046e7a7878e7,200,nan,comune,2,comune:2,False,True,forma_societaria:as,214.8,75.9,False
www.ac-orleans-tours.fr,Orléans,45,05699fcb-aaac-4558-a73f-2b5a0b3c0562,403,nan,non_classificato,0,nan,True,False,nan,198.1,5.4,False
mairie-bengy.fr,Bengy-sur-Craon,18,056ad783-875e-4bd3-80e9-3b22a842c2b4,200,,comune,4,comune:4;scuola:1;polizia:1,False,True,forma_societaria:s.n.c.,371.7,144.9,False
www.ohain.fr,Ohain,59,056b057c-77b3-49c7-bfd7-ed306f371c67,200,,comune,3,comune:3;regione:1,False,False,,426.3,28.9,False
www.pays-ozon.com,Saint-Symphorien-d'Ozon,69,056b286e-06cd-491f-8c81-c45863ffa3d6,200,,polizia,1,polizia:1,False,False,,1381.9,101.4,False
www.gendarmerie.interieur.gouv.fr,Villard-de-Lans,38,056b2d3e-cbd7-4a1f-876a-de7ff6cab973,403,nan,non_classificato,0,nan,True,False,nan,163.3,5.5,False
www.talence.fr,Talence,33,056d3279-f3b4-47dd-a8b0-8ed434cdbf05,200,,comune,4,comune:4;polizia:1,False,False,,1879.9,101.6,False
fleurieuxsurlarbresle.fr,Fleurieux-sur-l'Arbresle,69,056d5d7f-dcb0-4c9d-8bcb-bf4a19da5b09,200,,comune,6,comune:6;polizia:1,False,False,,254.7,105.3,False
www.mairie-mezy.fr,Mézy-sur-Seine,78,056e83e3-a350-4170-8ced-df0465318d29,200,,comune,1,comune:1,False,False,,164.8,15.0,False
www.peche-ariege.com,Verniolle,09,0570d4e7-ff3f-4b96-ac7d-47521863cb45,200,,polizia,1,polizia:1,False,False,,2482.4,240.2,False
www.mairie-stsernin47.fr,Saint-Sernin,47,0571a875-93ac-4cf4-913e-3ed199c73785,404,,non_classificato,0,,False,False,,100.6,0.0,False
www.cc-desvressamer.fr,Samer,62,0571af68-0ee5-4621-b556-822c75591219,200,,non_classificato,0,,False,False,,587.4,49.2,False
www.ville-poissy.fr,Poissy Cedex,78,05724710-ca34-4318-9743-e8fbad64ca66,200,,non_classificato,0,,False,False,,254.8,0.2,False
www.adil12.org,Rodez,12,0573a71b-c8d3-46b0-9180-9c1a609933c9,200,,ministero,1,ministero:1,False,False,,663.6,32.3,False
france-renov.gouv.fr,Rodez,12,0573a71b-c8d3-46b0-9180-9c1a609933c9,200,nan,polizia,1,polizia:1,False,False,nan,176.1,92.7,False
www.brienangissienne.fr,Nangis,77,0573aadb-a597-4173-8f2d-07558a7e982a,200,,polizia,1,polizia:1,False,False,,260.7,248.0,False
www.udaf33.fr,Bordeaux,33,05748e31-6b9a-4e1c-8f9a-dc834b9b5376,200,,universita,1,universita:1;polizia:1,False,False,,186.4,126.4,False
www.caylus.com,Caylus,82,0574da66-3564-4806-98ef-7166b1c4c754,200,,comune,3,comune:3;polizia:1,False,True,forma_societaria:sas,188.4,163.4,False
campagne-landes.fr,Campagne,40,05775d4b-eb17-48c7-802f-987c8e39fe85,200,,comune,1,comune:1;provincia:1,False,False,,518.6,29.3,False
www.unaf.fr,Penne-d'Agenais,47,0577c5b2-11e6-4edd-a84f-a3a34bf82802,200,nan,ministero,2,ministero:2;regione:1;polizia:1,False,False,nan,138.1,193.3,False
www.ardennes.gouv.fr,Charleville-Mézières,08,057d930c-f1b5-454d-ad9a-9fdc6d20fa59,,ConnectionError,non_classificato,0,,False,False,,,,False
www.ardennes.gouv.fr,Charleville-Mézières,08,057d930c-f1b5-454d-ad9a-9fdc6d20fa59,,ConnectionError,non_classificato,0,,False,False,,,,False
www.impots.gouv.fr,Annecy Cedex,74,057f41f4-f3d8-41ae-9842-e244a8a42ef9,200,nan,non_classificato,0,nan,False,False,nan,113.8,290.0,False
www.cresserons.fr,Cresserons,14,057f888e-6569-42db-aeb2-75bb7f338e10,503,,non_classificato,0,,False,False,,114.2,11.8,False
midipyrenees.urssaf.fr,Rodez,12,05808b60-e797-4aec-83dc-3151ee52d713,,ConnectionError,non_classificato,0,,False,False,,,,False
www.beaulieu15.fr,Beaulieu,15,05822487-221b-457a-8753-77a06257e065,200,,comune,6,comune:6,False,False,,2959.1,59.6,False
www.france-services.gouv.fr,Luxeuil-les-Bains,70,05832ee7-9c5c-4d1d-915a-8ee3d26215ec,200,nan,comune,2,comune:2,False,True,forma_societaria:as,214.8,75.9,False
paysdeluxeuil.fr,Luxeuil-les-Bains,70,05832ee7-9c5c-4d1d-915a-8ee3d26215ec,200,,comune,1,comune:1;provincia:1;scuola:1,False,False,,336.0,117.2,False
www.taillan-medoc.fr,Le Taillan-Médoc,33,05835338-cbb2-4911-bdb5-563e88a5bff6,200,,polizia,3,polizia:3;comune:2;scuola:2;vigili_fuoco:1,False,False,,1069.9,420.0,False
www.isere.fr,Saint-Martin-le-Vinoux,38,058395f6-e9b9-438c-9ff9-d717e38c6796,200,nan,provincia,4,provincia:4;polizia:1,False,False,nan,196.5,163.4,False
www.adil03.org,Moulins,03,0583ac31-b426-48c9-801f-8af9c0e92d8e,200,,provincia,1,provincia:1;polizia:1,False,False,,636.9,47.5,False
www.badens.fr,Badens,11,05857a55-5e78-4755-b932-244cbb5d8c38,200,,comune,3,comune:3,False,False,,7167.5,72.8,False
www.crous-normandie.fr,Le Havre,76,0585abc0-abbd-4c68-ab21-167639b988d5,200,,scuola,1,scuola:1,False,False,,313.8,353.3,False
www.ml-laciotat.fr,La-Ciotat,13,0586036c-55c1-4b8c-89ca-b394c695582f,200,,polizia,1,polizia:1,False,False,,196.4,12.5,False
www.mairiedechatres.com,Châtres,77,05869a8b-d18f-4465-bf62-00b7da5c756a,200,,comune,1,comune:1;scuola:1;polizia:1,False,False,,373.2,41.1,False
www.france-services.gouv.fr,Marange-Silvance,57,0587bd60-d6dc-4c06-956d-c354c26fda37,200,nan,comune,2,comune:2,False,True,forma_societaria:as,214.8,75.9,False
www.ccpom.fr,Marange-Silvance,57,0587bd60-d6dc-4c06-956d-c354c26fda37,200,,comune,1,comune:1;polizia:1,False,False,,1079.4,106.6,False
www.anah.gouv.fr,Périgueux,24,0587e1b0-93ed-49c1-af34-b6660a62aaf6,200,nan,comune,1,comune:1;polizia:1,False,False,nan,184.0,84.2,False
www.dordogne.fr,Périgueux,24,0587e1b0-93ed-49c1-af34-b6660a62aaf6,200,,provincia,4,provincia:4;scuola:1;polizia:1,False,False,,489.6,178.5,False
www.france-services.gouv.fr,Isigny-sur-Mer,14,05896ef8-0e0a-4cb9-945a-17aa55be2ea0,200,nan,comune,2,comune:2,False,True,forma_societaria:as,214.8,75.9,False
www.varenne-saint-germain.fr,Varenne-Saint-Germain,71,0589dd21-87f0-44f7-982d-67a70a7d80c9,200,,comune,1,comune:1;provincia:1;regione:1,False,False,,899.3,60.7,False
www.pnr-vexin-francais.fr,Théméricourt,95,058a6345-fc3d-43e5-a178-9ab8cf1ae6bb,200,,polizia,1,polizia:1,False,False,,436.6,750.8,False
www.parcs-naturels-regionaux.fr,Théméricourt,95,058a6345-fc3d-43e5-a178-9ab8cf1ae6bb,200,,non_classificato,0,,False,False,,170.7,99.4,False
mairie-saintjeandefos.fr,Saint-Jean-de-Fos,34,058cd8da-ff23-43bc-a481-9f5a4ce49e68,200,,comune,3,comune:3;polizia:1,False,False,,228.6,176.3,False
www.essonne.fr,Sainte-Geneviève-des-Bois,91,058d9f17-062c-4f45-9d37-dbb11173fb05,418,,non_classificato,0,,False,False,,157.5,40.7,False
www.gendarmerie.interieur.gouv.fr,Bozouls,12,058e0708-0245-4abb-8a09-e21b07c131b2,403,nan,non_classificato,0,nan,True,False,nan,163.3,5.5,False
www.epinay-sur-seine.fr,Épinay-sur-Seine,93,058e1c50-1b01-472b-964b-52e77b3ed9c5,200,,comune,2,comune:2;polizia:2;scuola:1,False,False,,251.1,392.9,False
www.mairie-saintbonnetdugard.fr,Saint-Bonnet-du-Gard,30,059027e3-62d6-4e4c-bf14-c5b201c7567d,200,,comune,1,comune:1,False,False,,686.4,115.4,False
pasdecalais.cidff.info,Boulogne-sur-Mer,62,05910f79-a857-40cc-a418-81a910911918,200,,non_classificato,0,,False,False,,849.5,159.9,False
fncidff.info,Boulogne-sur-Mer,62,05910f79-a857-40cc-a418-81a910911918,200,nan,scuola,1,scuola:1,False,False,nan,321.1,208.4,False
www.cournon-auvergne.fr,Cournon-d'Auvergne,63,05972a22-facc-42c4-ba42-55520626997f,200,,comune,4,comune:4;polizia:2,False,False,,276.2,312.4,False
www.marcillacsaintquentin.fr,Marcillac-Saint-Quentin,24,059793d7-692d-4635-91bf-9eb2f559022c,200,,provincia,2,provincia:2;comune:1;polizia:1,False,False,,821.1,69.6,False
www.ardon45.fr,Ardon,45,0597d065-aa3a-428e-9f25-adcf5ccebf71,200,,comune,1,comune:1,False,False,,492.5,120.2,False
www.ville-estaires.fr,Estaires,59,0599a7bc-2b41-4642-a4d5-da441f7c74f5,200,,comune,2,comune:2;polizia:2,False,False,,341.7,38.7,False
www.cc-auzon.fr,Sainte-Florine,43,0599b0d5-64b1-4742-a00d-7795cc5118da,200,,comune,2,comune:2;scuola:1,False,False,,292.0,127.1,False
www.lesforetsduperche.fr,Lamblore,28,0599ef8d-0616-4174-be0b-963682671a33,200,,comune,1,comune:1,False,False,,164.2,3.9,False
artagnan.fr,Artagnan,65,059ac3ef-7ac6-4ec5-9dbc-a57657f40d66,200,,comune,1,comune:1;polizia:1,False,False,,566.6,179.7,False
www.ccb.com,Blaye,33,059b19ca-a5ce-4004-95c0-d07446abafb5,200,,non_classificato,0,,False,False,,538.5,0.4,False
www.villelongue.fr,Villelongue,65,059b4154-b3b5-4885-92a1-fa83dbae042a,200,,comune,4,comune:4,False,False,,202.9,50.8,False
www.alsace.eu,Mutzig,67,059bd4fe-362f-46b1-b09a-6d859152b4a6,200,,regione,1,regione:1;scuola:1,False,False,,131.8,69.3,False
www.afpa.fr,Tours,37,059c8500-a94f-433d-8a38-be48421b71e7,200,,regione,2,regione:2;polizia:1,False,False,,222.9,200.1,False
www.martot.fr,Martot,27,059e4344-468c-45d0-b369-092f44b45604,200,,comune,2,comune:2,False,False,,1238.4,282.4,False
www.latour-bas-elne.com,Latour-Bas-Elne,66,05a0282a-c548-4f52-9ce8-087c32b1d6bd,200,,comune,4,comune:4,False,False,,994.4,289.0,False
www.centresocial.csc49.fr,Chemillé-en-Anjou,49,05a12cc5-7be9-4bd0-aa9f-fca394bc6f01,,ConnectionError,non_classificato,0,,False,False,,,,False
www.cicas.agirc-arrco.fr,Brive-la-Gaillarde,19,05a15c93-25fb-4388-85dd-899c00c31952,200,nan,non_classificato,0,nan,False,False,nan,1546.8,159.6,False
www.france-services.gouv.fr,Charny-Orée-de-Puisaye,89,05a5d3a8-65ca-43ba-a87e-5a5bcf56dfb7,200,nan,comune,2,comune:2,False,True,forma_societaria:as,214.8,75.9,False
www.tarn-et-garonne.gouv.fr,Montauban,82,05a772f1-9579-4381-b534-218ec2186afe,,ConnectionError,non_classificato,0,,False,False,,,,False
www.valdesomme.com,Corbie,80,05a77901-f128-4689-bd91-a4a8db957298,200,,comune,1,comune:1;polizia:1,False,False,,2926.3,1953.1,True
www.ameli.fr,Ivry-sur-Seine,94,05a93fc5-1243-413e-a92a-ba93a9da676f,200,nan,comune,1,comune:1,False,False,nan,173.1,86.8,False
forum-assures.ameli.fr,Ivry-sur-Seine,94,05a93fc5-1243-413e-a92a-ba93a9da676f,200,nan,sanita,2,sanita:2;ministero:2,False,False,nan,375.5,204.9,False
www.tournan-en-brie.fr,Tournan-en-Brie,77,05a99be7-c8d8-4a6d-979e-1c00120aa968,200,,comune,8,comune:8;polizia:1,False,False,,1613.2,547.1,False
bihorel.net,Bihorel,76,05aac4ee-d112-4d37-ad4f-ed98a20465d2,200,,comune,5,comune:5;regione:1;polizia:1,False,False,,1708.0,319.3,False
www.gond-pontouvre.fr,Gond-Pontouvre,16,05ab7d93-ad69-4415-ab70-f3855872f1fc,200,,comune,2,comune:2;provincia:1;scuola:1;polizia:1,False,False,,993.3,122.7,False
www.chateaubourg.fr,Châteaubourg,35,05abc4f0-0351-493f-9c6f-95bb8229ea13,200,,comune,4,comune:4,False,False,,381.2,162.8,False
www.france-services.gouv.fr,Pontivy,56,05ad7768-a661-42ec-9f4f-0da0307940e3,200,nan,comune,2,comune:2,False,True,forma_societaria:as,214.8,75.9,False
www.caue23.fr,Saint-Vaury,23,05aed8f5-39ed-4a90-aa73-54c39194d4d4,200,,comune,1,comune:1;regione:1,False,False,,1326.5,126.1,False
www.loire-atlantique.gouv.fr,Châteaubriant,44,05b117a6-3f96-4c84-94b6-cd3dbcb5f130,,ConnectionError,non_classificato,0,,False,False,,,,False
www.associations.gouv.fr,Châteaubriant,44,05b117a6-3f96-4c84-94b6-cd3dbcb5f130,200,nan,ministero,2,ministero:2,False,False,nan,302.8,130.9,False
www.yvelines.gouv.fr,Mantes-la-Jolie,78,05b16190-8da4-4357-a30c-1b32f5da4998,nan,ConnectionError,non_classificato,0,nan,False,False,nan,nan,nan,False
www.associations.gouv.fr,Mantes-la-Jolie,78,05b16190-8da4-4357-a30c-1b32f5da4998,200,nan,ministero,2,ministero:2,False,False,nan,302.8,130.9,False
www.ville-moriereslesavignon.fr,Morières-lès-Avignon,84,05b18572-db1a-4ec4-a6ff-b5141e7528e6,200,,comune,2,comune:2;polizia:2;regione:1;scuola:1,False,False,,290.9,549.9,False
www.damgan.fr,Damgan,56,05b1eb34-4235-463d-8b57-3590eb9b613c,200,,comune,4,comune:4;polizia:2,False,False,,687.0,143.3,False
www.france-services.gouv.fr,Wervicq-Sud,59,05b330f7-9bd5-4d0e-948e-cee8a36f5004,200,nan,comune,2,comune:2,False,True,forma_societaria:as,214.8,75.9,False
charente.cidff.info,Angoulême,16,05b527c1-cc4f-4ca5-8d9b-5cf88eda6a04,200,,non_classificato,0,,False,False,,1076.9,92.3,False
fncidff.info,Angoulême,16,05b527c1-cc4f-4ca5-8d9b-5cf88eda6a04,200,nan,scuola,1,scuola:1,False,False,nan,321.1,208.4,False
www.doubs.gouv.fr,Pontarlier,25,05b57661-8e7b-47e0-b49f-3775252b1958,,ConnectionError,non_classificato,0,,False,False,,,,False
www.mayotte.ars.sante.fr,Mamoudzou,976,05b5de12-5df3-465d-9266-69e8c92d3577,200,,sanita,3,sanita:3;regione:1;polizia:1,False,False,,438.1,109.0,False
www.lavienne86.fr,Loudun,86,05b7b35e-ded2-446b-a844-c16354660faa,200,,provincia,4,provincia:4;scuola:1;polizia:1,False,False,,291.6,330.2,False
www.montrevel.fr,Montrevel,38,05b7c942-cb36-4393-8e1e-f2c0c5e7dc04,200,,non_classificato,0,,False,False,,10364.8,0.2,False
www.impots.gouv.fr,Mont-de-Marsan Cedex,40,05b85833-e542-4df3-91ab-065a5366270d,200,nan,non_classificato,0,nan,False,False,nan,113.8,290.0,False
www.hauts-de-france.ars.sante.fr,Euralille,59,05b8e7a2-1424-4ee6-b9f6-ce04ee505bd2,200,,sanita,6,sanita:6;regione:1;scuola:1;polizia:1,False,True,forma_societaria:sas,94.3,131.9,False
redene.bzh,Rédéné,29,05b994b8-5425-4720-8eae-a8429e1e5b33,200,,comune,4,comune:4,False,False,,1070.2,63.8,False
cuperly.wixsite.com,Cuperly,51,05b9aff8-3446-4f32-9760-8b0aa5479840,404,,non_classificato,0,,False,False,,213.2,2.4,False
www.ac-strasbourg.fr,Schiltigheim,67,05bbbd44-2cf6-44d1-bd06-e83737741de7,403,,non_classificato,0,,True,False,,181.9,5.4,False
www.france-services.gouv.fr,Longueville,77,05bcf564-6be9-449c-8077-f20bb35d8cd4,200,nan,comune,2,comune:2,False,True,forma_societaria:as,214.8,75.9,False
www.frangy.fr,Frangy,74,05bd301b-46ac-45f6-90dc-881c532f2890,200,,comune,4,comune:4;polizia:1,False,False,,119.8,1139.8,False
www.ville-poissy.fr,Poissy,78,05bd307b-f848-4e0f-bb06-7d813c86ba20,200,,non_classificato,0,,False,False,,254.8,0.2,False
www.losse.fr,Losse,40,05be0bf2-0abf-4570-9b9f-79e371c9f6c7,200,,comune,4,comune:4,False,False,,582.5,69.3,False
www.nullemont.fr,Nullemont,76,05beb6f4-7786-44d3-a064-33920d595f56,200,,comune,2,comune:2;provincia:1;regione:1;polizia:1,False,False,,5844.2,145.4,False
chaumont-porcien.fr,Chaumont-Porcien,08,05bfca01-75ec-43b3-891d-71d649d95584,200,,comune,4,comune:4;polizia:2;provincia:1,False,False,,384.9,40.9,False
www.mennecy.fr,Mennecy,91,05c2575f-cc5b-4565-bd19-eb9f97f3918a,200,,comune,4,comune:4;polizia:2,False,False,,2251.7,86.1,False
www.bordeauxgironde.cci.fr,Libourne,33,05c2bc76-5b31-4adb-9278-b632140a6e6d,403,,non_classificato,0,,True,False,,153.6,5.5,False
www.communedetherouanne.fr,Thérouanne,62,05c2e15d-5b3e-4994-ab46-c9db47dccd46,200,,comune,6,comune:6;scuola:1;polizia:1,False,False,,2192.6,345.8,False
www.prunellidifiumorbu.fr,Prunelli-di-Fiumorbo,2B,05c38a21-6643-4e9b-b7ff-56b343006506,200,,comune,1,comune:1;scuola:1,False,False,,718.6,200.0,False
www.anah.gouv.fr,Grenoble Cedex 9,38,05c5bf6b-5d89-454d-b142-9ab40447fbee,200,nan,comune,1,comune:1;polizia:1,False,False,nan,184.0,84.2,False
www.ermont.fr,Ermont,95,05c6dc9e-ff22-4531-bf9a-0ae01336d65d,200,,polizia,2,polizia:2;comune:1,False,False,,287.3,89.5,False
www.neuillysurseine.fr,Neuilly-sur-Seine,92,05c715e1-b73d-4750-85ce-d07aaa3d200c,200,,comune,5,comune:5;polizia:1,False,False,,166.4,88.0,False
www.gendarmerie.interieur.gouv.fr,Sommières,30,05c87286-273a-4bc4-9457-db5b6fd00484,403,nan,non_classificato,0,nan,True,False,nan,163.3,5.5,False
www.manche.gouv.fr,Saint-Lô,50,05ca3eab-8791-49bf-8076-ba7f9e212269,nan,ConnectionError,non_classificato,0,nan,False,False,nan,nan,nan,False
www.bernolsheim.fr,Bernolsheim,67,05cb7c6f-8467-47e2-9f0e-926fc9048555,200,,scuola,2,scuola:2;comune:1;regione:1;polizia:1,False,False,,415.3,35.8,False
www.ac-montpellier.fr,Montpellier,34,05cbe47d-0dd6-4c22-8101-bde0c6ae2215,403,,non_classificato,0,,True,False,,188.6,5.4,False
www.bagnac.fr,Bagnac-sur-Célé,46,05cdb3c6-ddae-448c-b526-bc805e3ef27a,200,,regione,1,regione:1,False,True,forma_societaria:spa,369.5,51.3,False
www.venterol.net,Venterol,26,05cf3ffd-5299-4b63-9edc-d9b44284cebf,200,,comune,2,comune:2;polizia:1,False,False,,2726.1,1953.1,True
www.ameli.fr,La Bourboule,63,05d0757c-4329-41da-8979-909cd10dda57,200,nan,comune,1,comune:1,False,False,nan,173.1,86.8,False
forum-assures.ameli.fr,La Bourboule,63,05d0757c-4329-41da-8979-909cd10dda57,200,nan,sanita,2,sanita:2;ministero:2,False,False,nan,375.5,204.9,False
www.grandlyon.com,Rillieux-la-Pape,69,05d078bc-82ad-405c-8b67-49d01af3093d,200,nan,polizia,1,polizia:1,False,False,nan,231.7,65.9,False
www.gendarmerie.interieur.gouv.fr,Mirecourt,88,05d22426-f572-4265-a066-c60eeecdd5c7,403,nan,non_classificato,0,nan,True,False,nan,163.3,5.5,False
www.impots.gouv.fr,Épinal Cedex,88,05d309e3-079a-4ae3-a693-7ecb0da9aea1,200,nan,non_classificato,0,nan,False,False,nan,113.8,290.0,False
montfleur39.fr,Montfleur,39,05d32f0f-8cfe-4303-bb0a-5663d9e14582,200,,comune,3,comune:3;polizia:1,False,False,,517.1,64.0,False
www.ccrlcm.fr,Lézignan-Corbières,11,05d4de7a-fbad-44b6-af22-ca10d6e67ee3,200,,provincia,3,provincia:3;regione:3;scuola:2;comune:1;polizia:1,False,False,,263.4,681.3,False
www.luisant.fr,Luisant,28,05d616d7-70c5-455b-9134-a08db2fa3da9,200,,non_classificato,0,,False,False,,2419.3,0.2,False
www.kilstett.fr,Kilstett,67,05d67195-964e-40f2-a716-a61e3147345a,200,,comune,1,comune:1;polizia:1,False,False,,207.2,49.8,False
herault.fr,Lattes,34,05d8f119-da2e-4271-81a9-91a98f8d11e5,200,,provincia,6,provincia:6;scuola:1;polizia:1,False,False,,1618.7,183.4,False
villerslamontagne.fr,Villers-la-Montagne,54,05da1432-a292-4ba7-8b67-a8e4bc0a1b9e,200,,comune,4,comune:4;regione:1;polizia:1,False,False,,455.2,139.7,False
www.banque-france.fr,Boulogne-sur-Mer,62,05da346e-9dc5-42a9-9dc8-325ba602c5ce,200,nan,regione,2,regione:2;sanita:1;polizia:1,False,False,nan,169.8,360.8,False
www.poitiers.cci.fr,Châtellerault,86,05da7cf1-cfb3-48ad-bb54-93b7ae6e5126,200,,scuola,3,scuola:3;regione:1;polizia:1,False,False,,557.3,137.3,False
www.gendarmerie.interieur.gouv.fr,Le Tampon,974,05db2e40-fb3d-45e6-b40c-5d93971af8b5,403,nan,non_classificato,0,nan,True,False,nan,163.3,5.5,False
www.legrostheil.fr,Le Bosc-du-Theil,27,05dbb173-9a4b-4580-8110-4df762648441,,ConnectionError,non_classificato,0,,False,False,,,,False
www.crous-lyon.fr,Saint-Etienne,42,05dc70e5-9abb-4ecc-a985-21426991aaea,200,,universita,2,universita:2,False,False,,286.6,372.1,False
mps.msa.fr,Tarbes,65,05df51ba-794d-4366-a72d-7b3fa0e1365d,200,,regione,1,regione:1,False,False,,4256.0,321.7,False
www.ameli.fr,Capbreton,40,05e040aa-d607-48ad-b9c5-0a95cbeb60aa,200,nan,comune,1,comune:1,False,False,nan,173.1,86.8,False
forum-assures.ameli.fr,Capbreton,40,05e040aa-d607-48ad-b9c5-0a95cbeb60aa,200,nan,sanita,2,sanita:2;ministero:2,False,False,nan,375.5,204.9,False
oise.fr,Crépy-en-Valois,60,05e1c61f-aadf-41d1-82b6-024eaa6da257,403,nan,non_classificato,0,nan,True,False,nan,92.9,4.5,False
www.pour-les-personnes-agees.gouv.fr,Crépy-en-Valois,60,05e1c61f-aadf-41d1-82b6-024eaa6da257,200,nan,sanita,2,sanita:2;polizia:1,False,False,nan,182.8,200.0,False
www.france-services.gouv.fr,Sahune,26,05e240d5-d8f0-4e81-86ae-f655d6cffcea,200,nan,comune,2,comune:2,False,True,forma_societaria:as,214.8,75.9,False
www.lot-et-garonne.gouv.fr,Agen,47,05e2c9a4-54ab-43ab-bbd0-ad8253ff97be,,ConnectionError,non_classificato,0,,False,False,,,,False
www.jura-nord.com,Dampierre,39,05e2ff87-9b59-44ba-b7a5-6d5439dbcd5b,200,,polizia,1,polizia:1,False,False,,194.2,30.0,False
www.impots.gouv.fr,Tarascon,13,05e49bb3-d3cf-4594-9954-1345f488e1d2,200,nan,non_classificato,0,nan,False,False,nan,113.8,290.0,False
www.sillingy.fr,Sillingy,74,05e515bb-4e2f-4aab-b6d5-eb4f00df29ce,200,,comune,7,comune:7;scuola:1;polizia:1,False,True,forma_societaria:as,367.5,48.1,False
www.impots.gouv.fr,Niort Cedex,79,05e68b4f-c81d-4c9f-80df-e246c4e8dc7f,200,nan,non_classificato,0,nan,False,False,nan,113.8,290.0,False
www.jonquieres-st-vincent.com,Jonquières-Saint-Vincent,30,05e6e9e3-bc4c-4a43-96ba-570e7925d013,200,,comune,3,comune:3;regione:1;scuola:1;polizia:1,False,False,,1964.9,113.0,False
www.cote-dor.gouv.fr,Dijon,21,05e9bd54-1e1a-41e6-bbe4-136f2cba0982,,ConnectionError,non_classificato,0,,False,False,,,,False
www.ville-lafleche.fr,La Flèche,72,05e9f38f-6396-4c2a-8544-fc025e6663e5,200,,comune,5,comune:5;polizia:2,False,False,,290.8,299.0,False
www.ecordal.fr,Écordal,08,05ea1643-78d0-4233-a5c9-1410630c13ea,200,,comune,1,comune:1,False,False,,285.3,137.9,False
mef-cotentin.com,Cherbourg-en-Cotentin,50,05ea452b-1d3d-45cb-bc60-66227b1244cd,404,,non_classificato,0,,False,False,,75.2,0.2,False
www.france-services.gouv.fr,Montluçon,03,05ebb5fd-9ee8-4426-b4aa-887827b35781,200,nan,comune,2,comune:2,False,True,forma_societaria:as,214.8,75.9,False
www.quimperle-communaute.bzh,Mellac,29,05ebe466-376c-45dc-8dff-903f892e874d,200,,polizia,1,polizia:1,False,False,,283.2,493.4,False
france-renov.gouv.fr,Mellac,29,05ebe466-376c-45dc-8dff-903f892e874d,200,nan,polizia,1,polizia:1,False,False,nan,176.1,92.7,False
communederolampont.wordpress.com,Rolampont,52,05edc4ae-4419-4ba1-a813-85136b169c7e,200,,comune,4,comune:4,False,False,,62.0,225.1,False
www.masecurite.interieur.gouv.fr,Bourg-en-Bresse,01,05f248fa-ce04-4dec-b281-80e3abcdb5e6,200,nan,ministero,2,ministero:2;polizia:1,False,False,nan,192.1,133.2,False
www.saint-agoulin.fr,Saint-Agoulin,63,05f27e3c-00e4-43d5-9f69-6ff2987faaa1,200,,non_classificato,0,,False,False,,158.3,3.6,False
www.tramecourt.fr,Tramecourt,62,05f27f8a-68c1-4661-ad45-31c073658aaa,200,,comune,1,comune:1,False,False,,73.4,49.8,False
www.francetravail.fr,Elbeuf,76,05f2b733-7010-4473-8e01-ee1321f7cc19,200,nan,non_classificato,0,nan,False,False,nan,340.0,22.7,False
www.saintmartindebernegoue.fr,Saint-Martin-de-Bernegoue,79,05f32c6e-fc31-46c4-8ef2-b55c585a95a4,200,,comune,4,comune:4;polizia:1,False,False,,258.0,95.1,False
sognolles-en-montois.fr,Sognolles-en-Montois,77,05f68acd-01a8-4801-9ca2-b3ca0fef24d5,200,,comune,1,comune:1;regione:1;scuola:1,False,False,,237.4,124.0,False
www.normandie.developpement-durable.gouv.fr,Caen,14,05f728a1-9ea9-4798-889f-3e8e1f9ccbbb,200,,ministero,6,ministero:6;regione:3;polizia:3,False,False,,463.8,81.4,False
www.remeling.fr,Rémeling,57,05f825cb-00c7-49e1-aa03-cd0c66aaa162,,ConnectionError,non_classificato,0,,False,False,,,,False
www.masecurite.interieur.gouv.fr,Laon,02,05f8312b-7380-4118-915d-7cd6b2558c64,200,nan,ministero,2,ministero:2;polizia:1,False,False,nan,192.1,133.2,False
www.cotedor.fr,Dijon,21,05fdef3b-bc98-4008-8359-471acc6a47c2,200,,provincia,6,provincia:6;scuola:1;polizia:1,False,False,,355.0,188.0,False
www.intramuros.org,Cuse-et-Adrisans,25,05ff816e-7a82-45ae-8c4d-ceb150ee3ccc,200,nan,non_classificato,0,nan,False,False,nan,268.4,2.1,False
www.impots.gouv.fr,Nantes,44,06004f82-f825-41fa-bce2-fe0fc15c994f,200,nan,non_classificato,0,nan,False,False,nan,113.8,290.0,False
www.chu-nantes.fr,Nantes,44,06004f82-f825-41fa-bce2-fe0fc15c994f,200,,sanita,15,sanita:15;universita:1,False,False,,6400.2,141.7,False
www.impots.gouv.fr,Lons-le-Saunier,39,06014492-d433-4435-9c8d-c0a87a4b986b,200,nan,non_classificato,0,nan,False,False,nan,113.8,290.0,False
richebourg78.fr,Richebourg,78,06020f6f-f0b8-4c23-9ae8-4faf61d9fe0b,200,,comune,1,comune:1;regione:1;scuola:1;polizia:1,False,False,,520.0,166.5,False
www.saint-didier-des-bois.com,Saint-Didier-des-Bois,27,06028179-39ca-4e71-ba24-5b9c2c21928b,403,,non_classificato,0,,True,False,,151.1,0.2,False
cdad37.fr,MONTLOUIS-SUR-LOIRE,37,06033e78-2793-44a9-a650-b652d0e1e1c0,200,,provincia,3,provincia:3;polizia:1;giustizia:1,False,False,,145.7,273.2,False
www.montreuil.fr,Montreuil,93,06040383-fc9b-41c5-8bc2-c5982cb712b1,200,,comune,5,comune:5;vigili_fuoco:1,False,False,,170.3,131.1,False
lamartyre.fr,La Martyre,29,060472ad-7539-4d2f-a6de-ebfed4c10a1a,200,,comune,6,comune:6;polizia:1,False,False,,165.1,53.5,False
www.associations.gouv.fr,Saint-Avold,57,0604dce5-662d-403a-bec2-1fda476a80df,200,nan,ministero,2,ministero:2,False,False,nan,302.8,130.9,False
www.arsac.fr,Arsac,33,06069343-f6a7-4b24-a120-f1496badd1ca,200,,comune,4,comune:4;polizia:2;scuola:1,False,False,,761.2,113.0,False
www.gendarmerie.interieur.gouv.fr,Saint-Georges-sur-Loire,49,060792bb-c7fe-433c-aa42-e763f9d99397,403,nan,non_classificato,0,nan,True,False,nan,163.3,5.5,False
www.saint-julien-en-born.fr,Saint-Julien-en-Born,40,0607b695-8c81-4e2d-a2f5-ef2ab3b2ce4c,200,,comune,4,comune:4;scuola:1;polizia:1,False,False,,316.2,93.1,False
www.mairie-barc.fr,Barc,27,0608777b-f78d-4a42-9987-7086da4942a8,200,,comune,4,comune:4;regione:1,False,False,,446.4,115.6,False
www.ville-cournonterral.fr,Cournonterral,34,0609d5e7-c0c4-4ec2-a085-19aaf9e9a08c,200,,comune,6,comune:6;polizia:2;scuola:1,False,False,,215.7,100.4,False
www.anneyron.fr,Anneyron,26,0609ed3f-9979-4a31-b4ca-956153ef6ea0,200,,comune,3,comune:3;regione:1,False,False,,413.8,32.6,False
www.montmorot.fr,Montmorot,39,060bd446-b795-4cac-9ad9-31647fb15815,200,,comune,4,comune:4,False,False,,1714.2,362.6,False
www.louisfert.fr,Louisfert,44,060c0722-e7d9-444f-97f6-d8330be069ed,200,,comune,6,comune:6;polizia:1,False,False,,160.5,68.3,False
luchy.fr,Luchy,60,060c0b60-8a2b-42b4-8d70-d229552afb2e,200,,comune,4,comune:4;provincia:1;regione:1;polizia:1,False,False,,180.4,100.9,False
www.archeagglo.fr,Mauves,07,060d4a17-a059-41dd-b444-a04028fa4c90,200,,polizia,1,polizia:1,False,False,,414.9,31.8,False
france-renov.gouv.fr,Mauves,07,060d4a17-a059-41dd-b444-a04028fa4c90,200,nan,polizia,1,polizia:1,False,False,nan,176.1,92.7,False
www.reseau-canope.fr,Plouzané,29,060e107a-a7cc-47d7-a904-83cae6c9e34e,200,nan,ministero,6,ministero:6;scuola:2;polizia:1,False,False,nan,738.0,151.4,False
www.gendarmerie.interieur.gouv.fr,Pornic,44,060ebc3d-fcb6-4b2d-8ac6-9044069df9ba,403,nan,non_classificato,0,nan,True,False,nan,163.3,5.5,False
www.france-services.gouv.fr,Saint-Georges-sur-Loire,49,061114c0-cdd1-4140-8124-6ee85082a661,200,nan,comune,2,comune:2,False,True,forma_societaria:as,214.8,75.9,False
mairie-tourtour.fr,Tourtour,83,0614ff12-ce64-48cb-ad8e-f8bd6978cfe0,200,,comune,3,comune:3,False,False,,1416.6,148.3,False
www.cc-lacqorthez.fr,Mourenx,64,061530ab-d7e6-4ec2-a484-6008ffb58f03,200,,polizia,1,polizia:1,False,False,,622.1,1607.4,False
www.poisy.fr,Poisy,74,0615f61a-d7e2-48fb-8599-6f8d210580d2,200,,comune,2,comune:2;polizia:1,False,False,,337.5,47.2,False
chichee.fr,Chichée,89,0616a0e3-64c2-4a61-a3b9-0d6b6755c5af,200,,comune,1,comune:1;polizia:1,False,False,,443.4,154.6,False
www.pour-les-personnes-agees.gouv.fr,Saint-Just-en-Chaussée,60,0616f451-2d2c-4fda-83bd-e9186890fab1,200,nan,sanita,2,sanita:2;polizia:1,False,False,nan,182.8,200.0,False
aramon.fr,Aramon,30,0618498f-aa6f-485e-855e-3b1f09132b76,200,,comune,4,comune:4;regione:1;scuola:1,False,False,,192.5,500.1,False
www.ameli.fr,Grigny,91,0619a0bc-7d20-476e-86be-2b05aa720d31,200,nan,comune,1,comune:1,False,False,nan,173.1,86.8,False
forum-assures.ameli.fr,Grigny,91,0619a0bc-7d20-476e-86be-2b05aa720d31,200,nan,sanita,2,sanita:2;ministero:2,False,False,nan,375.5,204.9,False
www.digne.cci.fr,Manosque,04,061a0512-cc79-4c9d-9057-1d8c3846d73f,403,,non_classificato,0,,True,False,,174.5,5.5,False
www.jonzac-haute-saintonge.com,Jonzac,17,061c5f94-9926-4bdd-a8d9-a7a199099e26,200,,polizia,1,polizia:1,False,False,,213.8,327.2,False
france-renov.gouv.fr,Jonzac,17,061c5f94-9926-4bdd-a8d9-a7a199099e26,200,nan,polizia,1,polizia:1,False,False,nan,176.1,92.7,False
www.marolles-sur-seine.fr,Marolles-sur-Seine,77,061c6743-bf69-429c-b37b-d3e953dcb220,200,,comune,4,comune:4;scuola:2;provincia:1,False,False,,567.0,65.1,False
www.arcismaillyramerupt.fr,Arcis-sur-Aube,10,0620de02-57a9-48f3-9794-dc71f660d2a6,200,,polizia,2,polizia:2;scuola:1,False,False,,381.6,413.9,False
www.correze.gouv.fr,Tulle,19,062270d9-ae3b-4711-8373-f36c8f4fc844,nan,ConnectionError,non_classificato,0,nan,False,False,nan,nan,nan,False
www.blancafort.fr,Blancafort,18,0622ad28-0a48-47e5-87cc-092125641432,403,,non_classificato,0,,True,False,,2506.5,31.4,False
www.stcoutantlegrandblog.wordpress.com,Saint-Coutant-le-Grand,17,0622fe0b-da37-4a18-b99c-a61d1a496694,200,,comune,4,comune:4;scuola:1,False,False,,198.9,139.4,False
www.afpa.fr,Rennes,35,062459ed-e261-4d2a-941e-ae998669344a,200,,regione,2,regione:2;polizia:1,False,False,,222.9,200.1,False
www.ffbatiment.fr,Albi,81,0624cb1c-e1c2-45da-9b57-a42c4bf56df7,200,nan,non_classificato,0,nan,False,False,nan,4875.3,320.8,False
www.lacharente.fr,Châteauneuf-sur-Charente,16,062639b1-806f-41cd-824a-d2a565294d43,200,nan,provincia,4,provincia:4;comune:1;scuola:1,False,False,nan,315.7,69.4,False
www.somsois.fr,Somsois,51,0627517b-cf6d-4633-9692-a8a6deac45d9,200,,comune,4,comune:4;polizia:1,False,False,,847.5,104.5,False
mag.agglo-lenslievin.fr,Lens,62,062756bd-0507-4cbd-8b53-3788fdfd0c34,200,,ministero,2,ministero:2;comune:1;polizia:1,False,False,,1268.1,269.7,False
france-renov.gouv.fr,Lens,62,062756bd-0507-4cbd-8b53-3788fdfd0c34,200,nan,polizia,1,polizia:1,False,False,nan,176.1,92.7,False
saintalexandre.fr,Saint-Alexandre,30,062868b6-3b8f-4108-819d-b84a32c241f3,200,,comune,6,comune:6;polizia:1,False,False,,1103.6,251.3,False
www.pasdecalais.fr,Lillers,62,0629d2ad-946e-4ca1-8a4e-1b51ca65cd64,200,,polizia,3,polizia:3;provincia:1,False,False,,260.9,215.5,False
www.nilvange.fr,Nilvange,57,062a4a32-bcfd-4047-a0d4-8fbb29406560,200,,comune,5,comune:5;provincia:3;regione:3;polizia:2,False,False,,203.3,31.4,False
www.mairiedesallues.fr,Les Allues,73,062a8a81-90d4-446a-8b68-ff79d9395956,200,,comune,3,comune:3;polizia:1,False,False,,160.2,49.7,False
www.saint-satur.fr,Saint-Satur,18,062c16c1-13bf-4d0a-916f-c170f1c593d5,200,,comune,4,comune:4,False,False,,397.5,51.6,False
www.citou.fr,Citou,11,062cda8e-d468-409b-894e-d167ff5c278c,200,,comune,4,comune:4;provincia:3,False,False,,228.7,41.4,False
lepetitfougeray.fr,Le Petit-Fougeray,35,062dba58-9ac1-4a87-afb3-629dc899729f,200,,comune,3,comune:3;regione:1,False,False,,633.5,134.4,False
www.paysdelarbresle.fr,L'Arbresle,69,062dc07a-5ad8-4a1c-850d-4fead6d18936,200,,comune,1,comune:1;polizia:1,False,False,,2890.7,207.3,False
www.noroy-le-bourg.fr,Noroy-le-Bourg,70,062df5bf-0332-4f58-875b-178e6c47d234,,SSLError,non_classificato,0,,False,False,,,,False
www.france-services.gouv.fr,Bologne,52,062f7ee6-490b-422b-95ea-a5958bc0219a,200,nan,comune,2,comune:2,False,True,forma_societaria:as,214.8,75.9,False
www.ploermel.bzh,Ploërmel Cedex,56,06328544-b6b1-4d56-bec4-ea5242e673e7,200,,comune,5,comune:5;regione:1;sanita:1;polizia:1,False,False,,611.9,359.4,False
www.udaf02.fr,Saint-Quentin,02,06329226-00bc-4e5d-b23a-c6b4df80e423,200,,polizia,1,polizia:1,False,False,,157.6,125.1,False
www.caf.fr,Avallon,89,06353b9a-6c7c-49a0-8fcc-a3f11a885840,200,nan,non_classificato,0,nan,False,False,nan,627.1,13.6,False
www.crij-mayotte.com,Dembeni,976,0635b787-1998-4938-a2f3-79a1ccce8c03,503,,non_classificato,0,,False,False,,2194.7,3.5,False
mairie-le-perthus.com,Le Perthus,66,0636da5c-91f8-4802-85e1-b9358a0702d8,200,,comune,3,comune:3;polizia:1,False,False,,2339.5,310.3,False
www.mortain-bocage.fr,Mortain-Bocage,50,063729be-3f3f-421a-8200-e9744a9d6064,200,,comune,5,comune:5;polizia:1,False,False,,193.4,80.5,False
www.pour-les-personnes-agees.gouv.fr,Saint-Quentin,02,06375ac6-f73c-434d-a354-2db764b915b6,200,nan,sanita,2,sanita:2;polizia:1,False,False,nan,182.8,200.0,False
www.normandie.ars.sante.fr,Caen,14,063a3b70-194b-4d0f-beb5-c649472c47b4,200,,sanita,5,sanita:5;ministero:2;regione:1;polizia:1,False,False,,153.2,132.0,False
www.piana.fr,Piana,2A,063a55db-81c0-4587-bebc-6575c100bf1c,200,,comune,2,comune:2;universita:2,False,False,,1872.7,238.9,False
www.impots.gouv.fr,Baugé-en-Anjou,49,063abc12-54c2-4751-b5d9-9d478cb81ad3,200,nan,non_classificato,0,nan,False,False,nan,113.8,290.0,False
us-en-vexin.fr,Us,95,063c8d7d-c90c-48ae-986e-735d25e153ac,200,,comune,3,comune:3;scuola:1,False,False,,3752.8,67.7,False
www.couffe.fr,Couffé,44,063e1b21-9966-41d6-8344-0ade12da84ea,200,,comune,2,comune:2;provincia:1;polizia:1,False,False,,8217.7,253.5,False
www.tronget.fr,Tronget,03,0640d1e0-196d-4518-b27b-c0aaab19862a,200,,comune,3,comune:3;sanita:3;scuola:2,False,False,,720.2,83.8,False
www.landes.fr,Parentis-en-Born,40,0645784a-bede-484a-8761-4833ff7df5cc,403,,non_classificato,0,,True,False,,103.8,1.6,False
www.ac-normandie.fr,Alençon,61,064817d5-d49e-429c-ac20-4ceec0fba50f,403,,non_classificato,0,,True,False,,185.1,5.4,False
www.gendarmerie.interieur.gouv.fr,Étel,56,064ac93c-7420-4a19-88c7-c8265150bc34,403,nan,non_classificato,0,nan,True,False,nan,163.3,5.5,False
www.ereac.fr,Éréac,22,064bbf4b-4990-44be-91ff-1e8a1e217de0,200,,comune,4,comune:4;scuola:1;polizia:1,False,False,,607.5,37.3,False
www.biblio7374.fr,Epagny Metz-Tessy,73,064c7687-1a3b-4448-bd83-559dbc7830f8,200,,non_classificato,0,,False,False,,701.9,191.5,False
www.cdad06.fr,NICE,06,064dda95-047c-49fb-bd0c-a4621fd4bddb,200,,provincia,3,provincia:3;polizia:1;giustizia:1,False,False,,2201.8,149.2,False
nouvelle-aquitaine.dreets.gouv.fr,Agen,47,064f0a58-a07d-4db0-b541-96a83f40db35,200,,ministero,2,ministero:2;regione:1;polizia:1,False,False,,272.4,338.5,False
www.prefectures-regions.gouv.fr,Agen,47,064f0a58-a07d-4db0-b541-96a83f40db35,403,,non_classificato,0,,True,False,,132.5,5.4,False
www.ameli.fr,Moissac,82,064f0f35-ef0e-4284-ac77-bc70e15b6e9f,200,nan,comune,1,comune:1,False,False,nan,173.1,86.8,False
forum-assures.ameli.fr,Moissac,82,064f0f35-ef0e-4284-ac77-bc70e15b6e9f,200,nan,sanita,2,sanita:2;ministero:2,False,False,nan,375.5,204.9,False
www.impots.gouv.fr,Quissac,30,064f7df3-39e3-4f8d-ac9e-f614bcff442d,200,nan,non_classificato,0,nan,False,False,nan,113.8,290.0,False
samois-sur-seine.fr,Samois-sur-Seine,77,06504a52-eee2-41ca-92df-656290b8836b,200,,comune,3,comune:3;polizia:1,False,False,,173.1,64.5,False
hasparren.fr,Hasparren,64,0651b441-b25f-48b9-8c77-55801034a47c,200,,comune,3,comune:3;scuola:1;polizia:1,False,False,,230.6,173.2,False
www.udaf01.fr,Bourg-en-Bresse,01,0652921d-9ce6-440c-9d20-fed78101c9d1,200,,polizia,1,polizia:1,False,False,,178.1,109.2,False
www.plougonven.fr,Plougonven,29,0653cdae-a853-4aef-b40e-f9729d45fb0b,200,,comune,4,comune:4,False,False,,202.0,37.9,False
www.loiret.fr,Montargis,45,06540199-f4f2-4898-bae5-739cfba5efc2,200,,provincia,3,provincia:3;scuola:1,False,False,,1068.7,77.2,False
www.jonquieres34.fr,Jonquières,34,06542540-ce96-4da1-9eb6-7d4d63541ba1,200,,comune,4,comune:4,False,False,,260.8,59.9,False
archipel-tournefeuille.org,Tournefeuille,31,0655ed36-64c2-42be-87cf-cbac182c6f4f,200,,non_classificato,0,,False,False,,111.1,102.1,False
www.ville-poulainville.fr,Poulainville,80,0656515e-663a-43c9-9f8d-da30b8fa46e1,200,,comune,4,comune:4;provincia:2;polizia:1,False,True,forma_societaria:spa;forma_societaria:as,425.9,145.8,False
www.seraincourt95.fr,Seraincourt,95,0657d679-fb0b-4cb6-b032-67b5725f1857,200,,comune,3,comune:3;regione:1,False,False,,1246.0,315.7,False
www.saintetiennedefougeres.fr,Saint-Étienne-de-Fougères,47,0657de78-2ed3-48ab-a7a3-bc82aab0e8fe,200,,comune,1,comune:1;polizia:1,False,False,,192.4,160.8,False
www.ville-desvres.fr,Desvres,62,0657f6fe-20c6-4549-a36a-6fef2176db25,200,,comune,5,comune:5;polizia:1,False,False,,335.8,51.5,False
www.france-services.gouv.fr,Solesmes,59,06596570-c892-44ce-89ec-0c6db896d5e6,200,nan,comune,2,comune:2,False,True,forma_societaria:as,214.8,75.9,False
www.impots.gouv.fr,Landerneau Cedex,29,065ac8bc-0362-43a8-bf49-6c43e4c08406,200,nan,non_classificato,0,nan,False,False,nan,113.8,290.0,False
cdad14.fr,HEROUVILLE SAINT-CLAIR,14,065b19ee-8e27-4e60-a73b-64235148c5ac,200,,provincia,3,provincia:3;scuola:1;giustizia:1,False,False,,187.4,149.4,False
www.avignonet38.fr,Avignonet,38,065b41f2-b141-479e-9a56-b2761b826531,200,,comune,1,comune:1;polizia:1,False,False,,133.1,615.2,False
www.france-services.gouv.fr,Nevers,58,065bec88-9f43-4177-8b2e-363edc8ef0d9,200,nan,comune,2,comune:2,False,True,forma_societaria:as,214.8,75.9,False
www.ville-montfermeil.fr,Montfermeil,93,065cef41-6dbb-450d-9dd1-a39512ddf2bf,200,,non_classificato,0,,False,False,,113.0,3.6,False
www.mairiedecardet.fr,Cardet,30,065ee95b-118d-468a-9fb3-f05ac6deed0e,200,,comune,6,comune:6;regione:1;scuola:1,False,False,,791.4,50.5,False
www.cliccoeuressonne.fr,Evry-Courcouronnes,91,066027e0-e46f-4a23-862d-e14608738fe5,200,,sanita,2,sanita:2;provincia:1,False,False,,353.7,239.1,False
www.pour-les-personnes-agees.gouv.fr,Evry-Courcouronnes,91,066027e0-e46f-4a23-862d-e14608738fe5,200,nan,sanita,2,sanita:2;polizia:1,False,False,nan,182.8,200.0,False
www.finistere.gouv.fr,Quimper,29,06606654-b754-45ca-b82a-b708fdcc0d79,,ConnectionError,non_classificato,0,,False,False,,,,False
www.france-services.gouv.fr,Anse,69,0663cbb9-42de-4c8d-9e68-5c75cc783102,200,nan,comune,2,comune:2,False,True,forma_societaria:as,214.8,75.9,False
www.langonsurcher.com,Langon-sur-Cher,41,0663d275-204e-4a60-b9e6-7e3808834e38,200,,comune,2,comune:2;polizia:1,False,False,,197.6,311.3,False
www.prizy.fr,Prizy,71,06648c9e-c174-4bc1-9b3e-72f9d57b6322,200,,comune,3,comune:3,False,False,,187.6,31.9,False
www.aude.fr,Carcassonne,11,06656d91-69fe-4bf2-b889-70de1c413f96,200,,non_classificato,0,,False,False,,224.1,55.4,False
www.saint-brieuc.fr,Saint-Brieuc,22,06663f5d-bd94-4864-90f2-8b74b3fb90ed,200,,comune,5,comune:5;polizia:2,False,False,,1607.4,336.3,False
www.francetravail.fr,Lormont,33,06683094-103e-4084-932b-72ff9ed0fc58,200,nan,non_classificato,0,nan,False,False,nan,340.0,22.7,False
www.cdad-courdappel-pau.fr,TARBES,65,06694f17-58a7-44c4-a4a4-ddccc8c2ffaa,200,,provincia,1,provincia:1;universita:1;giustizia:1,False,False,,251.8,36.7,False
www.mairie-aixesurvienne.fr,Aixe-sur-Vienne,87,0669b070-43e0-4f32-96ff-7c23c57b47b2,200,,comune,3,comune:3,False,False,,216.9,297.0,False
www.leboulay.fr,Le Boulay,37,066bb5d4-0ddf-4c50-8e4b-1d577682560f,200,,comune,1,comune:1;polizia:1,False,False,,506.1,41.4,False
www.ac-versailles.fr,Nanterre,92,066bdeb6-4b85-4834-84f5-290983460445,403,,non_classificato,0,,True,False,,165.8,5.4,False
www.francetravail.fr,Roissy-en-France,95,066cdef9-1315-4868-9333-602abc75f010,200,nan,non_classificato,0,nan,False,False,nan,340.0,22.7,False
www.valdalliere.fr,Valdallière,14,066da5f8-fb15-4533-8e88-1275b4025289,200,,comune,2,comune:2;scuola:2,False,False,,95.6,97.9,False
www.isula.corsica,Ajaccio,2A,066dd4e5-fdfb-4dec-b53c-0932b87f28c8,200,nan,polizia,1,polizia:1,False,False,nan,184.8,96.2,False
www.ladrome.fr,Donzère,26,066e5a9a-7a70-4f13-94f1-6e455c53360c,200,,provincia,4,provincia:4;scuola:1;polizia:1,False,False,,1263.8,133.9,False
www.cdad07.fr,PRIVAS CEDEX,07,067015c7-3f6a-4b4b-9235-9995347fa2ec,200,nan,ministero,2,ministero:2;polizia:1;giustizia:1,False,False,nan,195.5,121.5,False
www.mairie-tignes.fr,Tignes,73,067185d7-1105-463c-95b2-94de2aa7300b,200,,comune,4,comune:4;provincia:1;polizia:1,False,False,,1192.0,473.4,False
www.seine-et-marne.gouv.fr,Melun,77,06718803-6fcd-47f0-bda3-5aa0f79a87ce,,ConnectionError,non_classificato,0,,False,False,,,,False
www.france-services.gouv.fr,Buzançais,36,06719c1d-c402-4c73-8a99-1c16cb8c2146,200,nan,comune,2,comune:2,False,True,forma_societaria:as,214.8,75.9,False
www.bouloc-en-quercy82.fr,Bouloc-en-Quercy,82,0671ef11-6666-407f-9576-686db07ccee3,200,,comune,1,comune:1;polizia:1,False,False,,304.1,33.1,False
www.impots.gouv.fr,L'Île-d'Yeu,85,06729f21-2004-47a8-a09b-62fa7406f8b0,200,nan,non_classificato,0,nan,False,False,nan,113.8,290.0,False
www.pour-les-personnes-agees.gouv.fr,Irigny,69,0672b693-65dc-4dcd-b550-ad7b50a97f98,200,nan,sanita,2,sanita:2;polizia:1,False,False,nan,182.8,200.0,False
www.la-baume.fr,La Baume,74,0675bc50-a071-475b-a86b-ffee00e103a1,200,,comune,4,comune:4,False,False,,191.1,48.3,False
www.occitanie.developpement-durable.gouv.fr,Colomiers,31,06764af2-8501-4a23-a262-ced5bafee7b2,200,,regione,1,regione:1,False,False,,638.2,57.9,False
www.segonzac19.fr,Segonzac,19,0677163b-0b1c-490f-940b-1c0c0fe67de4,200,,comune,3,comune:3;polizia:2,False,False,,223.4,24.5,False
www.gendarmerie.interieur.gouv.fr,Haroué,54,06790c7e-8351-4704-95b4-bd3de19fbbbd,403,nan,non_classificato,0,nan,True,False,nan,163.3,5.5,False
www.montigny-lencoup.fr,Montigny-Lencoup,77,0679c622-4a19-45e6-b240-aa3403d404b2,200,,comune,4,comune:4,False,False,,352.9,144.0,False
missionlocalevilleneuvois.org,Fumel,47,067f77d7-1fdb-4f48-8687-f2773aa68690,200,nan,scuola,1,scuola:1,False,False,nan,428.4,38.5,False
www.vineuilsaintfirmin.fr,Vineuil-Saint-Firmin,60,0682aecb-db6e-47ef-92c7-b3da22ca0d04,200,,comune,4,comune:4;regione:2;provincia:1;sanita:1;polizia:1,False,False,,215.0,97.1,False
www.onac-vg.fr,Rouen,76,068345a1-c062-4b39-ae82-6ca5ff24c62f,200,nan,non_classificato,0,nan,False,False,nan,140.5,0.2,False
www.winnezeele.fr,Winnezeele,59,068386f0-f5a3-4092-a079-36e3bd4144cc,200,,comune,4,comune:4;regione:1,False,False,,4315.7,63.9,False
www.plassay.fr,Plassay,17,068432b5-b991-44d3-83a2-1835f858a74b,200,,comune,4,comune:4;regione:1,False,False,,152.9,24.7,False
www.capeb.fr,Paris,75,0687101e-dc21-4d06-a2be-9d060f4bbd22,200,,polizia,1,polizia:1,False,False,,607.8,43.0,False
trigance.fr,Trigance,83,068714eb-67d9-4243-9cf8-86a49146ac94,200,,comune,1,comune:1;polizia:1,False,False,,451.8,154.4,False
www.borderes-et-lamensans.fr,Bordères-et-Lamensans,40,0687c13d-1f48-467f-b6ef-47ea118f49ec,200,,comune,3,comune:3;provincia:3;regione:3,False,False,,414.1,68.0,False
www.mairie-epaignes.fr,Épaignes,27,068844f4-80be-4712-9adc-922699a66a3d,200,,comune,3,comune:3;scuola:2,False,False,,116.0,47.1,False
www.gendarmerie.interieur.gouv.fr,Janzé,35,068858c9-48c5-42cc-8a03-26f8bc998692,403,nan,non_classificato,0,nan,True,False,nan,163.3,5.5,False
www.saint-louis-en-lisle.fr,Saint-Louis-en-L'Isle,24,06891926-a247-4b91-a700-b853fe54fc5e,200,,comune,4,comune:4;polizia:2,False,False,,262.8,56.6,False
www.impots.gouv.fr,Bastia,2B,068a2d86-694f-4945-b8d2-dad6b60094c1,200,nan,non_classificato,0,nan,False,False,nan,113.8,290.0,False
www.ffbatiment.fr,Metz,57,068ac4cb-b566-4bce-ab34-9c4e4e884e83,200,nan,non_classificato,0,nan,False,False,nan,4875.3,320.8,False
www.sarrebourg.fr,Sarrebourg,57,068adad0-1c1d-428b-9420-10ec2a24909d,200,,comune,7,comune:7,False,False,,1191.9,237.8,False
www.safer-bretagne.fr,Chateaulin,29,068beee7-1242-4d30-a877-c5c666a10f1b,200,,non_classificato,0,,False,False,,128.4,150.8,False
www.savoie.fr,Montmélian,73,068d19e6-698b-4236-b07a-78599a41e24b,200,nan,provincia,1,provincia:1;scuola:1,False,False,nan,181.2,67.0,False
www.ameli.fr,Rodez Cedex 9,12,068dfe7e-4988-4260-ac5a-c9fbf93943ef,200,nan,comune,1,comune:1,False,False,nan,173.1,86.8,False
forum-assures.ameli.fr,Rodez Cedex 9,12,068dfe7e-4988-4260-ac5a-c9fbf93943ef,200,nan,sanita,2,sanita:2;ministero:2,False,False,nan,375.5,204.9,False
www.ville-chevilly-larue.fr,Chevilly-Larue,94,068e50b7-b058-45d5-be56-8ef69bd82475,200,,comune,5,comune:5;polizia:1,False,False,,276.3,208.9,False
www.gendarmerie.interieur.gouv.fr,Andernos-les-Bains,33,068e8fcc-dfbf-4b6c-aed0-173d342fb56a,403,nan,non_classificato,0,nan,True,False,nan,163.3,5.5,False
www.strasbourg.eu,Strasbourg,67,0690e67b-90c9-42a8-a156-dec7a9678b50,200,,comune,2,comune:2;scuola:1;polizia:1,False,False,,371.7,211.5,False
www.pour-les-personnes-agees.gouv.fr,Strasbourg,67,0690e67b-90c9-42a8-a156-dec7a9678b50,200,nan,sanita,2,sanita:2;polizia:1,False,False,nan,182.8,200.0,False
www.bourgogne-franche-comte.ars.sante.fr,Dijon,21,06913237-f81c-4c68-8cc1-0e3230673aff,200,,sanita,3,sanita:3;polizia:3;ministero:2;regione:1,False,False,,110.5,135.2,False
chatelaudren-plouagat.fr,Châtelaudren-Plouagat,22,0691f6f0-c4e0-4f5d-9757-2b5cd71ec4e2,200,,comune,3,comune:3;polizia:1,False,True,forma_societaria:sas,243.7,183.9,False
www.lot.gouv.fr,Gourdon,46,0692a596-756e-4731-980d-11c9f7b2a3c5,,ConnectionError,non_classificato,0,,False,False,,,,False
www.associations.gouv.fr,Gourdon,46,0692a596-756e-4731-980d-11c9f7b2a3c5,200,nan,ministero,2,ministero:2,False,False,nan,302.8,130.9,False
www.mieuxce.fr,Mieuxcé,61,06961868-8699-4e2a-89ea-ba421b9af3ab,200,,comune,4,comune:4;scuola:1;polizia:1,False,False,,230.0,101.0,False
dordogne.mediatheques.fr,Périgueux,24,06962885-722a-41ab-8f13-055681b033ef,200,,non_classificato,0,,False,False,,505.6,442.6,False
www.paysdelaloire.fr,La Roche sur Yon,85,06963882-3328-46e2-85d5-215a9a597fb9,200,,regione,6,regione:6;scuola:1;polizia:1,False,False,,223.8,204.6,False
univ-cotedazur.fr,Nice,06,06968a36-5b73-422a-9dfd-18e0badb9feb,200,,universita,3,universita:3;sanita:3;provincia:1;scuola:1;polizia:1,False,False,,264.5,383.0,False
www.gendarmerie.interieur.gouv.fr,Remiremont,88,069698d6-7e43-4843-8118-71cac3bd0952,403,nan,non_classificato,0,nan,True,False,nan,163.3,5.5,False
www.orchamps-vennes.com,Orchamps-Vennes,25,06972179-1626-4889-8a1c-067477020c75,404,,non_classificato,0,,False,False,,122.2,0.0,False
www.unaf.fr,Cosne-Cours-sur-Loire,58,0698a85f-946e-4592-b25f-6587ce2be622,200,nan,ministero,2,ministero:2;regione:1;polizia:1,False,False,nan,138.1,193.3,False
www.mairie-longevillesurmer.fr,Longeville-sur-Mer,85,069998c4-336d-4734-af38-f4b1ff1cffea,200,,comune,4,comune:4,False,False,,425.8,169.5,False
www.prefecturedepolice.interieur.gouv.fr,Paris,75,069f4454-c004-4cdc-bf85-402e4cb6a9e4,200,,non_classificato,0,,False,False,,123.9,0.2,False
www.vaucluse.fr,Avignon,84,069fc3bb-a746-4186-aeb7-e089da703324,418,,non_classificato,0,,False,False,,168.9,40.8,False
www.crous-corse.fr,Corte,2B,06a106e0-27db-4323-9b4e-335514e8c8c5,200,,scuola,2,scuola:2,False,True,forma_societaria:as,228.1,296.5,False
www.francetravail.fr,Colmar,68,06a1e86c-0e18-4ff5-a9f4-a9a400043178,200,nan,non_classificato,0,nan,False,False,nan,340.0,22.7,False
www.vitrolles05.fr,Vitrolles,05,06a200e7-bb77-480c-82e9-66c44a319fb6,200,,comune,4,comune:4;polizia:1,False,False,,195.2,71.1,False
www.saintpolsurternoise.fr,Saint-Pol-sur-Ternoise Cedex,62,06a2bb2f-abc8-4f44-9201-2badb865794e,200,,comune,3,comune:3;scuola:2;polizia:1,False,False,,863.2,322.9,False
cubieres-sur-cinoble.fr,Cubières-sur-Cinoble,11,06a3c43e-f90e-4e5d-ad6a-4d03efa07d2d,200,,comune,1,comune:1;polizia:1,False,False,,1355.5,59.3,False
www.france-services.gouv.fr,Saint-Rambert-en-Bugey,01,06a515d3-0581-46a5-b107-1a772049c37d,200,nan,comune,2,comune:2,False,True,forma_societaria:as,214.8,75.9,False
www.impots.gouv.fr,Saint-Ouen-sur-Seine Cedex,93,06a54419-0955-42a1-bc93-89d1ce9df2a7,200,nan,non_classificato,0,nan,False,False,nan,113.8,290.0,False
www.grandlyon.com,Saint-Fons,69,06a6040d-7cee-4c9b-b12b-998c19699a28,200,nan,polizia,1,polizia:1,False,False,nan,231.7,65.9,False
lanildut.fr,Lanildut,29,06a69f4d-9a20-4f75-b389-3533f9eee17a,200,,comune,1,comune:1;polizia:1,False,False,,1205.6,145.6,False
www.impots.gouv.fr,Nogent-sur-Seine,10,06a7799f-8a03-499b-9919-808ac1f1fa82,200,nan,non_classificato,0,nan,False,False,nan,113.8,290.0,False
www.ameli.fr,Sospel,06,06a8fae8-60fd-47a8-9924-29b2f797532d,200,nan,comune,1,comune:1,False,False,nan,173.1,86.8,False
forum-assures.ameli.fr,Sospel,06,06a8fae8-60fd-47a8-9924-29b2f797532d,200,nan,sanita,2,sanita:2;ministero:2,False,False,nan,375.5,204.9,False
www.cdad-moselle.justice.fr,SARREGUEMINES,57,06ab2bd5-94bd-41b4-a659-bf77c687b279,200,,provincia,4,provincia:4;ministero:2;polizia:1;giustizia:1,False,False,,1286.1,70.6,False
www.saint-soupplets.fr,Saint-Souplet,59,06abf8ee-464e-4c8a-8292-9578307a20e3,200,,comune,4,comune:4;sanita:2;polizia:1,False,False,,500.7,77.0,False
www.eveux.fr,Éveux,69,06acc912-be6a-4722-ad09-f1fd1160ab0e,200,,regione,3,regione:3;polizia:3;comune:1,False,False,,533.2,105.5,False
www.ciez.fr,Ciez,58,06ad74d2-53b1-48b8-ab30-12c374f8878e,200,,comune,2,comune:2;provincia:1;regione:1;scuola:1,False,False,,137.4,54.8,False
www.montussan.fr,Montussan,33,06ae00e3-36e7-45ad-a4ce-7a6665af1109,200,,comune,4,comune:4;scuola:2;polizia:1,False,False,,564.9,75.8,False
www.france-services.gouv.fr,Étretat,76,06ae7d5a-8896-4833-bf84-d39484d4b1df,200,nan,comune,2,comune:2,False,True,forma_societaria:as,214.8,75.9,False
www.val-de-marne.gouv.fr,Créteil,94,06af9309-1fbb-4e0b-a6f0-c07549afe799,nan,ConnectionError,non_classificato,0,nan,False,False,nan,nan,nan,False
www.saintjulienlesvillas.fr,Saint-Julien-les-Villas,10,06b1468d-e2a3-4528-99c8-51f0aa0f4a07,200,,comune,2,comune:2;polizia:2,False,False,,981.6,267.7,False
www.lamayenne.fr,Laval,53,06b2a6d0-54c0-4404-87b2-28de47866c15,200,,provincia,2,provincia:2,False,True,forma_societaria:lda,695.7,84.8,False
www.saint-gilles.fr,Saint-Gilles,30,06b36517-617b-42a1-aabd-13424daf76a8,200,,comune,5,comune:5;polizia:1,False,False,,338.1,693.5,False
www.bias40.fr,Bias,40,06b497cb-af21-486e-96d2-7d7b1ea4e25b,200,,comune,9,comune:9;provincia:3,False,False,,442.1,49.6,False
www.masecurite.interieur.gouv.fr,Cachan,94,06b6a0d2-cb8e-475f-a4f7-71f7fff764f4,200,nan,ministero,2,ministero:2;polizia:1,False,False,nan,192.1,133.2,False
www.ville-gauchy.fr,Gauchy,02,06b70a69-1e9c-4bd7-9921-0256dcdec1db,200,,comune,3,comune:3;polizia:2,False,False,,475.1,524.7,False
amiens.tribunal-administratif.fr,Amiens,80,06b9d4b5-f454-4feb-a7e2-f2261cdec4e4,200,,non_classificato,0,,False,False,,515.5,1220.3,False
www.pontoise-les-noyon.fr,Pontoise-lès-Noyon,60,06ba30c9-4349-4f5a-8482-a42862b9b08d,200,,comune,3,comune:3;polizia:2,False,False,,227.2,120.6,False
archives.aveyron.fr,Rodez,12,06bc8d1a-5d7e-4cb9-a0c7-7e3730e2eb88,200,,ministero,2,ministero:2;provincia:1,False,False,,188.8,28.6,False
www.police-nationale.interieur.gouv.fr,Montpellier,34,06bcbf2b-e85e-4141-8edf-4d64cf384476,403,,non_classificato,0,,True,False,,182.4,5.5,False
www.caf.fr,Guingamp,22,06bd2fad-c0f6-4908-a73d-f4ef87a23132,200,nan,non_classificato,0,nan,False,False,nan,627.1,13.6,False
lenord.fr,Wattrelos,59,06bffa95-23c2-400a-afd0-02719025b405,200,,polizia,3,polizia:3;provincia:1;scuola:1,False,False,,1874.2,92.2,False
www.france-services.gouv.fr,Saint-Pierre-sur-Dives,14,06c6ae95-1965-4988-be87-6a7861ee38ca,200,nan,comune,2,comune:2,False,True,forma_societaria:as,214.8,75.9,False
www.lotetgaronne.fr,Agen Cedex 9,47,06c77457-93df-4534-a5eb-da1bf38e047e,200,nan,provincia,4,provincia:4;polizia:2;comune:1;scuola:1,False,False,nan,301.8,386.0,False
www.prefectures-regions.gouv.fr,Paris,75,06c9ac59-9230-4b20-883e-177c07e64b87,403,,non_classificato,0,,True,False,,132.5,5.4,False
www.amet.org,Rosny-sous-Bois,93,06cc1390-36cf-4809-827e-2186625313d0,200,,polizia,1,polizia:1,False,False,,153.6,1284.7,False
luynes.fr,Luynes,37,06cdfe72-e2a8-42d8-b92e-124d899979aa,200,,comune,5,comune:5;scuola:1;polizia:1,False,True,forma_societaria:as,494.8,200.6,False
mairie-melle.fr,Melle,79,06ce5e06-552d-4e33-b744-2fd7d6b8f507,200,,comune,6,comune:6;scuola:2;polizia:1,False,False,,804.6,98.8,False
www.gendarmerie.interieur.gouv.fr,Collonges,01,06ceb479-4ad7-478d-b87b-d5c58082fdbd,403,nan,non_classificato,0,nan,True,False,nan,163.3,5.5,False
www.ameli.fr,Lognes,77,06d02e46-4250-49d3-b930-6165e18cf320,200,nan,comune,1,comune:1,False,False,nan,173.1,86.8,False
forum-assures.ameli.fr,Lognes,77,06d02e46-4250-49d3-b930-6165e18cf320,200,nan,sanita,2,sanita:2;ministero:2,False,False,nan,375.5,204.9,False
www.gendarmerie.interieur.gouv.fr,Saint-Hilaire-du-Harcouët,50,06d107cc-020c-4af0-84a7-a84c9f63593b,403,nan,non_classificato,0,nan,True,False,nan,163.3,5.5,False
www.police-nationale.interieur.gouv.fr,Dijon,21,06d2a473-daa9-482e-97d9-ce0056763857,403,,non_classificato,0,,True,False,,182.4,5.5,False
www.france-services.gouv.fr,Alfortville,94,06d2b7aa-a2d7-495a-8930-e28a3cc2fd00,200,nan,comune,2,comune:2,False,True,forma_societaria:as,214.8,75.9,False
www.unaf.fr,Rion-des-Landes,40,06d3fd07-71e1-492c-80ff-6a41657860dd,200,nan,ministero,2,ministero:2;regione:1;polizia:1,False,False,nan,138.1,193.3,False
www.lacailleresainthilaire.fr,La Caillère-Saint-Hilaire,85,06d6d331-aa63-463f-885e-976e55d00850,200,,comune,3,comune:3;polizia:1,False,True,forma_societaria:sas,131.3,130.3,False
www.moyonvillages.fr,Moyon-Villages,50,06d6fb4f-4ab4-4916-bde2-4ecf08d15772,200,,comune,4,comune:4;polizia:1,False,False,,281.6,55.5,False
www.loiret.fr,Meung-sur-Loire,45,06da2e00-9b25-4a61-b8e6-7328866ab84a,200,,provincia,3,provincia:3;scuola:1,False,False,,1068.7,77.2,False
www.mairie-carresse-cassaber.fr,Carresse-Cassaber,64,06db78a8-fc26-4ad3-be6d-0b2984a95043,200,,comune,1,comune:1;provincia:1;regione:1;polizia:1,False,False,,6919.8,97.1,False
www.gamarde-les-bains.com,Gamarde-les-Bains,40,06dbd2c1-7ef2-4069-92f1-1d0dc115ecd3,200,,comune,6,comune:6;provincia:1;scuola:1,False,True,forma_societaria:sas,1228.3,109.8,False
www.buxy.fr,Buxy,71,06dcdf80-2bf5-4209-8989-355d0e1b8fcb,200,,comune,6,comune:6;scuola:2;regione:1;polizia:1,False,False,,239.5,53.2,False
www.gendarmerie.interieur.gouv.fr,Tende,06,06e0fd55-048a-4652-a256-0f29cb2cd9d2,403,nan,non_classificato,0,nan,True,False,nan,163.3,5.5,False
www.france-services.gouv.fr,Muntzenheim,68,06e1dbf7-f7b0-42e3-9bf5-2433ccbe6897,200,nan,comune,2,comune:2,False,True,forma_societaria:as,214.8,75.9,False
www.francetravail.fr,Roussillon,38,06e2cd44-9960-4297-90ab-b9c6d435fd66,200,nan,non_classificato,0,nan,False,False,nan,340.0,22.7,False
www.saintverand.fr,Saint-Vérand,71,06e30cb6-9f07-425b-912f-cf7a212c6e89,404,,non_classificato,0,,False,False,,95.3,0.0,False
www.evettesalbert.fr,Évette-Salbert,90,06e37670-80e8-43f5-8e4d-576de355b465,200,,comune,3,comune:3,False,False,,1805.4,80.8,False
beaumontsaintcyr.fr,Beaumont Saint-Cyr,86,06e39b0d-53ae-4f80-afd4-54dcd66368c7,200,,comune,4,comune:4;sanita:1;polizia:1,False,False,,201.2,113.5,False
www.bournezeau.fr,Bournezeau,85,06e77e57-e788-45fe-86f4-6b3febf0647b,200,,comune,4,comune:4;provincia:1;polizia:1,False,False,,239.1,136.7,False
montigny.les.monts.free.fr,Montigny-les-Monts,10,06eaafd2-e468-4ec7-91bb-35064167e553,200,,comune,4,comune:4;provincia:1;regione:1,False,False,,65.5,94.2,False
www.cc-valdamboise.fr,Nazelles-Négron,37,06eced13-422f-4cd5-b815-3565870eefec,200,,scuola,1,scuola:1;universita:1,False,True,forma_societaria:kg,1341.5,249.8,False
www.arceau.fr,Arceau,21,06ed25bc-a1e8-4d93-bd04-24542d8a12b2,200,,scuola,2,scuola:2;comune:1;provincia:1;regione:1,False,False,,784.6,191.6,False
www.lotetgaronne.fr,Fumel,47,06ee20ed-a52b-4780-9b49-ef9301f70474,200,nan,provincia,4,provincia:4;polizia:2;comune:1;scuola:1,False,False,nan,301.8,386.0,False
fampoux.fr,Fampoux,62,06eef9fa-c9e4-4ceb-8e8d-41a4f7608d56,200,,comune,2,comune:2;regione:1;polizia:1,False,True,forma_societaria:sia,185.0,227.7,False
www.france-services.gouv.fr,Luzech,46,06f00d20-c63b-4c86-905b-68558b1fdc16,200,nan,comune,2,comune:2,False,True,forma_societaria:as,214.8,75.9,False
www.sassenay.fr,Sassenay,71,06f2f3fd-b0cf-4e99-ac52-37a034c05baa,200,,comune,4,comune:4,False,False,,224.0,36.7,False
www.facebook.com,Coulombs-en-Valois,77,06f3a61a-88c4-417e-8498-93f1915429c3,200,,non_classificato,0,,False,False,,483.1,395.7,False
www.les-caue-occitanie.fr,Albi,81,06f40b79-9e3c-4017-ad4a-6d85d7fd51f4,200,,regione,1,regione:1,False,False,,149.6,70.9,False
www.les-caue-occitanie.fr,Albi,81,06f40b79-9e3c-4017-ad4a-6d85d7fd51f4,200,,regione,1,regione:1,False,False,,149.6,70.9,False
www.ermenonville.fr,Ermenonville,60,06f416bc-ec76-415e-b780-b6b0a000f7b5,200,,comune,6,comune:6,False,False,,457.6,71.0,False
www.morbihan.gouv.fr,Vannes,56,06f4fe17-916e-4689-bfa3-26affcfc964b,,ConnectionError,non_classificato,0,,False,False,,,,False
genas.fr,Genas,69,06f58b59-9c3a-4f1d-9eda-87661cf12f23,200,,comune,4,comune:4;polizia:3;scuola:1;vigili_fuoco:1,False,False,,299.8,176.5,False
www.centre-valdeloire.fr,Orléans,45,06f60a19-6f65-41ea-b3c8-21c1431465da,200,,regione,5,regione:5;sanita:3;scuola:1;polizia:1,False,True,forma_societaria:as,619.8,164.2,False
www.mei-mvs.com,Dammarie-les-lys,77,06f63842-af39-499d-9b68-ecaa6897ca9a,200,,non_classificato,0,,False,False,,62.1,0.8,False
saint-julien-du-pinet.fr,Saint-Julien-du-Pinet,43,06f64036-ed29-420e-ae6f-75829bb7722d,200,,comune,3,comune:3;polizia:1,False,False,,569.9,154.7,False
www.grandlyon.com,Saint-Genis-Laval,69,06f6e259-d800-43a4-90dc-4dde85b7917e,200,nan,polizia,1,polizia:1,False,False,nan,231.7,65.9,False
www.paris.fr,Paris,75,06f7cbdd-2880-41ee-b347-bc388d8b0285,200,nan,comune,5,comune:5;polizia:1,False,False,nan,105.1,351.5,False
www.saint-andeol-de-vals.fr,Saint-Andéol-de-Vals,07,06f8555d-3c4c-4981-91a2-991263f8b45e,200,,comune,4,comune:4,False,False,,552.1,90.5,False
www.gendarmerie.interieur.gouv.fr,Louhans‑Châteaurenaud,71,06fe10f9-7239-415a-9ca5-4d69ff14834d,403,nan,non_classificato,0,nan,True,False,nan,163.3,5.5,False
www.finistere.fr,Crozon,29,0702b030-f8b7-43d0-936f-71d9d98d1f01,200,,provincia,3,provincia:3;polizia:1,False,False,,255.7,163.7,False
www.buhl-lorraine.fr,Buhl-Lorraine,57,0703efa6-a2fa-4b95-a82e-a99fe846307c,,ReadTimeout,non_classificato,0,,False,False,,,,False
www.aveyron.fr,Rodez,12,07049010-3362-4955-afb5-4fb0a4aba76d,200,,non_classificato,0,,False,False,,114.4,0.2,False
www.la-chapelle-aux-filtzmeens.fr,La Chapelle-aux-Filtzméens,35,07062c9b-7726-4189-89f6-c864e7b073e2,200,,comune,1,comune:1,False,False,,188.5,63.6,False
www.aubervilliers.fr,Aubervilliers,93,0706933e-c71d-409e-aa72-46db29fe49d3,200,,non_classificato,0,,False,False,,313.6,80.4,False
www.univ-fcomte.fr,Besançon,25,0707a247-91ea-4d89-bdf3-76568a8102d4,200,,universita,4,universita:4;polizia:1,False,False,,849.2,63.6,False
actu.umlp.fr,Besançon,25,0707a247-91ea-4d89-bdf3-76568a8102d4,200,,universita,4,universita:4;regione:1;polizia:1,False,False,,270.9,185.5,False
www.gendarmerie.interieur.gouv.fr,Bruyères,88,0708eaea-d7dc-4d77-b75c-114309e878c3,403,nan,non_classificato,0,nan,True,False,nan,163.3,5.5,False
le-port-ariege.fr,Le Port,09,070a0a4d-5443-4b86-8d49-5f37503cfdcf,200,,comune,3,comune:3;provincia:1;regione:1;polizia:1,False,False,,5914.0,220.9,False
www.mairie-farbus.fr,Farbus,62,070ded03-a907-4e85-8378-6a175558f2f0,200,,comune,4,comune:4,False,False,,138.3,28.4,False
point-justice46.blogspot.com,BAGNAC-SUR-CÉLÉ,46,070ec0fb-732d-4f63-89ef-7b35758d8202,200,nan,giustizia,2,giustizia:2;provincia:1,False,False,nan,840.4,77.7,False
www.pasdecalais.fr,Saint-Omer,62,070f3dfa-1558-4438-b94d-1fd75dda8c72,200,,polizia,3,polizia:3;provincia:1,False,False,,260.9,215.5,False
communedevares.fr,Varès,47,07103320-e0dd-4287-af60-a5957fdd3c5d,200,,comune,6,comune:6,False,False,,77.1,286.8,False
mairiecoulmiers.fr,Coulmiers,45,07111416-8469-4473-a51b-84ec2b430a92,200,,comune,4,comune:4;ministero:2,False,False,,594.9,79.6,False
www.quetigny.fr,Quetigny,21,0714e3fd-acd7-4f17-a210-ace2e45cda68,200,,comune,4,comune:4;polizia:1,False,False,,207.1,49.6,False
www.osselle-routelle.fr,Osselle-Routelle,25,0715ed22-14cf-4c90-82b7-4c9cb4f0c4e1,200,,comune,1,comune:1;polizia:1,False,False,,214.2,59.9,False
www.dordogne.fr,Ribérac,24,0717e29f-1ba7-477b-8372-57da9248c558,200,,provincia,4,provincia:4;scuola:1;polizia:1,False,False,,489.6,178.5,False
www.boisdamont.fr,Bois-d'Amont,39,0717ea9e-8d0b-42a5-8573-de4e9b64c813,200,,comune,4,comune:4,False,False,,215.8,216.3,False
www.sennecay18.fr,Senneçay,18,07185b03-a105-46d7-8a26-e2d91c2a3231,200,,comune,4,comune:4,False,False,,897.9,382.3,False
www.mittelhausbergen.fr,Mittelhausbergen,67,07198d04-a817-4334-b559-54729b95946e,200,,comune,5,comune:5;scuola:2;polizia:1,False,False,,167.5,30.5,False
www.ameli.fr,Notre-Dame-de-Bondeville,76,071b219d-0431-4ecc-af38-ad6089f3970c,200,nan,comune,1,comune:1,False,False,nan,173.1,86.8,False
forum-assures.ameli.fr,Notre-Dame-de-Bondeville,76,071b219d-0431-4ecc-af38-ad6089f3970c,200,nan,sanita,2,sanita:2;ministero:2,False,False,nan,375.5,204.9,False
www.ville-ceilhes.fr,Ceilhes-et-Rocozels,34,071b8c69-dd3d-4b49-9e78-4613e7fc204a,200,,comune,4,comune:4;provincia:1,False,False,,2663.0,268.4,False
www.mairie-saintfrancoislongchamp.fr,Saint François Longchamp,73,071c34ec-a7a3-44c6-b4da-89b6f7cda4ac,200,,comune,3,comune:3;provincia:2;regione:1;polizia:1,False,False,,2523.3,366.0,False
www.nord-lille.cidff.info,Lille,59,071cd1e1-5214-4432-9f83-426ff83b5249,,ConnectTimeout,non_classificato,0,,False,False,,,,False
fncidff.info,Lille,59,071cd1e1-5214-4432-9f83-426ff83b5249,200,nan,scuola,1,scuola:1,False,False,nan,321.1,208.4,False
www.noyellessousbellonne.fr,Noyelles-sous-Bellonne,62,071e0b18-b39b-4a32-b4b0-ad7805c32735,200,,comune,3,comune:3;polizia:1,False,True,forma_societaria:sas,454.7,146.8,False
www.iae34.org,Castries,34,071e6b13-9db0-416d-8ec3-a5e01228f14d,200,,non_classificato,0,,False,False,,543.1,17.7,False
www.francetravail.fr,Gisors,27,071eb598-d06e-41f1-811b-b19ee2f85c9f,200,nan,non_classificato,0,nan,False,False,nan,340.0,22.7,False
www.saint-denis-catus.fr,Saint-Denis-Catus,46,071f8383-765c-43c3-9597-2fc70c611cd2,200,,comune,2,comune:2,False,False,,313.8,68.8,False
www.cdad06.fr,BEAUSOLEIL,06,071fe82f-1a6b-4ff0-8ed3-00d90bcbdbee,200,,provincia,3,provincia:3;polizia:1;giustizia:1,False,False,,2201.8,149.2,False
www.cassuejouls.fr,Cassuéjouls,12,0720b6ea-5ac8-4aa5-81c5-2dd7e6ac15d7,200,,comune,1,comune:1;polizia:1,False,True,forma_societaria:sas,759.9,108.2,False
www.infos-montagnac.blogspot.fr,Montagnac-la-Crempse,24,0720e1ec-e9d8-481a-aa44-c82c20c70c43,200,,comune,2,comune:2,False,False,,1094.3,73.0,False
www.saint-pierre-en-auge.fr,Saint-Pierre-en-Auge,14,0726a3aa-9cf3-49db-9da0-6822dd7ba303,200,,comune,6,comune:6;regione:3;polizia:1,False,False,,271.3,190.1,False
www.carmaux.fr,Carmaux,81,0726bb73-7100-4495-97d4-51b9233c33bd,200,,comune,5,comune:5;scuola:1,False,False,,254.1,141.7,False
www.pinet-mairie.fr,Pinet,34,07273dc6-5963-491c-a9af-ca0a69860cb2,200,,non_classificato,0,,False,False,,174.6,1.3,False
www.haut-rhin.gouv.fr,Colmar,68,0727a857-3196-43ff-8264-a786c6d747df,nan,ConnectionError,non_classificato,0,nan,False,False,nan,nan,nan,False
www.escalquens.fr,Escalquens,31,072a1f1b-28a5-4655-8203-899d41b4844c,200,,comune,3,comune:3;polizia:1,False,True,forma_societaria:as,3694.4,130.8,False
www.seinemaritime.fr,Le Grand-Quevilly,76,072acad7-07f7-4326-809a-2204e8702670,200,,provincia,3,provincia:3;scuola:1;polizia:1,False,False,,167.0,218.1,False
www.cicas.agirc-arrco.fr,Paris,75,072b9e26-d60b-4f69-9446-e195a3ac6200,200,nan,non_classificato,0,nan,False,False,nan,1546.8,159.6,False
www.bouin.fr,Bouin,85,072bd73b-f72b-4fdd-8dc9-c9a956fbc43f,200,,comune,4,comune:4;scuola:1;polizia:1,False,True,forma_societaria:ag,206.0,245.2,False
www.caf.fr,Tain-l'Hermitage,26,072c5e22-35cb-48f5-b593-623d5eb94f8f,200,nan,non_classificato,0,nan,False,False,nan,627.1,13.6,False
www.limetz-villez.fr,Limetz-Villez,78,072cf4c3-d8c1-4443-ae6a-b44f4bad6fc2,200,,comune,1,comune:1,False,False,,263.7,26.8,False
www.associations.gouv.fr,Cahors,46,072f1715-6b99-46cf-90f4-a49a48387285,200,nan,ministero,2,ministero:2,False,False,nan,302.8,130.9,False
mairie-candas.fr,Candas,80,0731be62-4e62-4cc4-9d7b-2ba4d25409da,200,,comune,4,comune:4;provincia:1;regione:1,False,False,,199.9,9.7,False
www.conseil-national.medecin.fr,Ajaccio,2A,07320566-73f0-4ce0-9d68-d149aa71aa09,200,nan,polizia,1,polizia:1,False,False,nan,260.4,73.7,False
www.loperhet.bzh,Loperhet,29,073240b5-b4a5-4448-848f-30ecf7cf4c99,200,,comune,6,comune:6;polizia:1,False,False,,166.9,137.4,False
mairie-betheniville.fr,Bétheniville,51,0733a20b-3e64-4feb-9ca8-10e7840d804e,200,,comune,4,comune:4;polizia:2,False,False,,1338.8,158.8,False
www.marne.gouv.fr,Châlons-en-Champagne,51,07369c94-543c-48a3-9f95-b7b29cccae6a,,ConnectionError,non_classificato,0,,False,False,,,,False
strazeele.info,Strazeele,59,07372da6-554c-4b42-9123-239dc57ecdd3,200,,comune,2,comune:2;polizia:1,False,False,,727.1,209.0,False
www.retschwiller.fr,Retschwiller,67,07378617-3b73-4057-a79e-60e6248c903a,200,,comune,4,comune:4,False,False,,1833.7,112.9,False
www.cotes-darmor.gouv.fr,Guingamp,22,0738a1c9-4855-4b1d-94a5-9a198fa4afb9,,ConnectionError,non_classificato,0,,False,False,,,,False
www.nizas32.fr,Nizas,32,0738c9d5-e326-4916-919e-3e5a87be1e14,200,,comune,3,comune:3;polizia:1,False,True,forma_societaria:sas,830.5,119.7,False
www.france-services.gouv.fr,Saint-Lyphard,44,07397edd-047d-4a46-ad31-5520e492995e,200,nan,comune,2,comune:2,False,True,forma_societaria:as,214.8,75.9,False
www.mio.re,Le Port,974,073980c6-75be-484d-9b96-0bfe5d738e2d,200,,polizia,1,polizia:1,False,True,forma_societaria:as,1097.4,1012.5,False
greta.ac-amiens.fr,Péronne,80,0739b489-e735-4dc4-a75c-7e0e428d32a2,,ConnectTimeout,non_classificato,0,,False,False,,,,False
www.gendarmerie.interieur.gouv.fr,Saint-Porchaire,17,073a3ba2-528a-4925-8418-4b90c58399e1,403,nan,non_classificato,0,nan,True,False,nan,163.3,5.5,False
www.cdad-eure.fr,BRIONNE,27,073bfea5-2b84-4046-9d7b-129d186e6b91,200,nan,provincia,3,provincia:3;polizia:3,False,False,nan,800.9,29.3,False
www.ariege.gouv.fr,Foix,09,073c1d67-290e-43c2-b6a2-1fc1b059b7e7,nan,ConnectionError,non_classificato,0,nan,False,False,nan,nan,nan,False
www.artres.fr,Artres,59,073d2407-166d-4cf7-b038-0622360c81ce,,ConnectTimeout,non_classificato,0,,False,False,,,,False
www.ville-saint-maurice.fr,Saint-Maurice,94,073db95a-8b03-450a-b1d7-5ef55a824000,200,,comune,5,comune:5;polizia:3;scuola:2,False,True,forma_societaria:s.a.;forma_societaria:as,501.4,182.3,False
www.lhuisserie.fr,L'Huisserie,53,073ec195-84a9-4614-b1a2-71c306e3dad2,200,,comune,3,comune:3;provincia:1;polizia:1,False,False,,449.2,125.6,False
www.mairie-fontenaysurloing.fr,Fontenay-sur-Loing,45,074465e7-dd6b-49c7-9659-59c486c341ff,200,,comune,4,comune:4;polizia:1,False,False,,870.3,317.3,False
www.banque-france.fr,Tulle Cedex,19,0744ec3f-7670-4a85-8fa8-32ef27f500bd,200,nan,regione,2,regione:2;sanita:1;polizia:1,False,False,nan,169.8,360.8,False
www1.ac-grenoble.fr,Grenoble,38,0745a93b-4e09-4f76-a88a-834c5d50e70c,403,nan,non_classificato,0,nan,True,False,nan,216.5,5.4,False
www1.ac-grenoble.fr,Grenoble,38,0745a93b-4e09-4f76-a88a-834c5d50e70c,403,nan,non_classificato,0,nan,True,False,nan,216.5,5.4,False
www.grandchambord.fr,Bracieux,41,0746a14a-affb-43f7-a6db-92cd10ff06bb,200,,polizia,1,polizia:1,False,False,,293.8,163.0,False
www.labreillelespins.com,La Breille-les-Pins,49,0747595b-bfb5-4271-a9ac-4719e0c4413b,200,,comune,3,comune:3;polizia:1,False,False,,491.8,371.3,False
www.lafertemilon.fr,La Ferté-Milon,02,0747f030-dabe-4c54-a786-cbac15a27b13,200,,comune,4,comune:4;scuola:1;polizia:1,False,False,,254.2,106.0,False
www.gendarmerie.interieur.gouv.fr,Courlaoux,39,0748a1cc-42a8-41fc-83a2-b3bb4fc8274a,403,nan,non_classificato,0,nan,True,False,nan,163.3,5.5,False
lavelanetdecomminges.fr,Lavelanet-de-Comminges,31,074a1aa6-d21b-4ec4-aeb2-2cc8c3f4a921,200,,comune,3,comune:3;scuola:2;polizia:1,False,False,,532.2,175.1,False
www.gendarmerie.interieur.gouv.fr,Le Nouvion-en-Thiérache,02,074a27fd-b2be-48b0-80af-1322f5bffec7,403,nan,non_classificato,0,nan,True,False,nan,163.3,5.5,False
www.inovalys.fr,Nantes,44,074f325e-b5d4-43c2-83bd-554ef231de5a,200,,non_classificato,0,,False,False,,240.0,83.3,False
www.paris.fr,Paris,75,07513a05-5a01-428d-b072-9b6a4f9f61fc,200,nan,comune,5,comune:5;polizia:1,False,False,nan,105.1,351.5,False
www.mairie-neuvecelle.fr,Neuvecelle,74,07517137-a087-4bbe-970c-3199296eb23c,200,,comune,3,comune:3;regione:3;scuola:1;polizia:1,False,False,,457.8,64.4,False
www.condamine.fr,Condamine,01,0754090e-76c7-43a9-8437-752179517b8e,200,,comune,3,comune:3;provincia:3;regione:3,False,False,,432.7,23.3,False
www.mairie-jouetsurlaubois.fr,Jouet-sur-l'Aubois,18,07542abe-ace0-4238-a7bc-022d9f258da2,200,,comune,1,comune:1,False,False,,428.1,93.1,False
www.sulniac.fr,Sulniac,56,075449f5-5b0d-46c3-b94a-9d18a0533bab,200,,comune,1,comune:1;polizia:1,False,False,,486.5,836.2,False
www.ch-bourges.fr,Bourges,18,075496cb-14d4-4cda-96b4-4573343208ce,200,,sanita,10,sanita:10;comune:1;regione:1;polizia:1,False,False,,2504.9,246.2,False
www.gendarmerie.interieur.gouv.fr,Tôtes,76,0754c6e7-0f0c-42af-941c-a375f1aeab6c,403,nan,non_classificato,0,nan,True,False,nan,163.3,5.5,False
manduel.fr,Manduel,30,0754e679-250a-4081-a488-e2608f4ea3d9,200,,comune,4,comune:4;polizia:1,False,False,,965.7,175.6,False
www.france-services.gouv.fr,Froncles,52,075538aa-3131-4e83-a3e5-e8a1d1c583c4,200,nan,comune,2,comune:2,False,True,forma_societaria:as,214.8,75.9,False
www.cambes33.fr,Cambes,33,0755b8e7-f63b-40f1-b700-ebd8d7f22eb9,200,,comune,6,comune:6;polizia:1,False,True,forma_societaria:sas,618.4,133.8,False
www.gendarmerie.interieur.gouv.fr,Sennecey-le-Grand,71,075831b5-2e07-4abc-96af-41a6ed6b4e75,403,nan,non_classificato,0,nan,True,False,nan,163.3,5.5,False
www.gard.fr,Nîmes cedex 9,30,0759f1ae-2d28-4804-bb3a-63fba33161d4,200,,provincia,3,provincia:3;scuola:1;polizia:1,False,False,,470.1,323.9,False
www.pour-les-personnes-agees.gouv.fr,Nîmes cedex 9,30,0759f1ae-2d28-4804-bb3a-63fba33161d4,200,nan,sanita,2,sanita:2;polizia:1,False,False,nan,182.8,200.0,False
www.impots.gouv.fr,Marseille,13,075a5a2a-2e54-4de1-9107-36ee15368937,200,nan,non_classificato,0,nan,False,False,nan,113.8,290.0,False
www.ameli.fr,Frévent,62,075aaf90-4097-43fa-833a-7583510fc603,200,nan,comune,1,comune:1,False,False,nan,173.1,86.8,False
forum-assures.ameli.fr,Frévent,62,075aaf90-4097-43fa-833a-7583510fc603,200,nan,sanita,2,sanita:2;ministero:2,False,False,nan,375.5,204.9,False
www.saint-aignan56.fr,Saint-Aignan,56,075b5f6c-9ed7-44a6-b231-b127afce2cc8,200,,comune,4,comune:4,False,False,,658.1,94.0,False
www.intramuros.org,Vaux-lès-Rubigny,08,075e3848-9f2a-447c-aed2-2f7fd4561668,200,nan,non_classificato,0,nan,False,False,nan,268.4,2.1,False
www.saintaubinsurmer.fr,Saint-Aubin-sur-Mer,14,075e5d28-9e4c-49ac-a803-8e6fb0691740,200,,comune,1,comune:1;polizia:1,False,False,,255.9,180.8,False
www.lingevres.fr,Lingèvres,14,075fc707-e795-44b3-a1ed-ccc899cc2181,200,,comune,4,comune:4,False,False,,277.8,45.7,False
lenord.fr,Anzin,59,07621455-ba79-4fb1-87d9-6e1ddd3674f9,200,,polizia,3,polizia:3;provincia:1;scuola:1,False,False,,1874.2,92.2,False
ville-ansesdarlet.fr,Les Anses-d'Arlet,972,07627f59-349d-4ff7-9eab-30c312b8c94e,200,,comune,5,comune:5;sanita:2,False,False,,105.2,110.6,False
www.ville-montgiscard.fr,Montgiscard,31,0762f198-8643-4fde-8de1-ec0d71b9f4e5,200,,comune,3,comune:3;polizia:2;scuola:1,False,False,,1633.7,1046.7,False
www.gendarmerie.interieur.gouv.fr,Saillans,26,0763688a-9693-4acd-80e8-173adbe3bb1b,403,nan,non_classificato,0,nan,True,False,nan,163.3,5.5,False
orientation.ac-creteil.fr,Saint-Denis,93,0763bd4e-c003-4d49-bbfa-f7754ec8eeee,,ConnectTimeout,non_classificato,0,,False,False,,,,False
www.vernsurseiche.fr,Vern-sur-Seiche,35,0765e6ee-0aab-4b17-b350-e75b82ece331,200,,comune,5,comune:5;scuola:1;vigili_fuoco:1,False,False,,915.1,112.1,False
www.crous-poitiers.fr,La Rochelle,17,07675751-5882-48ae-95c5-b89be235e627,200,,comune,1,comune:1;scuola:1,False,False,,356.2,406.4,False
www.logonna-daoulas.bzh,Logonna-Daoulas,29,07688559-03c5-49f1-bf54-2d7fd37cb9c4,200,,comune,4,comune:4;polizia:1,False,True,forma_societaria:sas,283.6,142.1,False
finistere.cidff.info,Brest,29,076a433a-f1e2-4926-ba57-9d1bd1ed637a,200,,comune,2,comune:2,False,True,forma_societaria:ag,1506.8,99.6,False
fncidff.info,Brest,29,076a433a-f1e2-4926-ba57-9d1bd1ed637a,200,nan,scuola,1,scuola:1,False,False,nan,321.1,208.4,False
labarthesurleze.com,Labarthe-sur-Lèze,31,076b4782-2480-4951-87c2-2216c2dbeb32,200,,comune,3,comune:3;provincia:3;regione:3;ministero:2;scuola:1;polizia:1,False,False,,1114.1,354.0,False
www.thumeries.fr,Thumeries,59,076ccee1-e8ba-4da4-b685-ae3a60f7a23d,200,,comune,7,comune:7;polizia:2;scuola:1,False,True,forma_societaria:sarl,193.8,184.1,False
www.gap-tallard-durance.fr,Gap Cedex,05,076f405f-c409-4f65-bf5b-e706237ecec5,200,,polizia,2,polizia:2;comune:1,False,False,,482.6,73.5,False
www.gendarmerie.interieur.gouv.fr,Sées,61,07712626-3406-4f65-8def-ce3334f9848e,403,nan,non_classificato,0,nan,True,False,nan,163.3,5.5,False
commissaire-justice.fr,Paris,75,0771585d-838b-485b-91ed-57fa03206ae1,200,,universita,2,universita:2;ministero:2;scuola:1;polizia:1,False,False,,3257.6,549.0,False
sites.google.com,Mercey,27,0773881f-fe7f-4033-9279-2b4373af53c6,200,,non_classificato,0,,False,False,,974.0,919.7,False
www.justice.fr,ALES,30,0776369a-3567-44e6-83c3-a61bb306ff5f,200,,ministero,2,ministero:2;giustizia:1,False,False,,297.7,968.7,False
www.pour-les-personnes-agees.gouv.fr,Glanes,46,07770224-57df-4737-882e-b007ac9901ed,200,nan,sanita,2,sanita:2;polizia:1,False,False,nan,182.8,200.0,False
www.impots.gouv.fr,Aix-les-Bains,73,07773b3b-b575-4a44-9bc3-d4f681fded8c,200,nan,non_classificato,0,nan,False,False,nan,113.8,290.0,False
www.infojeune41.org,Blois,41,0777e00d-baac-43d3-b570-244a7a271a52,200,,non_classificato,0,,False,False,,99.5,22.3,False
www.chenoves.fr,Chenôves,71,07786855-5b1a-4e38-acb7-7199f799fbfc,200,,comune,1,comune:1,False,False,,201.9,36.9,False
www.gendarmerie.interieur.gouv.fr,Montbrun-les-Bains,26,077cb949-951f-469c-8ec5-6af1b93147f1,403,nan,non_classificato,0,nan,True,False,nan,163.3,5.5,False
www.seinemaritime.fr,Doudeville,76,077ddefc-d7c2-4057-a7e9-d1722ee6f1e3,200,,provincia,3,provincia:3;scuola:1;polizia:1,False,False,,167.0,218.1,False
www.saubrigues.fr,Saubrigues,40,077eac1b-3f9c-40b5-b675-44fbfa07cb54,200,,comune,1,comune:1;provincia:1;regione:1;polizia:1,False,False,,960.1,261.7,False
www.vitrolles13.fr,Vitrolles,05,077f56a3-fed0-4213-8598-d0b4bc40dfd9,200,,comune,4,comune:4;polizia:1,False,False,,386.3,125.5,False
www.gosne.fr,Gosné,35,07806ec6-909e-4fc0-8924-4a6be19f87eb,200,,comune,4,comune:4;polizia:2,False,False,,1486.8,74.4,False
www.conseil-national.medecin.fr,Chartres,28,0780ab87-051b-44c9-a9b0-15f9019d51d8,200,nan,polizia,1,polizia:1,False,False,nan,260.4,73.7,False
conseil28.ordre.medecin.fr,Chartres,28,0780ab87-051b-44c9-a9b0-15f9019d51d8,,ConnectionError,non_classificato,0,,False,False,,,,False
www.france-services.gouv.fr,Vauciennes,51,078375cd-1e48-4f62-88fb-33bfded96f2f,200,nan,comune,2,comune:2,False,True,forma_societaria:as,214.8,75.9,False
www.france-services.gouv.fr,Clermont-Ferrand,63,07854056-9613-4f33-8657-e3d64d7bf891,200,nan,comune,2,comune:2,False,True,forma_societaria:as,214.8,75.9,False
www.ain.cci.fr,Bourg-en-Bresse,01,07871577-c7fa-468c-ba11-b17758af9dfc,403,,non_classificato,0,,True,False,,148.7,5.5,False
commune-de-courcy.fr,Courcy,51,0787217b-588c-4fec-bf57-cbb999450512,200,,comune,2,comune:2;regione:1,False,False,,376.9,43.3,False
www.orne.gouv.fr,Mortagne-au-Perche,61,078819b3-261c-492b-9471-9aa6d4c1c59b,,ConnectionError,non_classificato,0,,False,False,,,,False
www.criquiers.fr,Criquiers,76,07883f8d-1f9b-4ab8-a00f-576fd7bb4ade,200,,comune,4,comune:4;provincia:1;polizia:1,False,False,,108.5,26.8,False
www.frunce.fr,Fruncé,28,078a89d6-929b-4e2b-9394-2e9193b1feec,200,,comune,1,comune:1;scuola:1,False,False,,1927.6,136.6,False
www.commune-de-beurlay.com,Beurlay,17,078b1182-1c9a-4287-b3f4-54c5b8a87fd9,200,,comune,3,comune:3,False,False,,654.3,33.6,False
www.saizerais.fr,Saizerais,54,078b6014-dc4f-4612-8ff3-3083a49c76e8,200,,comune,3,comune:3,False,False,,1514.4,261.4,False
saintbauzilledeputois.fr,Saint-Bauzille-de-Putois,34,078cb701-cab6-4a74-92d6-80ce28eca7bb,200,,comune,3,comune:3;provincia:1;polizia:1,False,False,,237.7,197.1,False
www.saint-beauzely.fr,Saint-Beauzély,12,078f29f8-ce44-49f4-b301-272714d296c1,200,,comune,6,comune:6,False,False,,250.9,104.7,False
www.montdemarsan.fr,Mont-de-Marsan,40,078fb66e-9c4d-4ecf-9e12-6442f1c05388,200,,polizia,2,polizia:2;comune:1,False,True,forma_societaria:ag,303.1,396.2,False
www.villemomble.fr,Villemomble,93,079084a1-fc40-4c65-916a-cfa1c9d09558,200,,comune,4,comune:4;polizia:2,False,False,,296.7,87.8,False
www.france-services.gouv.fr,Gex,01,079385d2-640a-47a1-af3a-9229abf28391,200,nan,comune,2,comune:2,False,True,forma_societaria:as,214.8,75.9,False
www.cdad-mayenne.fr,VILAINES LA JUHEL,53,0797d980-e968-49f5-907b-2ec001eb1ad9,200,,provincia,3,provincia:3;comune:2;scuola:2;ministero:2;polizia:1;giustizia:1,False,False,,1263.7,138.5,False
www.bazet.fr,Bazet,65,0798baf6-a487-43fe-9b9e-bf44674528ac,200,,comune,4,comune:4;provincia:3;polizia:1,False,False,,448.4,123.6,False
www.gendarmerie.interieur.gouv.fr,Montmartin-sur-Mer,50,079be079-88a1-4f96-9c27-f676a178eb30,403,nan,non_classificato,0,nan,True,False,nan,163.3,5.5,False
www.marange-zondrange.fr,Marange-Zondrange,57,079cc895-557d-4e90-9174-b21ebcb854a9,200,,comune,1,comune:1,False,False,,807.7,59.5,False
www.calvados.fr,Argences,14,079d05e7-efc4-468f-a34b-9e8e3e32b19a,200,,provincia,3,provincia:3;scuola:1,False,False,,438.5,190.3,False
www.grandlyon.com,Lyon,69,079d070f-af90-4116-9e41-f89a1d8af8e2,200,nan,polizia,1,polizia:1,False,False,nan,231.7,65.9,False
www.pour-les-personnes-agees.gouv.fr,Lyon,69,079d070f-af90-4116-9e41-f89a1d8af8e2,200,nan,sanita,2,sanita:2;polizia:1,False,False,nan,182.8,200.0,False
www.ac-clermont.fr,Aurillac,15,079d8097-b1a1-42c0-8b6d-d52da3da487d,403,,non_classificato,0,,True,False,,145.9,5.4,False
www.gendarmerie.interieur.gouv.fr,Benfeld,67,079ff606-4899-40b4-8235-556605c26176,403,nan,non_classificato,0,nan,True,False,nan,163.3,5.5,False
www.barzun.fr,Barzun,64,07a291a2-9a6b-41ad-a562-97fb196591e2,200,,comune,4,comune:4;provincia:3;regione:3;polizia:1,False,False,,469.7,170.2,False
combiers.fr,Combiers,16,07a40593-9caa-4a53-9388-66d62b832cd4,200,,comune,4,comune:4,False,False,,89.0,27.1,False
www.toutencourt.fr,Toutencourt,80,07a51ed1-fc06-440c-8db0-308275d5c52d,200,,comune,1,comune:1;polizia:1,False,False,,209.1,54.5,False
mairie-romegoux.fr,Romegoux,17,07a69571-160e-4473-be09-02b9165f614f,200,,comune,4,comune:4,False,False,,1587.5,579.1,False
cieutat.net,Cieutat,65,07a79c31-41cc-41da-a4e4-86ecf1885a23,200,,comune,1,comune:1;provincia:1;polizia:1,False,False,,569.0,144.8,False
www.mairie-moulay.fr,Moulay,53,07a8d7e6-4c1c-4fa1-a6c2-0adceb1bf856,200,,comune,3,comune:3;provincia:1;regione:1,False,False,,185.8,109.4,False
www.kaleido.centres-sociaux.fr,Noyelles-sous-Lens,62,07a8fd2f-57f6-49c3-9d58-03aafbe60b75,200,,comune,1,comune:1;polizia:1,False,False,,1085.2,113.9,False
www.chu-lyon.fr,Lyon,69,07a90873-624a-4e25-8748-56c72df3d8d3,200,,sanita,6,sanita:6;regione:1;universita:1,False,False,,215.8,103.7,False
www.tournan-en-brie.fr,Tournan-en-Brie,77,07a92af7-c360-486c-accc-ee069f775737,200,,comune,8,comune:8;polizia:1,False,False,,1613.2,547.1,False
www.douane.gouv.fr,Le Havre,76,07a9fce9-d1f0-45fc-8171-828265ed87c7,200,nan,non_classificato,0,nan,False,False,nan,407.5,178.8,False
www.france-services.gouv.fr,Lorquin,57,07aac31a-9c8a-499e-8184-166a862d09a0,200,nan,comune,2,comune:2,False,True,forma_societaria:as,214.8,75.9,False
sapeurs-pompiers65.fr,Bordères-sur-l'Échez,65,07ac1d5a-4f28-49b8-a8d4-39a030c83dc4,200,,vigili_fuoco,3,vigili_fuoco:3;provincia:1;regione:1;polizia:1,False,False,,1965.3,300.5,False
www.ville-saint-ay.fr,Saint-Ay,45,07ada646-359c-4d0b-8c6d-4e7c801899ad,200,,comune,5,comune:5;regione:3;scuola:1;polizia:1,False,False,,368.2,165.3,False
www.mairie-villeroy.fr,Villeroy,89,07ade234-f14b-4579-817f-d3ced2a7db7f,200,,comune,6,comune:6;scuola:1,False,True,forma_societaria:as,198.8,35.7,False
territoiredebelfort.cidff.info,Belfort,90,07aebb7d-3740-4b42-beea-0274c790c6ea,200,,non_classificato,0,,False,False,,809.5,95.0,False
fncidff.info,Belfort,90,07aebb7d-3740-4b42-beea-0274c790c6ea,200,nan,scuola,1,scuola:1,False,False,nan,321.1,208.4,False
www.mairie-bulgneville.fr,Bulgnéville,88,07af7251-a54a-4709-b7ad-6e077f4b1281,200,,comune,3,comune:3,False,False,,170.2,17.5,False
www.cicas.agirc-arrco.fr,Laon,02,07af982d-b7ae-4d1b-bf03-5460eaf73e96,200,nan,non_classificato,0,nan,False,False,nan,1546.8,159.6,False
www.udaf25.fr,Montbéliard,25,07b10070-0c30-462a-81d5-a70997c2d74d,200,,polizia,1,polizia:1,False,False,,163.4,110.6,False
www.pontduchateau.fr,Pont-du-Château,63,07b14bc9-570e-44cc-8e61-bf580d436e1b,418,,non_classificato,0,,False,False,,177.2,49.2,False
www.impots.gouv.fr,Toulouse,31,07b1b951-e2bc-4786-ba68-30390aeb1126,200,nan,non_classificato,0,nan,False,False,nan,113.8,290.0,False
www.marquette-en-ostrevant.fr,Marquette-en-Ostrevant,59,07b43cc9-f192-41c9-98e1-c4b0415cd9f0,200,,comune,6,comune:6;polizia:1,False,False,,337.8,95.9,False
www.impots.gouv.fr,Grandpré,08,07b58d16-6c31-4a78-a385-cafe524721c3,200,nan,non_classificato,0,nan,False,False,nan,113.8,290.0,False
www.mairiethaon14.fr,Thaon,14,07b73e61-6afa-46c5-ab7a-a4cd320bddb7,200,,comune,4,comune:4,False,True,forma_societaria:kg,3104.2,306.5,False
www.mairie-antilly.fr,Antilly,57,07b75a75-dce1-483d-96af-7e40e3e6ce77,200,,comune,3,comune:3,False,False,,1790.4,96.3,False
www.archipel-developpement.fr,Saint-Pierre,975,07b8e413-4e36-422b-9c52-38c5a60580e0,200,,non_classificato,0,,False,False,,552.2,51.7,False
france-renov.gouv.fr,Saint-Pierre,975,07b8e413-4e36-422b-9c52-38c5a60580e0,200,nan,polizia,1,polizia:1,False,False,nan,176.1,92.7,False
www.herbignac.com,Herbignac,44,07ba321b-89be-496d-a168-fb27216a978e,200,,comune,1,comune:1,False,True,forma_societaria:aps,546.7,112.5,False
www.salinelles.fr,Salinelles,30,07bb0dd4-891a-4521-9532-086cf72837b1,200,,comune,2,comune:2;polizia:1,False,False,,938.6,29.4,False
www.les-essards.fr,Les Essards,17,07bc76a0-1121-4491-8639-4d98144c8b80,,ConnectTimeout,non_classificato,0,,False,False,,,,False
www.france-services.gouv.fr,Clermont-Ferrand,63,07bca9c7-1675-43f4-8c8d-2d2a3b32f3b8,200,nan,comune,2,comune:2,False,True,forma_societaria:as,214.8,75.9,False
www.missions-locales.org,Vaulx-en-Velin,69,07bce0a7-242b-44bb-892e-7b231b7fa481,200,,regione,1,regione:1;scuola:1;polizia:1,False,True,forma_societaria:as,185.3,180.3,False
www.calvados.gouv.fr,Hérouville-Saint-Clair,14,07bcff68-b026-4d7e-b06b-a1276ff8d36b,,ConnectionError,non_classificato,0,,False,False,,,,False
normandie.dreets.gouv.fr,Hérouville-Saint-Clair,14,07bcff68-b026-4d7e-b06b-a1276ff8d36b,200,,ministero,2,ministero:2;regione:1;polizia:1,False,False,,240.2,327.1,False
www.rhone.fr,Saint-Laurent-de-Chamousset,69,07be942d-12ed-42d5-8bfe-f8abc5c45fd6,200,,non_classificato,0,,False,False,,187.7,0.2,False
www.villers-outreaux.fr,Villers-Outréaux,59,07bfc3a5-0ccf-4067-8931-91351225f48d,200,,comune,5,comune:5;polizia:1,False,False,,529.6,27.0,False
www.durcet.fr,Durcet,61,07c044b8-2b84-4aeb-a8e5-d6ec3560bfca,200,,comune,4,comune:4,False,False,,193.0,28.3,False
www.impots.gouv.fr,Bron,69,07c1cb85-aff8-4167-8f7b-b4c02474c64f,200,nan,non_classificato,0,nan,False,False,nan,113.8,290.0,False
www.gendarmerie.interieur.gouv.fr,Éclaron-Braucourt-Sainte-Livière,52,07c24911-90ce-47b9-bfc8-e391c4550495,403,nan,non_classificato,0,nan,True,False,nan,163.3,5.5,False
www.saintmacoux.fr,Val-de-Comporté,86,07c24ad9-f03c-44f0-971a-8274ee27fb38,200,,comune,4,comune:4;provincia:1;scuola:1;polizia:1,False,True,forma_societaria:as;forma_societaria:ag,220.2,173.1,False
www.gendarmerie.interieur.gouv.fr,Grimaud,83,07c29e09-fd84-45fc-8a60-f5d693b44ac7,403,nan,non_classificato,0,nan,True,False,nan,163.3,5.5,False
www.intramuros.org,Tharot,89,07c2bcef-84c3-4965-a333-605ceaad7a3c,200,nan,non_classificato,0,nan,False,False,nan,268.4,2.1,False
www.france-services.gouv.fr,Herbault,41,07c316d5-45ea-4c75-861c-8965814abeeb,200,nan,comune,2,comune:2,False,True,forma_societaria:as,214.8,75.9,False
mairie-de-mexy.fr,Mexy,54,07c536fe-4ff2-4fb2-9d19-1dea02657433,200,,comune,6,comune:6,False,False,,190.8,263.1,False
www.ariege.gouv.fr,Foix,09,07c5b0b3-fc70-480b-bb61-837238346172,nan,ConnectionError,non_classificato,0,nan,False,False,nan,nan,nan,False
www.ville-drap.fr,Drap,06,07c91d61-3a0c-4da5-93ac-948de74a968c,200,,comune,8,comune:8,False,False,,1143.9,1443.6,False
www.chu-orleans.fr,Orléans La Source,45,07c952b1-30ad-4ebd-9103-9dda1b8b5b91,200,,sanita,4,sanita:4;universita:1,False,False,,584.9,99.8,False
mairie-sevenans.fr,Sevenans,90,07cb1c1b-0252-419c-b70b-c9eeb45c2667,200,,comune,3,comune:3,False,False,,1347.4,155.5,False
www.marbache.fr,Marbache,54,07cf72ca-b0bd-4ddf-a9f3-69184e5b433c,200,,comune,4,comune:4;polizia:2,False,False,,669.5,163.3,False
ville-illzach.fr,Illzach,68,07d0e55e-764b-42f4-a936-220b61de444e,200,,comune,3,comune:3;polizia:2,False,False,,1095.9,475.0,False
www.nort-leulinghem.fr,Nort-Leulinghem,62,07d3caf9-9208-4d4a-926b-15188e4127c1,200,,comune,3,comune:3,False,False,,116.3,6.8,False
www.lot-et-garonne.gouv.fr,Marmande,47,07d4244b-eeb9-4507-8820-2cefa49cd22e,,ConnectionError,non_classificato,0,,False,False,,,,False
www.associations.gouv.fr,Marmande,47,07d4244b-eeb9-4507-8820-2cefa49cd22e,200,nan,ministero,2,ministero:2,False,False,nan,302.8,130.9,False
commune-de-lavancia-epercy.neopse-site.com,Lavancia-Epercy,39,07d478ce-c6df-43dc-b51b-36d1527bd1a2,200,,comune,4,comune:4;polizia:1,False,False,,228.7,76.2,False
www.pour-les-personnes-agees.gouv.fr,Eymoutiers,87,07d5b6e5-db32-4282-a3cf-b4253f3ab699,200,nan,sanita,2,sanita:2;polizia:1,False,False,nan,182.8,200.0,False
www.francetravail.fr,Beaune,21,07d68c38-7e99-43af-a10f-dc0c0fe62172,200,nan,non_classificato,0,nan,False,False,nan,340.0,22.7,False
www.france-services.gouv.fr,Mtsamboro,976,07d9428e-55e9-4abd-b865-8a6a59b075d0,200,nan,comune,2,comune:2,False,True,forma_societaria:as,214.8,75.9,False
villarsetvillenotte.wordpress.com,Villars-et-Villenotte,21,07d99603-8cfb-4b31-a633-5e311368716c,200,,comune,6,comune:6;polizia:1,False,False,,53.1,138.9,False
www.santetravail17.com,La Rochelle,17,07da8577-0900-417e-8b36-f7440d3d2c21,200,,polizia,1,polizia:1,False,False,,211.7,744.2,False
www.afpa.fr,Migennes,89,07dbd4e9-7f2e-4db6-9472-34685cfd9345,200,,regione,2,regione:2;polizia:1,False,False,,222.9,200.1,False
la-foye-monjault.fr,La Foye-Monjault,79,07dbfe3d-815e-4c64-b270-d5b10e1f9754,200,,comune,4,comune:4;provincia:1;polizia:1,False,False,,219.7,84.4,False
www.grussenheim.fr,Grussenheim,68,07dc0704-4769-458c-9b9e-1609ea03ab50,200,,comune,4,comune:4,False,False,,781.5,35.2,False
www.cote-dor.gouv.fr,Dijon,21,07dfb67b-2e38-4273-80ff-14a4cdcd85cf,,ConnectionError,non_classificato,0,,False,False,,,,False
saint-benoit-sur-loire.fr,Saint-Benoît-sur-Loire,45,07e00ee5-2edb-4948-84e7-42ea452533c4,200,,comune,3,comune:3;polizia:1,False,False,,1761.8,338.4,False
www.blennes.fr,Blennes,77,07e02456-a7e3-421f-935c-65c2d4002fd0,200,,comune,3,comune:3;scuola:1,False,False,,137.1,19.4,False
www.ameli.fr,Paris,75,07e37671-7cb6-4838-9e7a-04afa6acb8bf,200,nan,comune,1,comune:1,False,False,nan,173.1,86.8,False
forum-assures.ameli.fr,Paris,75,07e37671-7cb6-4838-9e7a-04afa6acb8bf,200,nan,sanita,2,sanita:2;ministero:2,False,False,nan,375.5,204.9,False
www.querrieu.fr,Querrieu,80,07e454ea-b2b2-4007-be4c-e00ae2fc115e,200,,comune,4,comune:4;provincia:1,False,False,,1030.9,81.1,False
www.avesnes-sur-helpe.fr,Avesnes-sur-Helpe,59,07e5e294-22e8-44be-9a7a-34837bd6f818,200,,sanita,3,sanita:3;comune:1;regione:1;scuola:1;polizia:1,False,False,,703.6,63.9,False
lucylebocage.free.fr,Lucy-le-Bocage,02,07e891ea-a658-4263-a2b2-cc4ae94ed706,200,,provincia,1,provincia:1;regione:1;polizia:1,False,False,,62.0,26.3,False
www.gendarmerie.interieur.gouv.fr,Sainte-Croix-en-Plaine,68,07ed98b6-e0d9-499a-8841-f7e5927f27e2,403,nan,non_classificato,0,nan,True,False,nan,163.3,5.5,False
www.segreenanjoubleu.fr,Segré-en-Anjou Bleu,49,07ee04b2-f718-4cbc-a84f-00043dddbc94,200,,comune,3,comune:3;scuola:1,False,False,,539.5,137.8,False
www.bernes-sur-oise.fr,Bernes-sur-Oise,95,07ee0672-d96f-4774-9072-7503603ca1e6,200,,comune,4,comune:4;polizia:2,False,False,,790.2,139.3,False
www.impots.gouv.fr,Blaye,33,07ee874d-1691-4a38-88a4-f6bf3053c063,200,nan,non_classificato,0,nan,False,False,nan,113.8,290.0,False
www.cdad-ca-rennes.fr,MONTFORT-SUR-MEU,35,07f44460-c661-4f4c-b71a-01810db1b33c,200,,provincia,4,provincia:4;polizia:1;giustizia:1,False,False,,354.0,80.3,False
gressey.com,Gressey,78,07fa7459-b31f-484f-a6e4-90d23faf93e9,200,,comune,6,comune:6,False,False,,925.7,230.0,False
saint-nicolas-du-tertre.fr,Saint-Nicolas-du-Tertre,56,07fcea26-0ac0-457e-b32e-8f56ae6473fd,200,,comune,1,comune:1;polizia:1,False,False,,500.0,155.6,False
www.defense.gouv.fr,Rouen,76,07ff32aa-0820-4d93-8971-8f6e4f06c5ff,200,,ministero,6,ministero:6;regione:1;polizia:1,False,False,,281.3,92.3,False
www.gendarmerie.interieur.gouv.fr,Auxerre,89,07ffc559-58de-4d94-a294-323762cefa0f,403,nan,non_classificato,0,nan,True,False,nan,163.3,5.5,False
www.lanuejols-lozere.fr,Lanuéjols,48,08007160-5214-4a3a-911c-348df8091f4e,200,,comune,4,comune:4;polizia:1,False,False,,264.1,81.8,False
www.caf.fr,Lognes,77,08018f0a-b3f3-4bbb-bb1f-2d9f95665bef,200,nan,non_classificato,0,nan,False,False,nan,627.1,13.6,False
divion.fr,Divion,62,0802fd45-35f8-4b51-9d05-58e7badaf353,200,,comune,5,comune:5;scuola:2;regione:1;polizia:1,False,False,,412.5,110.8,False
www.la-marne.fr,La Marne,44,080588cb-6434-4a2f-b8e3-f2bc6dd3c9a1,200,,comune,4,comune:4;polizia:1,False,True,forma_societaria:sas,399.6,153.1,False
www.mlpaysretz.com,Machecoul-Saint-Même,44,0806a4ff-60e9-410a-81db-e29d12541466,200,,comune,1,comune:1;polizia:1,False,False,,1521.7,268.4,False
www.mairie-laclayette.fr,La Clayette,71,0807903a-728f-4f32-a22d-b9da673518e3,200,,comune,3,comune:3,False,False,,658.0,347.1,False
www.communedefleurville.e-monsite.com,Fleurville,71,08087a3f-e914-4c97-b00f-eae48ef74a40,200,,comune,4,comune:4,False,False,,665.1,50.7,False
www.ac-nancy-metz.fr,Chaumont,52,080baa35-ac55-4a02-937a-9f981c0b2bbf,403,,non_classificato,0,,True,False,,199.9,5.4,False
www.le-mesnil-esnard.fr,Le Mesnil-Esnard,76,080d893b-fdc5-4086-ade6-06b08f51f0ba,200,,comune,2,comune:2;polizia:2;provincia:1;regione:1,False,False,,1039.3,134.7,False
mairie-brossay.fr,Brossay,49,0810df72-dce9-4549-8187-7cc0ffa688ea,200,,non_classificato,0,,False,False,,364.1,12.5,False
plenisette.fr,Plénisette,39,0811f4de-357f-4c5a-a703-4e6bdcce8989,200,,comune,4,comune:4;polizia:1,False,False,,850.6,147.3,False
www.pnr-foret-orient.fr,Piney,10,0811f9ec-2d9f-4911-b633-00795364b53c,200,,non_classificato,0,,False,False,,266.6,130.0,False
www.parcs-naturels-regionaux.fr,Piney,10,0811f9ec-2d9f-4911-b633-00795364b53c,200,,non_classificato,0,,False,False,,170.7,99.4,False
gouy-les-groseillers.fr,Gouy-les-Groseillers,60,08177b3b-6d57-447b-a128-c3028c5e364d,200,,comune,4,comune:4;provincia:1;polizia:1,False,False,,262.2,69.1,False
www.mairie-cleres.fr,Clères,76,0819063e-eddb-4a14-8dc9-4f36037b65f8,200,,comune,4,comune:4,False,False,,736.2,70.6,False
www.suresnes.fr,Suresnes Cedex,92,081a346f-8fe6-4d66-ae8a-d5d0cc56e74e,200,,non_classificato,0,,False,False,,135.3,10.9,False
www.suresnes.fr,Suresnes Cedex,92,081a346f-8fe6-4d66-ae8a-d5d0cc56e74e,200,,non_classificato,0,,False,False,,135.3,10.9,False
montilliers49.fr,Montilliers,49,081b1452-5dec-4518-8fbb-ab32965d6801,200,,comune,4,comune:4;provincia:1;regione:1;polizia:1,False,False,,182.9,129.4,False
www.rougemont-doubs.fr,Rougemont,25,081b5217-e6ab-4c08-a18d-2919a24a988b,200,,comune,1,comune:1;regione:1;scuola:1;polizia:1,False,False,,226.0,95.9,False
www.chatillon-sur-indre.fr,Châtillon-sur-Indre,36,081b678a-e9c7-4468-8c45-aed8575cd4fb,200,,comune,5,comune:5;sanita:3;polizia:2,False,False,,195.8,42.4,False
www.impots.gouv.fr,Montbrison,42,081bfafb-d30e-487b-aee6-32a94927e5b2,200,nan,non_classificato,0,nan,False,False,nan,113.8,290.0,False
www.ameli.fr,Annonay,07,081c4d06-bf5a-4b7a-9fed-1c5e09435ff0,200,nan,comune,1,comune:1,False,False,nan,173.1,86.8,False
forum-assures.ameli.fr,Annonay,07,081c4d06-bf5a-4b7a-9fed-1c5e09435ff0,200,nan,sanita,2,sanita:2;ministero:2,False,False,nan,375.5,204.9,False
www.saintarnoultenyvelines.fr,Saint-Arnoult-en-Yvelines,78,081c574d-9868-4fd1-a1c9-d52347eb9c5c,200,,comune,4,comune:4;polizia:2;regione:1,False,False,,374.4,171.3,False
www.ch-stlo.fr,Saint-Lô,50,081ca771-3bfd-42e1-9f87-c588cde6b8d2,200,,sanita,10,sanita:10;polizia:1,False,False,,1174.7,126.9,False
www.ville-maurs.fr,Maurs,15,081e97f0-d853-4008-8797-198cd6dd5ac4,200,,comune,4,comune:4;regione:3,False,False,,1037.3,59.3,False
www.gendarmerie.interieur.gouv.fr,Chaource,10,08203ab6-360a-41c3-b1f7-f75ec2be4341,403,nan,non_classificato,0,nan,True,False,nan,163.3,5.5,False
www.mlre-schiltigheim.fr,Schiltigheim,67,082156ef-e99c-4d9f-b61a-5ffd1f18a23e,200,,polizia,1,polizia:1,False,False,,121.6,456.3,False
www.cc-paysdesaverne.fr,Saverne,67,08215e48-479d-429c-b7be-9634644fbda9,200,,comune,1,comune:1,False,False,,856.9,294.8,False
www.bailly-romainvilliers.fr,Bailly-Romainvilliers,77,08223a25-f5c8-40c9-a33f-8a53f223249e,200,,scuola,2,scuola:2;comune:1;universita:1;polizia:1,False,False,,487.6,202.3,False
www.impots.gouv.fr,Maubeuge,59,0822761b-6391-4a1b-892f-aa9949c6272f,200,nan,non_classificato,0,nan,False,False,nan,113.8,290.0,False
www.impots.gouv.fr,Manosque,04,0824640f-c821-48dd-a24c-01f663f4afc9,200,nan,non_classificato,0,nan,False,False,nan,113.8,290.0,False
www.fagnieres.fr,Fagnières,51,0824b339-7a2c-4129-b20b-d8a00698f463,200,,comune,4,comune:4,False,False,,210.1,23.0,False
www.reseau-canope.fr,Niort,79,0826207f-41f0-4328-b208-3d0274f517e9,200,nan,ministero,6,ministero:6;scuola:2;polizia:1,False,False,nan,738.0,151.4,False
www.ccpmb.fr,Passy,74,08269d23-c589-49a2-9b8e-f78964c3a8c2,200,,non_classificato,0,,False,False,,1254.6,276.1,False
www.ville-bouilladisse.com,La Bouilladisse,13,082756fd-9ad3-4c9d-9158-7116e5a34675,200,,sanita,4,sanita:4;comune:2;polizia:1,False,True,forma_societaria:as,1186.6,48.3,False
www.gartempe-saint-pardoux.fr,Saint-Sornin-Leulac,87,082883cc-c6bc-45fc-8d8b-9df09fbc0e55,200,,provincia,3,provincia:3;ministero:2,False,False,,1247.1,517.1,False
www.france-services.gouv.fr,Romainville,93,082a1e35-9d99-4281-b106-144dfe475b3f,200,nan,comune,2,comune:2,False,True,forma_societaria:as,214.8,75.9,False
www.gendarmerie.interieur.gouv.fr,Touho,988,082b09d7-5456-4554-b871-ce0c0856d385,403,nan,non_classificato,0,nan,True,False,nan,163.3,5.5,False
www.haute-saone.gouv.fr,Vesoul,70,082b2164-a087-4a69-a46b-d8295f1ffc54,,ConnectionError,non_classificato,0,,False,False,,,,False
www.haute-saone.gouv.fr,Vesoul,70,082b2164-a087-4a69-a46b-d8295f1ffc54,,ConnectionError,non_classificato,0,,False,False,,,,False
